2026-02-13 19:31:20,651[19332] - RobotTest_AcidicPlatform - INFO - started a batch of test, with sample_rack_id : sample_id = {1: 1, 2: 2, 3: 3, 4: 4, 5: 5, 6: 6, 7: 7, 8: 8, 9: 9, 10: 10, 11: 11, 12: 12, 13: 13, 14: 14, 15: 15, 16: 16, 17: 17, 18: 18, 19: 19, 20: 20}
2026-02-13 19:31:26,644[19332] - OBS_Win - INFO - not in software yet
2026-02-13 19:31:26,951[19332] - OBS_Win - INFO - attempting to open OBS_Win, trial 1 in 3 times...
2026-02-13 19:31:30,460[19332] - OBS_Win - INFO - OBS_Win started
2026-02-13 19:31:30,460[19332] - RobotTest_AcidicPlatform - INFO - loading the sample from rack_id #1...
2026-02-13 19:32:09,559[19332] - RobotTest_AcidicPlatform - INFO - sample successfully loaded into the cell
2026-02-13 19:32:10,094[19332] - OBS_Win - INFO - OBS_Win stopped
2026-02-13 19:32:13,330[19332] - EC_Lab_Win11 - INFO - not in software yet
2026-02-13 19:32:13,625[19332] - EC_Lab_Win11 - INFO - attempting to open EC_Lab_Win11, trial 1 in 3 times...
2026-02-13 19:34:05,792[19332] - RobotTest_AcidicPlatform - INFO - human operating, fail to detect...
2026-02-13 19:34:15,796[19332] - RobotTest_AcidicPlatform - INFO - human operating, fail to detect...
2026-02-13 19:34:25,807[19332] - RobotTest_AcidicPlatform - INFO - human operating, fail to detect...
2026-02-13 20:14:28,950[19332] - EC_Lab_Win11 - INFO - test is complete
2026-02-13 20:14:28,951[19332] - RobotTest_AcidicPlatform - INFO - test pH12_ZerothGen_sample#1_2026-02-13_19-31-26 finished
2026-02-13 20:14:29,171[19332] - OBS_Win - INFO - not in software yet
2026-02-13 20:14:29,471[19332] - OBS_Win - INFO - attempting to open OBS_Win, trial 1 in 3 times...
2026-02-13 20:14:32,895[19332] - OBS_Win - WARNING - cannot find ['OBS_start_record.png'] on screen
2026-02-13 20:14:36,108[19332] - OBS_Win - WARNING - cannot find ['OBS_start_record.png'] on screen
2026-02-13 20:14:39,322[19332] - OBS_Win - WARNING - cannot find ['OBS_start_record.png'] on screen
2026-02-13 20:14:42,546[19332] - OBS_Win - WARNING - cannot find ['OBS_start_record.png'] on screen
2026-02-13 20:14:45,760[19332] - OBS_Win - WARNING - cannot find ['OBS_start_record.png'] on screen
2026-02-13 20:14:48,982[19332] - OBS_Win - WARNING - cannot find ['OBS_start_record.png'] on screen
2026-02-13 20:14:52,203[19332] - OBS_Win - WARNING - cannot find ['OBS_start_record.png'] on screen
2026-02-13 20:14:55,424[19332] - OBS_Win - WARNING - cannot find ['OBS_start_record.png'] on screen
2026-02-13 20:14:58,646[19332] - OBS_Win - WARNING - cannot find ['OBS_start_record.png'] on screen
2026-02-13 20:15:01,861[19332] - OBS_Win - WARNING - cannot find ['OBS_start_record.png'] on screen
2026-02-13 20:15:05,086[19332] - OBS_Win - WARNING - cannot find ['OBS_start_record.png'] on screen
2026-02-13 20:15:08,302[19332] - OBS_Win - WARNING - cannot find ['OBS_start_record.png'] on screen
2026-02-13 20:15:11,524[19332] - OBS_Win - WARNING - cannot find ['OBS_start_record.png'] on screen
2026-02-13 20:15:14,745[19332] - OBS_Win - WARNING - cannot find ['OBS_start_record.png'] on screen
2026-02-13 20:15:17,965[19332] - OBS_Win - WARNING - cannot find ['OBS_start_record.png'] on screen
2026-02-13 20:15:21,183[19332] - OBS_Win - WARNING - cannot find ['OBS_start_record.png'] on screen
2026-02-13 20:15:24,399[19332] - OBS_Win - WARNING - cannot find ['OBS_start_record.png'] on screen
2026-02-13 20:15:27,608[19332] - OBS_Win - WARNING - cannot find ['OBS_start_record.png'] on screen
2026-02-13 20:15:30,823[19332] - OBS_Win - WARNING - cannot find ['OBS_start_record.png'] on screen
2026-02-13 20:15:34,047[19332] - OBS_Win - WARNING - cannot find ['OBS_start_record.png'] on screen
2026-02-13 20:15:37,263[19332] - OBS_Win - WARNING - cannot find ['OBS_start_record.png'] on screen
2026-02-13 20:15:40,485[19332] - OBS_Win - WARNING - cannot find ['OBS_start_record.png'] on screen
2026-02-13 20:15:43,705[19332] - OBS_Win - WARNING - cannot find ['OBS_start_record.png'] on screen
2026-02-13 20:15:46,923[19332] - OBS_Win - WARNING - cannot find ['OBS_start_record.png'] on screen
2026-02-13 20:15:50,148[19332] - OBS_Win - WARNING - cannot find ['OBS_start_record.png'] on screen
2026-02-13 20:15:53,362[19332] - OBS_Win - WARNING - cannot find ['OBS_start_record.png'] on screen
2026-02-13 20:15:56,585[19332] - OBS_Win - WARNING - cannot find ['OBS_start_record.png'] on screen
2026-02-13 20:15:59,803[19332] - OBS_Win - WARNING - cannot find ['OBS_start_record.png'] on screen
2026-02-13 20:16:03,061[19332] - OBS_Win - WARNING - cannot find ['OBS_start_record.png'] on screen
2026-02-13 20:16:06,277[19332] - OBS_Win - WARNING - cannot find ['OBS_start_record.png'] on screen
2026-02-13 20:16:09,494[19332] - OBS_Win - WARNING - cannot find ['OBS_start_record.png'] on screen
2026-02-13 20:16:12,719[19332] - OBS_Win - WARNING - cannot find ['OBS_start_record.png'] on screen
2026-02-13 20:16:15,935[19332] - OBS_Win - WARNING - cannot find ['OBS_start_record.png'] on screen
2026-02-13 20:16:19,155[19332] - OBS_Win - WARNING - cannot find ['OBS_start_record.png'] on screen
2026-02-13 20:16:22,373[19332] - OBS_Win - WARNING - cannot find ['OBS_start_record.png'] on screen
2026-02-13 20:16:25,592[19332] - OBS_Win - WARNING - cannot find ['OBS_start_record.png'] on screen
2026-02-13 20:16:28,818[19332] - OBS_Win - WARNING - cannot find ['OBS_start_record.png'] on screen
2026-02-13 20:16:32,036[19332] - OBS_Win - WARNING - cannot find ['OBS_start_record.png'] on screen
2026-02-13 20:16:35,255[19332] - OBS_Win - WARNING - cannot find ['OBS_start_record.png'] on screen
2026-02-13 20:16:38,480[19332] - OBS_Win - WARNING - cannot find ['OBS_start_record.png'] on screen
2026-02-13 20:16:41,701[19332] - OBS_Win - WARNING - cannot find ['OBS_start_record.png'] on screen
2026-02-13 20:16:44,917[19332] - OBS_Win - WARNING - cannot find ['OBS_start_record.png'] on screen
2026-02-13 20:16:48,135[19332] - OBS_Win - WARNING - cannot find ['OBS_start_record.png'] on screen
2026-02-13 20:16:51,358[19332] - OBS_Win - WARNING - cannot find ['OBS_start_record.png'] on screen
2026-02-13 20:16:54,578[19332] - OBS_Win - WARNING - cannot find ['OBS_start_record.png'] on screen
2026-02-13 20:16:57,792[19332] - OBS_Win - WARNING - cannot find ['OBS_start_record.png'] on screen
2026-02-13 20:17:00,995[19332] - OBS_Win - WARNING - cannot find ['OBS_start_record.png'] on screen
2026-02-13 20:17:04,219[19332] - OBS_Win - WARNING - cannot find ['OBS_start_record.png'] on screen
2026-02-13 20:17:07,438[19332] - OBS_Win - WARNING - cannot find ['OBS_start_record.png'] on screen
2026-02-13 20:17:10,659[19332] - OBS_Win - WARNING - cannot find ['OBS_start_record.png'] on screen
2026-02-13 20:17:13,886[19332] - OBS_Win - WARNING - cannot find ['OBS_start_record.png'] on screen
2026-02-13 20:17:17,112[19332] - OBS_Win - WARNING - cannot find ['OBS_start_record.png'] on screen
2026-02-13 20:17:20,318[19332] - OBS_Win - WARNING - cannot find ['OBS_start_record.png'] on screen
2026-02-13 20:17:23,538[19332] - OBS_Win - WARNING - cannot find ['OBS_start_record.png'] on screen
2026-02-13 20:17:26,755[19332] - OBS_Win - WARNING - cannot find ['OBS_start_record.png'] on screen
2026-02-13 20:17:29,983[19332] - OBS_Win - WARNING - cannot find ['OBS_start_record.png'] on screen
2026-02-13 20:17:33,214[19332] - OBS_Win - WARNING - cannot find ['OBS_start_record.png'] on screen
2026-02-13 20:17:36,432[19332] - OBS_Win - WARNING - cannot find ['OBS_start_record.png'] on screen
2026-02-13 20:17:39,654[19332] - OBS_Win - WARNING - cannot find ['OBS_start_record.png'] on screen
2026-02-13 20:17:42,872[19332] - OBS_Win - WARNING - cannot find ['OBS_start_record.png'] on screen
2026-02-13 20:17:46,089[19332] - OBS_Win - WARNING - cannot find ['OBS_start_record.png'] on screen
2026-02-13 20:17:49,314[19332] - OBS_Win - WARNING - cannot find ['OBS_start_record.png'] on screen
2026-02-13 20:17:52,529[19332] - OBS_Win - WARNING - cannot find ['OBS_start_record.png'] on screen
2026-02-13 20:17:55,752[19332] - OBS_Win - WARNING - cannot find ['OBS_start_record.png'] on screen
2026-02-13 20:17:58,978[19332] - OBS_Win - WARNING - cannot find ['OBS_start_record.png'] on screen
2026-02-13 20:18:02,191[19332] - OBS_Win - WARNING - cannot find ['OBS_start_record.png'] on screen
2026-02-13 20:18:05,413[19332] - OBS_Win - WARNING - cannot find ['OBS_start_record.png'] on screen
2026-02-13 20:18:08,628[19332] - OBS_Win - WARNING - cannot find ['OBS_start_record.png'] on screen
2026-02-13 20:18:11,854[19332] - OBS_Win - WARNING - cannot find ['OBS_start_record.png'] on screen
2026-02-13 20:18:15,070[19332] - OBS_Win - WARNING - cannot find ['OBS_start_record.png'] on screen
2026-02-13 20:18:18,294[19332] - OBS_Win - WARNING - cannot find ['OBS_start_record.png'] on screen
2026-02-13 20:18:21,515[19332] - OBS_Win - WARNING - cannot find ['OBS_start_record.png'] on screen
2026-02-13 20:18:24,728[19332] - OBS_Win - WARNING - cannot find ['OBS_start_record.png'] on screen
2026-02-13 20:18:27,938[19332] - OBS_Win - WARNING - cannot find ['OBS_start_record.png'] on screen
2026-02-13 20:18:31,187[19332] - OBS_Win - WARNING - cannot find ['OBS_start_record.png'] on screen
2026-02-13 20:18:34,413[19332] - OBS_Win - WARNING - cannot find ['OBS_start_record.png'] on screen
2026-02-13 20:18:37,649[19332] - OBS_Win - WARNING - cannot find ['OBS_start_record.png'] on screen
2026-02-13 20:18:40,861[19332] - OBS_Win - WARNING - cannot find ['OBS_start_record.png'] on screen
2026-02-13 20:18:44,064[19332] - OBS_Win - WARNING - cannot find ['OBS_start_record.png'] on screen
2026-02-13 20:18:47,286[19332] - OBS_Win - WARNING - cannot find ['OBS_start_record.png'] on screen
2026-02-13 20:18:50,504[19332] - OBS_Win - WARNING - cannot find ['OBS_start_record.png'] on screen
2026-02-13 20:18:53,726[19332] - OBS_Win - WARNING - cannot find ['OBS_start_record.png'] on screen
2026-02-13 20:18:56,947[19332] - OBS_Win - WARNING - cannot find ['OBS_start_record.png'] on screen
2026-02-13 20:19:00,170[19332] - OBS_Win - WARNING - cannot find ['OBS_start_record.png'] on screen
2026-02-13 20:19:03,386[19332] - OBS_Win - WARNING - cannot find ['OBS_start_record.png'] on screen
2026-02-13 20:19:06,617[19332] - OBS_Win - WARNING - cannot find ['OBS_start_record.png'] on screen
2026-02-13 20:19:09,848[19332] - OBS_Win - WARNING - cannot find ['OBS_start_record.png'] on screen
2026-02-13 20:19:13,067[19332] - OBS_Win - WARNING - cannot find ['OBS_start_record.png'] on screen
2026-02-13 20:19:16,286[19332] - OBS_Win - WARNING - cannot find ['OBS_start_record.png'] on screen
2026-02-13 20:19:19,505[19332] - OBS_Win - WARNING - cannot find ['OBS_start_record.png'] on screen
2026-02-13 20:19:22,724[19332] - OBS_Win - WARNING - cannot find ['OBS_start_record.png'] on screen
2026-02-13 20:19:25,947[19332] - OBS_Win - WARNING - cannot find ['OBS_start_record.png'] on screen
2026-02-13 20:19:29,162[19332] - OBS_Win - WARNING - cannot find ['OBS_start_record.png'] on screen
2026-02-13 20:19:32,382[19332] - OBS_Win - WARNING - cannot find ['OBS_start_record.png'] on screen
2026-02-13 20:19:35,606[19332] - OBS_Win - WARNING - cannot find ['OBS_start_record.png'] on screen
2026-02-13 20:19:38,825[19332] - OBS_Win - WARNING - cannot find ['OBS_start_record.png'] on screen
2026-02-13 20:19:42,044[19332] - OBS_Win - WARNING - cannot find ['OBS_start_record.png'] on screen
2026-02-13 20:19:45,263[19332] - OBS_Win - WARNING - cannot find ['OBS_start_record.png'] on screen
2026-02-13 20:19:48,489[19332] - OBS_Win - WARNING - cannot find ['OBS_start_record.png'] on screen
2026-02-13 20:19:51,701[19332] - OBS_Win - WARNING - cannot find ['OBS_start_record.png'] on screen
2026-02-13 20:19:54,702[19332] - OBS_Win - ERROR - 5 min timed out for finding ['OBS_start_record.png']
2026-02-13 20:19:54,702[19332] - RobotTest_AcidicPlatform - ERROR - 5 min timed out for finding ['OBS_start_record.png']
Traceback (most recent call last):
  File "C:\Users\li\PycharmProjects\catalyst\robotic_testing\common\robot_test.py", line 45, in wrapper
    return func(self, *args, **kwargs)
  File "C:\Users\li\PycharmProjects\catalyst\robotic_testing\common\robot_test.py", line 189, in run
    self.test_main_workflow(
  File "C:\Users\li\PycharmProjects\catalyst\robotic_testing\common\robot_test.py", line 300, in test_main_workflow
    self.camera.start()
  File "C:\Users\li\PycharmProjects\catalyst\software_control\software_control_base.py", line 138, in start
    self.click_button(self.icons_dict['start'])
  File "C:\Users\li\PycharmProjects\catalyst\software_control\software_control_base.py", line 75, in click_button
    raise SystemError(f'5 min timed out for finding {file_name_list}')
SystemError: 5 min timed out for finding ['OBS_start_record.png']
2026-02-13 21:09:11,739[16884] - RobotTest_AcidicPlatform - INFO - started a batch of test, with sample_rack_id : sample_id = {2: 2, 3: 3, 4: 4, 5: 5, 6: 6, 7: 7, 8: 8, 9: 9, 10: 10, 11: 11, 12: 12, 13: 13, 14: 14, 15: 15, 16: 16, 17: 17, 18: 18, 19: 19, 20: 20}
2026-02-13 21:09:17,748[16884] - OBS_Win - INFO - not in software yet
2026-02-13 21:09:18,046[16884] - OBS_Win - INFO - attempting to open OBS_Win, trial 1 in 3 times...
2026-02-13 21:09:21,597[16884] - OBS_Win - INFO - OBS_Win started
2026-02-13 21:09:21,597[16884] - RobotTest_AcidicPlatform - INFO - loading the sample from rack_id #2...
2026-02-13 21:10:00,709[16884] - RobotTest_AcidicPlatform - INFO - sample successfully loaded into the cell
2026-02-13 21:10:01,294[16884] - OBS_Win - INFO - OBS_Win stopped
2026-02-13 21:10:04,538[16884] - EC_Lab_Win11 - INFO - not in software yet
2026-02-13 21:10:04,844[16884] - EC_Lab_Win11 - INFO - attempting to open EC_Lab_Win11, trial 1 in 3 times...
2026-02-13 21:10:38,467[16884] - RobotTest_AcidicPlatform - INFO - human operating, fail to detect...
2026-02-13 21:52:28,467[16884] - EC_Lab_Win11 - INFO - test is complete
2026-02-13 21:52:28,467[16884] - RobotTest_AcidicPlatform - INFO - test pH12_ZerothGen_sample#2_2026-02-13_21-09-17 finished
2026-02-13 21:52:28,653[16884] - OBS_Win - INFO - not in software yet
2026-02-13 21:52:28,943[16884] - OBS_Win - INFO - attempting to open OBS_Win, trial 1 in 3 times...
2026-02-13 21:52:32,475[16884] - OBS_Win - INFO - OBS_Win started
2026-02-13 21:52:32,475[16884] - RobotTest_AcidicPlatform - INFO - unloading the sample to rack_id #2...
2026-02-13 21:53:30,939[16884] - RobotTest_AcidicPlatform - INFO - sample successfully unloaded from the cell
2026-02-13 21:53:34,474[16884] - OBS_Win - INFO - OBS_Win stopped
2026-02-13 21:53:34,907[16884] - OBS_Win - WARNING - cannot find ['OBS_start_record.png'] on screen
2026-02-13 21:53:38,232[16884] - OBS_Win - INFO - OBS_Win started
2026-02-13 21:53:38,232[16884] - RobotTest_AcidicPlatform - INFO - loading the sample from rack_id #3...
2026-02-13 21:54:11,369[16884] - RobotTest_AcidicPlatform - INFO - sample successfully loaded into the cell
2026-02-13 21:54:11,885[16884] - OBS_Win - INFO - OBS_Win stopped
2026-02-13 21:54:15,107[16884] - EC_Lab_Win11 - INFO - not in software yet
2026-02-13 21:54:15,411[16884] - EC_Lab_Win11 - INFO - attempting to open EC_Lab_Win11, trial 1 in 3 times...
2026-02-13 22:36:41,982[16884] - EC_Lab_Win11 - INFO - test is complete
2026-02-13 22:36:41,982[16884] - RobotTest_AcidicPlatform - INFO - test pH12_ZerothGen_sample#3_2026-02-13_21-53-34 finished
2026-02-13 22:36:42,170[16884] - OBS_Win - INFO - not in software yet
2026-02-13 22:36:42,495[16884] - OBS_Win - INFO - attempting to open OBS_Win, trial 1 in 3 times...
2026-02-13 22:36:46,021[16884] - OBS_Win - INFO - OBS_Win started
2026-02-13 22:36:46,021[16884] - RobotTest_AcidicPlatform - INFO - unloading the sample to rack_id #3...
2026-02-13 22:37:44,097[16884] - RobotTest_AcidicPlatform - INFO - sample successfully unloaded from the cell
2026-02-13 22:37:47,650[16884] - OBS_Win - INFO - OBS_Win stopped
2026-02-13 22:37:48,085[16884] - OBS_Win - WARNING - cannot find ['OBS_start_record.png'] on screen
2026-02-13 22:37:51,406[16884] - OBS_Win - INFO - OBS_Win started
2026-02-13 22:37:51,406[16884] - RobotTest_AcidicPlatform - INFO - loading the sample from rack_id #4...
2026-02-13 22:38:24,932[16884] - RobotTest_AcidicPlatform - INFO - sample successfully loaded into the cell
2026-02-13 22:38:25,450[16884] - OBS_Win - INFO - OBS_Win stopped
2026-02-13 22:38:28,692[16884] - EC_Lab_Win11 - INFO - not in software yet
2026-02-13 22:38:29,001[16884] - EC_Lab_Win11 - INFO - attempting to open EC_Lab_Win11, trial 1 in 3 times...
2026-02-13 23:20:45,300[16884] - EC_Lab_Win11 - INFO - test is complete
2026-02-13 23:20:45,301[16884] - RobotTest_AcidicPlatform - INFO - test pH12_ZerothGen_sample#4_2026-02-13_22-37-47 finished
2026-02-13 23:20:45,487[16884] - OBS_Win - INFO - not in software yet
2026-02-13 23:20:45,795[16884] - OBS_Win - INFO - attempting to open OBS_Win, trial 1 in 3 times...
2026-02-13 23:20:49,337[16884] - OBS_Win - INFO - OBS_Win started
2026-02-13 23:20:49,337[16884] - RobotTest_AcidicPlatform - INFO - unloading the sample to rack_id #4...
2026-02-13 23:21:46,878[16884] - RobotTest_AcidicPlatform - INFO - sample successfully unloaded from the cell
2026-02-13 23:21:50,458[16884] - OBS_Win - INFO - OBS_Win stopped
2026-02-13 23:21:50,888[16884] - OBS_Win - WARNING - cannot find ['OBS_start_record.png'] on screen
2026-02-13 23:21:54,204[16884] - OBS_Win - INFO - OBS_Win started
2026-02-13 23:21:54,204[16884] - RobotTest_AcidicPlatform - INFO - loading the sample from rack_id #5...
2026-02-13 23:22:28,177[16884] - RobotTest_AcidicPlatform - INFO - sample successfully loaded into the cell
2026-02-13 23:22:28,726[16884] - OBS_Win - INFO - OBS_Win stopped
2026-02-13 23:22:31,956[16884] - EC_Lab_Win11 - INFO - not in software yet
2026-02-13 23:22:32,259[16884] - EC_Lab_Win11 - INFO - attempting to open EC_Lab_Win11, trial 1 in 3 times...
2026-02-14 00:04:58,709[16884] - EC_Lab_Win11 - INFO - test is complete
2026-02-14 00:04:58,710[16884] - RobotTest_AcidicPlatform - INFO - test pH12_ZerothGen_sample#5_2026-02-13_23-21-50 finished
2026-02-14 00:04:58,896[16884] - OBS_Win - INFO - not in software yet
2026-02-14 00:04:59,197[16884] - OBS_Win - INFO - attempting to open OBS_Win, trial 1 in 3 times...
2026-02-14 00:05:02,707[16884] - OBS_Win - INFO - OBS_Win started
2026-02-14 00:05:02,707[16884] - RobotTest_AcidicPlatform - INFO - unloading the sample to rack_id #5...
2026-02-14 00:06:00,069[16884] - RobotTest_AcidicPlatform - INFO - sample successfully unloaded from the cell
2026-02-14 00:06:03,659[16884] - OBS_Win - INFO - OBS_Win stopped
2026-02-14 00:06:04,062[16884] - OBS_Win - WARNING - cannot find ['OBS_start_record.png'] on screen
2026-02-14 00:06:07,388[16884] - OBS_Win - INFO - OBS_Win started
2026-02-14 00:06:07,388[16884] - RobotTest_AcidicPlatform - INFO - loading the sample from rack_id #6...
2026-02-14 00:06:41,876[16884] - RobotTest_AcidicPlatform - INFO - sample successfully loaded into the cell
2026-02-14 00:06:42,408[16884] - OBS_Win - INFO - OBS_Win stopped
2026-02-14 00:06:45,651[16884] - EC_Lab_Win11 - INFO - not in software yet
2026-02-14 00:06:45,945[16884] - EC_Lab_Win11 - INFO - attempting to open EC_Lab_Win11, trial 1 in 3 times...
2026-02-14 00:49:12,513[16884] - EC_Lab_Win11 - INFO - test is complete
2026-02-14 00:49:12,513[16884] - RobotTest_AcidicPlatform - INFO - test pH12_ZerothGen_sample#6_2026-02-14_00-06-03 finished
2026-02-14 00:49:12,710[16884] - OBS_Win - INFO - not in software yet
2026-02-14 00:49:13,031[16884] - OBS_Win - INFO - attempting to open OBS_Win, trial 1 in 3 times...
2026-02-14 00:49:16,555[16884] - OBS_Win - INFO - OBS_Win started
2026-02-14 00:49:16,555[16884] - RobotTest_AcidicPlatform - INFO - unloading the sample to rack_id #6...
2026-02-14 00:50:13,337[16884] - RobotTest_AcidicPlatform - INFO - sample successfully unloaded from the cell
2026-02-14 00:50:16,866[16884] - OBS_Win - INFO - OBS_Win stopped
2026-02-14 00:50:17,273[16884] - OBS_Win - WARNING - cannot find ['OBS_start_record.png'] on screen
2026-02-14 00:50:20,595[16884] - OBS_Win - INFO - OBS_Win started
2026-02-14 00:50:20,595[16884] - RobotTest_AcidicPlatform - INFO - loading the sample from rack_id #7...
2026-02-14 00:50:55,492[16884] - RobotTest_AcidicPlatform - INFO - sample successfully loaded into the cell
2026-02-14 00:50:56,011[16884] - OBS_Win - INFO - OBS_Win stopped
2026-02-14 00:50:59,228[16884] - EC_Lab_Win11 - INFO - not in software yet
2026-02-14 00:50:59,533[16884] - EC_Lab_Win11 - INFO - attempting to open EC_Lab_Win11, trial 1 in 3 times...
2026-02-14 01:33:26,184[16884] - EC_Lab_Win11 - INFO - test is complete
2026-02-14 01:33:26,185[16884] - RobotTest_AcidicPlatform - INFO - test pH12_ZerothGen_sample#7_2026-02-14_00-50-16 finished
2026-02-14 01:33:26,370[16884] - OBS_Win - INFO - not in software yet
2026-02-14 01:33:26,673[16884] - OBS_Win - INFO - attempting to open OBS_Win, trial 1 in 3 times...
2026-02-14 01:33:30,203[16884] - OBS_Win - INFO - OBS_Win started
2026-02-14 01:33:30,203[16884] - RobotTest_AcidicPlatform - INFO - unloading the sample to rack_id #7...
2026-02-14 01:34:26,683[16884] - RobotTest_AcidicPlatform - INFO - sample successfully unloaded from the cell
2026-02-14 01:34:30,239[16884] - OBS_Win - INFO - OBS_Win stopped
2026-02-14 01:34:30,668[16884] - OBS_Win - WARNING - cannot find ['OBS_start_record.png'] on screen
2026-02-14 01:34:33,971[16884] - OBS_Win - INFO - OBS_Win started
2026-02-14 01:34:33,971[16884] - RobotTest_AcidicPlatform - INFO - loading the sample from rack_id #8...
2026-02-14 01:35:09,360[16884] - RobotTest_AcidicPlatform - INFO - sample successfully loaded into the cell
2026-02-14 01:35:09,880[16884] - OBS_Win - INFO - OBS_Win stopped
2026-02-14 01:35:13,113[16884] - EC_Lab_Win11 - INFO - not in software yet
2026-02-14 01:35:13,422[16884] - EC_Lab_Win11 - INFO - attempting to open EC_Lab_Win11, trial 1 in 3 times...
2026-02-14 02:17:39,728[16884] - EC_Lab_Win11 - INFO - test is complete
2026-02-14 02:17:39,728[16884] - RobotTest_AcidicPlatform - INFO - test pH12_ZerothGen_sample#8_2026-02-14_01-34-30 finished
2026-02-14 02:17:39,929[16884] - OBS_Win - INFO - not in software yet
2026-02-14 02:17:40,237[16884] - OBS_Win - INFO - attempting to open OBS_Win, trial 1 in 3 times...
2026-02-14 02:17:43,764[16884] - OBS_Win - INFO - OBS_Win started
2026-02-14 02:17:43,764[16884] - RobotTest_AcidicPlatform - INFO - unloading the sample to rack_id #8...
2026-02-14 02:18:40,888[16884] - RobotTest_AcidicPlatform - INFO - sample successfully unloaded from the cell
2026-02-14 02:18:44,424[16884] - OBS_Win - INFO - OBS_Win stopped
2026-02-14 02:18:44,852[16884] - OBS_Win - WARNING - cannot find ['OBS_start_record.png'] on screen
2026-02-14 02:18:48,183[16884] - OBS_Win - INFO - OBS_Win started
2026-02-14 02:18:48,183[16884] - RobotTest_AcidicPlatform - INFO - loading the sample from rack_id #9...
2026-02-14 02:19:23,768[16884] - RobotTest_AcidicPlatform - INFO - sample successfully loaded into the cell
2026-02-14 02:19:24,307[16884] - OBS_Win - INFO - OBS_Win stopped
2026-02-14 02:19:27,537[16884] - EC_Lab_Win11 - INFO - not in software yet
2026-02-14 02:19:27,829[16884] - EC_Lab_Win11 - INFO - attempting to open EC_Lab_Win11, trial 1 in 3 times...
2026-02-14 03:01:54,776[16884] - EC_Lab_Win11 - INFO - test is complete
2026-02-14 03:01:54,777[16884] - RobotTest_AcidicPlatform - INFO - test pH12_ZerothGen_sample#9_2026-02-14_02-18-44 finished
2026-02-14 03:01:54,965[16884] - OBS_Win - INFO - not in software yet
2026-02-14 03:01:55,286[16884] - OBS_Win - INFO - attempting to open OBS_Win, trial 1 in 3 times...
2026-02-14 03:01:58,817[16884] - OBS_Win - INFO - OBS_Win started
2026-02-14 03:01:58,817[16884] - RobotTest_AcidicPlatform - INFO - unloading the sample to rack_id #9...
2026-02-14 03:02:56,388[16884] - RobotTest_AcidicPlatform - INFO - sample successfully unloaded from the cell
2026-02-14 03:03:00,037[16884] - OBS_Win - INFO - OBS_Win stopped
2026-02-14 03:03:00,512[16884] - OBS_Win - WARNING - cannot find ['OBS_start_record.png'] on screen
2026-02-14 03:03:03,845[16884] - OBS_Win - INFO - OBS_Win started
2026-02-14 03:03:03,845[16884] - RobotTest_AcidicPlatform - INFO - loading the sample from rack_id #10...
2026-02-14 03:03:39,848[16884] - RobotTest_AcidicPlatform - INFO - sample successfully loaded into the cell
2026-02-14 03:03:40,396[16884] - OBS_Win - INFO - OBS_Win stopped
2026-02-14 03:03:43,621[16884] - EC_Lab_Win11 - INFO - not in software yet
2026-02-14 03:03:43,933[16884] - EC_Lab_Win11 - INFO - attempting to open EC_Lab_Win11, trial 1 in 3 times...
2026-02-14 03:46:10,394[16884] - EC_Lab_Win11 - INFO - test is complete
2026-02-14 03:46:10,395[16884] - RobotTest_AcidicPlatform - INFO - test pH12_ZerothGen_sample#10_2026-02-14_03-03-00 finished
2026-02-14 03:46:10,598[16884] - OBS_Win - INFO - not in software yet
2026-02-14 03:46:10,906[16884] - OBS_Win - INFO - attempting to open OBS_Win, trial 1 in 3 times...
2026-02-14 03:46:14,438[16884] - OBS_Win - INFO - OBS_Win started
2026-02-14 03:46:14,438[16884] - RobotTest_AcidicPlatform - INFO - unloading the sample to rack_id #10...
2026-02-14 03:47:12,334[16884] - RobotTest_AcidicPlatform - INFO - sample successfully unloaded from the cell
2026-02-14 03:47:15,912[16884] - OBS_Win - INFO - OBS_Win stopped
2026-02-14 03:47:16,357[16884] - OBS_Win - WARNING - cannot find ['OBS_start_record.png'] on screen
2026-02-14 03:47:19,683[16884] - OBS_Win - INFO - OBS_Win started
2026-02-14 03:47:19,683[16884] - RobotTest_AcidicPlatform - INFO - loading the sample from rack_id #11...
2026-02-14 03:47:56,160[16884] - RobotTest_AcidicPlatform - INFO - sample successfully loaded into the cell
2026-02-14 03:47:56,696[16884] - OBS_Win - INFO - OBS_Win stopped
2026-02-14 03:47:59,932[16884] - EC_Lab_Win11 - INFO - not in software yet
2026-02-14 03:48:00,230[16884] - EC_Lab_Win11 - INFO - attempting to open EC_Lab_Win11, trial 1 in 3 times...
2026-02-14 03:53:03,589[16884] - RobotTest_AcidicPlatform - INFO - human operating, fail to detect...
2026-02-14 03:53:24,802[16884] - RobotTest_AcidicPlatform - INFO - human operating, fail to detect...
2026-02-14 03:53:34,808[16884] - RobotTest_AcidicPlatform - INFO - human operating, fail to detect...
2026-02-14 03:53:44,810[16884] - RobotTest_AcidicPlatform - INFO - human operating, fail to detect...
2026-02-14 03:53:54,812[16884] - RobotTest_AcidicPlatform - INFO - human operating, fail to detect...
2026-02-14 03:54:05,626[16884] - EC_Lab_Win11 - INFO - not in software yet
2026-02-14 03:54:05,921[16884] - EC_Lab_Win11 - INFO - attempting to open EC_Lab_Win11, trial 1 in 3 times...
2026-02-14 03:54:09,153[16884] - EC_Lab_Win11 - INFO - not in software yet
2026-02-14 03:54:09,452[16884] - EC_Lab_Win11 - INFO - attempting to open EC_Lab_Win11, trial 2 in 3 times...
2026-02-14 04:30:15,389[16884] - EC_Lab_Win11 - INFO - test is complete
2026-02-14 04:30:15,390[16884] - RobotTest_AcidicPlatform - INFO - test pH12_ZerothGen_sample#11_2026-02-14_03-47-15 finished
2026-02-14 04:30:15,576[16884] - OBS_Win - INFO - not in software yet
2026-02-14 04:30:15,866[16884] - OBS_Win - INFO - attempting to open OBS_Win, trial 1 in 3 times...
2026-02-14 04:30:19,407[16884] - OBS_Win - INFO - OBS_Win started
2026-02-14 04:30:19,407[16884] - RobotTest_AcidicPlatform - INFO - unloading the sample to rack_id #11...
2026-02-14 04:31:17,758[16884] - RobotTest_AcidicPlatform - INFO - sample successfully unloaded from the cell
2026-02-14 04:31:21,320[16884] - OBS_Win - INFO - OBS_Win stopped
2026-02-14 04:31:21,748[16884] - OBS_Win - WARNING - cannot find ['OBS_start_record.png'] on screen
2026-02-14 04:31:25,076[16884] - OBS_Win - INFO - OBS_Win started
2026-02-14 04:31:25,076[16884] - RobotTest_AcidicPlatform - INFO - loading the sample from rack_id #12...
2026-02-14 04:32:02,300[16884] - RobotTest_AcidicPlatform - INFO - sample successfully loaded into the cell
2026-02-14 04:32:02,846[16884] - OBS_Win - INFO - OBS_Win stopped
2026-02-14 04:32:06,091[16884] - EC_Lab_Win11 - INFO - not in software yet
2026-02-14 04:32:06,401[16884] - EC_Lab_Win11 - INFO - attempting to open EC_Lab_Win11, trial 1 in 3 times...
2026-02-14 05:14:22,497[16884] - EC_Lab_Win11 - INFO - test is complete
2026-02-14 05:14:22,497[16884] - RobotTest_AcidicPlatform - INFO - test pH12_ZerothGen_sample#12_2026-02-14_04-31-21 finished
2026-02-14 05:14:22,687[16884] - OBS_Win - INFO - not in software yet
2026-02-14 05:14:23,002[16884] - OBS_Win - INFO - attempting to open OBS_Win, trial 1 in 3 times...
2026-02-14 05:14:26,533[16884] - OBS_Win - INFO - OBS_Win started
2026-02-14 05:14:26,533[16884] - RobotTest_AcidicPlatform - INFO - unloading the sample to rack_id #12...
2026-02-14 05:15:25,439[16884] - RobotTest_AcidicPlatform - INFO - sample successfully unloaded from the cell
2026-02-14 05:15:28,978[16884] - OBS_Win - INFO - OBS_Win stopped
2026-02-14 05:15:29,384[16884] - OBS_Win - WARNING - cannot find ['OBS_start_record.png'] on screen
2026-02-14 05:15:32,705[16884] - OBS_Win - INFO - OBS_Win started
2026-02-14 05:15:32,705[16884] - RobotTest_AcidicPlatform - INFO - loading the sample from rack_id #13...
2026-02-14 05:16:10,166[16884] - RobotTest_AcidicPlatform - INFO - sample successfully loaded into the cell
2026-02-14 05:16:10,686[16884] - OBS_Win - INFO - OBS_Win stopped
2026-02-14 05:16:13,926[16884] - EC_Lab_Win11 - INFO - not in software yet
2026-02-14 05:16:14,222[16884] - EC_Lab_Win11 - INFO - attempting to open EC_Lab_Win11, trial 1 in 3 times...
2026-02-14 05:58:39,409[16884] - RobotTest_AcidicPlatform - INFO - human operating, fail to detect...
2026-02-14 05:58:49,415[16884] - RobotTest_AcidicPlatform - INFO - human operating, fail to detect...
2026-02-14 05:58:59,431[16884] - RobotTest_AcidicPlatform - INFO - human operating, fail to detect...
2026-02-14 05:59:09,446[16884] - RobotTest_AcidicPlatform - INFO - human operating, fail to detect...
2026-02-14 05:59:20,672[16884] - EC_Lab_Win11 - INFO - test is complete
2026-02-14 05:59:20,672[16884] - RobotTest_AcidicPlatform - INFO - test pH12_ZerothGen_sample#13_2026-02-14_05-15-28 finished
2026-02-14 05:59:20,858[16884] - OBS_Win - INFO - not in software yet
2026-02-14 05:59:21,176[16884] - OBS_Win - INFO - attempting to open OBS_Win, trial 1 in 3 times...
2026-02-14 05:59:24,796[16884] - OBS_Win - INFO - OBS_Win started
2026-02-14 05:59:24,796[16884] - RobotTest_AcidicPlatform - INFO - unloading the sample to rack_id #13...
2026-02-14 06:00:23,958[16884] - RobotTest_AcidicPlatform - INFO - sample successfully unloaded from the cell
2026-02-14 06:00:27,634[16884] - OBS_Win - INFO - OBS_Win stopped
2026-02-14 06:00:28,150[16884] - OBS_Win - WARNING - cannot find ['OBS_start_record.png'] on screen
2026-02-14 06:00:31,500[16884] - OBS_Win - INFO - OBS_Win started
2026-02-14 06:00:31,500[16884] - RobotTest_AcidicPlatform - INFO - loading the sample from rack_id #14...
2026-02-14 06:01:09,593[16884] - RobotTest_AcidicPlatform - INFO - sample successfully loaded into the cell
2026-02-14 06:01:10,205[16884] - OBS_Win - INFO - OBS_Win stopped
2026-02-14 06:01:13,471[16884] - EC_Lab_Win11 - INFO - not in software yet
2026-02-14 06:01:13,818[16884] - EC_Lab_Win11 - INFO - attempting to open EC_Lab_Win11, trial 1 in 3 times...
2026-02-14 06:01:47,495[16884] - RobotTest_AcidicPlatform - INFO - human operating, fail to detect...
2026-02-14 06:01:57,502[16884] - RobotTest_AcidicPlatform - INFO - human operating, fail to detect...
2026-02-14 06:04:44,613[16884] - RobotTest_AcidicPlatform - INFO - human operating, fail to detect...
2026-02-14 06:05:28,226[16884] - RobotTest_AcidicPlatform - INFO - human operating, fail to detect...
2026-02-14 06:08:26,441[16884] - RobotTest_AcidicPlatform - INFO - human operating, fail to detect...
2026-02-14 06:08:37,269[16884] - EC_Lab_Win11 - INFO - not in software yet
2026-02-14 06:08:37,574[16884] - EC_Lab_Win11 - INFO - attempting to open EC_Lab_Win11, trial 1 in 3 times...
2026-02-14 06:08:40,817[16884] - EC_Lab_Win11 - INFO - not in software yet
2026-02-14 06:08:41,138[16884] - EC_Lab_Win11 - INFO - attempting to open EC_Lab_Win11, trial 2 in 3 times...
2026-02-14 06:43:41,213[16884] - EC_Lab_Win11 - INFO - test is complete
2026-02-14 06:43:41,213[16884] - RobotTest_AcidicPlatform - INFO - test pH12_ZerothGen_sample#14_2026-02-14_06-00-27 finished
2026-02-14 06:43:41,416[16884] - OBS_Win - INFO - not in software yet
2026-02-14 06:43:41,742[16884] - OBS_Win - INFO - attempting to open OBS_Win, trial 1 in 3 times...
2026-02-14 06:43:45,277[16884] - OBS_Win - INFO - OBS_Win started
2026-02-14 06:43:45,277[16884] - RobotTest_AcidicPlatform - INFO - unloading the sample to rack_id #14...
2026-02-14 06:44:44,957[16884] - RobotTest_AcidicPlatform - INFO - sample successfully unloaded from the cell
2026-02-14 06:44:48,522[16884] - OBS_Win - INFO - OBS_Win stopped
2026-02-14 06:44:48,952[16884] - OBS_Win - WARNING - cannot find ['OBS_start_record.png'] on screen
2026-02-14 06:44:52,282[16884] - OBS_Win - INFO - OBS_Win started
2026-02-14 06:44:52,282[16884] - RobotTest_AcidicPlatform - INFO - loading the sample from rack_id #15...
2026-02-14 06:45:30,416[16884] - RobotTest_AcidicPlatform - INFO - sample successfully loaded into the cell
2026-02-14 06:45:30,964[16884] - OBS_Win - INFO - OBS_Win stopped
2026-02-14 06:45:34,193[16884] - EC_Lab_Win11 - INFO - not in software yet
2026-02-14 06:45:34,506[16884] - EC_Lab_Win11 - INFO - attempting to open EC_Lab_Win11, trial 1 in 3 times...
2026-02-14 07:02:46,416[16884] - RobotTest_AcidicPlatform - INFO - human operating, fail to detect...
2026-02-14 07:02:56,417[16884] - RobotTest_AcidicPlatform - INFO - human operating, fail to detect...
2026-02-14 07:12:28,660[20820] - RobotTest_AcidicPlatform - INFO - started a batch of test, with sample_rack_id : sample_id = {15: 15, 16: 16, 17: 17, 18: 18, 19: 19, 20: 20}
2026-02-14 07:12:34,662[20820] - OBS_Win - INFO - not in software yet
2026-02-14 07:12:34,980[20820] - OBS_Win - INFO - attempting to open OBS_Win, trial 1 in 3 times...
2026-02-14 07:12:38,532[20820] - OBS_Win - INFO - OBS_Win started
2026-02-14 07:12:38,532[20820] - RobotTest_AcidicPlatform - INFO - loading the sample from rack_id #15...
2026-02-14 07:13:20,648[20820] - RobotTest_AcidicPlatform - INFO - sample successfully loaded into the cell
2026-02-14 07:13:20,860[20820] - OBS_Win - INFO - not in software yet
2026-02-14 07:13:21,201[20820] - OBS_Win - INFO - attempting to open OBS_Win, trial 1 in 3 times...
2026-02-14 07:13:24,753[20820] - OBS_Win - INFO - OBS_Win stopped
2026-02-14 07:13:27,993[20820] - EC_Lab_Win11 - INFO - not in software yet
2026-02-14 07:13:28,307[20820] - EC_Lab_Win11 - INFO - attempting to open EC_Lab_Win11, trial 1 in 3 times...
2026-02-14 07:28:36,725[20820] - RobotTest_AcidicPlatform - INFO - human operating, fail to detect...
2026-02-14 07:28:46,740[20820] - RobotTest_AcidicPlatform - INFO - human operating, fail to detect...
2026-02-14 07:28:56,755[20820] - RobotTest_AcidicPlatform - INFO - human operating, fail to detect...
2026-02-14 07:29:06,767[20820] - RobotTest_AcidicPlatform - INFO - human operating, fail to detect...
2026-02-14 07:29:16,782[20820] - RobotTest_AcidicPlatform - INFO - human operating, fail to detect...
2026-02-14 07:29:27,642[20820] - EC_Lab_Win11 - INFO - not in software yet
2026-02-14 07:29:27,967[20820] - EC_Lab_Win11 - INFO - attempting to open EC_Lab_Win11, trial 1 in 3 times...
2026-02-14 07:29:31,199[20820] - EC_Lab_Win11 - INFO - not in software yet
2026-02-14 07:29:31,511[20820] - EC_Lab_Win11 - INFO - attempting to open EC_Lab_Win11, trial 2 in 3 times...
2026-02-14 07:29:34,751[20820] - EC_Lab_Win11 - INFO - not in software yet
2026-02-14 07:29:35,041[20820] - EC_Lab_Win11 - INFO - attempting to open EC_Lab_Win11, trial 3 in 3 times...
2026-02-14 07:29:38,275[20820] - EC_Lab_Win11 - INFO - not in software yet
2026-02-14 07:29:38,275[20820] - EC_Lab_Win11 - WARNING - failed to open EC_Lab_Win11
2026-02-14 07:29:38,275[20820] - RobotTest_AcidicPlatform - ERROR - failed to open EC_Lab_Win11
Traceback (most recent call last):
  File "C:\Users\li\PycharmProjects\catalyst\robotic_testing\common\robot_test.py", line 45, in wrapper
    return func(self, *args, **kwargs)
  File "C:\Users\li\PycharmProjects\catalyst\robotic_testing\common\robot_test.py", line 189, in run
    self.test_main_workflow(
  File "C:\Users\li\PycharmProjects\catalyst\robotic_testing\common\robot_test.py", line 296, in test_main_workflow
    self.check_test_finished()
  File "C:\Users\li\PycharmProjects\catalyst\robotic_testing\common\robot_test.py", line 326, in check_test_finished
    self.ec_lab.open_software()
  File "C:\Users\li\PycharmProjects\catalyst\software_control\software_control_base.py", line 133, in open_software
    raise SystemError(f'failed to open {self.name}')
SystemError: failed to open EC_Lab_Win11
2026-02-14 10:22:40,163[5064] - RobotTest_AcidicPlatform - INFO - started a batch of test, with sample_rack_id : sample_id = {16: 16, 17: 17, 18: 18, 19: 19, 20: 20}
2026-02-14 10:22:46,597[5064] - OBS_Win - INFO - OBS_Win started
2026-02-14 10:22:46,598[5064] - RobotTest_AcidicPlatform - INFO - loading the sample from rack_id #16...
2026-02-14 10:23:29,705[5064] - RobotTest_AcidicPlatform - INFO - sample successfully loaded into the cell
2026-02-14 10:23:30,369[5064] - OBS_Win - INFO - OBS_Win stopped
2026-02-14 10:23:33,680[5064] - EC_Lab_Win11 - INFO - not in software yet
2026-02-14 10:23:34,028[5064] - EC_Lab_Win11 - INFO - attempting to open EC_Lab_Win11, trial 1 in 3 times...
2026-02-14 10:23:37,646[5064] - EC_Lab_Win11 - WARNING - cannot find ['start.png'] on screen
2026-02-14 10:23:40,864[5064] - EC_Lab_Win11 - WARNING - cannot find ['start.png'] on screen
2026-02-14 10:23:44,071[5064] - EC_Lab_Win11 - WARNING - cannot find ['start.png'] on screen
2026-02-14 10:23:47,277[5064] - EC_Lab_Win11 - WARNING - cannot find ['start.png'] on screen
2026-02-14 10:23:50,481[5064] - EC_Lab_Win11 - WARNING - cannot find ['start.png'] on screen
2026-02-14 10:23:53,682[5064] - EC_Lab_Win11 - WARNING - cannot find ['start.png'] on screen
2026-02-14 10:23:56,886[5064] - EC_Lab_Win11 - WARNING - cannot find ['start.png'] on screen
2026-02-14 10:24:00,090[5064] - EC_Lab_Win11 - WARNING - cannot find ['start.png'] on screen
2026-02-14 10:24:03,292[5064] - EC_Lab_Win11 - WARNING - cannot find ['start.png'] on screen
2026-02-14 10:24:06,504[5064] - EC_Lab_Win11 - WARNING - cannot find ['start.png'] on screen
2026-02-14 10:24:09,713[5064] - EC_Lab_Win11 - WARNING - cannot find ['start.png'] on screen
2026-02-14 10:24:12,924[5064] - EC_Lab_Win11 - WARNING - cannot find ['start.png'] on screen
2026-02-14 10:24:16,121[5064] - EC_Lab_Win11 - WARNING - cannot find ['start.png'] on screen
2026-02-14 10:24:19,349[5064] - EC_Lab_Win11 - WARNING - cannot find ['start.png'] on screen
2026-02-14 10:24:22,584[5064] - EC_Lab_Win11 - WARNING - cannot find ['start.png'] on screen
2026-02-14 10:24:25,789[5064] - EC_Lab_Win11 - WARNING - cannot find ['start.png'] on screen
2026-02-14 10:24:29,001[5064] - EC_Lab_Win11 - WARNING - cannot find ['start.png'] on screen
2026-02-14 10:24:32,219[5064] - EC_Lab_Win11 - WARNING - cannot find ['start.png'] on screen
2026-02-14 10:24:35,428[5064] - EC_Lab_Win11 - WARNING - cannot find ['start.png'] on screen
2026-02-14 10:24:38,649[5064] - EC_Lab_Win11 - WARNING - cannot find ['start.png'] on screen
2026-02-14 10:24:41,854[5064] - EC_Lab_Win11 - WARNING - cannot find ['start.png'] on screen
2026-02-14 10:24:45,062[5064] - EC_Lab_Win11 - WARNING - cannot find ['start.png'] on screen
2026-02-14 10:24:48,261[5064] - EC_Lab_Win11 - WARNING - cannot find ['start.png'] on screen
2026-02-14 10:24:51,467[5064] - EC_Lab_Win11 - WARNING - cannot find ['start.png'] on screen
2026-02-14 10:24:54,668[5064] - EC_Lab_Win11 - WARNING - cannot find ['start.png'] on screen
2026-02-14 10:24:57,902[5064] - EC_Lab_Win11 - WARNING - cannot find ['start.png'] on screen
2026-02-14 10:25:01,103[5064] - EC_Lab_Win11 - WARNING - cannot find ['start.png'] on screen
2026-02-14 10:25:04,313[5064] - EC_Lab_Win11 - WARNING - cannot find ['start.png'] on screen
2026-02-14 10:25:07,506[5064] - EC_Lab_Win11 - WARNING - cannot find ['start.png'] on screen
2026-02-14 10:25:10,714[5064] - EC_Lab_Win11 - WARNING - cannot find ['start.png'] on screen
2026-02-14 10:25:13,914[5064] - EC_Lab_Win11 - WARNING - cannot find ['start.png'] on screen
2026-02-14 10:25:17,123[5064] - EC_Lab_Win11 - WARNING - cannot find ['start.png'] on screen
2026-02-14 10:25:20,347[5064] - EC_Lab_Win11 - WARNING - cannot find ['start.png'] on screen
2026-02-14 10:25:23,538[5064] - EC_Lab_Win11 - WARNING - cannot find ['start.png'] on screen
2026-02-14 10:25:26,743[5064] - EC_Lab_Win11 - WARNING - cannot find ['start.png'] on screen
2026-02-14 10:25:29,948[5064] - EC_Lab_Win11 - WARNING - cannot find ['start.png'] on screen
2026-02-14 10:25:33,153[5064] - EC_Lab_Win11 - WARNING - cannot find ['start.png'] on screen
2026-02-14 10:25:36,370[5064] - EC_Lab_Win11 - WARNING - cannot find ['start.png'] on screen
2026-02-14 10:25:39,635[5064] - EC_Lab_Win11 - WARNING - cannot find ['start.png'] on screen
2026-02-14 10:25:42,879[5064] - EC_Lab_Win11 - WARNING - cannot find ['start.png'] on screen
2026-02-14 10:25:46,122[5064] - EC_Lab_Win11 - WARNING - cannot find ['start.png'] on screen
2026-02-14 10:25:49,319[5064] - EC_Lab_Win11 - WARNING - cannot find ['start.png'] on screen
2026-02-14 10:29:38,774[21096] - RobotTest_AcidicPlatform - INFO - started a batch of test, with sample_rack_id : sample_id = {16: 16, 17: 17, 18: 18, 19: 19, 20: 20}
2026-02-14 10:29:45,205[21096] - OBS_Win - INFO - OBS_Win started
2026-02-14 10:29:45,205[21096] - RobotTest_AcidicPlatform - INFO - loading the sample from rack_id #16...
2026-02-14 10:30:28,287[21096] - RobotTest_AcidicPlatform - INFO - sample successfully loaded into the cell
2026-02-14 10:30:28,947[21096] - OBS_Win - INFO - OBS_Win stopped
2026-02-14 10:30:32,239[21096] - EC_Lab_Win11 - INFO - not in software yet
2026-02-14 10:30:32,575[21096] - EC_Lab_Win11 - INFO - attempting to open EC_Lab_Win11, trial 1 in 3 times...
2026-02-14 10:30:36,229[21096] - EC_Lab_Win11 - WARNING - cannot find ['start.png'] on screen
2026-02-14 10:30:39,437[21096] - EC_Lab_Win11 - WARNING - cannot find ['start.png'] on screen
2026-02-14 10:30:42,644[21096] - EC_Lab_Win11 - WARNING - cannot find ['start.png'] on screen
2026-02-14 10:30:45,863[21096] - EC_Lab_Win11 - WARNING - cannot find ['start.png'] on screen
2026-02-14 10:30:49,066[21096] - EC_Lab_Win11 - WARNING - cannot find ['start.png'] on screen
2026-02-14 10:30:52,268[21096] - EC_Lab_Win11 - WARNING - cannot find ['start.png'] on screen
2026-02-14 10:30:55,472[21096] - EC_Lab_Win11 - WARNING - cannot find ['start.png'] on screen
2026-02-14 10:30:58,687[21096] - EC_Lab_Win11 - WARNING - cannot find ['start.png'] on screen
2026-02-14 10:31:01,900[21096] - EC_Lab_Win11 - WARNING - cannot find ['start.png'] on screen
2026-02-14 10:31:05,124[21096] - EC_Lab_Win11 - WARNING - cannot find ['start.png'] on screen
2026-02-14 10:31:08,332[21096] - EC_Lab_Win11 - WARNING - cannot find ['start.png'] on screen
2026-02-14 10:31:11,536[21096] - EC_Lab_Win11 - WARNING - cannot find ['start.png'] on screen
2026-02-14 10:34:44,207[21248] - RobotTest_AcidicPlatform - INFO - started a batch of test, with sample_rack_id : sample_id = {16: 16, 17: 17, 18: 18, 19: 19, 20: 20}
2026-02-14 10:34:50,214[21248] - OBS_Win - INFO - not in software yet
2026-02-14 10:34:50,534[21248] - OBS_Win - INFO - attempting to open OBS_Win, trial 1 in 3 times...
2026-02-14 10:34:54,127[21248] - OBS_Win - INFO - OBS_Win started
2026-02-14 10:34:54,127[21248] - RobotTest_AcidicPlatform - INFO - loading the sample from rack_id #16...
2026-02-14 10:35:37,068[21248] - RobotTest_AcidicPlatform - INFO - sample successfully loaded into the cell
2026-02-14 10:35:37,733[21248] - OBS_Win - INFO - OBS_Win stopped
2026-02-14 10:35:40,989[21248] - EC_Lab_Win11 - INFO - not in software yet
2026-02-14 10:35:41,333[21248] - EC_Lab_Win11 - INFO - attempting to open EC_Lab_Win11, trial 1 in 3 times...
2026-02-14 10:35:44,960[21248] - EC_Lab_Win11 - WARNING - cannot find ['start.png'] on screen
2026-02-14 10:35:48,163[21248] - EC_Lab_Win11 - WARNING - cannot find ['start.png'] on screen
2026-02-14 10:35:51,367[21248] - EC_Lab_Win11 - WARNING - cannot find ['start.png'] on screen
2026-02-14 10:35:54,565[21248] - EC_Lab_Win11 - WARNING - cannot find ['start.png'] on screen
2026-02-14 10:35:57,772[21248] - EC_Lab_Win11 - WARNING - cannot find ['start.png'] on screen
2026-02-14 10:36:00,973[21248] - EC_Lab_Win11 - WARNING - cannot find ['start.png'] on screen
2026-02-14 10:36:04,175[21248] - EC_Lab_Win11 - WARNING - cannot find ['start.png'] on screen
2026-02-14 10:36:07,379[21248] - EC_Lab_Win11 - WARNING - cannot find ['start.png'] on screen
2026-02-14 10:36:10,581[21248] - EC_Lab_Win11 - WARNING - cannot find ['start.png'] on screen
2026-02-14 10:36:13,789[21248] - EC_Lab_Win11 - WARNING - cannot find ['start.png'] on screen
2026-02-14 10:36:16,993[21248] - EC_Lab_Win11 - WARNING - cannot find ['start.png'] on screen
2026-02-14 10:36:20,196[21248] - EC_Lab_Win11 - WARNING - cannot find ['start.png'] on screen
2026-02-14 10:36:23,393[21248] - EC_Lab_Win11 - WARNING - cannot find ['start.png'] on screen
2026-02-14 10:36:26,600[21248] - EC_Lab_Win11 - WARNING - cannot find ['start.png'] on screen
2026-02-14 10:36:29,800[21248] - EC_Lab_Win11 - WARNING - cannot find ['start.png'] on screen
2026-02-14 10:36:33,053[21248] - EC_Lab_Win11 - WARNING - cannot find ['start.png'] on screen
2026-02-14 10:36:36,261[21248] - EC_Lab_Win11 - WARNING - cannot find ['start.png'] on screen
2026-02-14 10:36:39,479[21248] - EC_Lab_Win11 - WARNING - cannot find ['start.png'] on screen
2026-02-14 10:36:42,715[21248] - EC_Lab_Win11 - WARNING - cannot find ['start.png'] on screen
2026-02-14 10:36:45,936[21248] - EC_Lab_Win11 - WARNING - cannot find ['start.png'] on screen
2026-02-14 10:36:49,142[21248] - EC_Lab_Win11 - WARNING - cannot find ['start.png'] on screen
2026-02-14 10:36:52,346[21248] - EC_Lab_Win11 - WARNING - cannot find ['start.png'] on screen
2026-02-14 10:36:55,547[21248] - EC_Lab_Win11 - WARNING - cannot find ['start.png'] on screen
2026-02-14 10:36:58,752[21248] - EC_Lab_Win11 - WARNING - cannot find ['start.png'] on screen
2026-02-14 10:37:01,957[21248] - EC_Lab_Win11 - WARNING - cannot find ['start.png'] on screen
2026-02-14 10:37:05,181[21248] - EC_Lab_Win11 - WARNING - cannot find ['start.png'] on screen
2026-02-14 10:37:08,398[21248] - EC_Lab_Win11 - WARNING - cannot find ['start.png'] on screen
2026-02-14 10:37:11,603[21248] - EC_Lab_Win11 - WARNING - cannot find ['start.png'] on screen
2026-02-14 10:37:14,799[21248] - EC_Lab_Win11 - WARNING - cannot find ['start.png'] on screen
2026-02-14 10:37:18,004[21248] - EC_Lab_Win11 - WARNING - cannot find ['start.png'] on screen
2026-02-14 10:37:21,210[21248] - EC_Lab_Win11 - WARNING - cannot find ['start.png'] on screen
2026-02-14 10:37:24,409[21248] - EC_Lab_Win11 - WARNING - cannot find ['start.png'] on screen
2026-02-14 10:37:27,635[21248] - EC_Lab_Win11 - WARNING - cannot find ['start.png'] on screen
2026-02-14 10:37:30,835[21248] - EC_Lab_Win11 - WARNING - cannot find ['start.png'] on screen
2026-02-14 10:37:34,037[21248] - EC_Lab_Win11 - WARNING - cannot find ['start.png'] on screen
2026-02-14 10:37:37,262[21248] - EC_Lab_Win11 - WARNING - cannot find ['start.png'] on screen
2026-02-14 10:37:40,480[21248] - EC_Lab_Win11 - WARNING - cannot find ['start.png'] on screen
2026-02-14 10:37:43,684[21248] - EC_Lab_Win11 - WARNING - cannot find ['start.png'] on screen
2026-02-14 10:37:46,900[21248] - EC_Lab_Win11 - WARNING - cannot find ['start.png'] on screen
2026-02-14 10:37:50,106[21248] - EC_Lab_Win11 - WARNING - cannot find ['start.png'] on screen
2026-02-14 10:37:53,304[21248] - EC_Lab_Win11 - WARNING - cannot find ['start.png'] on screen
2026-02-14 10:37:56,511[21248] - EC_Lab_Win11 - WARNING - cannot find ['start.png'] on screen
2026-02-14 10:37:59,715[21248] - EC_Lab_Win11 - WARNING - cannot find ['start.png'] on screen
2026-02-14 10:38:02,918[21248] - EC_Lab_Win11 - WARNING - cannot find ['start.png'] on screen
2026-02-14 10:38:06,125[21248] - EC_Lab_Win11 - WARNING - cannot find ['start.png'] on screen
2026-02-14 10:38:09,337[21248] - EC_Lab_Win11 - WARNING - cannot find ['start.png'] on screen
2026-02-14 10:38:12,547[21248] - EC_Lab_Win11 - WARNING - cannot find ['start.png'] on screen
2026-02-14 10:38:15,746[21248] - EC_Lab_Win11 - WARNING - cannot find ['start.png'] on screen
2026-02-14 10:38:18,947[21248] - EC_Lab_Win11 - WARNING - cannot find ['start.png'] on screen
2026-02-14 10:38:22,156[21248] - EC_Lab_Win11 - WARNING - cannot find ['start.png'] on screen
2026-02-14 10:38:25,362[21248] - EC_Lab_Win11 - WARNING - cannot find ['start.png'] on screen
2026-02-14 10:38:28,579[21248] - EC_Lab_Win11 - WARNING - cannot find ['start.png'] on screen
2026-02-14 10:38:31,783[21248] - EC_Lab_Win11 - WARNING - cannot find ['start.png'] on screen
2026-02-14 10:38:35,003[21248] - EC_Lab_Win11 - WARNING - cannot find ['start.png'] on screen
2026-02-14 10:38:38,223[21248] - EC_Lab_Win11 - WARNING - cannot find ['start.png'] on screen
2026-02-14 10:38:41,440[21248] - EC_Lab_Win11 - WARNING - cannot find ['start.png'] on screen
2026-02-14 10:38:44,660[21248] - EC_Lab_Win11 - WARNING - cannot find ['start.png'] on screen
2026-02-14 10:38:47,876[21248] - EC_Lab_Win11 - WARNING - cannot find ['start.png'] on screen
2026-02-14 10:38:51,079[21248] - EC_Lab_Win11 - WARNING - cannot find ['start.png'] on screen
2026-02-14 10:38:54,284[21248] - EC_Lab_Win11 - WARNING - cannot find ['start.png'] on screen
2026-02-14 10:38:57,491[21248] - EC_Lab_Win11 - WARNING - cannot find ['start.png'] on screen
2026-02-14 10:39:00,692[21248] - EC_Lab_Win11 - WARNING - cannot find ['start.png'] on screen
2026-02-14 10:39:03,895[21248] - EC_Lab_Win11 - WARNING - cannot find ['start.png'] on screen
2026-02-14 10:39:07,097[21248] - EC_Lab_Win11 - WARNING - cannot find ['start.png'] on screen
2026-02-14 10:39:10,298[21248] - EC_Lab_Win11 - WARNING - cannot find ['start.png'] on screen
2026-02-14 10:39:13,504[21248] - EC_Lab_Win11 - WARNING - cannot find ['start.png'] on screen
2026-02-14 10:39:16,705[21248] - EC_Lab_Win11 - WARNING - cannot find ['start.png'] on screen
2026-02-14 10:39:19,916[21248] - EC_Lab_Win11 - WARNING - cannot find ['start.png'] on screen
2026-02-14 10:39:23,126[21248] - EC_Lab_Win11 - WARNING - cannot find ['start.png'] on screen
2026-02-14 10:39:26,340[21248] - EC_Lab_Win11 - WARNING - cannot find ['start.png'] on screen
2026-02-14 10:39:29,558[21248] - EC_Lab_Win11 - WARNING - cannot find ['start.png'] on screen
2026-02-14 10:39:32,772[21248] - EC_Lab_Win11 - WARNING - cannot find ['start.png'] on screen
2026-02-14 10:39:35,976[21248] - EC_Lab_Win11 - WARNING - cannot find ['start.png'] on screen
2026-02-14 10:39:39,181[21248] - EC_Lab_Win11 - WARNING - cannot find ['start.png'] on screen
2026-02-14 10:39:42,382[21248] - EC_Lab_Win11 - WARNING - cannot find ['start.png'] on screen
2026-02-14 10:39:45,586[21248] - EC_Lab_Win11 - WARNING - cannot find ['start.png'] on screen
2026-02-14 10:39:48,792[21248] - EC_Lab_Win11 - WARNING - cannot find ['start.png'] on screen
2026-02-14 10:39:51,994[21248] - EC_Lab_Win11 - WARNING - cannot find ['start.png'] on screen
2026-02-14 10:39:55,195[21248] - EC_Lab_Win11 - WARNING - cannot find ['start.png'] on screen
2026-02-14 10:39:58,397[21248] - EC_Lab_Win11 - WARNING - cannot find ['start.png'] on screen
2026-02-14 10:40:01,599[21248] - EC_Lab_Win11 - WARNING - cannot find ['start.png'] on screen
2026-02-14 10:40:04,802[21248] - EC_Lab_Win11 - WARNING - cannot find ['start.png'] on screen
2026-02-14 10:40:08,006[21248] - EC_Lab_Win11 - WARNING - cannot find ['start.png'] on screen
2026-02-14 10:40:11,212[21248] - EC_Lab_Win11 - WARNING - cannot find ['start.png'] on screen
2026-02-14 10:40:14,413[21248] - EC_Lab_Win11 - WARNING - cannot find ['start.png'] on screen
2026-02-14 10:40:17,634[21248] - EC_Lab_Win11 - WARNING - cannot find ['start.png'] on screen
2026-02-14 10:40:20,844[21248] - EC_Lab_Win11 - WARNING - cannot find ['start.png'] on screen
2026-02-14 10:40:24,059[21248] - EC_Lab_Win11 - WARNING - cannot find ['start.png'] on screen
2026-02-14 10:40:27,262[21248] - EC_Lab_Win11 - WARNING - cannot find ['start.png'] on screen
2026-02-14 10:40:30,490[21248] - EC_Lab_Win11 - WARNING - cannot find ['start.png'] on screen
2026-02-14 10:40:33,688[21248] - EC_Lab_Win11 - WARNING - cannot find ['start.png'] on screen
2026-02-14 10:40:36,901[21248] - EC_Lab_Win11 - WARNING - cannot find ['start.png'] on screen
2026-02-14 10:40:40,112[21248] - EC_Lab_Win11 - WARNING - cannot find ['start.png'] on screen
2026-02-14 10:40:43,318[21248] - EC_Lab_Win11 - WARNING - cannot find ['start.png'] on screen
2026-02-14 10:40:46,538[21248] - EC_Lab_Win11 - WARNING - cannot find ['start.png'] on screen
2026-02-14 10:40:49,746[21248] - EC_Lab_Win11 - WARNING - cannot find ['start.png'] on screen
2026-02-14 10:40:52,958[21248] - EC_Lab_Win11 - WARNING - cannot find ['start.png'] on screen
2026-02-14 10:40:56,172[21248] - EC_Lab_Win11 - WARNING - cannot find ['start.png'] on screen
2026-02-14 10:40:59,379[21248] - EC_Lab_Win11 - WARNING - cannot find ['start.png'] on screen
2026-02-14 10:41:02,600[21248] - EC_Lab_Win11 - WARNING - cannot find ['start.png'] on screen
2026-02-14 10:41:05,606[21248] - EC_Lab_Win11 - ERROR - 5 min timed out for finding ['start.png']
2026-02-14 10:41:05,606[21248] - RobotTest_AcidicPlatform - ERROR - 5 min timed out for finding ['start.png']
Traceback (most recent call last):
  File "C:\Users\li\PycharmProjects\catalyst\robotic_testing\common\robot_test.py", line 45, in wrapper
    return func(self, *args, **kwargs)
  File "C:\Users\li\PycharmProjects\catalyst\robotic_testing\common\robot_test.py", line 189, in run
    self.test_main_workflow(
  File "C:\Users\li\PycharmProjects\catalyst\robotic_testing\common\robot_test.py", line 292, in test_main_workflow
    self.ec_lab.start(test_name)
  File "C:\Users\li\PycharmProjects\catalyst\software_control\software_control.py", line 631, in start
    self.click_button(self.icons_dict['start'])
  File "C:\Users\li\PycharmProjects\catalyst\software_control\software_control_base.py", line 75, in click_button
    raise SystemError(f'5 min timed out for finding {file_name_list}')
SystemError: 5 min timed out for finding ['start.png']
2026-02-14 10:57:32,843[17180] - RobotTest_AcidicPlatform - INFO - started a batch of test, with sample_rack_id : sample_id = {16: 16, 17: 17, 18: 18, 19: 19, 20: 20}
2026-02-14 10:57:38,862[17180] - OBS_Win - INFO - not in software yet
2026-02-14 10:57:39,189[17180] - OBS_Win - INFO - attempting to open OBS_Win, trial 1 in 3 times...
2026-02-14 10:57:42,776[17180] - OBS_Win - INFO - OBS_Win started
2026-02-14 10:57:42,776[17180] - RobotTest_AcidicPlatform - INFO - loading the sample from rack_id #16...
2026-02-14 10:58:25,617[17180] - RobotTest_AcidicPlatform - INFO - sample successfully loaded into the cell
2026-02-14 10:58:25,823[17180] - OBS_Win - INFO - not in software yet
2026-02-14 10:58:26,135[17180] - OBS_Win - INFO - attempting to open OBS_Win, trial 1 in 3 times...
2026-02-14 10:58:29,333[17180] - OBS_Win - INFO - not in software yet
2026-02-14 10:58:29,649[17180] - OBS_Win - INFO - attempting to open OBS_Win, trial 2 in 3 times...
2026-02-14 10:58:33,178[17180] - OBS_Win - INFO - OBS_Win stopped
2026-02-14 10:58:36,404[17180] - EC_Lab_Win11 - INFO - not in software yet
2026-02-14 10:58:36,701[17180] - EC_Lab_Win11 - INFO - attempting to open EC_Lab_Win11, trial 1 in 3 times...
2026-02-14 10:58:40,303[17180] - EC_Lab_Win11 - WARNING - cannot find ['start.png'] on screen
2026-02-14 10:58:43,492[17180] - EC_Lab_Win11 - WARNING - cannot find ['start.png'] on screen
2026-02-14 10:58:46,686[17180] - EC_Lab_Win11 - WARNING - cannot find ['start.png'] on screen
2026-02-14 10:58:49,886[17180] - EC_Lab_Win11 - WARNING - cannot find ['start.png'] on screen
2026-02-14 10:58:53,087[17180] - EC_Lab_Win11 - WARNING - cannot find ['start.png'] on screen
2026-02-14 10:58:56,291[17180] - EC_Lab_Win11 - WARNING - cannot find ['start.png'] on screen
2026-02-14 10:58:59,495[17180] - EC_Lab_Win11 - WARNING - cannot find ['start.png'] on screen
2026-02-14 10:59:02,694[17180] - EC_Lab_Win11 - WARNING - cannot find ['start.png'] on screen
2026-02-14 10:59:05,902[17180] - EC_Lab_Win11 - WARNING - cannot find ['start.png'] on screen
2026-02-14 10:59:09,102[17180] - EC_Lab_Win11 - WARNING - cannot find ['start.png'] on screen
2026-02-14 10:59:12,291[17180] - EC_Lab_Win11 - WARNING - cannot find ['start.png'] on screen
2026-02-14 10:59:15,492[17180] - EC_Lab_Win11 - WARNING - cannot find ['start.png'] on screen
2026-02-14 10:59:18,698[17180] - EC_Lab_Win11 - WARNING - cannot find ['start.png'] on screen
2026-02-14 10:59:21,896[17180] - EC_Lab_Win11 - WARNING - cannot find ['start.png'] on screen
2026-02-14 10:59:25,103[17180] - EC_Lab_Win11 - WARNING - cannot find ['start.png'] on screen
2026-02-14 10:59:28,305[17180] - EC_Lab_Win11 - WARNING - cannot find ['start.png'] on screen
2026-02-14 10:59:31,507[17180] - EC_Lab_Win11 - WARNING - cannot find ['start.png'] on screen
2026-02-14 10:59:34,696[17180] - EC_Lab_Win11 - WARNING - cannot find ['start.png'] on screen
2026-02-14 10:59:37,902[17180] - EC_Lab_Win11 - WARNING - cannot find ['start.png'] on screen
2026-02-14 10:59:41,106[17180] - EC_Lab_Win11 - WARNING - cannot find ['start.png'] on screen
2026-02-14 10:59:44,308[17180] - EC_Lab_Win11 - WARNING - cannot find ['start.png'] on screen
2026-02-14 10:59:47,514[17180] - EC_Lab_Win11 - WARNING - cannot find ['start.png'] on screen
2026-02-14 10:59:50,713[17180] - EC_Lab_Win11 - WARNING - cannot find ['start.png'] on screen
2026-02-14 10:59:53,919[17180] - EC_Lab_Win11 - WARNING - cannot find ['start.png'] on screen
2026-02-14 10:59:57,123[17180] - EC_Lab_Win11 - WARNING - cannot find ['start.png'] on screen
2026-02-14 11:00:00,334[17180] - EC_Lab_Win11 - WARNING - cannot find ['start.png'] on screen
2026-02-14 11:00:03,561[17180] - EC_Lab_Win11 - WARNING - cannot find ['start.png'] on screen
2026-02-14 11:00:06,804[17180] - EC_Lab_Win11 - WARNING - cannot find ['start.png'] on screen
2026-02-14 11:00:10,005[17180] - EC_Lab_Win11 - WARNING - cannot find ['start.png'] on screen
2026-02-14 11:00:13,204[17180] - EC_Lab_Win11 - WARNING - cannot find ['start.png'] on screen
2026-02-14 11:00:16,415[17180] - EC_Lab_Win11 - WARNING - cannot find ['start.png'] on screen
2026-02-14 11:00:19,608[17180] - EC_Lab_Win11 - WARNING - cannot find ['start.png'] on screen
2026-02-14 11:00:22,812[17180] - EC_Lab_Win11 - WARNING - cannot find ['start.png'] on screen
2026-02-14 11:00:26,020[17180] - EC_Lab_Win11 - WARNING - cannot find ['start.png'] on screen
2026-02-14 11:00:29,222[17180] - EC_Lab_Win11 - WARNING - cannot find ['start.png'] on screen
2026-02-14 11:00:32,424[17180] - EC_Lab_Win11 - WARNING - cannot find ['start.png'] on screen
2026-02-14 11:00:35,623[17180] - EC_Lab_Win11 - WARNING - cannot find ['start.png'] on screen
2026-02-14 11:00:38,830[17180] - EC_Lab_Win11 - WARNING - cannot find ['start.png'] on screen
2026-02-14 11:00:42,033[17180] - EC_Lab_Win11 - WARNING - cannot find ['start.png'] on screen
2026-02-14 11:00:45,228[17180] - EC_Lab_Win11 - WARNING - cannot find ['start.png'] on screen
2026-02-14 11:00:48,443[17180] - EC_Lab_Win11 - WARNING - cannot find ['start.png'] on screen
2026-02-14 11:00:51,642[17180] - EC_Lab_Win11 - WARNING - cannot find ['start.png'] on screen
2026-02-14 11:00:54,826[17180] - EC_Lab_Win11 - WARNING - cannot find ['start.png'] on screen
2026-02-14 11:00:58,027[17180] - EC_Lab_Win11 - WARNING - cannot find ['start.png'] on screen
2026-02-14 11:01:01,215[17180] - EC_Lab_Win11 - WARNING - cannot find ['start.png'] on screen
2026-02-14 11:01:04,419[17180] - EC_Lab_Win11 - WARNING - cannot find ['start.png'] on screen
2026-02-14 11:01:07,628[17180] - EC_Lab_Win11 - WARNING - cannot find ['start.png'] on screen
2026-02-14 11:01:10,826[17180] - EC_Lab_Win11 - WARNING - cannot find ['start.png'] on screen
2026-02-14 11:01:14,045[17180] - EC_Lab_Win11 - WARNING - cannot find ['start.png'] on screen
2026-02-14 11:01:17,253[17180] - EC_Lab_Win11 - WARNING - cannot find ['start.png'] on screen
2026-02-14 11:01:20,458[17180] - EC_Lab_Win11 - WARNING - cannot find ['start.png'] on screen
2026-02-14 11:01:23,656[17180] - EC_Lab_Win11 - WARNING - cannot find ['start.png'] on screen
2026-02-14 11:01:26,845[17180] - EC_Lab_Win11 - WARNING - cannot find ['start.png'] on screen
2026-02-14 11:01:30,051[17180] - EC_Lab_Win11 - WARNING - cannot find ['start.png'] on screen
2026-02-14 11:01:33,256[17180] - EC_Lab_Win11 - WARNING - cannot find ['start.png'] on screen
2026-02-14 11:01:36,493[17180] - EC_Lab_Win11 - WARNING - cannot find ['start.png'] on screen
2026-02-14 11:01:39,718[17180] - EC_Lab_Win11 - WARNING - cannot find ['start.png'] on screen
2026-02-14 11:01:42,930[17180] - EC_Lab_Win11 - WARNING - cannot find ['start.png'] on screen
2026-02-14 11:01:46,158[17180] - EC_Lab_Win11 - WARNING - cannot find ['start.png'] on screen
2026-02-14 11:03:16,214[14708] - RobotTest_AcidicPlatform - INFO - started a batch of test, with sample_rack_id : sample_id = {16: 16, 17: 17, 18: 18, 19: 19, 20: 20}
2026-02-14 11:03:16,218[14708] - RobotTest_AcidicPlatform - ERROR - Cannot go home, unload sample first!
Traceback (most recent call last):
  File "C:\Users\li\PycharmProjects\catalyst\robotic_testing\common\robot_test.py", line 45, in wrapper
    return func(self, *args, **kwargs)
  File "C:\Users\li\PycharmProjects\catalyst\robotic_testing\common\robot_test.py", line 182, in run
    self.robot_warming_up()
  File "C:\Users\li\PycharmProjects\catalyst\robotic_testing\common\robot_test.py", line 312, in robot_warming_up
    self.arm.home()
  File "C:\Users\li\PycharmProjects\catalyst\robotic_testing\common\robotic_arms\xarm6\xarm6.py", line 11, in home
    raise SystemError('Cannot go home, unload sample first!')
SystemError: Cannot go home, unload sample first!
2026-02-14 12:05:43,226[14708] - RobotTest_AcidicPlatform - INFO - started a batch of test, with sample_rack_id : sample_id = {16: 16, 17: 17, 18: 18, 19: 19, 20: 20}
2026-02-14 12:05:49,694[14708] - OBS_Win - INFO - OBS_Win started
2026-02-14 12:05:49,694[14708] - RobotTest_AcidicPlatform - INFO - loading the sample from rack_id #16...
2026-02-14 12:06:32,698[14708] - RobotTest_AcidicPlatform - INFO - sample successfully loaded into the cell
2026-02-14 12:06:33,407[14708] - OBS_Win - INFO - OBS_Win stopped
2026-02-14 12:06:36,672[14708] - EC_Lab_Win11 - INFO - not in software yet
2026-02-14 12:06:36,994[14708] - EC_Lab_Win11 - INFO - attempting to open EC_Lab_Win11, trial 1 in 3 times...
2026-02-14 12:06:47,413[14708] - EC_Lab_Win11 - WARNING - cannot find ['save.png'] on screen
2026-02-14 12:06:50,618[14708] - EC_Lab_Win11 - WARNING - cannot find ['save.png'] on screen
2026-02-14 12:06:53,837[14708] - EC_Lab_Win11 - WARNING - cannot find ['save.png'] on screen
2026-02-14 12:06:57,090[14708] - EC_Lab_Win11 - WARNING - cannot find ['save.png'] on screen
2026-02-14 12:07:00,289[14708] - EC_Lab_Win11 - WARNING - cannot find ['save.png'] on screen
2026-02-14 12:07:03,496[14708] - EC_Lab_Win11 - WARNING - cannot find ['save.png'] on screen
2026-02-14 12:07:06,696[14708] - EC_Lab_Win11 - WARNING - cannot find ['save.png'] on screen
2026-02-14 12:07:09,910[14708] - EC_Lab_Win11 - WARNING - cannot find ['save.png'] on screen
2026-02-14 12:07:13,117[14708] - EC_Lab_Win11 - WARNING - cannot find ['save.png'] on screen
2026-02-14 12:07:16,322[14708] - EC_Lab_Win11 - WARNING - cannot find ['save.png'] on screen
2026-02-14 12:07:19,530[14708] - EC_Lab_Win11 - WARNING - cannot find ['save.png'] on screen
2026-02-14 12:07:22,743[14708] - EC_Lab_Win11 - WARNING - cannot find ['save.png'] on screen
2026-02-14 12:09:00,895[20928] - RobotTest_AcidicPlatform - INFO - started a batch of test, with sample_rack_id : sample_id = {16: 16, 17: 17, 18: 18, 19: 19, 20: 20}
2026-02-14 12:09:12,994[20928] - OBS_Win - INFO - not in software yet
2026-02-14 12:09:13,296[20928] - OBS_Win - INFO - attempting to open OBS_Win, trial 1 in 3 times...
2026-02-14 12:09:16,821[20928] - OBS_Win - INFO - OBS_Win started
2026-02-14 12:09:16,821[20928] - RobotTest_AcidicPlatform - INFO - loading the sample from rack_id #16...
2026-02-14 12:09:59,868[20928] - RobotTest_AcidicPlatform - INFO - sample successfully loaded into the cell
2026-02-14 12:10:00,382[20928] - OBS_Win - INFO - OBS_Win stopped
2026-02-14 12:10:03,607[20928] - EC_Lab_Win11 - INFO - not in software yet
2026-02-14 12:10:03,905[20928] - EC_Lab_Win11 - INFO - attempting to open EC_Lab_Win11, trial 1 in 3 times...
2026-02-14 12:37:11,623[20928] - EC_Lab_Win11 - INFO - test is complete
2026-02-14 12:37:11,623[20928] - RobotTest_AcidicPlatform - INFO - test pH12_ZerothGen_sample#16_2026-02-14_12-09-12 finished
2026-02-14 12:37:11,823[20928] - OBS_Win - INFO - not in software yet
2026-02-14 12:37:12,138[20928] - OBS_Win - INFO - attempting to open OBS_Win, trial 1 in 3 times...
2026-02-14 12:37:15,667[20928] - OBS_Win - INFO - OBS_Win started
2026-02-14 12:37:15,667[20928] - RobotTest_AcidicPlatform - INFO - unloading the sample to rack_id #16...
2026-02-14 12:38:16,132[20928] - RobotTest_AcidicPlatform - INFO - sample successfully unloaded from the cell
2026-02-14 12:38:19,702[20928] - OBS_Win - INFO - OBS_Win stopped
2026-02-14 12:38:20,123[20928] - OBS_Win - WARNING - cannot find ['OBS_start_record.png'] on screen
2026-02-14 12:38:23,440[20928] - OBS_Win - INFO - OBS_Win started
2026-02-14 12:38:23,440[20928] - RobotTest_AcidicPlatform - INFO - loading the sample from rack_id #17...
2026-02-14 12:39:02,679[20928] - RobotTest_AcidicPlatform - INFO - sample successfully loaded into the cell
2026-02-14 12:39:03,213[20928] - OBS_Win - INFO - OBS_Win stopped
2026-02-14 12:39:06,429[20928] - EC_Lab_Win11 - INFO - not in software yet
2026-02-14 12:39:06,737[20928] - EC_Lab_Win11 - INFO - attempting to open EC_Lab_Win11, trial 1 in 3 times...
2026-02-14 12:55:34,714[20928] - EC_Lab_Win11 - INFO - not in software yet
2026-02-14 12:55:35,030[20928] - EC_Lab_Win11 - INFO - attempting to open EC_Lab_Win11, trial 1 in 3 times...
2026-02-14 13:06:17,921[20928] - EC_Lab_Win11 - INFO - test is complete
2026-02-14 13:06:17,921[20928] - RobotTest_AcidicPlatform - INFO - test pH12_ZerothGen_sample#17_2026-02-14_12-38-19 finished
2026-02-14 13:06:18,107[20928] - OBS_Win - INFO - not in software yet
2026-02-14 13:06:18,419[20928] - OBS_Win - INFO - attempting to open OBS_Win, trial 1 in 3 times...
2026-02-14 13:06:21,944[20928] - OBS_Win - INFO - OBS_Win started
2026-02-14 13:06:21,944[20928] - RobotTest_AcidicPlatform - INFO - unloading the sample to rack_id #17...
2026-02-14 13:07:22,934[20928] - RobotTest_AcidicPlatform - INFO - sample successfully unloaded from the cell
2026-02-14 13:07:26,504[20928] - OBS_Win - INFO - OBS_Win stopped
2026-02-14 13:07:26,912[20928] - OBS_Win - WARNING - cannot find ['OBS_start_record.png'] on screen
2026-02-14 13:07:30,241[20928] - OBS_Win - INFO - OBS_Win started
2026-02-14 13:07:30,241[20928] - RobotTest_AcidicPlatform - INFO - loading the sample from rack_id #18...
2026-02-14 13:08:09,978[20928] - RobotTest_AcidicPlatform - INFO - sample successfully loaded into the cell
2026-02-14 13:08:10,524[20928] - OBS_Win - INFO - OBS_Win stopped
2026-02-14 13:08:13,761[20928] - EC_Lab_Win11 - INFO - not in software yet
2026-02-14 13:08:14,072[20928] - EC_Lab_Win11 - INFO - attempting to open EC_Lab_Win11, trial 1 in 3 times...
2026-02-14 13:09:00,151[20928] - EC_Lab_Win11 - INFO - test is complete
2026-02-14 13:09:00,152[20928] - RobotTest_AcidicPlatform - INFO - test pH12_ZerothGen_sample#18_2026-02-14_13-07-26 finished
2026-02-14 13:09:00,339[20928] - OBS_Win - INFO - not in software yet
2026-02-14 13:09:00,664[20928] - OBS_Win - INFO - attempting to open OBS_Win, trial 1 in 3 times...
2026-02-14 13:09:04,198[20928] - OBS_Win - INFO - OBS_Win started
2026-02-14 13:09:04,198[20928] - RobotTest_AcidicPlatform - INFO - unloading the sample to rack_id #18...
2026-02-14 13:10:05,625[20928] - RobotTest_AcidicPlatform - INFO - sample successfully unloaded from the cell
2026-02-14 13:10:09,151[20928] - OBS_Win - INFO - OBS_Win stopped
2026-02-14 13:10:09,557[20928] - OBS_Win - WARNING - cannot find ['OBS_start_record.png'] on screen
2026-02-14 13:10:12,880[20928] - OBS_Win - INFO - OBS_Win started
2026-02-14 13:10:12,880[20928] - RobotTest_AcidicPlatform - INFO - loading the sample from rack_id #19...
2026-02-14 13:10:52,863[20928] - RobotTest_AcidicPlatform - INFO - sample successfully loaded into the cell
2026-02-14 13:10:53,399[20928] - OBS_Win - INFO - OBS_Win stopped
2026-02-14 13:10:56,639[20928] - EC_Lab_Win11 - INFO - not in software yet
2026-02-14 13:10:56,946[20928] - EC_Lab_Win11 - INFO - attempting to open EC_Lab_Win11, trial 1 in 3 times...
2026-02-14 13:11:43,017[20928] - EC_Lab_Win11 - INFO - test is complete
2026-02-14 13:11:43,017[20928] - RobotTest_AcidicPlatform - INFO - test pH12_ZerothGen_sample#19_2026-02-14_13-10-09 finished
2026-02-14 13:11:43,216[20928] - OBS_Win - INFO - not in software yet
2026-02-14 13:11:43,513[20928] - OBS_Win - INFO - attempting to open OBS_Win, trial 1 in 3 times...
2026-02-14 13:11:47,048[20928] - OBS_Win - INFO - OBS_Win started
2026-02-14 13:11:47,048[20928] - RobotTest_AcidicPlatform - INFO - unloading the sample to rack_id #19...
2026-02-14 13:12:48,751[20928] - RobotTest_AcidicPlatform - INFO - sample successfully unloaded from the cell
2026-02-14 13:12:52,332[20928] - OBS_Win - INFO - OBS_Win stopped
2026-02-14 13:12:52,755[20928] - OBS_Win - WARNING - cannot find ['OBS_start_record.png'] on screen
2026-02-14 13:12:56,076[20928] - OBS_Win - INFO - OBS_Win started
2026-02-14 13:12:56,076[20928] - RobotTest_AcidicPlatform - INFO - loading the sample from rack_id #20...
2026-02-14 13:13:36,606[20928] - RobotTest_AcidicPlatform - INFO - sample successfully loaded into the cell
2026-02-14 13:13:37,124[20928] - OBS_Win - INFO - OBS_Win stopped
2026-02-14 13:13:40,363[20928] - EC_Lab_Win11 - INFO - not in software yet
2026-02-14 13:13:40,655[20928] - EC_Lab_Win11 - INFO - attempting to open EC_Lab_Win11, trial 1 in 3 times...
2026-02-14 13:14:26,774[20928] - EC_Lab_Win11 - INFO - test is complete
2026-02-14 13:14:26,775[20928] - RobotTest_AcidicPlatform - INFO - test pH12_ZerothGen_sample#20_2026-02-14_13-12-52 finished
2026-02-14 13:14:26,964[20928] - OBS_Win - INFO - not in software yet
2026-02-14 13:14:27,270[20928] - OBS_Win - INFO - attempting to open OBS_Win, trial 1 in 3 times...
2026-02-14 13:14:30,801[20928] - OBS_Win - INFO - OBS_Win started
2026-02-14 13:14:30,801[20928] - RobotTest_AcidicPlatform - INFO - unloading the sample to rack_id #20...
2026-02-14 13:15:32,860[20928] - RobotTest_AcidicPlatform - INFO - sample successfully unloaded from the cell
2026-02-14 13:15:36,424[20928] - OBS_Win - INFO - OBS_Win stopped
2026-02-15 00:14:21,941[20928] - RobotTest_AcidicPlatform - INFO - started a batch of test, with sample_rack_id : sample_id = {16: 16, 17: 17, 18: 18, 19: 19, 20: 20}
2026-02-15 00:14:21,941[20928] - RobotTest_AcidicPlatform - INFO - started a batch of test, with sample_rack_id : sample_id = {16: 16, 17: 17, 18: 18, 19: 19, 20: 20}
2026-02-15 00:14:27,968[20928] - OBS_Win - INFO - not in software yet
2026-02-15 00:14:27,968[20928] - OBS_Win - INFO - not in software yet
2026-02-15 00:14:28,278[20928] - OBS_Win - INFO - attempting to open OBS_Win, trial 1 in 3 times...
2026-02-15 00:14:28,278[20928] - OBS_Win - INFO - attempting to open OBS_Win, trial 1 in 3 times...
2026-02-15 00:14:31,482[20928] - OBS_Win - INFO - not in software yet
2026-02-15 00:14:31,482[20928] - OBS_Win - INFO - not in software yet
2026-02-15 00:14:31,788[20928] - OBS_Win - INFO - attempting to open OBS_Win, trial 2 in 3 times...
2026-02-15 00:14:31,788[20928] - OBS_Win - INFO - attempting to open OBS_Win, trial 2 in 3 times...
2026-02-15 00:14:35,351[20928] - OBS_Win - INFO - OBS_Win started
2026-02-15 00:14:35,351[20928] - OBS_Win - INFO - OBS_Win started
2026-02-15 00:14:35,351[20928] - RobotTest_AcidicPlatform - INFO - loading the sample from rack_id #16...
2026-02-15 00:14:35,351[20928] - RobotTest_AcidicPlatform - INFO - loading the sample from rack_id #16...
2026-03-05 07:49:19,195[18720] - RobotTest_AcidicPlatform - INFO - started a batch of test, with sample_rack_id : sample_id = {1: 1, 2: 2, 3: 3, 4: 4, 5: 5, 6: 6, 7: 7, 8: 8, 9: 9, 10: 10, 11: 11, 12: 12, 13: 13, 14: 14, 15: 15, 16: 16, 17: 17, 18: 18, 19: 19, 20: 20}
2026-03-05 07:49:25,212[18720] - OBS_Win - INFO - not in software yet
2026-03-05 07:49:25,547[18720] - OBS_Win - INFO - attempting to open OBS_Win, trial 1 in 3 times...
2026-03-05 07:49:29,087[18720] - OBS_Win - INFO - OBS_Win started
2026-03-05 07:49:29,087[18720] - RobotTest_AcidicPlatform - INFO - loading the sample from rack_id #1...
2026-03-05 07:50:08,173[18720] - RobotTest_AcidicPlatform - INFO - sample successfully loaded into the cell
2026-03-05 07:50:08,740[18720] - OBS_Win - INFO - OBS_Win stopped
2026-03-05 07:50:11,980[18720] - EC_Lab_Win11 - INFO - not in software yet
2026-03-05 07:50:12,290[18720] - EC_Lab_Win11 - INFO - attempting to open EC_Lab_Win11, trial 1 in 3 times...
2026-03-05 07:50:46,733[18720] - EC_Lab_Win11 - INFO - not in software yet
2026-03-05 07:50:47,056[18720] - EC_Lab_Win11 - INFO - attempting to open EC_Lab_Win11, trial 1 in 3 times...
2026-03-05 07:50:50,282[18720] - EC_Lab_Win11 - INFO - not in software yet
2026-03-05 07:50:50,612[18720] - EC_Lab_Win11 - INFO - attempting to open EC_Lab_Win11, trial 2 in 3 times...
2026-03-05 07:51:26,698[18720] - RobotTest_AcidicPlatform - INFO - human operating, fail to detect...
2026-03-05 07:51:36,710[18720] - RobotTest_AcidicPlatform - INFO - human operating, fail to detect...
2026-03-05 07:51:46,716[18720] - RobotTest_AcidicPlatform - INFO - human operating, fail to detect...
2026-03-05 07:51:56,720[18720] - RobotTest_AcidicPlatform - INFO - human operating, fail to detect...
2026-03-05 07:52:06,729[18720] - RobotTest_AcidicPlatform - INFO - human operating, fail to detect...
2026-03-05 07:52:16,742[18720] - RobotTest_AcidicPlatform - INFO - human operating, fail to detect...
2026-03-05 07:54:16,279[5800] - RobotTest_AcidicPlatform - INFO - started a batch of test, with sample_rack_id : sample_id = {1: 1, 2: 2, 3: 3, 4: 4, 5: 5, 6: 6, 7: 7, 8: 8, 9: 9, 10: 10, 11: 11, 12: 12, 13: 13, 14: 14, 15: 15, 16: 16, 17: 17, 18: 18, 19: 19, 20: 20}
2026-03-05 07:54:30,910[5800] - OBS_Win - INFO - not in software yet
2026-03-05 07:54:31,218[5800] - OBS_Win - INFO - attempting to open OBS_Win, trial 1 in 3 times...
2026-03-05 07:54:34,776[5800] - OBS_Win - INFO - OBS_Win started
2026-03-05 07:54:34,776[5800] - RobotTest_AcidicPlatform - INFO - loading the sample from rack_id #1...
2026-03-05 07:55:13,826[5800] - RobotTest_AcidicPlatform - INFO - sample successfully loaded into the cell
2026-03-05 07:55:14,421[5800] - OBS_Win - INFO - OBS_Win stopped
2026-03-05 07:55:17,647[5800] - EC_Lab_Win11 - INFO - not in software yet
2026-03-05 07:55:17,962[5800] - EC_Lab_Win11 - INFO - attempting to open EC_Lab_Win11, trial 1 in 3 times...
2026-03-05 08:02:46,159[5800] - RobotTest_AcidicPlatform - INFO - human operating, fail to detect...
2026-03-05 08:02:56,173[5800] - RobotTest_AcidicPlatform - INFO - human operating, fail to detect...
2026-03-05 08:06:50,503[5800] - RobotTest_AcidicPlatform - INFO - human operating, fail to detect...
2026-03-05 08:19:10,368[5800] - EC_Lab_Win11 - INFO - test is complete
2026-03-05 08:19:10,369[5800] - RobotTest_AcidicPlatform - INFO - test pH12_ZerothGen_sample#1_2026-03-05_07-54-30 finished
2026-03-05 08:19:10,560[5800] - OBS_Win - INFO - not in software yet
2026-03-05 08:19:10,870[5800] - OBS_Win - INFO - attempting to open OBS_Win, trial 1 in 3 times...
2026-03-05 08:19:14,394[5800] - OBS_Win - INFO - OBS_Win started
2026-03-05 08:19:14,394[5800] - RobotTest_AcidicPlatform - INFO - unloading the sample to rack_id #1...
2026-03-05 08:20:13,201[5800] - RobotTest_AcidicPlatform - INFO - sample successfully unloaded from the cell
2026-03-05 08:20:16,764[5800] - OBS_Win - INFO - OBS_Win stopped
2026-03-05 08:20:17,176[5800] - OBS_Win - WARNING - cannot find ['OBS_start_record.png'] on screen
2026-03-05 08:20:20,506[5800] - OBS_Win - INFO - OBS_Win started
2026-03-05 08:20:20,506[5800] - RobotTest_AcidicPlatform - INFO - loading the sample from rack_id #2...
2026-03-05 08:20:53,157[5800] - RobotTest_AcidicPlatform - INFO - sample successfully loaded into the cell
2026-03-05 08:20:53,676[5800] - OBS_Win - INFO - OBS_Win stopped
2026-03-05 08:20:56,915[5800] - EC_Lab_Win11 - INFO - not in software yet
2026-03-05 08:20:57,225[5800] - EC_Lab_Win11 - INFO - attempting to open EC_Lab_Win11, trial 1 in 3 times...
2026-03-05 08:34:58,305[5800] - EC_Lab_Win11 - INFO - not in software yet
2026-03-05 08:34:58,646[5800] - EC_Lab_Win11 - INFO - attempting to open EC_Lab_Win11, trial 1 in 3 times...
2026-03-05 08:35:01,929[5800] - EC_Lab_Win11 - INFO - not in software yet
2026-03-05 08:35:02,290[5800] - EC_Lab_Win11 - INFO - attempting to open EC_Lab_Win11, trial 2 in 3 times...
2026-03-05 08:35:15,922[5800] - RobotTest_AcidicPlatform - INFO - human operating, fail to detect...
2026-03-05 08:35:25,929[5800] - RobotTest_AcidicPlatform - INFO - human operating, fail to detect...
2026-03-05 08:35:36,864[5800] - EC_Lab_Win11 - INFO - not in software yet
2026-03-05 08:35:37,226[5800] - EC_Lab_Win11 - INFO - attempting to open EC_Lab_Win11, trial 1 in 3 times...
2026-03-05 08:45:01,618[5800] - EC_Lab_Win11 - INFO - test is complete
2026-03-05 08:45:01,618[5800] - RobotTest_AcidicPlatform - INFO - test pH12_ZerothGen_sample#2_2026-03-05_08-20-16 finished
2026-03-05 08:45:01,808[5800] - OBS_Win - INFO - not in software yet
2026-03-05 08:45:02,110[5800] - OBS_Win - INFO - attempting to open OBS_Win, trial 1 in 3 times...
2026-03-05 08:45:05,767[5800] - OBS_Win - INFO - OBS_Win started
2026-03-05 08:45:05,767[5800] - RobotTest_AcidicPlatform - INFO - unloading the sample to rack_id #2...
2026-03-05 08:46:04,224[5800] - RobotTest_AcidicPlatform - INFO - sample successfully unloaded from the cell
2026-03-05 08:46:07,952[5800] - OBS_Win - INFO - OBS_Win stopped
2026-03-05 08:46:08,480[5800] - OBS_Win - WARNING - cannot find ['OBS_start_record.png'] on screen
2026-03-05 08:46:11,867[5800] - OBS_Win - INFO - OBS_Win started
2026-03-05 08:46:11,867[5800] - RobotTest_AcidicPlatform - INFO - loading the sample from rack_id #3...
2026-03-05 08:46:45,304[5800] - RobotTest_AcidicPlatform - INFO - sample successfully loaded into the cell
2026-03-05 08:46:45,948[5800] - OBS_Win - INFO - OBS_Win stopped
2026-03-05 08:46:49,211[5800] - EC_Lab_Win11 - INFO - not in software yet
2026-03-05 08:46:49,561[5800] - EC_Lab_Win11 - INFO - attempting to open EC_Lab_Win11, trial 1 in 3 times...
2026-03-05 09:10:56,815[5800] - EC_Lab_Win11 - INFO - test is complete
2026-03-05 09:10:56,815[5800] - RobotTest_AcidicPlatform - INFO - test pH12_ZerothGen_sample#3_2026-03-05_08-46-07 finished
2026-03-05 09:10:57,010[5800] - OBS_Win - INFO - not in software yet
2026-03-05 09:10:57,315[5800] - OBS_Win - INFO - attempting to open OBS_Win, trial 1 in 3 times...
2026-03-05 09:11:00,960[5800] - OBS_Win - INFO - OBS_Win started
2026-03-05 09:11:00,960[5800] - RobotTest_AcidicPlatform - INFO - unloading the sample to rack_id #3...
2026-03-05 09:11:58,958[5800] - RobotTest_AcidicPlatform - INFO - sample successfully unloaded from the cell
2026-03-05 09:12:02,632[5800] - OBS_Win - INFO - OBS_Win stopped
2026-03-05 09:12:03,266[5800] - OBS_Win - INFO - OBS_Win started
2026-03-05 09:12:03,266[5800] - RobotTest_AcidicPlatform - INFO - loading the sample from rack_id #4...
2026-03-05 09:12:36,793[5800] - RobotTest_AcidicPlatform - INFO - sample successfully loaded into the cell
2026-03-05 09:12:37,395[5800] - OBS_Win - INFO - OBS_Win stopped
2026-03-05 09:12:40,657[5800] - EC_Lab_Win11 - INFO - not in software yet
2026-03-05 09:12:40,984[5800] - EC_Lab_Win11 - INFO - attempting to open EC_Lab_Win11, trial 1 in 3 times...
2026-03-05 09:36:48,150[5800] - EC_Lab_Win11 - INFO - test is complete
2026-03-05 09:36:48,151[5800] - RobotTest_AcidicPlatform - INFO - test pH12_ZerothGen_sample#4_2026-03-05_09-12-02 finished
2026-03-05 09:36:48,351[5800] - OBS_Win - INFO - not in software yet
2026-03-05 09:36:48,679[5800] - OBS_Win - INFO - attempting to open OBS_Win, trial 1 in 3 times...
2026-03-05 09:36:52,277[5800] - OBS_Win - INFO - OBS_Win started
2026-03-05 09:36:52,277[5800] - RobotTest_AcidicPlatform - INFO - unloading the sample to rack_id #4...
2026-03-05 09:37:49,794[5800] - RobotTest_AcidicPlatform - INFO - sample successfully unloaded from the cell
2026-03-05 09:37:53,472[5800] - OBS_Win - INFO - OBS_Win stopped
2026-03-05 09:37:53,950[5800] - OBS_Win - WARNING - cannot find ['OBS_start_record.png'] on screen
2026-03-05 09:37:57,320[5800] - OBS_Win - INFO - OBS_Win started
2026-03-05 09:37:57,320[5800] - RobotTest_AcidicPlatform - INFO - loading the sample from rack_id #5...
2026-03-05 09:38:31,248[5800] - RobotTest_AcidicPlatform - INFO - sample successfully loaded into the cell
2026-03-05 09:38:31,880[5800] - OBS_Win - INFO - OBS_Win stopped
2026-03-05 09:38:35,133[5800] - EC_Lab_Win11 - INFO - not in software yet
2026-03-05 09:38:35,460[5800] - EC_Lab_Win11 - INFO - attempting to open EC_Lab_Win11, trial 1 in 3 times...
2026-03-05 09:42:53,154[5800] - RobotTest_AcidicPlatform - INFO - human operating, fail to detect...
2026-03-05 09:43:03,161[5800] - RobotTest_AcidicPlatform - INFO - human operating, fail to detect...
2026-03-05 09:43:13,169[5800] - RobotTest_AcidicPlatform - INFO - human operating, fail to detect...
2026-03-05 09:43:23,178[5800] - RobotTest_AcidicPlatform - INFO - human operating, fail to detect...
2026-03-05 10:02:48,602[5800] - EC_Lab_Win11 - INFO - test is complete
2026-03-05 10:02:48,602[5800] - RobotTest_AcidicPlatform - INFO - test pH12_ZerothGen_sample#5_2026-03-05_09-37-53 finished
2026-03-05 10:02:48,793[5800] - OBS_Win - INFO - not in software yet
2026-03-05 10:02:49,093[5800] - OBS_Win - INFO - attempting to open OBS_Win, trial 1 in 3 times...
2026-03-05 10:02:52,682[5800] - OBS_Win - INFO - OBS_Win started
2026-03-05 10:02:52,682[5800] - RobotTest_AcidicPlatform - INFO - unloading the sample to rack_id #5...
2026-03-05 10:03:49,832[5800] - RobotTest_AcidicPlatform - INFO - sample successfully unloaded from the cell
2026-03-05 10:03:53,520[5800] - OBS_Win - INFO - OBS_Win stopped
2026-03-05 10:03:54,029[5800] - OBS_Win - WARNING - cannot find ['OBS_start_record.png'] on screen
2026-03-05 10:03:57,391[5800] - OBS_Win - INFO - OBS_Win started
2026-03-05 10:03:57,392[5800] - RobotTest_AcidicPlatform - INFO - loading the sample from rack_id #6...
2026-03-05 10:04:31,778[5800] - RobotTest_AcidicPlatform - INFO - sample successfully loaded into the cell
2026-03-05 10:04:32,412[5800] - OBS_Win - INFO - OBS_Win stopped
2026-03-05 10:04:35,685[5800] - EC_Lab_Win11 - INFO - not in software yet
2026-03-05 10:04:36,017[5800] - EC_Lab_Win11 - INFO - attempting to open EC_Lab_Win11, trial 1 in 3 times...
2026-03-05 10:28:42,555[5800] - EC_Lab_Win11 - INFO - test is complete
2026-03-05 10:28:42,555[5800] - RobotTest_AcidicPlatform - INFO - test pH12_ZerothGen_sample#6_2026-03-05_10-03-53 finished
2026-03-05 10:28:42,754[5800] - OBS_Win - INFO - not in software yet
2026-03-05 10:28:43,074[5800] - OBS_Win - INFO - attempting to open OBS_Win, trial 1 in 3 times...
2026-03-05 10:28:46,666[5800] - OBS_Win - INFO - OBS_Win started
2026-03-05 10:28:46,666[5800] - RobotTest_AcidicPlatform - INFO - unloading the sample to rack_id #6...
2026-03-05 10:29:43,344[5800] - RobotTest_AcidicPlatform - INFO - sample successfully unloaded from the cell
2026-03-05 10:29:46,979[5800] - OBS_Win - INFO - OBS_Win stopped
2026-03-05 10:29:47,460[5800] - OBS_Win - WARNING - cannot find ['OBS_start_record.png'] on screen
2026-03-05 10:29:50,808[5800] - OBS_Win - INFO - OBS_Win started
2026-03-05 10:29:50,808[5800] - RobotTest_AcidicPlatform - INFO - loading the sample from rack_id #7...
2026-03-05 10:30:25,518[5800] - RobotTest_AcidicPlatform - INFO - sample successfully loaded into the cell
2026-03-05 10:30:26,130[5800] - OBS_Win - INFO - OBS_Win stopped
2026-03-05 10:30:29,384[5800] - EC_Lab_Win11 - INFO - not in software yet
2026-03-05 10:30:29,717[5800] - EC_Lab_Win11 - INFO - attempting to open EC_Lab_Win11, trial 1 in 3 times...
2026-03-05 10:36:17,116[5800] - RobotTest_AcidicPlatform - INFO - human operating, fail to detect...
2026-03-05 10:36:27,117[5800] - RobotTest_AcidicPlatform - INFO - human operating, fail to detect...
2026-03-05 10:36:38,081[5800] - EC_Lab_Win11 - INFO - not in software yet
2026-03-05 10:36:38,430[5800] - EC_Lab_Win11 - INFO - attempting to open EC_Lab_Win11, trial 1 in 3 times...
2026-03-05 10:54:37,733[5800] - EC_Lab_Win11 - INFO - test is complete
2026-03-05 10:54:37,733[5800] - RobotTest_AcidicPlatform - INFO - test pH12_ZerothGen_sample#7_2026-03-05_10-29-46 finished
2026-03-05 10:54:37,919[5800] - OBS_Win - INFO - not in software yet
2026-03-05 10:54:38,216[5800] - OBS_Win - INFO - attempting to open OBS_Win, trial 1 in 3 times...
2026-03-05 10:54:41,824[5800] - OBS_Win - INFO - OBS_Win started
2026-03-05 10:54:41,824[5800] - RobotTest_AcidicPlatform - INFO - unloading the sample to rack_id #7...
2026-03-05 10:55:38,338[5800] - RobotTest_AcidicPlatform - INFO - sample successfully unloaded from the cell
2026-03-05 10:55:41,998[5800] - OBS_Win - INFO - OBS_Win stopped
2026-03-05 10:55:42,525[5800] - OBS_Win - WARNING - cannot find ['OBS_start_record.png'] on screen
2026-03-05 10:55:45,886[5800] - OBS_Win - INFO - OBS_Win started
2026-03-05 10:55:45,886[5800] - RobotTest_AcidicPlatform - INFO - loading the sample from rack_id #8...
2026-03-05 10:56:20,963[5800] - RobotTest_AcidicPlatform - INFO - sample successfully loaded into the cell
2026-03-05 10:56:21,595[5800] - OBS_Win - INFO - OBS_Win stopped
2026-03-05 10:56:24,864[5800] - EC_Lab_Win11 - INFO - not in software yet
2026-03-05 10:56:25,209[5800] - EC_Lab_Win11 - INFO - attempting to open EC_Lab_Win11, trial 1 in 3 times...
2026-03-05 11:20:32,099[5800] - EC_Lab_Win11 - INFO - test is complete
2026-03-05 11:20:32,099[5800] - RobotTest_AcidicPlatform - INFO - test pH12_ZerothGen_sample#8_2026-03-05_10-55-41 finished
2026-03-05 11:20:32,285[5800] - OBS_Win - INFO - not in software yet
2026-03-05 11:20:32,587[5800] - OBS_Win - INFO - attempting to open OBS_Win, trial 1 in 3 times...
2026-03-05 11:20:36,141[5800] - OBS_Win - INFO - OBS_Win started
2026-03-05 11:20:36,141[5800] - RobotTest_AcidicPlatform - INFO - unloading the sample to rack_id #8...
2026-03-05 11:21:33,211[5800] - RobotTest_AcidicPlatform - INFO - sample successfully unloaded from the cell
2026-03-05 11:21:36,831[5800] - OBS_Win - INFO - OBS_Win stopped
2026-03-05 11:21:37,326[5800] - OBS_Win - WARNING - cannot find ['OBS_start_record.png'] on screen
2026-03-05 11:21:40,683[5800] - OBS_Win - INFO - OBS_Win started
2026-03-05 11:21:40,684[5800] - RobotTest_AcidicPlatform - INFO - loading the sample from rack_id #9...
2026-03-05 11:22:16,116[5800] - RobotTest_AcidicPlatform - INFO - sample successfully loaded into the cell
2026-03-05 11:22:16,717[5800] - OBS_Win - INFO - OBS_Win stopped
2026-03-05 11:22:19,979[5800] - EC_Lab_Win11 - INFO - not in software yet
2026-03-05 11:22:20,325[5800] - EC_Lab_Win11 - INFO - attempting to open EC_Lab_Win11, trial 1 in 3 times...
2026-03-05 11:46:27,174[5800] - EC_Lab_Win11 - INFO - test is complete
2026-03-05 11:46:27,175[5800] - RobotTest_AcidicPlatform - INFO - test pH12_ZerothGen_sample#9_2026-03-05_11-21-36 finished
2026-03-05 11:46:27,372[5800] - OBS_Win - INFO - not in software yet
2026-03-05 11:46:27,690[5800] - OBS_Win - INFO - attempting to open OBS_Win, trial 1 in 3 times...
2026-03-05 11:46:31,286[5800] - OBS_Win - INFO - OBS_Win started
2026-03-05 11:46:31,286[5800] - RobotTest_AcidicPlatform - INFO - unloading the sample to rack_id #9...
2026-03-05 11:47:28,902[5800] - RobotTest_AcidicPlatform - INFO - sample successfully unloaded from the cell
2026-03-05 11:47:32,523[5800] - OBS_Win - INFO - OBS_Win stopped
2026-03-05 11:47:33,039[5800] - OBS_Win - WARNING - cannot find ['OBS_start_record.png'] on screen
2026-03-05 11:47:36,385[5800] - OBS_Win - INFO - OBS_Win started
2026-03-05 11:47:36,386[5800] - RobotTest_AcidicPlatform - INFO - loading the sample from rack_id #10...
2026-03-05 11:48:12,631[5800] - RobotTest_AcidicPlatform - INFO - sample successfully loaded into the cell
2026-03-05 11:48:13,261[5800] - OBS_Win - INFO - OBS_Win stopped
2026-03-05 11:48:16,527[5800] - EC_Lab_Win11 - INFO - not in software yet
2026-03-05 11:48:16,855[5800] - EC_Lab_Win11 - INFO - attempting to open EC_Lab_Win11, trial 1 in 3 times...
2026-03-05 12:09:01,167[5800] - RobotTest_AcidicPlatform - INFO - human operating, fail to detect...
2026-03-05 12:09:11,177[5800] - RobotTest_AcidicPlatform - INFO - human operating, fail to detect...
2026-03-05 12:09:22,013[5800] - EC_Lab_Win11 - INFO - not in software yet
2026-03-05 12:09:22,327[5800] - EC_Lab_Win11 - INFO - attempting to open EC_Lab_Win11, trial 1 in 3 times...
2026-03-05 12:09:25,560[5800] - EC_Lab_Win11 - INFO - not in software yet
2026-03-05 12:09:25,876[5800] - EC_Lab_Win11 - INFO - attempting to open EC_Lab_Win11, trial 2 in 3 times...
2026-03-05 12:12:17,513[5800] - EC_Lab_Win11 - INFO - test is complete
2026-03-05 12:12:17,513[5800] - RobotTest_AcidicPlatform - INFO - test pH12_ZerothGen_sample#10_2026-03-05_11-47-32 finished
2026-03-05 12:12:17,697[5800] - OBS_Win - INFO - not in software yet
2026-03-05 12:12:17,990[5800] - OBS_Win - INFO - attempting to open OBS_Win, trial 1 in 3 times...
2026-03-05 12:12:21,509[5800] - OBS_Win - INFO - OBS_Win started
2026-03-05 12:12:21,509[5800] - RobotTest_AcidicPlatform - INFO - unloading the sample to rack_id #10...
2026-03-05 12:13:19,449[5800] - RobotTest_AcidicPlatform - INFO - sample successfully unloaded from the cell
2026-03-05 12:13:22,992[5800] - OBS_Win - INFO - OBS_Win stopped
2026-03-05 12:13:23,419[5800] - OBS_Win - WARNING - cannot find ['OBS_start_record.png'] on screen
2026-03-05 12:13:26,737[5800] - OBS_Win - INFO - OBS_Win started
2026-03-05 12:13:26,737[5800] - RobotTest_AcidicPlatform - INFO - loading the sample from rack_id #11...
2026-03-05 12:14:03,327[5800] - RobotTest_AcidicPlatform - INFO - sample successfully loaded into the cell
2026-03-05 12:14:03,863[5800] - OBS_Win - INFO - OBS_Win stopped
2026-03-05 12:14:07,087[5800] - EC_Lab_Win11 - INFO - not in software yet
2026-03-05 12:14:07,390[5800] - EC_Lab_Win11 - INFO - attempting to open EC_Lab_Win11, trial 1 in 3 times...
2026-03-05 12:38:13,860[5800] - EC_Lab_Win11 - INFO - test is complete
2026-03-05 12:38:13,860[5800] - RobotTest_AcidicPlatform - INFO - test pH12_ZerothGen_sample#11_2026-03-05_12-13-22 finished
2026-03-05 12:38:14,048[5800] - OBS_Win - INFO - not in software yet
2026-03-05 12:38:14,342[5800] - OBS_Win - INFO - attempting to open OBS_Win, trial 1 in 3 times...
2026-03-05 12:38:17,882[5800] - OBS_Win - INFO - OBS_Win started
2026-03-05 12:38:17,883[5800] - RobotTest_AcidicPlatform - INFO - unloading the sample to rack_id #11...
2026-03-05 12:39:16,013[5800] - RobotTest_AcidicPlatform - INFO - sample successfully unloaded from the cell
2026-03-05 12:39:19,570[5800] - OBS_Win - INFO - OBS_Win stopped
2026-03-05 12:39:19,988[5800] - OBS_Win - WARNING - cannot find ['OBS_start_record.png'] on screen
2026-03-05 12:39:23,329[5800] - OBS_Win - INFO - OBS_Win started
2026-03-05 12:39:23,329[5800] - RobotTest_AcidicPlatform - INFO - loading the sample from rack_id #12...
2026-03-05 12:40:00,244[5800] - RobotTest_AcidicPlatform - INFO - sample successfully loaded into the cell
2026-03-05 12:40:00,765[5800] - OBS_Win - INFO - OBS_Win stopped
2026-03-05 12:40:03,994[5800] - EC_Lab_Win11 - INFO - not in software yet
2026-03-05 12:40:04,309[5800] - EC_Lab_Win11 - INFO - attempting to open EC_Lab_Win11, trial 1 in 3 times...
2026-03-05 12:50:09,289[5800] - RobotTest_AcidicPlatform - INFO - human operating, fail to detect...
2026-03-05 12:50:19,301[5800] - RobotTest_AcidicPlatform - INFO - human operating, fail to detect...
2026-03-05 12:56:50,705[5800] - RobotTest_AcidicPlatform - INFO - human operating, fail to detect...
2026-03-05 12:57:00,713[5800] - RobotTest_AcidicPlatform - INFO - human operating, fail to detect...
2026-03-05 12:57:21,939[5800] - RobotTest_AcidicPlatform - INFO - human operating, fail to detect...
2026-03-05 12:57:31,949[5800] - RobotTest_AcidicPlatform - INFO - human operating, fail to detect...
2026-03-05 12:57:42,885[5800] - EC_Lab_Win11 - INFO - not in software yet
2026-03-05 12:57:43,229[5800] - EC_Lab_Win11 - INFO - attempting to open EC_Lab_Win11, trial 1 in 3 times...
2026-03-05 13:00:45,030[5800] - RobotTest_AcidicPlatform - INFO - human operating, fail to detect...
2026-03-05 13:04:18,177[5800] - EC_Lab_Win11 - INFO - test is complete
2026-03-05 13:04:18,177[5800] - RobotTest_AcidicPlatform - INFO - test pH12_ZerothGen_sample#12_2026-03-05_12-39-19 finished
2026-03-05 13:04:18,380[5800] - OBS_Win - INFO - not in software yet
2026-03-05 13:04:18,695[5800] - OBS_Win - INFO - attempting to open OBS_Win, trial 1 in 3 times...
2026-03-05 13:04:22,276[5800] - OBS_Win - INFO - OBS_Win started
2026-03-05 13:04:22,276[5800] - RobotTest_AcidicPlatform - INFO - unloading the sample to rack_id #12...
2026-03-05 13:05:21,141[5800] - RobotTest_AcidicPlatform - INFO - sample successfully unloaded from the cell
2026-03-05 13:05:24,808[5800] - OBS_Win - INFO - OBS_Win stopped
2026-03-05 13:05:25,290[5800] - OBS_Win - WARNING - cannot find ['OBS_start_record.png'] on screen
2026-03-05 13:05:28,633[5800] - OBS_Win - INFO - OBS_Win started
2026-03-05 13:05:28,633[5800] - RobotTest_AcidicPlatform - INFO - loading the sample from rack_id #13...
2026-03-05 13:29:51,492[18916] - RobotTest_AcidicPlatform - INFO - started a batch of test, with sample_rack_id : sample_id = {13: 13, 14: 14, 15: 15, 16: 16, 17: 17, 18: 18, 19: 19, 20: 20}
2026-03-05 13:30:02,470[18916] - OBS_Win - INFO - not in software yet
2026-03-05 13:30:02,806[18916] - OBS_Win - INFO - attempting to open OBS_Win, trial 1 in 3 times...
2026-03-05 13:30:06,416[18916] - OBS_Win - WARNING - cannot find ['OBS_start_record.png'] on screen
2026-03-05 13:30:09,708[18916] - OBS_Win - WARNING - cannot find ['OBS_start_record.png'] on screen
2026-03-05 13:30:12,987[18916] - OBS_Win - WARNING - cannot find ['OBS_start_record.png'] on screen
2026-03-05 13:30:16,252[18916] - OBS_Win - WARNING - cannot find ['OBS_start_record.png'] on screen
2026-03-05 13:30:19,511[18916] - OBS_Win - WARNING - cannot find ['OBS_start_record.png'] on screen
2026-03-05 13:30:22,897[18916] - OBS_Win - INFO - OBS_Win started
2026-03-05 13:30:22,897[18916] - RobotTest_AcidicPlatform - INFO - loading the sample from rack_id #13...
2026-03-05 13:31:03,226[18916] - RobotTest_AcidicPlatform - INFO - sample successfully loaded into the cell
2026-03-05 13:31:03,852[18916] - OBS_Win - INFO - OBS_Win stopped
2026-03-05 13:31:07,130[18916] - EC_Lab_Win11 - INFO - not in software yet
2026-03-05 13:31:07,485[18916] - EC_Lab_Win11 - INFO - attempting to open EC_Lab_Win11, trial 1 in 3 times...
2026-03-05 13:32:59,648[18916] - RobotTest_AcidicPlatform - INFO - human operating, fail to detect...
2026-03-05 13:33:09,653[18916] - RobotTest_AcidicPlatform - INFO - human operating, fail to detect...
2026-03-05 13:33:19,665[18916] - RobotTest_AcidicPlatform - INFO - human operating, fail to detect...
2026-03-05 13:33:52,074[18916] - RobotTest_AcidicPlatform - INFO - human operating, fail to detect...
2026-03-05 13:34:02,085[18916] - RobotTest_AcidicPlatform - INFO - human operating, fail to detect...
2026-03-05 13:55:19,052[18916] - EC_Lab_Win11 - INFO - test is complete
2026-03-05 13:55:19,052[18916] - RobotTest_AcidicPlatform - INFO - test pH12_ZerothGen_sample#13_2026-03-05_13-30-02 finished
2026-03-05 13:55:19,239[18916] - OBS_Win - INFO - not in software yet
2026-03-05 13:55:19,539[18916] - OBS_Win - INFO - attempting to open OBS_Win, trial 1 in 3 times...
2026-03-05 13:55:23,131[18916] - OBS_Win - INFO - OBS_Win started
2026-03-05 13:55:23,131[18916] - RobotTest_AcidicPlatform - INFO - unloading the sample to rack_id #13...
2026-03-05 13:56:22,394[18916] - RobotTest_AcidicPlatform - INFO - sample successfully unloaded from the cell
2026-03-05 13:56:26,013[18916] - OBS_Win - INFO - OBS_Win stopped
2026-03-05 13:56:26,510[18916] - OBS_Win - WARNING - cannot find ['OBS_start_record.png'] on screen
2026-03-05 13:56:29,869[18916] - OBS_Win - INFO - OBS_Win started
2026-03-05 13:56:29,870[18916] - RobotTest_AcidicPlatform - INFO - loading the sample from rack_id #14...
2026-03-05 13:57:07,631[18916] - RobotTest_AcidicPlatform - INFO - sample successfully loaded into the cell
2026-03-05 13:57:08,230[18916] - OBS_Win - INFO - OBS_Win stopped
2026-03-05 13:57:11,502[18916] - EC_Lab_Win11 - INFO - not in software yet
2026-03-05 13:57:11,832[18916] - EC_Lab_Win11 - INFO - attempting to open EC_Lab_Win11, trial 1 in 3 times...
2026-03-05 14:21:30,109[18916] - EC_Lab_Win11 - INFO - test is complete
2026-03-05 14:21:30,109[18916] - RobotTest_AcidicPlatform - INFO - test pH12_ZerothGen_sample#14_2026-03-05_13-56-26 finished
2026-03-05 14:21:30,309[18916] - OBS_Win - INFO - not in software yet
2026-03-05 14:21:30,625[18916] - OBS_Win - INFO - attempting to open OBS_Win, trial 1 in 3 times...
2026-03-05 14:21:34,209[18916] - OBS_Win - INFO - OBS_Win started
2026-03-05 14:21:34,209[18916] - RobotTest_AcidicPlatform - INFO - unloading the sample to rack_id #14...
2026-03-05 14:22:33,807[18916] - RobotTest_AcidicPlatform - INFO - sample successfully unloaded from the cell
2026-03-05 14:22:37,441[18916] - OBS_Win - INFO - OBS_Win stopped
2026-03-05 14:22:37,930[18916] - OBS_Win - WARNING - cannot find ['OBS_start_record.png'] on screen
2026-03-05 14:22:41,274[18916] - OBS_Win - INFO - OBS_Win started
2026-03-05 14:22:41,274[18916] - RobotTest_AcidicPlatform - INFO - loading the sample from rack_id #15...
2026-03-05 14:23:19,494[18916] - RobotTest_AcidicPlatform - INFO - sample successfully loaded into the cell
2026-03-05 14:23:20,111[18916] - OBS_Win - INFO - OBS_Win stopped
2026-03-05 14:23:23,370[18916] - EC_Lab_Win11 - INFO - not in software yet
2026-03-05 14:23:23,691[18916] - EC_Lab_Win11 - INFO - attempting to open EC_Lab_Win11, trial 1 in 3 times...
2026-03-05 14:23:58,196[18916] - EC_Lab_Win11 - INFO - not in software yet
2026-03-05 14:23:58,504[18916] - EC_Lab_Win11 - INFO - attempting to open EC_Lab_Win11, trial 1 in 3 times...
2026-03-05 14:24:01,761[18916] - EC_Lab_Win11 - INFO - not in software yet
2026-03-05 14:24:02,108[18916] - EC_Lab_Win11 - INFO - attempting to open EC_Lab_Win11, trial 2 in 3 times...
2026-03-05 14:47:27,641[18916] - EC_Lab_Win11 - INFO - test is complete
2026-03-05 14:47:27,641[18916] - RobotTest_AcidicPlatform - INFO - test pH12_ZerothGen_sample#15_2026-03-05_14-22-37 finished
2026-03-05 14:47:27,826[18916] - OBS_Win - INFO - not in software yet
2026-03-05 14:47:28,119[18916] - OBS_Win - INFO - attempting to open OBS_Win, trial 1 in 3 times...
2026-03-05 14:47:31,711[18916] - OBS_Win - INFO - OBS_Win started
2026-03-05 14:47:31,712[18916] - RobotTest_AcidicPlatform - INFO - unloading the sample to rack_id #15...
2026-03-05 14:48:31,714[18916] - RobotTest_AcidicPlatform - INFO - sample successfully unloaded from the cell
2026-03-05 14:48:35,385[18916] - OBS_Win - INFO - OBS_Win stopped
2026-03-05 14:48:35,878[18916] - OBS_Win - WARNING - cannot find ['OBS_start_record.png'] on screen
2026-03-05 14:48:39,237[18916] - OBS_Win - INFO - OBS_Win started
2026-03-05 14:48:39,237[18916] - RobotTest_AcidicPlatform - INFO - loading the sample from rack_id #16...
2026-03-05 14:49:17,777[18916] - RobotTest_AcidicPlatform - INFO - sample successfully loaded into the cell
2026-03-05 14:49:18,393[18916] - OBS_Win - INFO - OBS_Win stopped
2026-03-05 14:49:21,655[18916] - EC_Lab_Win11 - INFO - not in software yet
2026-03-05 14:49:21,970[18916] - EC_Lab_Win11 - INFO - attempting to open EC_Lab_Win11, trial 1 in 3 times...
2026-03-05 14:55:54,170[18916] - RobotTest_AcidicPlatform - INFO - human operating, fail to detect...
2026-03-05 15:13:26,910[18916] - EC_Lab_Win11 - INFO - test is complete
2026-03-05 15:13:26,910[18916] - RobotTest_AcidicPlatform - INFO - test pH12_ZerothGen_sample#16_2026-03-05_14-48-35 finished
2026-03-05 15:13:27,094[18916] - OBS_Win - INFO - not in software yet
2026-03-05 15:13:27,387[18916] - OBS_Win - INFO - attempting to open OBS_Win, trial 1 in 3 times...
2026-03-05 15:13:30,974[18916] - OBS_Win - INFO - OBS_Win started
2026-03-05 15:13:30,974[18916] - RobotTest_AcidicPlatform - INFO - unloading the sample to rack_id #16...
2026-03-05 15:14:31,444[18916] - RobotTest_AcidicPlatform - INFO - sample successfully unloaded from the cell
2026-03-05 15:14:35,077[18916] - OBS_Win - INFO - OBS_Win stopped
2026-03-05 15:14:35,573[18916] - OBS_Win - WARNING - cannot find ['OBS_start_record.png'] on screen
2026-03-05 15:14:38,919[18916] - OBS_Win - INFO - OBS_Win started
2026-03-05 15:14:38,919[18916] - RobotTest_AcidicPlatform - INFO - loading the sample from rack_id #17...
2026-03-05 15:15:17,823[18916] - RobotTest_AcidicPlatform - INFO - sample successfully loaded into the cell
2026-03-05 15:15:18,420[18916] - OBS_Win - INFO - OBS_Win stopped
2026-03-05 15:15:21,682[18916] - EC_Lab_Win11 - INFO - not in software yet
2026-03-05 15:15:22,018[18916] - EC_Lab_Win11 - INFO - attempting to open EC_Lab_Win11, trial 1 in 3 times...
2026-03-05 15:32:00,116[18916] - RobotTest_AcidicPlatform - INFO - human operating, fail to detect...
2026-03-05 15:39:15,717[18916] - RobotTest_AcidicPlatform - INFO - human operating, fail to detect...
2026-03-05 15:39:26,912[18916] - EC_Lab_Win11 - INFO - test is complete
2026-03-05 15:39:26,912[18916] - RobotTest_AcidicPlatform - INFO - test pH12_ZerothGen_sample#17_2026-03-05_15-14-35 finished
2026-03-05 15:39:27,102[18916] - OBS_Win - INFO - not in software yet
2026-03-05 15:39:27,394[18916] - OBS_Win - INFO - attempting to open OBS_Win, trial 1 in 3 times...
2026-03-05 15:39:30,980[18916] - OBS_Win - INFO - OBS_Win started
2026-03-05 15:39:30,980[18916] - RobotTest_AcidicPlatform - INFO - unloading the sample to rack_id #17...
2026-03-05 15:40:31,834[18916] - RobotTest_AcidicPlatform - INFO - sample successfully unloaded from the cell
2026-03-05 15:40:35,434[18916] - OBS_Win - INFO - OBS_Win stopped
2026-03-05 15:40:35,924[18916] - OBS_Win - WARNING - cannot find ['OBS_start_record.png'] on screen
2026-03-05 15:40:39,264[18916] - OBS_Win - INFO - OBS_Win started
2026-03-05 15:40:39,264[18916] - RobotTest_AcidicPlatform - INFO - loading the sample from rack_id #18...
2026-03-05 15:41:18,851[18916] - RobotTest_AcidicPlatform - INFO - sample successfully loaded into the cell
2026-03-05 15:41:19,450[18916] - OBS_Win - INFO - OBS_Win stopped
2026-03-05 15:41:22,717[18916] - EC_Lab_Win11 - INFO - not in software yet
2026-03-05 15:41:23,040[18916] - EC_Lab_Win11 - INFO - attempting to open EC_Lab_Win11, trial 1 in 3 times...
2026-03-05 15:43:26,382[18916] - RobotTest_AcidicPlatform - INFO - human operating, fail to detect...
2026-03-05 15:43:36,387[18916] - RobotTest_AcidicPlatform - INFO - human operating, fail to detect...
2026-03-05 15:47:09,292[18916] - EC_Lab_Win11 - INFO - test is complete
2026-03-05 15:47:09,292[18916] - RobotTest_AcidicPlatform - INFO - test pH12_ZerothGen_sample#18_2026-03-05_15-40-35 finished
2026-03-05 15:47:09,478[18916] - OBS_Win - INFO - not in software yet
2026-03-05 15:47:09,774[18916] - OBS_Win - INFO - attempting to open OBS_Win, trial 1 in 3 times...
2026-03-05 15:47:13,343[18916] - OBS_Win - INFO - OBS_Win started
2026-03-05 15:47:13,343[18916] - RobotTest_AcidicPlatform - INFO - unloading the sample to rack_id #18...
2026-03-05 15:48:14,810[18916] - RobotTest_AcidicPlatform - INFO - sample successfully unloaded from the cell
2026-03-05 15:48:18,398[18916] - OBS_Win - INFO - OBS_Win stopped
2026-03-05 15:48:18,889[18916] - OBS_Win - WARNING - cannot find ['OBS_start_record.png'] on screen
2026-03-05 15:48:22,243[18916] - OBS_Win - INFO - OBS_Win started
2026-03-05 15:48:22,243[18916] - RobotTest_AcidicPlatform - INFO - loading the sample from rack_id #19...
2026-03-05 15:49:02,082[18916] - RobotTest_AcidicPlatform - INFO - sample successfully loaded into the cell
2026-03-05 15:49:02,681[18916] - OBS_Win - INFO - OBS_Win stopped
2026-03-05 15:49:05,953[18916] - EC_Lab_Win11 - INFO - not in software yet
2026-03-05 15:49:06,280[18916] - EC_Lab_Win11 - INFO - attempting to open EC_Lab_Win11, trial 1 in 3 times...
2026-03-05 16:13:14,025[18916] - EC_Lab_Win11 - INFO - test is complete
2026-03-05 16:13:14,025[18916] - RobotTest_AcidicPlatform - INFO - test pH12_ZerothGen_sample#19_2026-03-05_15-48-18 finished
2026-03-05 16:13:14,221[18916] - OBS_Win - INFO - not in software yet
2026-03-05 16:13:14,518[18916] - OBS_Win - INFO - attempting to open OBS_Win, trial 1 in 3 times...
2026-03-05 16:13:18,104[18916] - OBS_Win - INFO - OBS_Win started
2026-03-05 16:13:18,104[18916] - RobotTest_AcidicPlatform - INFO - unloading the sample to rack_id #19...
2026-03-05 16:14:19,724[18916] - RobotTest_AcidicPlatform - INFO - sample successfully unloaded from the cell
2026-03-05 16:14:23,345[18916] - OBS_Win - INFO - OBS_Win stopped
2026-03-05 16:14:23,839[18916] - OBS_Win - WARNING - cannot find ['OBS_start_record.png'] on screen
2026-03-05 16:14:27,177[18916] - OBS_Win - INFO - OBS_Win started
2026-03-05 16:14:27,177[18916] - RobotTest_AcidicPlatform - INFO - loading the sample from rack_id #20...
2026-03-05 16:15:07,573[18916] - RobotTest_AcidicPlatform - INFO - sample successfully loaded into the cell
2026-03-05 16:15:08,220[18916] - OBS_Win - INFO - OBS_Win stopped
2026-03-05 16:15:11,495[18916] - EC_Lab_Win11 - INFO - not in software yet
2026-03-05 16:15:11,826[18916] - EC_Lab_Win11 - INFO - attempting to open EC_Lab_Win11, trial 1 in 3 times...
2026-03-05 16:39:19,014[18916] - EC_Lab_Win11 - INFO - test is complete
2026-03-05 16:39:19,014[18916] - RobotTest_AcidicPlatform - INFO - test pH12_ZerothGen_sample#20_2026-03-05_16-14-23 finished
2026-03-05 16:39:19,205[18916] - OBS_Win - INFO - not in software yet
2026-03-05 16:39:19,511[18916] - OBS_Win - INFO - attempting to open OBS_Win, trial 1 in 3 times...
2026-03-05 16:39:23,109[18916] - OBS_Win - INFO - OBS_Win started
2026-03-05 16:39:23,109[18916] - RobotTest_AcidicPlatform - INFO - unloading the sample to rack_id #20...
2026-03-05 16:40:25,249[18916] - RobotTest_AcidicPlatform - INFO - sample successfully unloaded from the cell
2026-03-05 16:40:28,864[18916] - OBS_Win - INFO - OBS_Win stopped
2026-03-05 16:40:54,839[18916] - RobotTest_AcidicPlatform - ERROR - list index out of range
Traceback (most recent call last):
  File "C:\Users\li\PycharmProjects\catalyst\robotic_testing\common\robot_test.py", line 45, in wrapper
    return func(self, *args, **kwargs)
  File "C:\Users\li\PycharmProjects\catalyst\robotic_testing\common\robot_test.py", line 178, in run
    sample_rack_id_to_sample_id_dict = self.run_initialization(
  File "C:\Users\li\PycharmProjects\catalyst\robotic_testing\common\robot_test.py", line 103, in run_initialization
    sample_id_list = [*range(sample_id_list[0], sample_id_list[1] + 1)] if sequence else sample_id_list
IndexError: list index out of range
2026-03-05 16:42:05,436[9976] - RobotTest_AcidicPlatform - ERROR - list index out of range
Traceback (most recent call last):
  File "C:\Users\li\PycharmProjects\catalyst\robotic_testing\common\robot_test.py", line 45, in wrapper
    return func(self, *args, **kwargs)
  File "C:\Users\li\PycharmProjects\catalyst\robotic_testing\common\robot_test.py", line 178, in run
    sample_rack_id_to_sample_id_dict = self.run_initialization(
  File "C:\Users\li\PycharmProjects\catalyst\robotic_testing\common\robot_test.py", line 103, in run_initialization
    sample_id_list = [*range(sample_id_list[0], sample_id_list[1] + 1)] if sequence else sample_id_list
IndexError: list index out of range
2026-03-05 16:42:13,305[9976] - RobotTest_AcidicPlatform - INFO - started a batch of test, with sample_rack_id : sample_id = {18: 18}
2026-03-05 16:42:19,316[9976] - OBS_Win - INFO - not in software yet
2026-03-05 16:42:19,644[9976] - OBS_Win - INFO - attempting to open OBS_Win, trial 1 in 3 times...
2026-03-05 16:42:23,313[9976] - OBS_Win - INFO - OBS_Win started
2026-03-05 16:42:23,313[9976] - RobotTest_AcidicPlatform - INFO - loading the sample from rack_id #18...
2026-03-05 16:43:08,140[9976] - RobotTest_AcidicPlatform - INFO - sample successfully loaded into the cell
2026-03-05 16:43:08,802[9976] - OBS_Win - INFO - OBS_Win stopped
2026-03-05 16:43:12,069[9976] - EC_Lab_Win11 - INFO - not in software yet
2026-03-05 16:43:12,409[9976] - EC_Lab_Win11 - INFO - attempting to open EC_Lab_Win11, trial 1 in 3 times...
2026-03-05 16:45:26,955[9976] - RobotTest_AcidicPlatform - INFO - human operating, fail to detect...
2026-03-05 16:45:36,968[9976] - RobotTest_AcidicPlatform - INFO - human operating, fail to detect...
2026-03-05 16:45:46,984[9976] - RobotTest_AcidicPlatform - INFO - human operating, fail to detect...
2026-03-05 16:45:56,986[9976] - RobotTest_AcidicPlatform - INFO - human operating, fail to detect...
2026-03-05 16:46:06,989[9976] - RobotTest_AcidicPlatform - INFO - human operating, fail to detect...
2026-03-06 11:37:16,240[17952] - RobotTest_AcidicPlatform - INFO - started a batch of test, with sample_rack_id : sample_id = {1: 1, 2: 2, 3: 3, 4: 4, 5: 5, 6: 6, 7: 7, 8: 8, 9: 9, 10: 10, 11: 11, 12: 12, 13: 13, 14: 14, 15: 15, 16: 16, 17: 17, 18: 18, 19: 19, 20: 20}
2026-03-06 11:37:31,295[17952] - OBS_Win - INFO - not in software yet
2026-03-06 11:37:31,618[17952] - OBS_Win - INFO - attempting to open OBS_Win, trial 1 in 3 times...
2026-03-06 11:37:35,142[17952] - OBS_Win - INFO - OBS_Win started
2026-03-06 11:37:35,142[17952] - RobotTest_AcidicPlatform - INFO - loading the sample from rack_id #1...
2026-03-06 11:38:14,251[17952] - RobotTest_AcidicPlatform - INFO - sample successfully loaded into the cell
2026-03-06 11:38:14,838[17952] - OBS_Win - INFO - OBS_Win stopped
2026-03-06 11:38:18,057[17952] - EC_Lab_Win11 - INFO - not in software yet
2026-03-06 11:38:18,361[17952] - EC_Lab_Win11 - INFO - attempting to open EC_Lab_Win11, trial 1 in 3 times...
2026-03-06 11:48:45,601[17952] - RobotTest_AcidicPlatform - INFO - human operating, fail to detect...
2026-03-06 11:53:35,486[17952] - RobotTest_AcidicPlatform - INFO - human operating, fail to detect...
2026-03-06 11:53:45,500[17952] - RobotTest_AcidicPlatform - INFO - human operating, fail to detect...
2026-03-06 11:53:55,505[17952] - RobotTest_AcidicPlatform - INFO - human operating, fail to detect...
2026-03-06 11:54:16,702[17952] - RobotTest_AcidicPlatform - INFO - human operating, fail to detect...
2026-03-06 12:02:29,246[17952] - EC_Lab_Win11 - INFO - test is complete
2026-03-06 12:02:29,246[17952] - RobotTest_AcidicPlatform - INFO - test pH12_ZerothGen_sample#1_2026-03-06_11-37-31 finished
2026-03-06 12:02:29,436[17952] - OBS_Win - INFO - not in software yet
2026-03-06 12:02:29,727[17952] - OBS_Win - INFO - attempting to open OBS_Win, trial 1 in 3 times...
2026-03-06 12:02:33,252[17952] - OBS_Win - INFO - OBS_Win started
2026-03-06 12:02:33,252[17952] - RobotTest_AcidicPlatform - INFO - unloading the sample to rack_id #1...
2026-03-06 12:02:58,882[17952] - RobotTest_AcidicPlatform - ERROR - robotic arm error!
Traceback (most recent call last):
  File "C:\Users\li\PycharmProjects\catalyst\robotic_testing\common\robot_test.py", line 45, in wrapper
    return func(self, *args, **kwargs)
  File "C:\Users\li\PycharmProjects\catalyst\robotic_testing\common\robot_test.py", line 189, in run
    self.test_main_workflow(
  File "C:\Users\li\PycharmProjects\catalyst\robotic_testing\common\robot_test.py", line 304, in test_main_workflow
    self.arm.unload_sample(sample_rack_index=sample_rack_id)
  File "C:\Users\li\PycharmProjects\catalyst\robotic_testing\common\robotic_arms\xarm6\xarm6.py", line 88, in unload_sample
    self.rinsing()
  File "C:\Users\li\PycharmProjects\catalyst\robotic_testing\common\robotic_arms\xarm6\xarm6.py", line 119, in rinsing
    self.move_to_pos(self.config.pos_dict['rinsing_shake'], relative=True, **lin_settings)
  File "C:\Users\li\PycharmProjects\catalyst\robotic_testing\common\robotic_arms\xarm6\xarm6.py", line 49, in move_to_pos
    return self.set_position(*pos_rel, *args, **kwargs)
  File "C:\Users\li\PycharmProjects\catalyst\robotic_testing\common\robotic_arms\xarm_control.py", line 81, in error_checker
    raise SystemError('robotic arm error!')
SystemError: robotic arm error!
2026-03-06 13:25:24,767[1256] - RobotTest_AcidicPlatform - INFO - started a batch of test, with sample_rack_id : sample_id = {2: 2, 3: 3, 4: 4, 5: 5, 6: 6, 7: 7, 8: 8, 9: 9, 10: 10, 11: 11, 12: 12, 13: 13, 14: 14, 15: 15, 16: 16, 17: 17, 18: 18, 19: 19, 20: 20}
2026-03-06 13:25:39,378[1256] - OBS_Win - INFO - not in software yet
2026-03-06 13:25:39,699[1256] - OBS_Win - INFO - attempting to open OBS_Win, trial 1 in 3 times...
2026-03-06 13:25:43,326[1256] - OBS_Win - INFO - OBS_Win started
2026-03-06 13:25:43,326[1256] - RobotTest_AcidicPlatform - INFO - loading the sample from rack_id #2...
2026-03-06 13:26:22,356[1256] - RobotTest_AcidicPlatform - INFO - sample successfully loaded into the cell
2026-03-06 13:26:23,022[1256] - OBS_Win - INFO - OBS_Win stopped
2026-03-06 13:26:26,301[1256] - EC_Lab_Win11 - INFO - not in software yet
2026-03-06 13:26:26,647[1256] - EC_Lab_Win11 - INFO - attempting to open EC_Lab_Win11, trial 1 in 3 times...
2026-03-06 13:46:27,205[1256] - EC_Lab_Win11 - INFO - test is complete
2026-03-06 13:46:27,205[1256] - RobotTest_AcidicPlatform - INFO - test pH12_ZerothGen_sample#2_2026-03-06_13-25-39 finished
2026-03-06 13:46:27,393[1256] - OBS_Win - INFO - not in software yet
2026-03-06 13:46:27,698[1256] - OBS_Win - INFO - attempting to open OBS_Win, trial 1 in 3 times...
2026-03-06 13:46:31,310[1256] - OBS_Win - INFO - OBS_Win started
2026-03-06 13:46:31,310[1256] - RobotTest_AcidicPlatform - INFO - unloading the sample to rack_id #2...
2026-03-06 13:47:29,732[1256] - RobotTest_AcidicPlatform - INFO - sample successfully unloaded from the cell
2026-03-06 13:47:33,399[1256] - OBS_Win - INFO - OBS_Win stopped
2026-03-06 13:47:33,883[1256] - OBS_Win - WARNING - cannot find ['OBS_start_record.png'] on screen
2026-03-06 13:47:37,247[1256] - OBS_Win - INFO - OBS_Win started
2026-03-06 13:47:37,247[1256] - RobotTest_AcidicPlatform - INFO - loading the sample from rack_id #3...
2026-03-06 13:48:10,152[1256] - RobotTest_AcidicPlatform - INFO - sample successfully loaded into the cell
2026-03-06 13:48:10,768[1256] - OBS_Win - INFO - OBS_Win stopped
2026-03-06 13:48:14,016[1256] - EC_Lab_Win11 - INFO - not in software yet
2026-03-06 13:48:14,355[1256] - EC_Lab_Win11 - INFO - attempting to open EC_Lab_Win11, trial 1 in 3 times...
2026-03-06 14:00:11,459[1256] - RobotTest_AcidicPlatform - INFO - human operating, fail to detect...
2026-03-06 14:01:06,326[1256] - RobotTest_AcidicPlatform - INFO - human operating, fail to detect...
2026-03-06 14:01:17,141[1256] - EC_Lab_Win11 - INFO - not in software yet
2026-03-06 14:01:17,433[1256] - EC_Lab_Win11 - INFO - attempting to open EC_Lab_Win11, trial 1 in 3 times...
2026-03-06 14:01:20,662[1256] - EC_Lab_Win11 - INFO - not in software yet
2026-03-06 14:01:20,964[1256] - EC_Lab_Win11 - INFO - attempting to open EC_Lab_Win11, trial 2 in 3 times...
2026-03-06 14:08:19,012[1256] - EC_Lab_Win11 - INFO - test is complete
2026-03-06 14:08:19,013[1256] - RobotTest_AcidicPlatform - INFO - test pH12_ZerothGen_sample#3_2026-03-06_13-47-33 finished
2026-03-06 14:08:19,196[1256] - OBS_Win - INFO - not in software yet
2026-03-06 14:08:19,494[1256] - OBS_Win - INFO - attempting to open OBS_Win, trial 1 in 3 times...
2026-03-06 14:08:23,017[1256] - OBS_Win - INFO - OBS_Win started
2026-03-06 14:08:23,017[1256] - RobotTest_AcidicPlatform - INFO - unloading the sample to rack_id #3...
2026-03-06 14:09:20,986[1256] - RobotTest_AcidicPlatform - INFO - sample successfully unloaded from the cell
2026-03-06 14:09:24,524[1256] - OBS_Win - INFO - OBS_Win stopped
2026-03-06 14:09:24,935[1256] - OBS_Win - WARNING - cannot find ['OBS_start_record.png'] on screen
2026-03-06 14:09:28,255[1256] - OBS_Win - INFO - OBS_Win started
2026-03-06 14:09:28,255[1256] - RobotTest_AcidicPlatform - INFO - loading the sample from rack_id #4...
2026-03-06 14:10:01,700[1256] - RobotTest_AcidicPlatform - INFO - sample successfully loaded into the cell
2026-03-06 14:10:02,249[1256] - OBS_Win - INFO - OBS_Win stopped
2026-03-06 14:10:05,481[1256] - EC_Lab_Win11 - INFO - not in software yet
2026-03-06 14:10:05,786[1256] - EC_Lab_Win11 - INFO - attempting to open EC_Lab_Win11, trial 1 in 3 times...
2026-03-06 14:13:16,192[1256] - RobotTest_AcidicPlatform - INFO - human operating, fail to detect...
2026-03-06 14:13:26,195[1256] - RobotTest_AcidicPlatform - INFO - human operating, fail to detect...
2026-03-06 14:13:36,208[1256] - RobotTest_AcidicPlatform - INFO - human operating, fail to detect...
2026-03-06 14:13:46,215[1256] - RobotTest_AcidicPlatform - INFO - human operating, fail to detect...
2026-03-06 14:13:56,217[1256] - RobotTest_AcidicPlatform - INFO - human operating, fail to detect...
2026-03-06 14:17:17,781[1256] - EC_Lab_Win11 - INFO - test is complete
2026-03-06 14:17:17,781[1256] - RobotTest_AcidicPlatform - INFO - test pH12_ZerothGen_sample#4_2026-03-06_14-09-24 finished
2026-03-06 14:17:17,965[1256] - OBS_Win - INFO - not in software yet
2026-03-06 14:17:18,262[1256] - OBS_Win - INFO - attempting to open OBS_Win, trial 1 in 3 times...
2026-03-06 14:17:21,852[1256] - OBS_Win - INFO - OBS_Win started
2026-03-06 14:17:21,852[1256] - RobotTest_AcidicPlatform - INFO - unloading the sample to rack_id #4...
2026-03-06 14:18:19,364[1256] - RobotTest_AcidicPlatform - INFO - sample successfully unloaded from the cell
2026-03-06 14:18:23,044[1256] - OBS_Win - INFO - OBS_Win stopped
2026-03-06 14:18:23,649[1256] - OBS_Win - INFO - OBS_Win started
2026-03-06 14:18:23,649[1256] - RobotTest_AcidicPlatform - INFO - loading the sample from rack_id #5...
2026-03-06 14:18:57,371[1256] - RobotTest_AcidicPlatform - INFO - sample successfully loaded into the cell
2026-03-06 14:18:57,984[1256] - OBS_Win - INFO - OBS_Win stopped
2026-03-06 14:19:01,245[1256] - EC_Lab_Win11 - INFO - not in software yet
2026-03-06 14:19:01,579[1256] - EC_Lab_Win11 - INFO - attempting to open EC_Lab_Win11, trial 1 in 3 times...
2026-03-06 14:39:24,335[1256] - EC_Lab_Win11 - INFO - test is complete
2026-03-06 14:39:24,335[1256] - RobotTest_AcidicPlatform - INFO - test pH12_ZerothGen_sample#5_2026-03-06_14-18-23 finished
2026-03-06 14:39:24,522[1256] - OBS_Win - INFO - not in software yet
2026-03-06 14:39:24,826[1256] - OBS_Win - INFO - attempting to open OBS_Win, trial 1 in 3 times...
2026-03-06 14:39:28,417[1256] - OBS_Win - INFO - OBS_Win started
2026-03-06 14:39:28,417[1256] - RobotTest_AcidicPlatform - INFO - unloading the sample to rack_id #5...
2026-03-06 14:40:25,654[1256] - RobotTest_AcidicPlatform - INFO - sample successfully unloaded from the cell
2026-03-06 14:40:29,282[1256] - OBS_Win - INFO - OBS_Win stopped
2026-03-06 14:40:29,779[1256] - OBS_Win - WARNING - cannot find ['OBS_start_record.png'] on screen
2026-03-06 14:40:33,142[1256] - OBS_Win - INFO - OBS_Win started
2026-03-06 14:40:33,142[1256] - RobotTest_AcidicPlatform - INFO - loading the sample from rack_id #6...
2026-03-06 14:41:07,541[1256] - RobotTest_AcidicPlatform - INFO - sample successfully loaded into the cell
2026-03-06 14:41:08,152[1256] - OBS_Win - INFO - OBS_Win stopped
2026-03-06 14:41:11,411[1256] - EC_Lab_Win11 - INFO - not in software yet
2026-03-06 14:41:11,729[1256] - EC_Lab_Win11 - INFO - attempting to open EC_Lab_Win11, trial 1 in 3 times...
2026-03-06 14:47:10,391[1256] - RobotTest_AcidicPlatform - INFO - human operating, fail to detect...
2026-03-06 14:47:20,400[1256] - RobotTest_AcidicPlatform - INFO - human operating, fail to detect...
2026-03-06 14:47:30,403[1256] - RobotTest_AcidicPlatform - INFO - human operating, fail to detect...
2026-03-06 14:47:40,417[1256] - RobotTest_AcidicPlatform - INFO - human operating, fail to detect...
2026-03-06 14:50:50,719[1256] - EC_Lab_Win11 - INFO - test is complete
2026-03-06 14:50:50,720[1256] - RobotTest_AcidicPlatform - INFO - test pH12_ZerothGen_sample#6_2026-03-06_14-40-29 finished
2026-03-06 14:50:50,904[1256] - OBS_Win - INFO - not in software yet
2026-03-06 14:50:51,201[1256] - OBS_Win - INFO - attempting to open OBS_Win, trial 1 in 3 times...
2026-03-06 14:50:54,793[1256] - OBS_Win - INFO - OBS_Win started
2026-03-06 14:50:54,793[1256] - RobotTest_AcidicPlatform - INFO - unloading the sample to rack_id #6...
2026-03-06 14:51:51,402[1256] - RobotTest_AcidicPlatform - INFO - sample successfully unloaded from the cell
2026-03-06 14:51:55,041[1256] - OBS_Win - INFO - OBS_Win stopped
2026-03-06 14:51:55,558[1256] - OBS_Win - WARNING - cannot find ['OBS_start_record.png'] on screen
2026-03-06 14:51:58,902[1256] - OBS_Win - INFO - OBS_Win started
2026-03-06 14:51:58,902[1256] - RobotTest_AcidicPlatform - INFO - loading the sample from rack_id #7...
2026-03-06 14:52:33,861[1256] - RobotTest_AcidicPlatform - INFO - sample successfully loaded into the cell
2026-03-06 14:52:34,479[1256] - OBS_Win - INFO - OBS_Win stopped
2026-03-06 14:52:37,748[1256] - EC_Lab_Win11 - INFO - not in software yet
2026-03-06 14:52:38,083[1256] - EC_Lab_Win11 - INFO - attempting to open EC_Lab_Win11, trial 1 in 3 times...
2026-03-06 15:12:03,944[1256] - RobotTest_AcidicPlatform - INFO - human operating, fail to detect...
2026-03-06 15:12:14,762[1256] - EC_Lab_Win11 - INFO - not in software yet
2026-03-06 15:12:15,064[1256] - EC_Lab_Win11 - INFO - attempting to open EC_Lab_Win11, trial 1 in 3 times...
2026-03-06 15:12:18,306[1256] - EC_Lab_Win11 - INFO - not in software yet
2026-03-06 15:12:18,601[1256] - EC_Lab_Win11 - INFO - attempting to open EC_Lab_Win11, trial 2 in 3 times...
2026-03-06 15:12:55,905[1256] - EC_Lab_Win11 - INFO - test is complete
2026-03-06 15:12:55,905[1256] - RobotTest_AcidicPlatform - INFO - test pH12_ZerothGen_sample#7_2026-03-06_14-51-55 finished
2026-03-06 15:12:56,094[1256] - OBS_Win - INFO - not in software yet
2026-03-06 15:12:56,381[1256] - OBS_Win - INFO - attempting to open OBS_Win, trial 1 in 3 times...
2026-03-06 15:12:59,914[1256] - OBS_Win - INFO - OBS_Win started
2026-03-06 15:12:59,914[1256] - RobotTest_AcidicPlatform - INFO - unloading the sample to rack_id #7...
2026-03-06 15:13:56,426[1256] - RobotTest_AcidicPlatform - INFO - sample successfully unloaded from the cell
2026-03-06 15:13:59,945[1256] - OBS_Win - INFO - OBS_Win stopped
2026-03-06 15:14:00,363[1256] - OBS_Win - WARNING - cannot find ['OBS_start_record.png'] on screen
2026-03-06 15:14:03,684[1256] - OBS_Win - INFO - OBS_Win started
2026-03-06 15:14:03,684[1256] - RobotTest_AcidicPlatform - INFO - loading the sample from rack_id #8...
2026-03-06 15:14:38,842[1256] - RobotTest_AcidicPlatform - INFO - sample successfully loaded into the cell
2026-03-06 15:14:39,378[1256] - OBS_Win - INFO - OBS_Win stopped
2026-03-06 15:14:42,599[1256] - EC_Lab_Win11 - INFO - not in software yet
2026-03-06 15:14:42,904[1256] - EC_Lab_Win11 - INFO - attempting to open EC_Lab_Win11, trial 1 in 3 times...
2026-03-06 15:35:05,566[1256] - EC_Lab_Win11 - INFO - test is complete
2026-03-06 15:35:05,566[1256] - RobotTest_AcidicPlatform - INFO - test pH12_ZerothGen_sample#8_2026-03-06_15-13-59 finished
2026-03-06 15:35:05,754[1256] - OBS_Win - INFO - not in software yet
2026-03-06 15:35:06,083[1256] - OBS_Win - INFO - attempting to open OBS_Win, trial 1 in 3 times...
2026-03-06 15:35:09,615[1256] - OBS_Win - INFO - OBS_Win started
2026-03-06 15:35:09,615[1256] - RobotTest_AcidicPlatform - INFO - unloading the sample to rack_id #8...
2026-03-06 15:36:06,561[1256] - RobotTest_AcidicPlatform - INFO - sample successfully unloaded from the cell
2026-03-06 15:36:10,094[1256] - OBS_Win - INFO - OBS_Win stopped
2026-03-06 15:36:10,519[1256] - OBS_Win - WARNING - cannot find ['OBS_start_record.png'] on screen
2026-03-06 15:36:13,844[1256] - OBS_Win - INFO - OBS_Win started
2026-03-06 15:36:13,844[1256] - RobotTest_AcidicPlatform - INFO - loading the sample from rack_id #9...
2026-03-06 15:36:49,347[1256] - RobotTest_AcidicPlatform - INFO - sample successfully loaded into the cell
2026-03-06 15:36:49,866[1256] - OBS_Win - INFO - OBS_Win stopped
2026-03-06 15:36:53,094[1256] - EC_Lab_Win11 - INFO - not in software yet
2026-03-06 15:36:53,388[1256] - EC_Lab_Win11 - INFO - attempting to open EC_Lab_Win11, trial 1 in 3 times...
2026-03-06 15:57:15,894[1256] - EC_Lab_Win11 - INFO - test is complete
2026-03-06 15:57:15,894[1256] - RobotTest_AcidicPlatform - INFO - test pH12_ZerothGen_sample#9_2026-03-06_15-36-10 finished
2026-03-06 15:57:16,081[1256] - OBS_Win - INFO - not in software yet
2026-03-06 15:57:16,395[1256] - OBS_Win - INFO - attempting to open OBS_Win, trial 1 in 3 times...
2026-03-06 15:57:19,915[1256] - OBS_Win - INFO - OBS_Win started
2026-03-06 15:57:19,915[1256] - RobotTest_AcidicPlatform - INFO - unloading the sample to rack_id #9...
2026-03-06 15:58:17,280[1256] - RobotTest_AcidicPlatform - INFO - sample successfully unloaded from the cell
2026-03-06 15:58:20,818[1256] - OBS_Win - INFO - OBS_Win stopped
2026-03-06 15:58:21,224[1256] - OBS_Win - WARNING - cannot find ['OBS_start_record.png'] on screen
2026-03-06 15:58:24,550[1256] - OBS_Win - INFO - OBS_Win started
2026-03-06 15:58:24,550[1256] - RobotTest_AcidicPlatform - INFO - loading the sample from rack_id #10...
2026-03-06 15:59:00,616[1256] - RobotTest_AcidicPlatform - INFO - sample successfully loaded into the cell
2026-03-06 15:59:01,150[1256] - OBS_Win - INFO - OBS_Win stopped
2026-03-06 15:59:04,367[1256] - EC_Lab_Win11 - INFO - not in software yet
2026-03-06 15:59:04,657[1256] - EC_Lab_Win11 - INFO - attempting to open EC_Lab_Win11, trial 1 in 3 times...
2026-03-06 16:19:04,698[1256] - EC_Lab_Win11 - INFO - test is complete
2026-03-06 16:19:04,699[1256] - RobotTest_AcidicPlatform - INFO - test pH12_ZerothGen_sample#10_2026-03-06_15-58-20 finished
2026-03-06 16:19:04,882[1256] - OBS_Win - INFO - not in software yet
2026-03-06 16:19:05,186[1256] - OBS_Win - INFO - attempting to open OBS_Win, trial 1 in 3 times...
2026-03-06 16:19:08,718[1256] - OBS_Win - INFO - OBS_Win started
2026-03-06 16:19:08,718[1256] - RobotTest_AcidicPlatform - INFO - unloading the sample to rack_id #10...
2026-03-06 16:20:06,575[1256] - RobotTest_AcidicPlatform - INFO - sample successfully unloaded from the cell
2026-03-06 16:20:10,145[1256] - OBS_Win - INFO - OBS_Win stopped
2026-03-06 16:20:10,550[1256] - OBS_Win - WARNING - cannot find ['OBS_start_record.png'] on screen
2026-03-06 16:20:13,869[1256] - OBS_Win - INFO - OBS_Win started
2026-03-06 16:20:13,869[1256] - RobotTest_AcidicPlatform - INFO - loading the sample from rack_id #11...
2026-03-06 16:20:50,468[1256] - RobotTest_AcidicPlatform - INFO - sample successfully loaded into the cell
2026-03-06 16:20:51,019[1256] - OBS_Win - INFO - OBS_Win stopped
2026-03-06 16:20:54,258[1256] - EC_Lab_Win11 - INFO - not in software yet
2026-03-06 16:20:54,560[1256] - EC_Lab_Win11 - INFO - attempting to open EC_Lab_Win11, trial 1 in 3 times...
2026-03-06 16:41:16,837[1256] - EC_Lab_Win11 - INFO - test is complete
2026-03-06 16:41:16,837[1256] - RobotTest_AcidicPlatform - INFO - test pH12_ZerothGen_sample#11_2026-03-06_16-20-10 finished
2026-03-06 16:41:17,023[1256] - OBS_Win - INFO - not in software yet
2026-03-06 16:41:17,328[1256] - OBS_Win - INFO - attempting to open OBS_Win, trial 1 in 3 times...
2026-03-06 16:41:20,867[1256] - OBS_Win - INFO - OBS_Win started
2026-03-06 16:41:20,867[1256] - RobotTest_AcidicPlatform - INFO - unloading the sample to rack_id #11...
2026-03-06 16:42:19,022[1256] - RobotTest_AcidicPlatform - INFO - sample successfully unloaded from the cell
2026-03-06 16:42:22,586[1256] - OBS_Win - INFO - OBS_Win stopped
2026-03-06 16:42:22,996[1256] - OBS_Win - WARNING - cannot find ['OBS_start_record.png'] on screen
2026-03-06 16:42:26,322[1256] - OBS_Win - INFO - OBS_Win started
2026-03-06 16:42:26,322[1256] - RobotTest_AcidicPlatform - INFO - loading the sample from rack_id #12...
2026-03-06 16:43:03,359[1256] - RobotTest_AcidicPlatform - INFO - sample successfully loaded into the cell
2026-03-06 16:43:03,892[1256] - OBS_Win - INFO - OBS_Win stopped
2026-03-06 16:43:07,119[1256] - EC_Lab_Win11 - INFO - not in software yet
2026-03-06 16:43:07,423[1256] - EC_Lab_Win11 - INFO - attempting to open EC_Lab_Win11, trial 1 in 3 times...
2026-03-06 17:03:29,719[1256] - EC_Lab_Win11 - INFO - test is complete
2026-03-06 17:03:29,720[1256] - RobotTest_AcidicPlatform - INFO - test pH12_ZerothGen_sample#12_2026-03-06_16-42-22 finished
2026-03-06 17:03:29,909[1256] - OBS_Win - INFO - not in software yet
2026-03-06 17:03:30,221[1256] - OBS_Win - INFO - attempting to open OBS_Win, trial 1 in 3 times...
2026-03-06 17:03:33,764[1256] - OBS_Win - INFO - OBS_Win started
2026-03-06 17:03:33,765[1256] - RobotTest_AcidicPlatform - INFO - unloading the sample to rack_id #12...
2026-03-06 17:04:32,447[1256] - RobotTest_AcidicPlatform - INFO - sample successfully unloaded from the cell
2026-03-06 17:04:36,014[1256] - OBS_Win - INFO - OBS_Win stopped
2026-03-06 17:04:36,421[1256] - OBS_Win - WARNING - cannot find ['OBS_start_record.png'] on screen
2026-03-06 17:04:39,746[1256] - OBS_Win - INFO - OBS_Win started
2026-03-06 17:04:39,746[1256] - RobotTest_AcidicPlatform - INFO - loading the sample from rack_id #13...
2026-03-06 17:05:17,050[1256] - RobotTest_AcidicPlatform - INFO - sample successfully loaded into the cell
2026-03-06 17:05:17,598[1256] - OBS_Win - INFO - OBS_Win stopped
2026-03-06 17:05:20,831[1256] - EC_Lab_Win11 - INFO - not in software yet
2026-03-06 17:05:21,133[1256] - EC_Lab_Win11 - INFO - attempting to open EC_Lab_Win11, trial 1 in 3 times...
2026-03-06 17:25:43,930[1256] - EC_Lab_Win11 - INFO - test is complete
2026-03-06 17:25:43,930[1256] - RobotTest_AcidicPlatform - INFO - test pH12_ZerothGen_sample#13_2026-03-06_17-04-36 finished
2026-03-06 17:25:44,116[1256] - OBS_Win - INFO - not in software yet
2026-03-06 17:25:44,413[1256] - OBS_Win - INFO - attempting to open OBS_Win, trial 1 in 3 times...
2026-03-06 17:25:47,928[1256] - OBS_Win - INFO - OBS_Win started
2026-03-06 17:25:47,928[1256] - RobotTest_AcidicPlatform - INFO - unloading the sample to rack_id #13...
2026-03-06 17:26:47,073[1256] - RobotTest_AcidicPlatform - INFO - sample successfully unloaded from the cell
2026-03-06 17:26:50,647[1256] - OBS_Win - INFO - OBS_Win stopped
2026-03-06 17:26:51,088[1256] - OBS_Win - WARNING - cannot find ['OBS_start_record.png'] on screen
2026-03-06 17:26:54,408[1256] - OBS_Win - INFO - OBS_Win started
2026-03-06 17:26:54,408[1256] - RobotTest_AcidicPlatform - INFO - loading the sample from rack_id #14...
2026-03-06 17:27:32,327[1256] - RobotTest_AcidicPlatform - INFO - sample successfully loaded into the cell
2026-03-06 17:27:32,863[1256] - OBS_Win - INFO - OBS_Win stopped
2026-03-06 17:27:36,093[1256] - EC_Lab_Win11 - INFO - not in software yet
2026-03-06 17:27:36,389[1256] - EC_Lab_Win11 - INFO - attempting to open EC_Lab_Win11, trial 1 in 3 times...
2026-03-06 17:47:37,024[1256] - EC_Lab_Win11 - INFO - test is complete
2026-03-06 17:47:37,025[1256] - RobotTest_AcidicPlatform - INFO - test pH12_ZerothGen_sample#14_2026-03-06_17-26-50 finished
2026-03-06 17:47:37,209[1256] - OBS_Win - INFO - not in software yet
2026-03-06 17:47:37,509[1256] - OBS_Win - INFO - attempting to open OBS_Win, trial 1 in 3 times...
2026-03-06 17:47:41,037[1256] - OBS_Win - INFO - OBS_Win started
2026-03-06 17:47:41,038[1256] - RobotTest_AcidicPlatform - INFO - unloading the sample to rack_id #14...
2026-03-06 17:48:40,635[1256] - RobotTest_AcidicPlatform - INFO - sample successfully unloaded from the cell
2026-03-06 17:48:44,245[1256] - OBS_Win - INFO - OBS_Win stopped
2026-03-06 17:48:44,675[1256] - OBS_Win - WARNING - cannot find ['OBS_start_record.png'] on screen
2026-03-06 17:48:48,001[1256] - OBS_Win - INFO - OBS_Win started
2026-03-06 17:48:48,001[1256] - RobotTest_AcidicPlatform - INFO - loading the sample from rack_id #15...
2026-03-06 17:49:26,119[1256] - RobotTest_AcidicPlatform - INFO - sample successfully loaded into the cell
2026-03-06 17:49:26,783[1256] - OBS_Win - INFO - OBS_Win stopped
2026-03-06 17:50:01,272[1256] - EC_Lab_Win11 - INFO - not in software yet
2026-03-06 17:50:01,590[1256] - EC_Lab_Win11 - INFO - attempting to open EC_Lab_Win11, trial 1 in 3 times...
2026-03-06 17:50:04,814[1256] - EC_Lab_Win11 - INFO - not in software yet
2026-03-06 17:50:05,113[1256] - EC_Lab_Win11 - INFO - attempting to open EC_Lab_Win11, trial 2 in 3 times...
2026-03-06 18:09:33,196[1256] - EC_Lab_Win11 - INFO - test is complete
2026-03-06 18:09:33,196[1256] - RobotTest_AcidicPlatform - INFO - test pH12_ZerothGen_sample#15_2026-03-06_17-48-44 finished
2026-03-06 18:09:33,386[1256] - OBS_Win - INFO - not in software yet
2026-03-06 18:09:33,702[1256] - OBS_Win - INFO - attempting to open OBS_Win, trial 1 in 3 times...
2026-03-06 18:09:37,217[1256] - OBS_Win - INFO - OBS_Win started
2026-03-06 18:09:37,217[1256] - RobotTest_AcidicPlatform - INFO - unloading the sample to rack_id #15...
2026-03-06 18:10:37,149[1256] - RobotTest_AcidicPlatform - INFO - sample successfully unloaded from the cell
2026-03-06 18:10:40,706[1256] - OBS_Win - INFO - OBS_Win stopped
2026-03-06 18:10:41,108[1256] - OBS_Win - WARNING - cannot find ['OBS_start_record.png'] on screen
2026-03-06 18:10:44,426[1256] - OBS_Win - INFO - OBS_Win started
2026-03-06 18:10:44,426[1256] - RobotTest_AcidicPlatform - INFO - loading the sample from rack_id #16...
2026-03-06 18:11:23,168[1256] - RobotTest_AcidicPlatform - INFO - sample successfully loaded into the cell
2026-03-06 18:11:23,686[1256] - OBS_Win - INFO - OBS_Win stopped
2026-03-06 18:11:26,919[1256] - EC_Lab_Win11 - INFO - not in software yet
2026-03-06 18:11:27,203[1256] - EC_Lab_Win11 - INFO - attempting to open EC_Lab_Win11, trial 1 in 3 times...
2026-03-06 18:24:09,153[1256] - RobotTest_AcidicPlatform - INFO - human operating, fail to detect...
2026-03-06 18:31:37,722[1256] - EC_Lab_Win11 - INFO - test is complete
2026-03-06 18:31:37,722[1256] - RobotTest_AcidicPlatform - INFO - test pH12_ZerothGen_sample#16_2026-03-06_18-10-40 finished
2026-03-06 18:31:37,912[1256] - OBS_Win - INFO - not in software yet
2026-03-06 18:31:38,226[1256] - OBS_Win - INFO - attempting to open OBS_Win, trial 1 in 3 times...
2026-03-06 18:31:41,831[1256] - OBS_Win - INFO - OBS_Win started
2026-03-06 18:31:41,831[1256] - RobotTest_AcidicPlatform - INFO - unloading the sample to rack_id #16...
2026-03-06 18:32:42,243[1256] - RobotTest_AcidicPlatform - INFO - sample successfully unloaded from the cell
2026-03-06 18:32:45,946[1256] - OBS_Win - INFO - OBS_Win stopped
2026-03-06 18:32:46,435[1256] - OBS_Win - WARNING - cannot find ['OBS_start_record.png'] on screen
2026-03-06 18:32:49,775[1256] - OBS_Win - INFO - OBS_Win started
2026-03-06 18:32:49,775[1256] - RobotTest_AcidicPlatform - INFO - loading the sample from rack_id #17...
2026-03-06 18:33:28,723[1256] - RobotTest_AcidicPlatform - INFO - sample successfully loaded into the cell
2026-03-06 18:33:29,357[1256] - OBS_Win - INFO - OBS_Win stopped
2026-03-06 18:33:32,614[1256] - EC_Lab_Win11 - INFO - not in software yet
2026-03-06 18:33:32,947[1256] - EC_Lab_Win11 - INFO - attempting to open EC_Lab_Win11, trial 1 in 3 times...
2026-03-06 18:53:44,568[1256] - EC_Lab_Win11 - INFO - test is complete
2026-03-06 18:53:44,569[1256] - RobotTest_AcidicPlatform - INFO - test pH12_ZerothGen_sample#17_2026-03-06_18-32-45 finished
2026-03-06 18:53:44,764[1256] - OBS_Win - INFO - not in software yet
2026-03-06 18:53:45,060[1256] - OBS_Win - INFO - attempting to open OBS_Win, trial 1 in 3 times...
2026-03-06 18:53:48,640[1256] - OBS_Win - INFO - OBS_Win started
2026-03-06 18:53:48,640[1256] - RobotTest_AcidicPlatform - INFO - unloading the sample to rack_id #17...
2026-03-06 18:54:49,472[1256] - RobotTest_AcidicPlatform - INFO - sample successfully unloaded from the cell
2026-03-06 18:54:53,128[1256] - OBS_Win - INFO - OBS_Win stopped
2026-03-06 18:54:53,606[1256] - OBS_Win - WARNING - cannot find ['OBS_start_record.png'] on screen
2026-03-06 18:54:56,961[1256] - OBS_Win - INFO - OBS_Win started
2026-03-06 18:54:56,961[1256] - RobotTest_AcidicPlatform - INFO - loading the sample from rack_id #18...
2026-03-06 18:55:36,380[1256] - RobotTest_AcidicPlatform - INFO - sample successfully loaded into the cell
2026-03-06 18:55:36,998[1256] - OBS_Win - INFO - OBS_Win stopped
2026-03-06 18:55:40,270[1256] - EC_Lab_Win11 - INFO - not in software yet
2026-03-06 18:55:40,603[1256] - EC_Lab_Win11 - INFO - attempting to open EC_Lab_Win11, trial 1 in 3 times...
2026-03-06 19:14:21,057[1256] - RobotTest_AcidicPlatform - INFO - human operating, fail to detect...
2026-03-06 19:14:31,063[1256] - RobotTest_AcidicPlatform - INFO - human operating, fail to detect...
2026-03-06 19:14:41,073[1256] - RobotTest_AcidicPlatform - INFO - human operating, fail to detect...
2026-03-06 19:15:37,103[1256] - EC_Lab_Win11 - INFO - test is complete
2026-03-06 19:15:37,104[1256] - RobotTest_AcidicPlatform - INFO - test pH12_ZerothGen_sample#18_2026-03-06_18-54-53 finished
2026-03-06 19:15:37,289[1256] - OBS_Win - INFO - not in software yet
2026-03-06 19:15:37,586[1256] - OBS_Win - INFO - attempting to open OBS_Win, trial 1 in 3 times...
2026-03-06 19:15:41,185[1256] - OBS_Win - INFO - OBS_Win started
2026-03-06 19:15:41,185[1256] - RobotTest_AcidicPlatform - INFO - unloading the sample to rack_id #18...
2026-03-06 19:16:42,412[1256] - RobotTest_AcidicPlatform - INFO - sample successfully unloaded from the cell
2026-03-06 19:16:46,075[1256] - OBS_Win - INFO - OBS_Win stopped
2026-03-06 19:16:46,592[1256] - OBS_Win - WARNING - cannot find ['OBS_start_record.png'] on screen
2026-03-06 19:16:49,943[1256] - OBS_Win - INFO - OBS_Win started
2026-03-06 19:16:49,943[1256] - RobotTest_AcidicPlatform - INFO - loading the sample from rack_id #19...
2026-03-06 19:17:30,069[1256] - RobotTest_AcidicPlatform - INFO - sample successfully loaded into the cell
2026-03-06 19:17:30,732[1256] - OBS_Win - INFO - OBS_Win stopped
2026-03-06 19:17:33,980[1256] - EC_Lab_Win11 - INFO - not in software yet
2026-03-06 19:17:34,303[1256] - EC_Lab_Win11 - INFO - attempting to open EC_Lab_Win11, trial 1 in 3 times...
2026-03-06 19:37:44,876[1256] - EC_Lab_Win11 - INFO - test is complete
2026-03-06 19:37:44,877[1256] - RobotTest_AcidicPlatform - INFO - test pH12_ZerothGen_sample#19_2026-03-06_19-16-46 finished
2026-03-06 19:37:45,059[1256] - OBS_Win - INFO - not in software yet
2026-03-06 19:37:45,366[1256] - OBS_Win - INFO - attempting to open OBS_Win, trial 1 in 3 times...
2026-03-06 19:37:48,967[1256] - OBS_Win - INFO - OBS_Win started
2026-03-06 19:37:48,967[1256] - RobotTest_AcidicPlatform - INFO - unloading the sample to rack_id #19...
2026-03-06 19:38:50,692[1256] - RobotTest_AcidicPlatform - INFO - sample successfully unloaded from the cell
2026-03-06 19:38:54,366[1256] - OBS_Win - INFO - OBS_Win stopped
2026-03-06 19:38:54,845[1256] - OBS_Win - WARNING - cannot find ['OBS_start_record.png'] on screen
2026-03-06 19:38:58,196[1256] - OBS_Win - INFO - OBS_Win started
2026-03-06 19:38:58,196[1256] - RobotTest_AcidicPlatform - INFO - loading the sample from rack_id #20...
2026-03-06 19:39:38,502[1256] - RobotTest_AcidicPlatform - INFO - sample successfully loaded into the cell
2026-03-06 19:39:39,114[1256] - OBS_Win - INFO - OBS_Win stopped
2026-03-06 19:39:42,381[1256] - EC_Lab_Win11 - INFO - not in software yet
2026-03-06 19:39:42,693[1256] - EC_Lab_Win11 - INFO - attempting to open EC_Lab_Win11, trial 1 in 3 times...
2026-03-06 19:46:59,646[1256] - RobotTest_AcidicPlatform - INFO - human operating, fail to detect...
2026-03-06 19:47:09,647[1256] - RobotTest_AcidicPlatform - INFO - human operating, fail to detect...
2026-03-06 19:47:19,651[1256] - RobotTest_AcidicPlatform - INFO - human operating, fail to detect...
2026-03-06 19:47:29,658[1256] - RobotTest_AcidicPlatform - INFO - human operating, fail to detect...
2026-03-06 19:47:39,665[1256] - RobotTest_AcidicPlatform - INFO - human operating, fail to detect...
2026-03-06 19:47:49,672[1256] - RobotTest_AcidicPlatform - INFO - human operating, fail to detect...
2026-03-06 19:47:59,673[1256] - RobotTest_AcidicPlatform - INFO - human operating, fail to detect...
2026-03-06 19:48:09,676[1256] - RobotTest_AcidicPlatform - INFO - human operating, fail to detect...
2026-03-06 19:48:19,686[1256] - RobotTest_AcidicPlatform - INFO - human operating, fail to detect...
2026-03-06 19:48:29,692[1256] - RobotTest_AcidicPlatform - INFO - human operating, fail to detect...
2026-03-06 19:48:39,702[1256] - RobotTest_AcidicPlatform - INFO - human operating, fail to detect...
2026-03-06 19:48:49,713[1256] - RobotTest_AcidicPlatform - INFO - human operating, fail to detect...
2026-03-06 19:48:59,714[1256] - RobotTest_AcidicPlatform - INFO - human operating, fail to detect...
2026-03-06 19:49:09,720[1256] - RobotTest_AcidicPlatform - INFO - human operating, fail to detect...
2026-03-06 19:49:19,723[1256] - RobotTest_AcidicPlatform - INFO - human operating, fail to detect...
2026-03-06 19:59:50,971[1256] - EC_Lab_Win11 - INFO - test is complete
2026-03-06 19:59:50,972[1256] - RobotTest_AcidicPlatform - INFO - test pH12_ZerothGen_sample#20_2026-03-06_19-38-54 finished
2026-03-06 19:59:51,176[1256] - OBS_Win - INFO - not in software yet
2026-03-06 19:59:51,505[1256] - OBS_Win - INFO - attempting to open OBS_Win, trial 1 in 3 times...
2026-03-06 19:59:55,125[1256] - OBS_Win - INFO - OBS_Win started
2026-03-06 19:59:55,125[1256] - RobotTest_AcidicPlatform - INFO - unloading the sample to rack_id #20...
2026-03-06 20:00:57,246[1256] - RobotTest_AcidicPlatform - INFO - sample successfully unloaded from the cell
2026-03-06 20:01:00,947[1256] - OBS_Win - INFO - OBS_Win stopped
