2026-03-11 11:52:37,401[17132] - RobotTest_AcidicPlatform - INFO - started a batch of test, with sample_rack_id : sample_id = {2: 2, 3: 3, 4: 4, 5: 5, 6: 6, 7: 7, 8: 8, 9: 9, 10: 10, 11: 11, 12: 12, 13: 13, 14: 14, 15: 15, 16: 16, 17: 17, 18: 18, 19: 19, 20: 20}
2026-03-11 11:52:51,677[17132] - OBS_Win - INFO - not in software yet
2026-03-11 11:52:52,019[17132] - OBS_Win - INFO - attempting to open OBS_Win, trial 1 in 3 times...
2026-03-11 11:52:55,573[17132] - OBS_Win - INFO - OBS_Win started
2026-03-11 11:52:55,573[17132] - RobotTest_AcidicPlatform - INFO - loading the sample from rack_id #2...
2026-03-11 11:53:34,622[17132] - RobotTest_AcidicPlatform - INFO - sample successfully loaded into the cell
2026-03-11 11:53:35,206[17132] - OBS_Win - INFO - OBS_Win stopped
2026-03-11 11:53:38,433[17132] - EC_Lab_Win11 - INFO - not in software yet
2026-03-11 11:53:38,737[17132] - EC_Lab_Win11 - INFO - attempting to open EC_Lab_Win11, trial 1 in 3 times...
2026-03-11 12:17:46,425[17132] - EC_Lab_Win11 - INFO - test is complete
2026-03-11 12:17:46,425[17132] - RobotTest_AcidicPlatform - INFO - test pH12P7_ZerothGen_sample#2_2026-03-11_11-52-51 finished
2026-03-11 12:17:46,611[17132] - OBS_Win - INFO - not in software yet
2026-03-11 12:17:46,913[17132] - OBS_Win - INFO - attempting to open OBS_Win, trial 1 in 3 times...
2026-03-11 12:17:50,435[17132] - OBS_Win - INFO - OBS_Win started
2026-03-11 12:17:50,435[17132] - RobotTest_AcidicPlatform - INFO - unloading the sample to rack_id #2...
2026-03-11 12:18:48,828[17132] - RobotTest_AcidicPlatform - INFO - sample successfully unloaded from the cell
2026-03-11 12:18:52,417[17132] - OBS_Win - INFO - OBS_Win stopped
2026-03-11 12:18:52,849[17132] - OBS_Win - WARNING - cannot find ['OBS_start_record.png'] on screen
2026-03-11 12:18:56,176[17132] - OBS_Win - INFO - OBS_Win started
2026-03-11 12:18:56,176[17132] - RobotTest_AcidicPlatform - INFO - loading the sample from rack_id #3...
2026-03-11 12:19:29,153[17132] - RobotTest_AcidicPlatform - INFO - sample successfully loaded into the cell
2026-03-11 12:19:29,688[17132] - OBS_Win - INFO - OBS_Win stopped
2026-03-11 12:19:32,920[17132] - EC_Lab_Win11 - INFO - not in software yet
2026-03-11 12:19:33,227[17132] - EC_Lab_Win11 - INFO - attempting to open EC_Lab_Win11, trial 1 in 3 times...
2026-03-11 12:43:29,391[17132] - EC_Lab_Win11 - INFO - test is complete
2026-03-11 12:43:29,391[17132] - RobotTest_AcidicPlatform - INFO - test pH12P7_ZerothGen_sample#3_2026-03-11_12-18-52 finished
2026-03-11 12:43:29,580[17132] - OBS_Win - INFO - not in software yet
2026-03-11 12:43:29,886[17132] - OBS_Win - INFO - attempting to open OBS_Win, trial 1 in 3 times...
2026-03-11 12:43:33,417[17132] - OBS_Win - INFO - OBS_Win started
2026-03-11 12:43:33,417[17132] - RobotTest_AcidicPlatform - INFO - unloading the sample to rack_id #3...
2026-03-11 12:44:31,397[17132] - RobotTest_AcidicPlatform - INFO - sample successfully unloaded from the cell
2026-03-11 12:44:34,976[17132] - OBS_Win - INFO - OBS_Win stopped
2026-03-11 12:44:35,379[17132] - OBS_Win - WARNING - cannot find ['OBS_start_record.png'] on screen
2026-03-11 12:44:38,701[17132] - OBS_Win - INFO - OBS_Win started
2026-03-11 12:44:38,701[17132] - RobotTest_AcidicPlatform - INFO - loading the sample from rack_id #4...
2026-03-11 12:45:12,196[17132] - RobotTest_AcidicPlatform - INFO - sample successfully loaded into the cell
2026-03-11 12:45:12,730[17132] - OBS_Win - INFO - OBS_Win stopped
2026-03-11 12:45:15,964[17132] - EC_Lab_Win11 - INFO - not in software yet
2026-03-11 12:45:16,264[17132] - EC_Lab_Win11 - INFO - attempting to open EC_Lab_Win11, trial 1 in 3 times...
2026-03-11 13:10:08,755[17132] - EC_Lab_Win11 - INFO - test is complete
2026-03-11 13:10:08,755[17132] - RobotTest_AcidicPlatform - INFO - test pH12P7_ZerothGen_sample#4_2026-03-11_12-44-34 finished
2026-03-11 13:10:08,966[17132] - OBS_Win - INFO - not in software yet
2026-03-11 13:10:09,301[17132] - OBS_Win - INFO - attempting to open OBS_Win, trial 1 in 3 times...
2026-03-11 13:10:12,860[17132] - OBS_Win - INFO - OBS_Win started
2026-03-11 13:10:12,860[17132] - RobotTest_AcidicPlatform - INFO - unloading the sample to rack_id #4...
2026-03-11 13:11:10,437[17132] - RobotTest_AcidicPlatform - INFO - sample successfully unloaded from the cell
2026-03-11 13:11:14,017[17132] - OBS_Win - INFO - OBS_Win stopped
2026-03-11 13:11:14,450[17132] - OBS_Win - WARNING - cannot find ['OBS_start_record.png'] on screen
2026-03-11 13:11:17,786[17132] - OBS_Win - INFO - OBS_Win started
2026-03-11 13:11:17,786[17132] - RobotTest_AcidicPlatform - INFO - loading the sample from rack_id #5...
2026-03-11 13:11:51,707[17132] - RobotTest_AcidicPlatform - INFO - sample successfully loaded into the cell
2026-03-11 13:11:52,243[17132] - OBS_Win - INFO - OBS_Win stopped
2026-03-11 13:11:55,483[17132] - EC_Lab_Win11 - INFO - not in software yet
2026-03-11 13:11:55,790[17132] - EC_Lab_Win11 - INFO - attempting to open EC_Lab_Win11, trial 1 in 3 times...
2026-03-11 13:15:28,917[17132] - RobotTest_AcidicPlatform - INFO - human operating, fail to detect...
2026-03-11 13:15:38,935[17132] - RobotTest_AcidicPlatform - INFO - human operating, fail to detect...
2026-03-11 13:15:48,941[17132] - RobotTest_AcidicPlatform - INFO - human operating, fail to detect...
2026-03-11 13:15:59,763[17132] - EC_Lab_Win11 - INFO - not in software yet
2026-03-11 13:16:00,076[17132] - EC_Lab_Win11 - INFO - attempting to open EC_Lab_Win11, trial 1 in 3 times...
2026-03-11 13:16:03,313[17132] - EC_Lab_Win11 - INFO - not in software yet
2026-03-11 13:16:03,629[17132] - EC_Lab_Win11 - INFO - attempting to open EC_Lab_Win11, trial 2 in 3 times...
2026-03-11 13:36:07,892[17132] - EC_Lab_Win11 - INFO - test is complete
2026-03-11 13:36:07,892[17132] - RobotTest_AcidicPlatform - INFO - test pH12P7_ZerothGen_sample#5_2026-03-11_13-11-14 finished
2026-03-11 13:36:08,091[17132] - OBS_Win - INFO - not in software yet
2026-03-11 13:36:08,383[17132] - OBS_Win - INFO - attempting to open OBS_Win, trial 1 in 3 times...
2026-03-11 13:36:11,899[17132] - OBS_Win - INFO - OBS_Win started
2026-03-11 13:36:11,899[17132] - RobotTest_AcidicPlatform - INFO - unloading the sample to rack_id #5...
2026-03-11 13:37:09,121[17132] - RobotTest_AcidicPlatform - INFO - sample successfully unloaded from the cell
2026-03-11 13:37:12,714[17132] - OBS_Win - INFO - OBS_Win stopped
2026-03-11 13:37:13,125[17132] - OBS_Win - WARNING - cannot find ['OBS_start_record.png'] on screen
2026-03-11 13:37:16,444[17132] - OBS_Win - INFO - OBS_Win started
2026-03-11 13:37:16,444[17132] - RobotTest_AcidicPlatform - INFO - loading the sample from rack_id #6...
2026-03-11 13:37:50,911[17132] - RobotTest_AcidicPlatform - INFO - sample successfully loaded into the cell
2026-03-11 13:37:51,461[17132] - OBS_Win - INFO - OBS_Win stopped
2026-03-11 13:37:54,696[17132] - EC_Lab_Win11 - INFO - not in software yet
2026-03-11 13:37:54,990[17132] - EC_Lab_Win11 - INFO - attempting to open EC_Lab_Win11, trial 1 in 3 times...
2026-03-11 14:02:13,417[17132] - EC_Lab_Win11 - INFO - test is complete
2026-03-11 14:02:13,417[17132] - RobotTest_AcidicPlatform - INFO - test pH12P7_ZerothGen_sample#6_2026-03-11_13-37-12 finished
2026-03-11 14:02:13,601[17132] - OBS_Win - INFO - not in software yet
2026-03-11 14:02:13,910[17132] - OBS_Win - INFO - attempting to open OBS_Win, trial 1 in 3 times...
2026-03-11 14:02:17,441[17132] - OBS_Win - INFO - OBS_Win started
2026-03-11 14:02:17,441[17132] - RobotTest_AcidicPlatform - INFO - unloading the sample to rack_id #6...
2026-03-11 14:03:14,004[17132] - RobotTest_AcidicPlatform - INFO - sample successfully unloaded from the cell
2026-03-11 14:03:17,603[17132] - OBS_Win - INFO - OBS_Win stopped
2026-03-11 14:03:18,021[17132] - OBS_Win - WARNING - cannot find ['OBS_start_record.png'] on screen
2026-03-11 14:03:21,339[17132] - OBS_Win - INFO - OBS_Win started
2026-03-11 14:03:21,339[17132] - RobotTest_AcidicPlatform - INFO - loading the sample from rack_id #7...
2026-03-11 14:03:56,167[17132] - RobotTest_AcidicPlatform - INFO - sample successfully loaded into the cell
2026-03-11 14:03:56,704[17132] - OBS_Win - INFO - OBS_Win stopped
2026-03-11 14:03:59,940[17132] - EC_Lab_Win11 - INFO - not in software yet
2026-03-11 14:04:00,238[17132] - EC_Lab_Win11 - INFO - attempting to open EC_Lab_Win11, trial 1 in 3 times...
2026-03-11 14:28:08,464[17132] - EC_Lab_Win11 - INFO - test is complete
2026-03-11 14:28:08,464[17132] - RobotTest_AcidicPlatform - INFO - test pH12P7_ZerothGen_sample#7_2026-03-11_14-03-17 finished
2026-03-11 14:28:08,651[17132] - OBS_Win - INFO - not in software yet
2026-03-11 14:28:08,978[17132] - OBS_Win - INFO - attempting to open OBS_Win, trial 1 in 3 times...
2026-03-11 14:28:12,490[17132] - OBS_Win - INFO - OBS_Win started
2026-03-11 14:28:12,490[17132] - RobotTest_AcidicPlatform - INFO - unloading the sample to rack_id #7...
2026-03-11 14:29:09,036[17132] - RobotTest_AcidicPlatform - INFO - sample successfully unloaded from the cell
2026-03-11 14:29:12,601[17132] - OBS_Win - INFO - OBS_Win stopped
2026-03-11 14:29:13,041[17132] - OBS_Win - WARNING - cannot find ['OBS_start_record.png'] on screen
2026-03-11 14:29:16,363[17132] - OBS_Win - INFO - OBS_Win started
2026-03-11 14:29:16,363[17132] - RobotTest_AcidicPlatform - INFO - loading the sample from rack_id #8...
2026-03-11 14:29:51,428[17132] - RobotTest_AcidicPlatform - INFO - sample successfully loaded into the cell
2026-03-11 14:29:51,964[17132] - OBS_Win - INFO - OBS_Win stopped
2026-03-11 14:29:55,204[17132] - EC_Lab_Win11 - INFO - not in software yet
2026-03-11 14:29:55,499[17132] - EC_Lab_Win11 - INFO - attempting to open EC_Lab_Win11, trial 1 in 3 times...
2026-03-11 14:54:03,261[17132] - EC_Lab_Win11 - INFO - test is complete
2026-03-11 14:54:03,261[17132] - RobotTest_AcidicPlatform - INFO - test pH12P7_ZerothGen_sample#8_2026-03-11_14-29-12 finished
2026-03-11 14:54:03,452[17132] - OBS_Win - INFO - not in software yet
2026-03-11 14:54:03,787[17132] - OBS_Win - INFO - attempting to open OBS_Win, trial 1 in 3 times...
2026-03-11 14:54:07,308[17132] - OBS_Win - INFO - OBS_Win started
2026-03-11 14:54:07,309[17132] - RobotTest_AcidicPlatform - INFO - unloading the sample to rack_id #8...
2026-03-11 14:55:04,337[17132] - RobotTest_AcidicPlatform - INFO - sample successfully unloaded from the cell
2026-03-11 14:55:07,950[17132] - OBS_Win - INFO - OBS_Win stopped
2026-03-11 14:55:08,381[17132] - OBS_Win - WARNING - cannot find ['OBS_start_record.png'] on screen
2026-03-11 14:55:11,716[17132] - OBS_Win - INFO - OBS_Win started
2026-03-11 14:55:11,716[17132] - RobotTest_AcidicPlatform - INFO - loading the sample from rack_id #9...
2026-03-11 14:55:47,343[17132] - RobotTest_AcidicPlatform - INFO - sample successfully loaded into the cell
2026-03-11 14:55:47,881[17132] - OBS_Win - INFO - OBS_Win stopped
2026-03-11 14:55:51,121[17132] - EC_Lab_Win11 - INFO - not in software yet
2026-03-11 14:55:51,413[17132] - EC_Lab_Win11 - INFO - attempting to open EC_Lab_Win11, trial 1 in 3 times...
2026-03-11 15:19:59,482[17132] - EC_Lab_Win11 - INFO - test is complete
2026-03-11 15:19:59,482[17132] - RobotTest_AcidicPlatform - INFO - test pH12P7_ZerothGen_sample#9_2026-03-11_14-55-07 finished
2026-03-11 15:19:59,688[17132] - OBS_Win - INFO - not in software yet
2026-03-11 15:20:00,005[17132] - OBS_Win - INFO - attempting to open OBS_Win, trial 1 in 3 times...
2026-03-11 15:20:03,568[17132] - OBS_Win - INFO - OBS_Win started
2026-03-11 15:20:03,568[17132] - RobotTest_AcidicPlatform - INFO - unloading the sample to rack_id #9...
2026-03-11 15:21:01,005[17132] - RobotTest_AcidicPlatform - INFO - sample successfully unloaded from the cell
2026-03-11 15:21:04,630[17132] - OBS_Win - INFO - OBS_Win stopped
2026-03-11 15:21:05,064[17132] - OBS_Win - WARNING - cannot find ['OBS_start_record.png'] on screen
2026-03-11 15:21:08,383[17132] - OBS_Win - INFO - OBS_Win started
2026-03-11 15:21:08,383[17132] - RobotTest_AcidicPlatform - INFO - loading the sample from rack_id #10...
2026-03-11 15:21:44,495[17132] - RobotTest_AcidicPlatform - INFO - sample successfully loaded into the cell
2026-03-11 15:21:45,030[17132] - OBS_Win - INFO - OBS_Win stopped
2026-03-11 15:21:48,274[17132] - EC_Lab_Win11 - INFO - not in software yet
2026-03-11 15:21:48,578[17132] - EC_Lab_Win11 - INFO - attempting to open EC_Lab_Win11, trial 1 in 3 times...
2026-03-11 15:45:44,783[17132] - EC_Lab_Win11 - INFO - test is complete
2026-03-11 15:45:44,783[17132] - RobotTest_AcidicPlatform - INFO - test pH12P7_ZerothGen_sample#10_2026-03-11_15-21-04 finished
2026-03-11 15:45:44,971[17132] - OBS_Win - INFO - not in software yet
2026-03-11 15:45:45,290[17132] - OBS_Win - INFO - attempting to open OBS_Win, trial 1 in 3 times...
2026-03-11 15:45:48,825[17132] - OBS_Win - INFO - OBS_Win started
2026-03-11 15:45:48,825[17132] - RobotTest_AcidicPlatform - INFO - unloading the sample to rack_id #10...
2026-03-11 15:46:46,682[17132] - RobotTest_AcidicPlatform - INFO - sample successfully unloaded from the cell
2026-03-11 15:46:50,265[17132] - OBS_Win - INFO - OBS_Win stopped
2026-03-11 15:46:50,693[17132] - OBS_Win - WARNING - cannot find ['OBS_start_record.png'] on screen
2026-03-11 15:46:54,010[17132] - OBS_Win - INFO - OBS_Win started
2026-03-11 15:46:54,010[17132] - RobotTest_AcidicPlatform - INFO - loading the sample from rack_id #11...
2026-03-11 15:47:30,347[17132] - RobotTest_AcidicPlatform - INFO - sample successfully loaded into the cell
2026-03-11 15:47:30,900[17132] - OBS_Win - INFO - OBS_Win stopped
2026-03-11 15:47:34,127[17132] - EC_Lab_Win11 - INFO - not in software yet
2026-03-11 15:47:34,442[17132] - EC_Lab_Win11 - INFO - attempting to open EC_Lab_Win11, trial 1 in 3 times...
2026-03-11 16:11:41,751[17132] - EC_Lab_Win11 - INFO - test is complete
2026-03-11 16:11:41,751[17132] - RobotTest_AcidicPlatform - INFO - test pH12P7_ZerothGen_sample#11_2026-03-11_15-46-50 finished
2026-03-11 16:11:41,937[17132] - OBS_Win - INFO - not in software yet
2026-03-11 16:11:42,257[17132] - OBS_Win - INFO - attempting to open OBS_Win, trial 1 in 3 times...
2026-03-11 16:11:45,790[17132] - OBS_Win - INFO - OBS_Win started
2026-03-11 16:11:45,790[17132] - RobotTest_AcidicPlatform - INFO - unloading the sample to rack_id #11...
2026-03-11 16:12:44,009[17132] - RobotTest_AcidicPlatform - INFO - sample successfully unloaded from the cell
2026-03-11 16:12:47,588[17132] - OBS_Win - INFO - OBS_Win stopped
2026-03-11 16:12:48,025[17132] - OBS_Win - WARNING - cannot find ['OBS_start_record.png'] on screen
2026-03-11 16:12:51,341[17132] - OBS_Win - INFO - OBS_Win started
2026-03-11 16:12:51,341[17132] - RobotTest_AcidicPlatform - INFO - loading the sample from rack_id #12...
2026-03-11 16:13:28,455[17132] - RobotTest_AcidicPlatform - INFO - sample successfully loaded into the cell
2026-03-11 16:13:28,991[17132] - OBS_Win - INFO - OBS_Win stopped
2026-03-11 16:13:32,214[17132] - EC_Lab_Win11 - INFO - not in software yet
2026-03-11 16:13:32,514[17132] - EC_Lab_Win11 - INFO - attempting to open EC_Lab_Win11, trial 1 in 3 times...
2026-03-11 16:37:39,602[17132] - EC_Lab_Win11 - INFO - test is complete
2026-03-11 16:37:39,602[17132] - RobotTest_AcidicPlatform - INFO - test pH12P7_ZerothGen_sample#12_2026-03-11_16-12-47 finished
2026-03-11 16:37:39,790[17132] - OBS_Win - INFO - not in software yet
2026-03-11 16:37:40,097[17132] - OBS_Win - INFO - attempting to open OBS_Win, trial 1 in 3 times...
2026-03-11 16:37:43,625[17132] - OBS_Win - INFO - OBS_Win started
2026-03-11 16:37:43,625[17132] - RobotTest_AcidicPlatform - INFO - unloading the sample to rack_id #12...
2026-03-11 16:38:42,422[17132] - RobotTest_AcidicPlatform - INFO - sample successfully unloaded from the cell
2026-03-11 16:38:45,979[17132] - OBS_Win - INFO - OBS_Win stopped
2026-03-11 16:38:46,412[17132] - OBS_Win - WARNING - cannot find ['OBS_start_record.png'] on screen
2026-03-11 16:38:49,731[17132] - OBS_Win - INFO - OBS_Win started
2026-03-11 16:38:49,731[17132] - RobotTest_AcidicPlatform - INFO - loading the sample from rack_id #13...
2026-03-11 16:39:27,136[17132] - RobotTest_AcidicPlatform - INFO - sample successfully loaded into the cell
2026-03-11 16:39:27,670[17132] - OBS_Win - INFO - OBS_Win stopped
2026-03-11 16:39:30,897[17132] - EC_Lab_Win11 - INFO - not in software yet
2026-03-11 16:39:31,198[17132] - EC_Lab_Win11 - INFO - attempting to open EC_Lab_Win11, trial 1 in 3 times...
2026-03-11 17:03:49,585[17132] - EC_Lab_Win11 - INFO - test is complete
2026-03-11 17:03:49,586[17132] - RobotTest_AcidicPlatform - INFO - test pH12P7_ZerothGen_sample#13_2026-03-11_16-38-45 finished
2026-03-11 17:03:49,768[17132] - OBS_Win - INFO - not in software yet
2026-03-11 17:03:50,059[17132] - OBS_Win - INFO - attempting to open OBS_Win, trial 1 in 3 times...
2026-03-11 17:03:53,606[17132] - OBS_Win - INFO - OBS_Win started
2026-03-11 17:03:53,606[17132] - RobotTest_AcidicPlatform - INFO - unloading the sample to rack_id #13...
2026-03-11 17:04:52,760[17132] - RobotTest_AcidicPlatform - INFO - sample successfully unloaded from the cell
2026-03-11 17:04:56,315[17132] - OBS_Win - INFO - OBS_Win stopped
2026-03-11 17:04:56,755[17132] - OBS_Win - WARNING - cannot find ['OBS_start_record.png'] on screen
2026-03-11 17:05:00,072[17132] - OBS_Win - INFO - OBS_Win started
2026-03-11 17:05:00,072[17132] - RobotTest_AcidicPlatform - INFO - loading the sample from rack_id #14...
2026-03-11 17:05:37,908[17132] - RobotTest_AcidicPlatform - INFO - sample successfully loaded into the cell
2026-03-11 17:05:38,444[17132] - OBS_Win - INFO - OBS_Win stopped
2026-03-11 17:05:41,683[17132] - EC_Lab_Win11 - INFO - not in software yet
2026-03-11 17:05:41,994[17132] - EC_Lab_Win11 - INFO - attempting to open EC_Lab_Win11, trial 1 in 3 times...
2026-03-11 17:06:16,737[17132] - EC_Lab_Win11 - INFO - not in software yet
2026-03-11 17:06:17,062[17132] - EC_Lab_Win11 - INFO - attempting to open EC_Lab_Win11, trial 1 in 3 times...
2026-03-11 17:06:20,285[17132] - EC_Lab_Win11 - INFO - not in software yet
2026-03-11 17:06:20,591[17132] - EC_Lab_Win11 - INFO - attempting to open EC_Lab_Win11, trial 2 in 3 times...
2026-03-11 17:23:11,869[17132] - RobotTest_AcidicPlatform - INFO - human operating, fail to detect...
2026-03-11 17:23:21,875[17132] - RobotTest_AcidicPlatform - INFO - human operating, fail to detect...
2026-03-11 17:23:31,883[17132] - RobotTest_AcidicPlatform - INFO - human operating, fail to detect...
2026-03-11 17:23:42,682[17132] - EC_Lab_Win11 - INFO - not in software yet
2026-03-11 17:23:43,009[17132] - EC_Lab_Win11 - INFO - attempting to open EC_Lab_Win11, trial 1 in 3 times...
2026-03-11 17:23:46,244[17132] - EC_Lab_Win11 - INFO - not in software yet
2026-03-11 17:23:46,552[17132] - EC_Lab_Win11 - INFO - attempting to open EC_Lab_Win11, trial 2 in 3 times...
2026-03-11 17:29:37,590[17132] - EC_Lab_Win11 - INFO - test is complete
2026-03-11 17:29:37,590[17132] - RobotTest_AcidicPlatform - INFO - test pH12P7_ZerothGen_sample#14_2026-03-11_17-04-56 finished
2026-03-11 17:29:37,783[17132] - OBS_Win - INFO - not in software yet
2026-03-11 17:29:38,098[17132] - OBS_Win - INFO - attempting to open OBS_Win, trial 1 in 3 times...
2026-03-11 17:29:41,628[17132] - OBS_Win - INFO - OBS_Win started
2026-03-11 17:29:41,628[17132] - RobotTest_AcidicPlatform - INFO - unloading the sample to rack_id #14...
2026-03-11 17:30:41,317[17132] - RobotTest_AcidicPlatform - INFO - sample successfully unloaded from the cell
2026-03-11 17:30:44,865[17132] - OBS_Win - INFO - OBS_Win stopped
2026-03-11 17:30:45,296[17132] - OBS_Win - WARNING - cannot find ['OBS_start_record.png'] on screen
2026-03-11 17:30:48,618[17132] - OBS_Win - INFO - OBS_Win started
2026-03-11 17:30:48,618[17132] - RobotTest_AcidicPlatform - INFO - loading the sample from rack_id #15...
2026-03-11 17:31:26,662[17132] - RobotTest_AcidicPlatform - INFO - sample successfully loaded into the cell
2026-03-11 17:31:27,199[17132] - OBS_Win - INFO - OBS_Win stopped
2026-03-11 17:31:30,440[17132] - EC_Lab_Win11 - INFO - not in software yet
2026-03-11 17:31:30,779[17132] - EC_Lab_Win11 - INFO - attempting to open EC_Lab_Win11, trial 1 in 3 times...
2026-03-11 17:32:05,485[17132] - EC_Lab_Win11 - INFO - not in software yet
2026-03-11 17:32:05,788[17132] - EC_Lab_Win11 - INFO - attempting to open EC_Lab_Win11, trial 1 in 3 times...
2026-03-11 17:32:09,026[17132] - EC_Lab_Win11 - INFO - not in software yet
2026-03-11 17:32:09,334[17132] - EC_Lab_Win11 - INFO - attempting to open EC_Lab_Win11, trial 2 in 3 times...
2026-03-11 17:39:06,606[17132] - RobotTest_AcidicPlatform - INFO - human operating, fail to detect...
2026-03-11 17:39:16,620[17132] - RobotTest_AcidicPlatform - INFO - human operating, fail to detect...
2026-03-11 17:39:26,630[17132] - RobotTest_AcidicPlatform - INFO - human operating, fail to detect...
2026-03-11 17:39:36,639[17132] - RobotTest_AcidicPlatform - INFO - human operating, fail to detect...
2026-03-11 17:39:46,640[17132] - RobotTest_AcidicPlatform - INFO - human operating, fail to detect...
2026-03-11 17:39:56,652[17132] - RobotTest_AcidicPlatform - INFO - human operating, fail to detect...
2026-03-11 17:40:06,655[17132] - RobotTest_AcidicPlatform - INFO - human operating, fail to detect...
2026-03-11 17:40:16,666[17132] - RobotTest_AcidicPlatform - INFO - human operating, fail to detect...
2026-03-11 17:40:26,677[17132] - RobotTest_AcidicPlatform - INFO - human operating, fail to detect...
2026-03-11 17:40:36,691[17132] - RobotTest_AcidicPlatform - INFO - human operating, fail to detect...
2026-03-11 17:41:20,441[17132] - RobotTest_AcidicPlatform - INFO - human operating, fail to detect...
2026-03-11 17:41:30,452[17132] - RobotTest_AcidicPlatform - INFO - human operating, fail to detect...
2026-03-11 17:41:41,254[17132] - EC_Lab_Win11 - INFO - not in software yet
2026-03-11 17:41:41,555[17132] - EC_Lab_Win11 - INFO - attempting to open EC_Lab_Win11, trial 1 in 3 times...
2026-03-11 17:41:44,783[17132] - EC_Lab_Win11 - INFO - not in software yet
2026-03-11 17:41:45,073[17132] - EC_Lab_Win11 - INFO - attempting to open EC_Lab_Win11, trial 2 in 3 times...
2026-03-11 17:55:26,767[17132] - EC_Lab_Win11 - INFO - test is complete
2026-03-11 17:55:26,767[17132] - RobotTest_AcidicPlatform - INFO - test pH12P7_ZerothGen_sample#15_2026-03-11_17-30-44 finished
2026-03-11 17:55:26,956[17132] - OBS_Win - INFO - not in software yet
2026-03-11 17:55:27,270[17132] - OBS_Win - INFO - attempting to open OBS_Win, trial 1 in 3 times...
2026-03-11 17:55:30,796[17132] - OBS_Win - INFO - OBS_Win started
2026-03-11 17:55:30,796[17132] - RobotTest_AcidicPlatform - INFO - unloading the sample to rack_id #15...
2026-03-11 17:56:30,738[17132] - RobotTest_AcidicPlatform - INFO - sample successfully unloaded from the cell
2026-03-11 17:56:34,303[17132] - OBS_Win - INFO - OBS_Win stopped
2026-03-11 17:56:34,725[17132] - OBS_Win - WARNING - cannot find ['OBS_start_record.png'] on screen
2026-03-11 17:56:38,057[17132] - OBS_Win - INFO - OBS_Win started
2026-03-11 17:56:38,057[17132] - RobotTest_AcidicPlatform - INFO - loading the sample from rack_id #16...
2026-03-11 17:57:16,613[17132] - RobotTest_AcidicPlatform - INFO - sample successfully loaded into the cell
2026-03-11 17:57:17,150[17132] - OBS_Win - INFO - OBS_Win stopped
2026-03-11 17:57:20,381[17132] - EC_Lab_Win11 - INFO - not in software yet
2026-03-11 17:57:20,686[17132] - EC_Lab_Win11 - INFO - attempting to open EC_Lab_Win11, trial 1 in 3 times...
2026-03-11 18:21:39,400[17132] - EC_Lab_Win11 - INFO - test is complete
2026-03-11 18:21:39,400[17132] - RobotTest_AcidicPlatform - INFO - test pH12P7_ZerothGen_sample#16_2026-03-11_17-56-34 finished
2026-03-11 18:21:39,589[17132] - OBS_Win - INFO - not in software yet
2026-03-11 18:21:39,902[17132] - OBS_Win - INFO - attempting to open OBS_Win, trial 1 in 3 times...
2026-03-11 18:21:43,436[17132] - OBS_Win - INFO - OBS_Win started
2026-03-11 18:21:43,436[17132] - RobotTest_AcidicPlatform - INFO - unloading the sample to rack_id #16...
2026-03-11 18:22:43,826[17132] - RobotTest_AcidicPlatform - INFO - sample successfully unloaded from the cell
2026-03-11 18:22:47,385[17132] - OBS_Win - INFO - OBS_Win stopped
2026-03-11 18:22:47,797[17132] - OBS_Win - WARNING - cannot find ['OBS_start_record.png'] on screen
2026-03-11 18:22:51,117[17132] - OBS_Win - INFO - OBS_Win started
2026-03-11 18:22:51,117[17132] - RobotTest_AcidicPlatform - INFO - loading the sample from rack_id #17...
2026-03-11 18:23:30,193[17132] - RobotTest_AcidicPlatform - INFO - sample successfully loaded into the cell
2026-03-11 18:23:30,725[17132] - OBS_Win - INFO - OBS_Win stopped
2026-03-11 18:23:33,948[17132] - EC_Lab_Win11 - INFO - not in software yet
2026-03-11 18:23:34,248[17132] - EC_Lab_Win11 - INFO - attempting to open EC_Lab_Win11, trial 1 in 3 times...
2026-03-11 18:47:55,457[17132] - EC_Lab_Win11 - INFO - test is complete
2026-03-11 18:47:55,457[17132] - RobotTest_AcidicPlatform - INFO - test pH12P7_ZerothGen_sample#17_2026-03-11_18-22-47 finished
2026-03-11 18:47:55,698[17132] - OBS_Win - INFO - not in software yet
2026-03-11 18:47:55,999[17132] - OBS_Win - INFO - attempting to open OBS_Win, trial 1 in 3 times...
2026-03-11 18:47:59,527[17132] - OBS_Win - INFO - OBS_Win started
2026-03-11 18:47:59,527[17132] - RobotTest_AcidicPlatform - INFO - unloading the sample to rack_id #17...
2026-03-11 18:49:00,344[17132] - RobotTest_AcidicPlatform - INFO - sample successfully unloaded from the cell
2026-03-11 18:49:03,905[17132] - OBS_Win - INFO - OBS_Win stopped
2026-03-11 18:49:04,331[17132] - OBS_Win - WARNING - cannot find ['OBS_start_record.png'] on screen
2026-03-11 18:49:07,660[17132] - OBS_Win - INFO - OBS_Win started
2026-03-11 18:49:07,661[17132] - RobotTest_AcidicPlatform - INFO - loading the sample from rack_id #18...
2026-03-11 18:49:47,247[17132] - RobotTest_AcidicPlatform - INFO - sample successfully loaded into the cell
2026-03-11 18:49:47,787[17132] - OBS_Win - INFO - OBS_Win stopped
2026-03-11 18:49:51,019[17132] - EC_Lab_Win11 - INFO - not in software yet
2026-03-11 18:49:51,313[17132] - EC_Lab_Win11 - INFO - attempting to open EC_Lab_Win11, trial 1 in 3 times...
2026-03-11 18:50:26,051[17132] - EC_Lab_Win11 - INFO - not in software yet
2026-03-11 18:50:26,367[17132] - EC_Lab_Win11 - INFO - attempting to open EC_Lab_Win11, trial 1 in 3 times...
2026-03-11 18:50:29,589[17132] - EC_Lab_Win11 - INFO - not in software yet
2026-03-11 18:50:29,907[17132] - EC_Lab_Win11 - INFO - attempting to open EC_Lab_Win11, trial 2 in 3 times...
2026-03-11 19:07:21,392[17132] - RobotTest_AcidicPlatform - INFO - human operating, fail to detect...
2026-03-11 19:07:31,399[17132] - RobotTest_AcidicPlatform - INFO - human operating, fail to detect...
2026-03-11 19:07:41,415[17132] - RobotTest_AcidicPlatform - INFO - human operating, fail to detect...
2026-03-11 19:07:51,417[17132] - RobotTest_AcidicPlatform - INFO - human operating, fail to detect...
2026-03-11 19:10:49,414[17132] - RobotTest_AcidicPlatform - INFO - human operating, fail to detect...
2026-03-11 19:13:48,651[17132] - EC_Lab_Win11 - INFO - test is complete
2026-03-11 19:13:48,651[17132] - RobotTest_AcidicPlatform - INFO - test pH12P7_ZerothGen_sample#18_2026-03-11_18-49-03 finished
2026-03-11 19:13:48,834[17132] - OBS_Win - INFO - not in software yet
2026-03-11 19:13:49,137[17132] - OBS_Win - INFO - attempting to open OBS_Win, trial 1 in 3 times...
2026-03-11 19:13:52,740[17132] - OBS_Win - INFO - OBS_Win started
2026-03-11 19:13:52,740[17132] - RobotTest_AcidicPlatform - INFO - unloading the sample to rack_id #18...
2026-03-11 19:14:54,109[17132] - RobotTest_AcidicPlatform - INFO - sample successfully unloaded from the cell
2026-03-11 19:14:57,698[17132] - OBS_Win - INFO - OBS_Win stopped
2026-03-11 19:14:58,207[17132] - OBS_Win - WARNING - cannot find ['OBS_start_record.png'] on screen
2026-03-11 19:15:01,574[17132] - OBS_Win - INFO - OBS_Win started
2026-03-11 19:15:01,574[17132] - RobotTest_AcidicPlatform - INFO - loading the sample from rack_id #19...
2026-03-11 19:15:41,670[17132] - RobotTest_AcidicPlatform - INFO - sample successfully loaded into the cell
2026-03-11 19:15:42,284[17132] - OBS_Win - INFO - OBS_Win stopped
2026-03-11 19:15:45,527[17132] - EC_Lab_Win11 - INFO - not in software yet
2026-03-11 19:15:45,868[17132] - EC_Lab_Win11 - INFO - attempting to open EC_Lab_Win11, trial 1 in 3 times...
2026-03-11 19:16:20,644[17132] - EC_Lab_Win11 - INFO - not in software yet
2026-03-11 19:16:20,968[17132] - EC_Lab_Win11 - INFO - attempting to open EC_Lab_Win11, trial 1 in 3 times...
2026-03-11 19:16:24,227[17132] - EC_Lab_Win11 - INFO - not in software yet
2026-03-11 19:16:24,587[17132] - EC_Lab_Win11 - INFO - attempting to open EC_Lab_Win11, trial 2 in 3 times...
2026-03-11 19:22:48,186[17132] - RobotTest_AcidicPlatform - INFO - human operating, fail to detect...
2026-03-11 19:22:58,200[17132] - RobotTest_AcidicPlatform - INFO - human operating, fail to detect...
2026-03-11 19:27:03,440[17132] - RobotTest_AcidicPlatform - INFO - human operating, fail to detect...
2026-03-11 19:27:24,648[17132] - RobotTest_AcidicPlatform - INFO - human operating, fail to detect...
2026-03-11 19:27:34,650[17132] - RobotTest_AcidicPlatform - INFO - human operating, fail to detect...
2026-03-11 19:27:44,652[17132] - RobotTest_AcidicPlatform - INFO - human operating, fail to detect...
2026-03-11 19:27:54,660[17132] - RobotTest_AcidicPlatform - INFO - human operating, fail to detect...
2026-03-11 19:28:04,670[17132] - RobotTest_AcidicPlatform - INFO - human operating, fail to detect...
2026-03-11 19:28:14,678[17132] - RobotTest_AcidicPlatform - INFO - human operating, fail to detect...
2026-03-11 19:28:24,682[17132] - RobotTest_AcidicPlatform - INFO - human operating, fail to detect...
2026-03-11 19:28:34,694[17132] - RobotTest_AcidicPlatform - INFO - human operating, fail to detect...
2026-03-11 19:28:44,707[17132] - RobotTest_AcidicPlatform - INFO - human operating, fail to detect...
2026-03-11 19:28:54,714[17132] - RobotTest_AcidicPlatform - INFO - human operating, fail to detect...
2026-03-11 19:29:04,719[17132] - RobotTest_AcidicPlatform - INFO - human operating, fail to detect...
2026-03-11 19:29:14,725[17132] - RobotTest_AcidicPlatform - INFO - human operating, fail to detect...
2026-03-11 19:29:24,730[17132] - RobotTest_AcidicPlatform - INFO - human operating, fail to detect...
2026-03-11 19:29:34,741[17132] - RobotTest_AcidicPlatform - INFO - human operating, fail to detect...
2026-03-11 19:29:44,750[17132] - RobotTest_AcidicPlatform - INFO - human operating, fail to detect...
2026-03-11 19:37:22,900[17132] - RobotTest_AcidicPlatform - INFO - human operating, fail to detect...
2026-03-11 19:37:32,907[17132] - RobotTest_AcidicPlatform - INFO - human operating, fail to detect...
2026-03-11 19:39:58,753[17132] - EC_Lab_Win11 - INFO - test is complete
2026-03-11 19:39:58,753[17132] - RobotTest_AcidicPlatform - INFO - test pH12P7_ZerothGen_sample#19_2026-03-11_19-14-57 finished
2026-03-11 19:39:58,955[17132] - OBS_Win - INFO - not in software yet
2026-03-11 19:39:59,287[17132] - OBS_Win - INFO - attempting to open OBS_Win, trial 1 in 3 times...
2026-03-11 19:40:02,901[17132] - OBS_Win - INFO - OBS_Win started
2026-03-11 19:40:02,901[17132] - RobotTest_AcidicPlatform - INFO - unloading the sample to rack_id #19...
2026-03-11 19:41:04,575[17132] - RobotTest_AcidicPlatform - INFO - sample successfully unloaded from the cell
2026-03-11 19:41:08,265[17132] - OBS_Win - INFO - OBS_Win stopped
2026-03-11 19:41:08,752[17132] - OBS_Win - WARNING - cannot find ['OBS_start_record.png'] on screen
2026-03-11 19:41:12,086[17132] - OBS_Win - INFO - OBS_Win started
2026-03-11 19:41:12,086[17132] - RobotTest_AcidicPlatform - INFO - loading the sample from rack_id #20...
2026-03-11 19:41:52,403[17132] - RobotTest_AcidicPlatform - INFO - sample successfully loaded into the cell
2026-03-11 19:41:53,032[17132] - OBS_Win - INFO - OBS_Win stopped
2026-03-11 19:41:56,300[17132] - EC_Lab_Win11 - INFO - not in software yet
2026-03-11 19:41:56,624[17132] - EC_Lab_Win11 - INFO - attempting to open EC_Lab_Win11, trial 1 in 3 times...
2026-03-11 19:42:31,346[17132] - EC_Lab_Win11 - INFO - not in software yet
2026-03-11 19:42:31,649[17132] - EC_Lab_Win11 - INFO - attempting to open EC_Lab_Win11, trial 1 in 3 times...
2026-03-11 19:42:34,925[17132] - EC_Lab_Win11 - INFO - not in software yet
2026-03-11 19:42:35,309[17132] - EC_Lab_Win11 - INFO - attempting to open EC_Lab_Win11, trial 2 in 3 times...
2026-03-11 19:56:39,823[17132] - RobotTest_AcidicPlatform - INFO - human operating, fail to detect...
2026-03-11 19:56:49,831[17132] - RobotTest_AcidicPlatform - INFO - human operating, fail to detect...
2026-03-11 19:56:59,839[17132] - RobotTest_AcidicPlatform - INFO - human operating, fail to detect...
2026-03-11 19:57:09,842[17132] - RobotTest_AcidicPlatform - INFO - human operating, fail to detect...
2026-03-11 19:57:19,849[17132] - RobotTest_AcidicPlatform - INFO - human operating, fail to detect...
2026-03-11 19:57:29,860[17132] - RobotTest_AcidicPlatform - INFO - human operating, fail to detect...
2026-03-11 19:59:54,750[17132] - RobotTest_AcidicPlatform - INFO - human operating, fail to detect...
2026-03-11 20:00:04,755[17132] - RobotTest_AcidicPlatform - INFO - human operating, fail to detect...
2026-03-11 20:00:14,765[17132] - RobotTest_AcidicPlatform - INFO - human operating, fail to detect...
2026-03-11 20:02:17,414[17132] - RobotTest_AcidicPlatform - INFO - human operating, fail to detect...
2026-03-11 20:02:27,415[17132] - RobotTest_AcidicPlatform - INFO - human operating, fail to detect...
2026-03-11 20:02:38,266[17132] - EC_Lab_Win11 - INFO - not in software yet
2026-03-11 20:02:38,582[17132] - EC_Lab_Win11 - INFO - attempting to open EC_Lab_Win11, trial 1 in 3 times...
2026-03-11 20:06:02,942[17132] - RobotTest_AcidicPlatform - INFO - human operating, fail to detect...
2026-03-11 20:06:12,946[17132] - RobotTest_AcidicPlatform - INFO - human operating, fail to detect...
2026-03-11 20:06:22,951[17132] - RobotTest_AcidicPlatform - INFO - human operating, fail to detect...
2026-03-11 20:06:32,963[17132] - RobotTest_AcidicPlatform - INFO - human operating, fail to detect...
2026-03-11 20:06:42,975[17132] - RobotTest_AcidicPlatform - INFO - human operating, fail to detect...
2026-03-11 20:06:52,975[17132] - RobotTest_AcidicPlatform - INFO - human operating, fail to detect...
2026-03-11 20:07:02,984[17132] - RobotTest_AcidicPlatform - INFO - human operating, fail to detect...
2026-03-11 20:07:12,990[17132] - RobotTest_AcidicPlatform - INFO - human operating, fail to detect...
2026-03-11 20:07:22,990[17132] - RobotTest_AcidicPlatform - INFO - human operating, fail to detect...
2026-03-11 20:07:32,992[17132] - RobotTest_AcidicPlatform - INFO - human operating, fail to detect...
2026-03-11 20:07:43,004[17132] - RobotTest_AcidicPlatform - INFO - human operating, fail to detect...
2026-03-11 20:07:53,014[17132] - RobotTest_AcidicPlatform - INFO - human operating, fail to detect...
2026-03-11 20:08:03,025[17132] - RobotTest_AcidicPlatform - INFO - human operating, fail to detect...
2026-03-11 20:08:13,028[17132] - RobotTest_AcidicPlatform - INFO - human operating, fail to detect...
2026-03-11 20:08:23,038[17132] - RobotTest_AcidicPlatform - INFO - human operating, fail to detect...
2026-03-11 20:08:33,044[17132] - RobotTest_AcidicPlatform - INFO - human operating, fail to detect...
2026-03-11 20:08:43,047[17132] - RobotTest_AcidicPlatform - INFO - human operating, fail to detect...
2026-03-11 20:08:53,048[17132] - RobotTest_AcidicPlatform - INFO - human operating, fail to detect...
2026-03-11 20:09:03,053[17132] - RobotTest_AcidicPlatform - INFO - human operating, fail to detect...
2026-03-11 20:09:13,067[17132] - RobotTest_AcidicPlatform - INFO - human operating, fail to detect...
2026-03-11 20:09:24,290[17132] - EC_Lab_Win11 - INFO - test is complete
2026-03-11 20:09:24,291[17132] - RobotTest_AcidicPlatform - INFO - test pH12P7_ZerothGen_sample#20_2026-03-11_19-41-08 finished
2026-03-11 20:09:24,485[17132] - OBS_Win - INFO - not in software yet
2026-03-11 20:09:24,809[17132] - OBS_Win - INFO - attempting to open OBS_Win, trial 1 in 3 times...
2026-03-11 20:09:28,426[17132] - OBS_Win - INFO - OBS_Win started
2026-03-11 20:09:28,426[17132] - RobotTest_AcidicPlatform - INFO - unloading the sample to rack_id #20...
2026-03-11 20:10:30,417[17132] - RobotTest_AcidicPlatform - INFO - sample successfully unloaded from the cell
2026-03-11 20:10:34,094[17132] - OBS_Win - INFO - OBS_Win stopped
2026-03-11 20:51:52,868[12568] - RobotTest_AcidicPlatform - ERROR - list index out of range
Traceback (most recent call last):
  File "C:\Users\li\PycharmProjects\catalyst\robotic_testing\common\robot_test.py", line 45, in wrapper
    return func(self, *args, **kwargs)
  File "C:\Users\li\PycharmProjects\catalyst\robotic_testing\common\robot_test.py", line 178, in run
    sample_rack_id_to_sample_id_dict = self.run_initialization(
  File "C:\Users\li\PycharmProjects\catalyst\robotic_testing\common\robot_test.py", line 103, in run_initialization
    sample_id_list = [*range(sample_id_list[0], sample_id_list[1] + 1)] if sequence else sample_id_list
IndexError: list index out of range
2026-03-11 20:52:04,891[12568] - RobotTest_AcidicPlatform - INFO - started a batch of test, with sample_rack_id : sample_id = {1: 2}
2026-03-11 20:52:10,902[12568] - OBS_Win - INFO - not in software yet
2026-03-11 20:52:11,212[12568] - OBS_Win - INFO - attempting to open OBS_Win, trial 1 in 3 times...
2026-03-11 20:52:14,438[12568] - OBS_Win - INFO - not in software yet
2026-03-11 20:52:14,792[12568] - OBS_Win - INFO - attempting to open OBS_Win, trial 2 in 3 times...
2026-03-11 20:52:17,992[12568] - OBS_Win - INFO - not in software yet
2026-03-11 20:52:18,321[12568] - OBS_Win - INFO - attempting to open OBS_Win, trial 3 in 3 times...
2026-03-11 20:52:21,534[12568] - OBS_Win - WARNING - failed to open OBS_Win
2026-03-11 20:52:21,534[12568] - RobotTest_AcidicPlatform - ERROR - failed to open OBS_Win
Traceback (most recent call last):
  File "C:\Users\li\PycharmProjects\catalyst\robotic_testing\common\robot_test.py", line 45, in wrapper
    return func(self, *args, **kwargs)
  File "C:\Users\li\PycharmProjects\catalyst\robotic_testing\common\robot_test.py", line 189, in run
    self.test_main_workflow(
  File "C:\Users\li\PycharmProjects\catalyst\robotic_testing\common\robot_test.py", line 280, in test_main_workflow
    self.camera.start()
  File "C:\Users\li\PycharmProjects\catalyst\software_control\software_control_base.py", line 137, in start
    self.open_software()
  File "C:\Users\li\PycharmProjects\catalyst\software_control\software_control_base.py", line 133, in open_software
    raise SystemError(f'failed to open {self.name}')
SystemError: failed to open OBS_Win
2026-03-11 20:52:53,915[12568] - RobotTest_AcidicPlatform - INFO - started a batch of test, with sample_rack_id : sample_id = {1: 2}
2026-03-11 20:53:04,071[12568] - OBS_Win - INFO - not in software yet
2026-03-11 20:53:04,378[12568] - OBS_Win - INFO - attempting to open OBS_Win, trial 1 in 3 times...
2026-03-11 20:53:07,896[12568] - OBS_Win - INFO - OBS_Win started
2026-03-11 20:53:07,896[12568] - RobotTest_AcidicPlatform - INFO - loading the sample from rack_id #1...
2026-03-11 20:53:46,883[12568] - RobotTest_AcidicPlatform - INFO - sample successfully loaded into the cell
2026-03-11 20:53:47,404[12568] - OBS_Win - INFO - OBS_Win stopped
2026-03-11 20:53:50,652[12568] - EC_Lab_Win11 - INFO - not in software yet
2026-03-11 20:53:50,967[12568] - EC_Lab_Win11 - INFO - attempting to open EC_Lab_Win11, trial 1 in 3 times...
2026-03-11 21:17:02,631[12568] - EC_Lab_Win11 - INFO - test is complete
2026-03-11 21:17:02,631[12568] - RobotTest_AcidicPlatform - INFO - test pH12P7_ZerothGen_sample#2_2026-03-11_20-53-03 finished
2026-03-11 21:17:02,820[12568] - OBS_Win - INFO - not in software yet
2026-03-11 21:17:03,142[12568] - OBS_Win - INFO - attempting to open OBS_Win, trial 1 in 3 times...
2026-03-11 21:17:06,677[12568] - OBS_Win - INFO - OBS_Win started
2026-03-11 21:17:06,677[12568] - RobotTest_AcidicPlatform - INFO - unloading the sample to rack_id #1...
2026-03-11 21:18:05,518[12568] - RobotTest_AcidicPlatform - INFO - sample successfully unloaded from the cell
2026-03-11 21:18:09,063[12568] - OBS_Win - INFO - OBS_Win stopped
2026-03-11 21:39:47,733[14616] - RobotTest_AcidicPlatform - INFO - started a batch of test, with sample_rack_id : sample_id = {}
2026-03-11 21:40:51,194[14616] - RobotTest_AcidicPlatform - INFO - started a batch of test, with sample_rack_id : sample_id = {}
2026-03-11 21:42:14,818[14616] - RobotTest_AcidicPlatform - INFO - started a batch of test, with sample_rack_id : sample_id = {1: 1, 2: 2, 3: 3, 4: 4, 5: 5, 6: 6, 7: 7, 8: 8, 9: 9, 10: 10, 11: 11, 12: 12, 13: 13, 14: 14, 15: 15, 16: 16, 17: 17, 18: 18, 19: 19, 20: 20}
2026-03-11 21:42:20,823[14616] - OBS_Win - INFO - not in software yet
2026-03-11 21:42:21,146[14616] - OBS_Win - INFO - attempting to open OBS_Win, trial 1 in 3 times...
2026-03-11 21:42:24,677[14616] - OBS_Win - INFO - OBS_Win started
2026-03-11 21:42:24,677[14616] - RobotTest_AcidicPlatform - INFO - loading the sample from rack_id #1...
2026-03-11 21:43:03,699[14616] - RobotTest_AcidicPlatform - INFO - sample successfully loaded into the cell
2026-03-11 21:43:04,276[14616] - OBS_Win - INFO - OBS_Win stopped
2026-03-11 21:43:07,510[14616] - EC_Lab_Win11 - INFO - not in software yet
2026-03-11 21:43:07,828[14616] - EC_Lab_Win11 - INFO - attempting to open EC_Lab_Win11, trial 1 in 3 times...
2026-03-11 21:43:41,627[14616] - RobotTest_AcidicPlatform - INFO - human operating, fail to detect...
2026-03-11 21:43:51,637[14616] - RobotTest_AcidicPlatform - INFO - human operating, fail to detect...
2026-03-11 21:44:01,647[14616] - RobotTest_AcidicPlatform - INFO - human operating, fail to detect...
2026-03-11 21:44:11,648[14616] - RobotTest_AcidicPlatform - INFO - human operating, fail to detect...
2026-03-11 21:44:21,661[14616] - RobotTest_AcidicPlatform - INFO - human operating, fail to detect...
2026-03-11 21:44:31,672[14616] - RobotTest_AcidicPlatform - INFO - human operating, fail to detect...
2026-03-11 21:44:41,677[14616] - RobotTest_AcidicPlatform - INFO - human operating, fail to detect...
2026-03-11 21:44:51,683[14616] - RobotTest_AcidicPlatform - INFO - human operating, fail to detect...
2026-03-11 21:45:01,689[14616] - RobotTest_AcidicPlatform - INFO - human operating, fail to detect...
2026-03-11 21:45:11,699[14616] - RobotTest_AcidicPlatform - INFO - human operating, fail to detect...
2026-03-11 21:45:21,703[14616] - RobotTest_AcidicPlatform - INFO - human operating, fail to detect...
2026-03-11 21:45:31,717[14616] - RobotTest_AcidicPlatform - INFO - human operating, fail to detect...
2026-03-11 21:45:41,727[14616] - RobotTest_AcidicPlatform - INFO - human operating, fail to detect...
2026-03-11 21:45:51,739[14616] - RobotTest_AcidicPlatform - INFO - human operating, fail to detect...
2026-03-11 21:46:01,745[14616] - RobotTest_AcidicPlatform - INFO - human operating, fail to detect...
2026-03-11 21:46:11,752[14616] - RobotTest_AcidicPlatform - INFO - human operating, fail to detect...
2026-03-11 21:46:21,760[14616] - RobotTest_AcidicPlatform - INFO - human operating, fail to detect...
2026-03-11 21:46:31,774[14616] - RobotTest_AcidicPlatform - INFO - human operating, fail to detect...
2026-03-11 21:50:25,839[14616] - RobotTest_AcidicPlatform - INFO - human operating, fail to detect...
2026-03-11 21:50:35,851[14616] - RobotTest_AcidicPlatform - INFO - human operating, fail to detect...
2026-03-11 21:50:45,865[14616] - RobotTest_AcidicPlatform - INFO - human operating, fail to detect...
2026-03-11 21:50:55,880[14616] - RobotTest_AcidicPlatform - INFO - human operating, fail to detect...
2026-03-11 21:51:05,893[14616] - RobotTest_AcidicPlatform - INFO - human operating, fail to detect...
2026-03-11 21:51:15,902[14616] - RobotTest_AcidicPlatform - INFO - human operating, fail to detect...
2026-03-11 21:51:26,712[14616] - EC_Lab_Win11 - INFO - not in software yet
2026-03-11 21:51:27,018[14616] - EC_Lab_Win11 - INFO - attempting to open EC_Lab_Win11, trial 1 in 3 times...
2026-03-11 21:51:30,251[14616] - EC_Lab_Win11 - INFO - not in software yet
2026-03-11 21:51:30,546[14616] - EC_Lab_Win11 - INFO - attempting to open EC_Lab_Win11, trial 2 in 3 times...
2026-03-11 22:06:30,202[14616] - EC_Lab_Win11 - INFO - test is complete
2026-03-11 22:06:30,203[14616] - RobotTest_AcidicPlatform - INFO - test pH12P7_ZerothGen_sample#1_2026-03-11_21-42-20 finished
2026-03-11 22:06:30,387[14616] - OBS_Win - INFO - not in software yet
2026-03-11 22:06:30,701[14616] - OBS_Win - INFO - attempting to open OBS_Win, trial 1 in 3 times...
2026-03-11 22:06:34,226[14616] - OBS_Win - INFO - OBS_Win started
2026-03-11 22:06:34,226[14616] - RobotTest_AcidicPlatform - INFO - unloading the sample to rack_id #1...
2026-03-11 22:07:33,145[14616] - RobotTest_AcidicPlatform - INFO - sample successfully unloaded from the cell
2026-03-11 22:07:36,700[14616] - OBS_Win - INFO - OBS_Win stopped
2026-03-11 22:07:37,112[14616] - OBS_Win - WARNING - cannot find ['OBS_start_record.png'] on screen
2026-03-11 22:07:40,423[14616] - OBS_Win - INFO - OBS_Win started
2026-03-11 22:07:40,423[14616] - RobotTest_AcidicPlatform - INFO - loading the sample from rack_id #2...
2026-03-11 22:08:13,037[14616] - RobotTest_AcidicPlatform - INFO - sample successfully loaded into the cell
2026-03-11 22:08:13,570[14616] - OBS_Win - INFO - OBS_Win stopped
2026-03-11 22:08:16,794[14616] - EC_Lab_Win11 - INFO - not in software yet
2026-03-11 22:08:17,092[14616] - EC_Lab_Win11 - INFO - attempting to open EC_Lab_Win11, trial 1 in 3 times...
2026-03-11 22:31:41,131[14616] - EC_Lab_Win11 - INFO - test is complete
2026-03-11 22:31:41,132[14616] - RobotTest_AcidicPlatform - INFO - test pH12P7_ZerothGen_sample#2_2026-03-11_22-07-36 finished
2026-03-11 22:31:41,331[14616] - OBS_Win - INFO - not in software yet
2026-03-11 22:31:41,656[14616] - OBS_Win - INFO - attempting to open OBS_Win, trial 1 in 3 times...
2026-03-11 22:31:45,189[14616] - OBS_Win - INFO - OBS_Win started
2026-03-11 22:31:45,190[14616] - RobotTest_AcidicPlatform - INFO - unloading the sample to rack_id #2...
2026-03-11 22:32:43,596[14616] - RobotTest_AcidicPlatform - INFO - sample successfully unloaded from the cell
2026-03-11 22:32:47,169[14616] - OBS_Win - INFO - OBS_Win stopped
2026-03-11 22:32:47,576[14616] - OBS_Win - WARNING - cannot find ['OBS_start_record.png'] on screen
2026-03-11 22:32:50,881[14616] - OBS_Win - INFO - OBS_Win started
2026-03-11 22:32:50,881[14616] - RobotTest_AcidicPlatform - INFO - loading the sample from rack_id #3...
2026-03-11 22:33:23,859[14616] - RobotTest_AcidicPlatform - INFO - sample successfully loaded into the cell
2026-03-11 22:33:24,392[14616] - OBS_Win - INFO - OBS_Win stopped
2026-03-11 22:33:27,616[14616] - EC_Lab_Win11 - INFO - not in software yet
2026-03-11 22:33:27,905[14616] - EC_Lab_Win11 - INFO - attempting to open EC_Lab_Win11, trial 1 in 3 times...
2026-03-11 22:56:39,669[14616] - EC_Lab_Win11 - INFO - test is complete
2026-03-11 22:56:39,669[14616] - RobotTest_AcidicPlatform - INFO - test pH12P7_ZerothGen_sample#3_2026-03-11_22-32-47 finished
2026-03-11 22:56:39,875[14616] - OBS_Win - INFO - not in software yet
2026-03-11 22:56:40,215[14616] - OBS_Win - INFO - attempting to open OBS_Win, trial 1 in 3 times...
2026-03-11 22:56:43,739[14616] - OBS_Win - INFO - OBS_Win started
2026-03-11 22:56:43,739[14616] - RobotTest_AcidicPlatform - INFO - unloading the sample to rack_id #3...
2026-03-11 22:57:41,648[14616] - RobotTest_AcidicPlatform - INFO - sample successfully unloaded from the cell
2026-03-11 22:57:45,241[14616] - OBS_Win - INFO - OBS_Win stopped
2026-03-11 22:57:45,678[14616] - OBS_Win - WARNING - cannot find ['OBS_start_record.png'] on screen
2026-03-11 22:57:49,006[14616] - OBS_Win - INFO - OBS_Win started
2026-03-11 22:57:49,006[14616] - RobotTest_AcidicPlatform - INFO - loading the sample from rack_id #4...
2026-03-11 22:58:22,333[14616] - RobotTest_AcidicPlatform - INFO - sample successfully loaded into the cell
2026-03-11 22:58:22,867[14616] - OBS_Win - INFO - OBS_Win stopped
2026-03-11 22:58:26,106[14616] - EC_Lab_Win11 - INFO - not in software yet
2026-03-11 22:58:26,413[14616] - EC_Lab_Win11 - INFO - attempting to open EC_Lab_Win11, trial 1 in 3 times...
2026-03-11 23:22:00,863[14616] - EC_Lab_Win11 - INFO - test is complete
2026-03-11 23:22:00,864[14616] - RobotTest_AcidicPlatform - INFO - test pH12P7_ZerothGen_sample#4_2026-03-11_22-57-45 finished
2026-03-11 23:22:01,053[14616] - OBS_Win - INFO - not in software yet
2026-03-11 23:22:01,356[14616] - OBS_Win - INFO - attempting to open OBS_Win, trial 1 in 3 times...
2026-03-11 23:22:04,889[14616] - OBS_Win - INFO - OBS_Win started
2026-03-11 23:22:04,889[14616] - RobotTest_AcidicPlatform - INFO - unloading the sample to rack_id #4...
2026-03-11 23:23:02,409[14616] - RobotTest_AcidicPlatform - INFO - sample successfully unloaded from the cell
2026-03-11 23:23:06,008[14616] - OBS_Win - INFO - OBS_Win stopped
2026-03-11 23:23:06,434[14616] - OBS_Win - WARNING - cannot find ['OBS_start_record.png'] on screen
2026-03-11 23:23:09,757[14616] - OBS_Win - INFO - OBS_Win started
2026-03-11 23:23:09,757[14616] - RobotTest_AcidicPlatform - INFO - loading the sample from rack_id #5...
2026-03-11 23:23:43,637[14616] - RobotTest_AcidicPlatform - INFO - sample successfully loaded into the cell
2026-03-11 23:23:44,188[14616] - OBS_Win - INFO - OBS_Win stopped
2026-03-11 23:23:47,433[14616] - EC_Lab_Win11 - INFO - not in software yet
2026-03-11 23:23:47,748[14616] - EC_Lab_Win11 - INFO - attempting to open EC_Lab_Win11, trial 1 in 3 times...
2026-03-11 23:47:21,528[14616] - EC_Lab_Win11 - INFO - test is complete
2026-03-11 23:47:21,528[14616] - RobotTest_AcidicPlatform - INFO - test pH12P7_ZerothGen_sample#5_2026-03-11_23-23-06 finished
2026-03-11 23:47:21,722[14616] - OBS_Win - INFO - not in software yet
2026-03-11 23:47:22,020[14616] - OBS_Win - INFO - attempting to open OBS_Win, trial 1 in 3 times...
2026-03-11 23:47:25,551[14616] - OBS_Win - INFO - OBS_Win started
2026-03-11 23:47:25,551[14616] - RobotTest_AcidicPlatform - INFO - unloading the sample to rack_id #5...
2026-03-11 23:48:22,697[14616] - RobotTest_AcidicPlatform - INFO - sample successfully unloaded from the cell
2026-03-11 23:48:26,291[14616] - OBS_Win - INFO - OBS_Win stopped
2026-03-11 23:48:26,718[14616] - OBS_Win - WARNING - cannot find ['OBS_start_record.png'] on screen
2026-03-11 23:48:30,044[14616] - OBS_Win - INFO - OBS_Win started
2026-03-11 23:48:30,044[14616] - RobotTest_AcidicPlatform - INFO - loading the sample from rack_id #6...
2026-03-11 23:49:04,504[14616] - RobotTest_AcidicPlatform - INFO - sample successfully loaded into the cell
2026-03-11 23:49:05,055[14616] - OBS_Win - INFO - OBS_Win stopped
2026-03-11 23:49:08,293[14616] - EC_Lab_Win11 - INFO - not in software yet
2026-03-11 23:49:08,622[14616] - EC_Lab_Win11 - INFO - attempting to open EC_Lab_Win11, trial 1 in 3 times...
2026-03-12 00:12:31,231[14616] - EC_Lab_Win11 - INFO - test is complete
2026-03-12 00:12:31,232[14616] - RobotTest_AcidicPlatform - INFO - test pH12P7_ZerothGen_sample#6_2026-03-11_23-48-26 finished
2026-03-12 00:12:31,422[14616] - OBS_Win - INFO - not in software yet
2026-03-12 00:12:31,741[14616] - OBS_Win - INFO - attempting to open OBS_Win, trial 1 in 3 times...
2026-03-12 00:12:35,273[14616] - OBS_Win - INFO - OBS_Win started
2026-03-12 00:12:35,273[14616] - RobotTest_AcidicPlatform - INFO - unloading the sample to rack_id #6...
2026-03-12 00:13:31,924[14616] - RobotTest_AcidicPlatform - INFO - sample successfully unloaded from the cell
2026-03-12 00:13:35,483[14616] - OBS_Win - INFO - OBS_Win stopped
2026-03-12 00:13:35,906[14616] - OBS_Win - WARNING - cannot find ['OBS_start_record.png'] on screen
2026-03-12 00:13:39,225[14616] - OBS_Win - INFO - OBS_Win started
2026-03-12 00:13:39,225[14616] - RobotTest_AcidicPlatform - INFO - loading the sample from rack_id #7...
2026-03-12 00:14:13,925[14616] - RobotTest_AcidicPlatform - INFO - sample successfully loaded into the cell
2026-03-12 00:14:14,463[14616] - OBS_Win - INFO - OBS_Win stopped
2026-03-12 00:14:17,708[14616] - EC_Lab_Win11 - INFO - not in software yet
2026-03-12 00:14:18,000[14616] - EC_Lab_Win11 - INFO - attempting to open EC_Lab_Win11, trial 1 in 3 times...
2026-03-12 00:37:40,287[14616] - EC_Lab_Win11 - INFO - test is complete
2026-03-12 00:37:40,287[14616] - RobotTest_AcidicPlatform - INFO - test pH12P7_ZerothGen_sample#7_2026-03-12_00-13-35 finished
2026-03-12 00:37:40,470[14616] - OBS_Win - INFO - not in software yet
2026-03-12 00:37:40,772[14616] - OBS_Win - INFO - attempting to open OBS_Win, trial 1 in 3 times...
2026-03-12 00:37:44,308[14616] - OBS_Win - INFO - OBS_Win started
2026-03-12 00:37:44,308[14616] - RobotTest_AcidicPlatform - INFO - unloading the sample to rack_id #7...
2026-03-12 00:38:40,928[14616] - RobotTest_AcidicPlatform - INFO - sample successfully unloaded from the cell
2026-03-12 00:38:44,518[14616] - OBS_Win - INFO - OBS_Win stopped
2026-03-12 00:38:44,942[14616] - OBS_Win - WARNING - cannot find ['OBS_start_record.png'] on screen
2026-03-12 00:38:48,260[14616] - OBS_Win - INFO - OBS_Win started
2026-03-12 00:38:48,260[14616] - RobotTest_AcidicPlatform - INFO - loading the sample from rack_id #8...
2026-03-12 00:39:23,666[14616] - RobotTest_AcidicPlatform - INFO - sample successfully loaded into the cell
2026-03-12 00:39:24,201[14616] - OBS_Win - INFO - OBS_Win stopped
2026-03-12 00:39:27,429[14616] - EC_Lab_Win11 - INFO - not in software yet
2026-03-12 00:39:27,732[14616] - EC_Lab_Win11 - INFO - attempting to open EC_Lab_Win11, trial 1 in 3 times...
2026-03-12 01:03:01,834[14616] - EC_Lab_Win11 - INFO - test is complete
2026-03-12 01:03:01,834[14616] - RobotTest_AcidicPlatform - INFO - test pH12P7_ZerothGen_sample#8_2026-03-12_00-38-44 finished
2026-03-12 01:03:02,020[14616] - OBS_Win - INFO - not in software yet
2026-03-12 01:03:02,321[14616] - OBS_Win - INFO - attempting to open OBS_Win, trial 1 in 3 times...
2026-03-12 01:03:05,859[14616] - OBS_Win - INFO - OBS_Win started
2026-03-12 01:03:05,859[14616] - RobotTest_AcidicPlatform - INFO - unloading the sample to rack_id #8...
2026-03-12 01:04:02,787[14616] - RobotTest_AcidicPlatform - INFO - sample successfully unloaded from the cell
2026-03-12 01:04:06,379[14616] - OBS_Win - INFO - OBS_Win stopped
2026-03-12 01:04:06,816[14616] - OBS_Win - WARNING - cannot find ['OBS_start_record.png'] on screen
2026-03-12 01:04:10,120[14616] - OBS_Win - INFO - OBS_Win started
2026-03-12 01:04:10,120[14616] - RobotTest_AcidicPlatform - INFO - loading the sample from rack_id #9...
2026-03-12 01:04:45,731[14616] - RobotTest_AcidicPlatform - INFO - sample successfully loaded into the cell
2026-03-12 01:04:46,268[14616] - OBS_Win - INFO - OBS_Win stopped
2026-03-12 01:04:49,514[14616] - EC_Lab_Win11 - INFO - not in software yet
2026-03-12 01:04:49,832[14616] - EC_Lab_Win11 - INFO - attempting to open EC_Lab_Win11, trial 1 in 3 times...
2026-03-12 01:28:12,506[14616] - EC_Lab_Win11 - INFO - test is complete
2026-03-12 01:28:12,506[14616] - RobotTest_AcidicPlatform - INFO - test pH12P7_ZerothGen_sample#9_2026-03-12_01-04-06 finished
2026-03-12 01:28:12,696[14616] - OBS_Win - INFO - not in software yet
2026-03-12 01:28:13,001[14616] - OBS_Win - INFO - attempting to open OBS_Win, trial 1 in 3 times...
2026-03-12 01:28:16,524[14616] - OBS_Win - INFO - OBS_Win started
2026-03-12 01:28:16,524[14616] - RobotTest_AcidicPlatform - INFO - unloading the sample to rack_id #9...
2026-03-12 01:29:14,006[14616] - RobotTest_AcidicPlatform - INFO - sample successfully unloaded from the cell
2026-03-12 01:29:17,581[14616] - OBS_Win - INFO - OBS_Win stopped
2026-03-12 01:29:18,018[14616] - OBS_Win - WARNING - cannot find ['OBS_start_record.png'] on screen
2026-03-12 01:29:21,344[14616] - OBS_Win - INFO - OBS_Win started
2026-03-12 01:29:21,344[14616] - RobotTest_AcidicPlatform - INFO - loading the sample from rack_id #10...
2026-03-12 01:29:57,369[14616] - RobotTest_AcidicPlatform - INFO - sample successfully loaded into the cell
2026-03-12 01:29:57,919[14616] - OBS_Win - INFO - OBS_Win stopped
2026-03-12 01:30:01,148[14616] - EC_Lab_Win11 - INFO - not in software yet
2026-03-12 01:30:01,445[14616] - EC_Lab_Win11 - INFO - attempting to open EC_Lab_Win11, trial 1 in 3 times...
2026-03-12 01:53:24,149[14616] - EC_Lab_Win11 - INFO - test is complete
2026-03-12 01:53:24,149[14616] - RobotTest_AcidicPlatform - INFO - test pH12P7_ZerothGen_sample#10_2026-03-12_01-29-17 finished
2026-03-12 01:53:24,348[14616] - OBS_Win - INFO - not in software yet
2026-03-12 01:53:24,656[14616] - OBS_Win - INFO - attempting to open OBS_Win, trial 1 in 3 times...
2026-03-12 01:53:28,183[14616] - OBS_Win - INFO - OBS_Win started
2026-03-12 01:53:28,183[14616] - RobotTest_AcidicPlatform - INFO - unloading the sample to rack_id #10...
2026-03-12 01:54:26,048[14616] - RobotTest_AcidicPlatform - INFO - sample successfully unloaded from the cell
2026-03-12 01:54:29,603[14616] - OBS_Win - INFO - OBS_Win stopped
2026-03-12 01:54:30,037[14616] - OBS_Win - WARNING - cannot find ['OBS_start_record.png'] on screen
2026-03-12 01:54:33,368[14616] - OBS_Win - INFO - OBS_Win started
2026-03-12 01:54:33,368[14616] - RobotTest_AcidicPlatform - INFO - loading the sample from rack_id #11...
2026-03-12 01:55:10,036[14616] - RobotTest_AcidicPlatform - INFO - sample successfully loaded into the cell
2026-03-12 01:55:10,588[14616] - OBS_Win - INFO - OBS_Win stopped
2026-03-12 01:55:13,821[14616] - EC_Lab_Win11 - INFO - not in software yet
2026-03-12 01:55:14,117[14616] - EC_Lab_Win11 - INFO - attempting to open EC_Lab_Win11, trial 1 in 3 times...
2026-03-12 02:18:36,885[14616] - EC_Lab_Win11 - INFO - test is complete
2026-03-12 02:18:36,885[14616] - RobotTest_AcidicPlatform - INFO - test pH12P7_ZerothGen_sample#11_2026-03-12_01-54-29 finished
2026-03-12 02:18:37,069[14616] - OBS_Win - INFO - not in software yet
2026-03-12 02:18:37,362[14616] - OBS_Win - INFO - attempting to open OBS_Win, trial 1 in 3 times...
2026-03-12 02:18:40,885[14616] - OBS_Win - INFO - OBS_Win started
2026-03-12 02:18:40,885[14616] - RobotTest_AcidicPlatform - INFO - unloading the sample to rack_id #11...
2026-03-12 02:19:39,209[14616] - RobotTest_AcidicPlatform - INFO - sample successfully unloaded from the cell
2026-03-12 02:19:42,789[14616] - OBS_Win - INFO - OBS_Win stopped
2026-03-12 02:19:43,228[14616] - OBS_Win - WARNING - cannot find ['OBS_start_record.png'] on screen
2026-03-12 02:19:46,572[14616] - OBS_Win - INFO - OBS_Win started
2026-03-12 02:19:46,572[14616] - RobotTest_AcidicPlatform - INFO - loading the sample from rack_id #12...
2026-03-12 02:20:23,548[14616] - RobotTest_AcidicPlatform - INFO - sample successfully loaded into the cell
2026-03-12 02:20:24,094[14616] - OBS_Win - INFO - OBS_Win stopped
2026-03-12 02:20:27,315[14616] - EC_Lab_Win11 - INFO - not in software yet
2026-03-12 02:20:27,633[14616] - EC_Lab_Win11 - INFO - attempting to open EC_Lab_Win11, trial 1 in 3 times...
2026-03-12 02:43:50,256[14616] - EC_Lab_Win11 - INFO - test is complete
2026-03-12 02:43:50,256[14616] - RobotTest_AcidicPlatform - INFO - test pH12P7_ZerothGen_sample#12_2026-03-12_02-19-42 finished
2026-03-12 02:43:50,457[14616] - OBS_Win - INFO - not in software yet
2026-03-12 02:43:50,771[14616] - OBS_Win - INFO - attempting to open OBS_Win, trial 1 in 3 times...
2026-03-12 02:43:54,286[14616] - OBS_Win - INFO - OBS_Win started
2026-03-12 02:43:54,286[14616] - RobotTest_AcidicPlatform - INFO - unloading the sample to rack_id #12...
2026-03-12 02:44:53,016[14616] - RobotTest_AcidicPlatform - INFO - sample successfully unloaded from the cell
2026-03-12 02:44:56,599[14616] - OBS_Win - INFO - OBS_Win stopped
2026-03-12 02:44:57,017[14616] - OBS_Win - WARNING - cannot find ['OBS_start_record.png'] on screen
2026-03-12 02:45:00,338[14616] - OBS_Win - INFO - OBS_Win started
2026-03-12 02:45:00,338[14616] - RobotTest_AcidicPlatform - INFO - loading the sample from rack_id #13...
2026-03-12 02:45:37,732[14616] - RobotTest_AcidicPlatform - INFO - sample successfully loaded into the cell
2026-03-12 02:45:38,267[14616] - OBS_Win - INFO - OBS_Win stopped
2026-03-12 02:45:41,507[14616] - EC_Lab_Win11 - INFO - not in software yet
2026-03-12 02:45:41,811[14616] - EC_Lab_Win11 - INFO - attempting to open EC_Lab_Win11, trial 1 in 3 times...
2026-03-12 03:09:04,399[14616] - EC_Lab_Win11 - INFO - test is complete
2026-03-12 03:09:04,399[14616] - RobotTest_AcidicPlatform - INFO - test pH12P7_ZerothGen_sample#13_2026-03-12_02-44-56 finished
2026-03-12 03:09:04,587[14616] - OBS_Win - INFO - not in software yet
2026-03-12 03:09:04,895[14616] - OBS_Win - INFO - attempting to open OBS_Win, trial 1 in 3 times...
2026-03-12 03:09:08,422[14616] - OBS_Win - INFO - OBS_Win started
2026-03-12 03:09:08,422[14616] - RobotTest_AcidicPlatform - INFO - unloading the sample to rack_id #13...
2026-03-12 03:10:07,626[14616] - RobotTest_AcidicPlatform - INFO - sample successfully unloaded from the cell
2026-03-12 03:10:11,205[14616] - OBS_Win - INFO - OBS_Win stopped
2026-03-12 03:10:11,639[14616] - OBS_Win - WARNING - cannot find ['OBS_start_record.png'] on screen
2026-03-12 03:10:14,957[14616] - OBS_Win - INFO - OBS_Win started
2026-03-12 03:10:14,957[14616] - RobotTest_AcidicPlatform - INFO - loading the sample from rack_id #14...
2026-03-12 03:10:52,789[14616] - RobotTest_AcidicPlatform - INFO - sample successfully loaded into the cell
2026-03-12 03:10:53,327[14616] - OBS_Win - INFO - OBS_Win stopped
2026-03-12 03:10:56,559[14616] - EC_Lab_Win11 - INFO - not in software yet
2026-03-12 03:10:56,862[14616] - EC_Lab_Win11 - INFO - attempting to open EC_Lab_Win11, trial 1 in 3 times...
2026-03-12 03:11:31,558[14616] - EC_Lab_Win11 - INFO - not in software yet
2026-03-12 03:11:31,859[14616] - EC_Lab_Win11 - INFO - attempting to open EC_Lab_Win11, trial 1 in 3 times...
2026-03-12 03:11:35,087[14616] - EC_Lab_Win11 - INFO - not in software yet
2026-03-12 03:11:35,412[14616] - EC_Lab_Win11 - INFO - attempting to open EC_Lab_Win11, trial 2 in 3 times...
2026-03-12 03:34:26,265[14616] - EC_Lab_Win11 - INFO - test is complete
2026-03-12 03:34:26,265[14616] - RobotTest_AcidicPlatform - INFO - test pH12P7_ZerothGen_sample#14_2026-03-12_03-10-11 finished
2026-03-12 03:34:26,450[14616] - OBS_Win - INFO - not in software yet
2026-03-12 03:34:26,759[14616] - OBS_Win - INFO - attempting to open OBS_Win, trial 1 in 3 times...
2026-03-12 03:34:30,281[14616] - OBS_Win - INFO - OBS_Win started
2026-03-12 03:34:30,281[14616] - RobotTest_AcidicPlatform - INFO - unloading the sample to rack_id #14...
2026-03-12 03:35:29,944[14616] - RobotTest_AcidicPlatform - INFO - sample successfully unloaded from the cell
2026-03-12 03:35:33,512[14616] - OBS_Win - INFO - OBS_Win stopped
2026-03-12 03:35:33,921[14616] - OBS_Win - WARNING - cannot find ['OBS_start_record.png'] on screen
2026-03-12 03:35:37,238[14616] - OBS_Win - INFO - OBS_Win started
2026-03-12 03:35:37,238[14616] - RobotTest_AcidicPlatform - INFO - loading the sample from rack_id #15...
2026-03-12 03:36:15,349[14616] - RobotTest_AcidicPlatform - INFO - sample successfully loaded into the cell
2026-03-12 03:36:15,899[14616] - OBS_Win - INFO - OBS_Win stopped
2026-03-12 03:36:19,131[14616] - EC_Lab_Win11 - INFO - not in software yet
2026-03-12 03:36:19,460[14616] - EC_Lab_Win11 - INFO - attempting to open EC_Lab_Win11, trial 1 in 3 times...
2026-03-12 03:59:41,990[14616] - EC_Lab_Win11 - INFO - test is complete
2026-03-12 03:59:41,990[14616] - RobotTest_AcidicPlatform - INFO - test pH12P7_ZerothGen_sample#15_2026-03-12_03-35-33 finished
2026-03-12 03:59:42,182[14616] - OBS_Win - INFO - not in software yet
2026-03-12 03:59:42,513[14616] - OBS_Win - INFO - attempting to open OBS_Win, trial 1 in 3 times...
2026-03-12 03:59:46,054[14616] - OBS_Win - INFO - OBS_Win started
2026-03-12 03:59:46,054[14616] - RobotTest_AcidicPlatform - INFO - unloading the sample to rack_id #15...
2026-03-12 04:00:45,894[14616] - RobotTest_AcidicPlatform - INFO - sample successfully unloaded from the cell
2026-03-12 04:00:49,492[14616] - OBS_Win - INFO - OBS_Win stopped
2026-03-12 04:00:49,914[14616] - OBS_Win - WARNING - cannot find ['OBS_start_record.png'] on screen
2026-03-12 04:00:53,216[14616] - OBS_Win - INFO - OBS_Win started
2026-03-12 04:00:53,217[14616] - RobotTest_AcidicPlatform - INFO - loading the sample from rack_id #16...
2026-03-12 04:01:31,765[14616] - RobotTest_AcidicPlatform - INFO - sample successfully loaded into the cell
2026-03-12 04:01:32,297[14616] - OBS_Win - INFO - OBS_Win stopped
2026-03-12 04:01:35,522[14616] - EC_Lab_Win11 - INFO - not in software yet
2026-03-12 04:01:35,821[14616] - EC_Lab_Win11 - INFO - attempting to open EC_Lab_Win11, trial 1 in 3 times...
2026-03-12 04:24:58,320[14616] - EC_Lab_Win11 - INFO - test is complete
2026-03-12 04:24:58,320[14616] - RobotTest_AcidicPlatform - INFO - test pH12P7_ZerothGen_sample#16_2026-03-12_04-00-49 finished
2026-03-12 04:24:58,504[14616] - OBS_Win - INFO - not in software yet
2026-03-12 04:24:58,796[14616] - OBS_Win - INFO - attempting to open OBS_Win, trial 1 in 3 times...
2026-03-12 04:25:02,322[14616] - OBS_Win - INFO - OBS_Win started
2026-03-12 04:25:02,322[14616] - RobotTest_AcidicPlatform - INFO - unloading the sample to rack_id #16...
2026-03-12 04:26:02,698[14616] - RobotTest_AcidicPlatform - INFO - sample successfully unloaded from the cell
2026-03-12 04:26:06,256[14616] - OBS_Win - INFO - OBS_Win stopped
2026-03-12 04:26:06,679[14616] - OBS_Win - WARNING - cannot find ['OBS_start_record.png'] on screen
2026-03-12 04:26:09,994[14616] - OBS_Win - INFO - OBS_Win started
2026-03-12 04:26:09,994[14616] - RobotTest_AcidicPlatform - INFO - loading the sample from rack_id #17...
2026-03-12 04:26:49,023[14616] - RobotTest_AcidicPlatform - INFO - sample successfully loaded into the cell
2026-03-12 04:26:49,573[14616] - OBS_Win - INFO - OBS_Win stopped
2026-03-12 04:26:52,801[14616] - EC_Lab_Win11 - INFO - not in software yet
2026-03-12 04:26:53,101[14616] - EC_Lab_Win11 - INFO - attempting to open EC_Lab_Win11, trial 1 in 3 times...
2026-03-12 04:50:27,138[14616] - EC_Lab_Win11 - INFO - test is complete
2026-03-12 04:50:27,138[14616] - RobotTest_AcidicPlatform - INFO - test pH12P7_ZerothGen_sample#17_2026-03-12_04-26-06 finished
2026-03-12 04:50:27,329[14616] - OBS_Win - INFO - not in software yet
2026-03-12 04:50:27,645[14616] - OBS_Win - INFO - attempting to open OBS_Win, trial 1 in 3 times...
2026-03-12 04:50:31,174[14616] - OBS_Win - INFO - OBS_Win started
2026-03-12 04:50:31,174[14616] - RobotTest_AcidicPlatform - INFO - unloading the sample to rack_id #17...
2026-03-12 04:51:32,039[14616] - RobotTest_AcidicPlatform - INFO - sample successfully unloaded from the cell
2026-03-12 04:51:35,616[14616] - OBS_Win - INFO - OBS_Win stopped
2026-03-12 04:51:36,048[14616] - OBS_Win - WARNING - cannot find ['OBS_start_record.png'] on screen
2026-03-12 04:51:39,374[14616] - OBS_Win - INFO - OBS_Win started
2026-03-12 04:51:39,374[14616] - RobotTest_AcidicPlatform - INFO - loading the sample from rack_id #18...
2026-03-12 04:52:18,979[14616] - RobotTest_AcidicPlatform - INFO - sample successfully loaded into the cell
2026-03-12 04:52:19,529[14616] - OBS_Win - INFO - OBS_Win stopped
2026-03-12 04:52:22,758[14616] - EC_Lab_Win11 - INFO - not in software yet
2026-03-12 04:52:23,050[14616] - EC_Lab_Win11 - INFO - attempting to open EC_Lab_Win11, trial 1 in 3 times...
2026-03-12 05:15:46,137[14616] - EC_Lab_Win11 - INFO - test is complete
2026-03-12 05:15:46,137[14616] - RobotTest_AcidicPlatform - INFO - test pH12P7_ZerothGen_sample#18_2026-03-12_04-51-35 finished
2026-03-12 05:15:46,322[14616] - OBS_Win - INFO - not in software yet
2026-03-12 05:15:46,629[14616] - OBS_Win - INFO - attempting to open OBS_Win, trial 1 in 3 times...
2026-03-12 05:15:50,147[14616] - OBS_Win - INFO - OBS_Win started
2026-03-12 05:15:50,147[14616] - RobotTest_AcidicPlatform - INFO - unloading the sample to rack_id #18...
2026-03-12 05:16:51,517[14616] - RobotTest_AcidicPlatform - INFO - sample successfully unloaded from the cell
2026-03-12 05:16:55,092[14616] - OBS_Win - INFO - OBS_Win stopped
2026-03-12 05:16:55,515[14616] - OBS_Win - WARNING - cannot find ['OBS_start_record.png'] on screen
2026-03-12 05:16:58,834[14616] - OBS_Win - INFO - OBS_Win started
2026-03-12 05:16:58,834[14616] - RobotTest_AcidicPlatform - INFO - loading the sample from rack_id #19...
2026-03-12 05:17:38,818[14616] - RobotTest_AcidicPlatform - INFO - sample successfully loaded into the cell
2026-03-12 05:17:39,369[14616] - OBS_Win - INFO - OBS_Win stopped
2026-03-12 05:17:42,602[14616] - EC_Lab_Win11 - INFO - not in software yet
2026-03-12 05:17:42,915[14616] - EC_Lab_Win11 - INFO - attempting to open EC_Lab_Win11, trial 1 in 3 times...
2026-03-12 05:40:54,752[14616] - EC_Lab_Win11 - INFO - test is complete
2026-03-12 05:40:54,752[14616] - RobotTest_AcidicPlatform - INFO - test pH12P7_ZerothGen_sample#19_2026-03-12_05-16-55 finished
2026-03-12 05:40:54,944[14616] - OBS_Win - INFO - not in software yet
2026-03-12 05:40:55,260[14616] - OBS_Win - INFO - attempting to open OBS_Win, trial 1 in 3 times...
2026-03-12 05:40:58,780[14616] - OBS_Win - INFO - OBS_Win started
2026-03-12 05:40:58,780[14616] - RobotTest_AcidicPlatform - INFO - unloading the sample to rack_id #19...
2026-03-12 05:42:00,474[14616] - RobotTest_AcidicPlatform - INFO - sample successfully unloaded from the cell
2026-03-12 05:42:04,070[14616] - OBS_Win - INFO - OBS_Win stopped
2026-03-12 05:42:04,496[14616] - OBS_Win - WARNING - cannot find ['OBS_start_record.png'] on screen
2026-03-12 05:42:07,818[14616] - OBS_Win - INFO - OBS_Win started
2026-03-12 05:42:07,818[14616] - RobotTest_AcidicPlatform - INFO - loading the sample from rack_id #20...
2026-03-12 05:42:48,050[14616] - RobotTest_AcidicPlatform - INFO - sample successfully loaded into the cell
2026-03-12 05:42:48,585[14616] - OBS_Win - INFO - OBS_Win stopped
2026-03-12 05:42:51,824[14616] - EC_Lab_Win11 - INFO - not in software yet
2026-03-12 05:42:52,116[14616] - EC_Lab_Win11 - INFO - attempting to open EC_Lab_Win11, trial 1 in 3 times...
2026-03-12 06:06:26,650[14616] - EC_Lab_Win11 - INFO - test is complete
2026-03-12 06:06:26,650[14616] - RobotTest_AcidicPlatform - INFO - test pH12P7_ZerothGen_sample#20_2026-03-12_05-42-04 finished
2026-03-12 06:06:26,836[14616] - OBS_Win - INFO - not in software yet
2026-03-12 06:06:27,149[14616] - OBS_Win - INFO - attempting to open OBS_Win, trial 1 in 3 times...
2026-03-12 06:06:30,686[14616] - OBS_Win - INFO - OBS_Win started
2026-03-12 06:06:30,686[14616] - RobotTest_AcidicPlatform - INFO - unloading the sample to rack_id #20...
2026-03-12 06:07:32,802[14616] - RobotTest_AcidicPlatform - INFO - sample successfully unloaded from the cell
2026-03-12 06:07:36,377[14616] - OBS_Win - INFO - OBS_Win stopped
2026-03-12 14:47:58,420[6776] - RobotTest_AcidicPlatform - INFO - started a batch of test, with sample_rack_id : sample_id = {1: 1, 2: 2, 3: 3, 4: 4, 5: 5, 6: 6, 7: 7, 8: 8, 9: 9, 10: 10, 11: 11, 12: 12, 13: 13, 14: 14, 15: 15, 16: 16, 17: 17, 18: 18, 19: 19, 20: 20}
2026-03-12 14:48:04,431[6776] - OBS_Win - INFO - not in software yet
2026-03-12 14:48:04,725[6776] - OBS_Win - INFO - attempting to open OBS_Win, trial 1 in 3 times...
2026-03-12 14:48:08,253[6776] - OBS_Win - INFO - OBS_Win started
2026-03-12 14:48:08,253[6776] - RobotTest_AcidicPlatform - INFO - loading the sample from rack_id #1...
2026-03-12 14:48:47,269[6776] - RobotTest_AcidicPlatform - INFO - sample successfully loaded into the cell
2026-03-12 14:48:47,804[6776] - OBS_Win - INFO - OBS_Win stopped
2026-03-12 14:48:51,033[6776] - EC_Lab_Win11 - INFO - not in software yet
2026-03-12 14:48:51,336[6776] - EC_Lab_Win11 - INFO - attempting to open EC_Lab_Win11, trial 1 in 3 times...
2026-03-12 14:50:21,206[6776] - RobotTest_AcidicPlatform - INFO - human operating, fail to detect...
2026-03-12 14:50:32,434[6776] - EC_Lab_Win11 - INFO - test is complete
2026-03-12 14:50:32,434[6776] - RobotTest_AcidicPlatform - INFO - test pH12P7_ZerothGen_sample#1_2026-03-12_14-48-04 finished
2026-03-12 14:50:32,621[6776] - OBS_Win - INFO - not in software yet
2026-03-12 14:50:32,925[6776] - OBS_Win - INFO - attempting to open OBS_Win, trial 1 in 3 times...
2026-03-12 14:50:36,450[6776] - OBS_Win - INFO - OBS_Win started
2026-03-12 14:50:36,450[6776] - RobotTest_AcidicPlatform - INFO - unloading the sample to rack_id #1...
2026-03-12 14:51:35,310[6776] - RobotTest_AcidicPlatform - INFO - sample successfully unloaded from the cell
2026-03-12 14:51:38,870[6776] - OBS_Win - INFO - OBS_Win stopped
2026-03-12 14:51:39,307[6776] - OBS_Win - WARNING - cannot find ['OBS_start_record.png'] on screen
2026-03-12 14:51:42,622[6776] - OBS_Win - INFO - OBS_Win started
2026-03-12 14:51:42,622[6776] - RobotTest_AcidicPlatform - INFO - loading the sample from rack_id #2...
2026-03-12 14:52:15,362[6776] - RobotTest_AcidicPlatform - INFO - sample successfully loaded into the cell
2026-03-12 14:52:15,896[6776] - OBS_Win - INFO - OBS_Win stopped
2026-03-12 14:52:19,125[6776] - EC_Lab_Win11 - INFO - not in software yet
2026-03-12 14:52:19,433[6776] - EC_Lab_Win11 - INFO - attempting to open EC_Lab_Win11, trial 1 in 3 times...
2026-03-12 14:54:11,732[6776] - RobotTest_AcidicPlatform - INFO - human operating, fail to detect...
2026-03-12 14:54:21,738[6776] - RobotTest_AcidicPlatform - INFO - human operating, fail to detect...
2026-03-12 14:54:32,960[6776] - EC_Lab_Win11 - INFO - test is complete
2026-03-12 14:54:32,960[6776] - RobotTest_AcidicPlatform - INFO - test pH12P7_ZerothGen_sample#2_2026-03-12_14-51-38 finished
2026-03-12 14:54:33,158[6776] - OBS_Win - INFO - not in software yet
2026-03-12 14:54:33,482[6776] - OBS_Win - INFO - attempting to open OBS_Win, trial 1 in 3 times...
2026-03-12 14:54:37,012[6776] - OBS_Win - INFO - OBS_Win started
2026-03-12 14:54:37,012[6776] - RobotTest_AcidicPlatform - INFO - unloading the sample to rack_id #2...
2026-03-12 14:55:35,523[6776] - RobotTest_AcidicPlatform - INFO - sample successfully unloaded from the cell
2026-03-12 14:55:39,070[6776] - OBS_Win - INFO - OBS_Win stopped
2026-03-12 14:55:39,486[6776] - OBS_Win - WARNING - cannot find ['OBS_start_record.png'] on screen
2026-03-12 14:55:42,808[6776] - OBS_Win - INFO - OBS_Win started
2026-03-12 14:55:42,808[6776] - RobotTest_AcidicPlatform - INFO - loading the sample from rack_id #3...
2026-03-12 14:56:15,817[6776] - RobotTest_AcidicPlatform - INFO - sample successfully loaded into the cell
2026-03-12 14:56:16,334[6776] - OBS_Win - INFO - OBS_Win stopped
2026-03-12 14:56:19,564[6776] - EC_Lab_Win11 - INFO - not in software yet
2026-03-12 14:56:19,868[6776] - EC_Lab_Win11 - INFO - attempting to open EC_Lab_Win11, trial 1 in 3 times...
2026-03-12 14:57:38,533[6776] - RobotTest_AcidicPlatform - INFO - human operating, fail to detect...
2026-03-12 14:57:48,541[6776] - RobotTest_AcidicPlatform - INFO - human operating, fail to detect...
2026-03-12 14:57:58,542[6776] - RobotTest_AcidicPlatform - INFO - human operating, fail to detect...
2026-03-12 14:58:09,760[6776] - EC_Lab_Win11 - INFO - test is complete
2026-03-12 14:58:09,760[6776] - RobotTest_AcidicPlatform - INFO - test pH12P7_ZerothGen_sample#3_2026-03-12_14-55-39 finished
2026-03-12 14:58:09,957[6776] - OBS_Win - INFO - not in software yet
2026-03-12 14:58:10,253[6776] - OBS_Win - INFO - attempting to open OBS_Win, trial 1 in 3 times...
2026-03-12 14:58:13,804[6776] - OBS_Win - INFO - OBS_Win started
2026-03-12 14:58:13,804[6776] - RobotTest_AcidicPlatform - INFO - unloading the sample to rack_id #3...
2026-03-12 14:59:11,730[6776] - RobotTest_AcidicPlatform - INFO - sample successfully unloaded from the cell
2026-03-12 14:59:15,278[6776] - OBS_Win - INFO - OBS_Win stopped
2026-03-12 14:59:15,707[6776] - OBS_Win - WARNING - cannot find ['OBS_start_record.png'] on screen
2026-03-12 14:59:19,033[6776] - OBS_Win - INFO - OBS_Win started
2026-03-12 14:59:19,033[6776] - RobotTest_AcidicPlatform - INFO - loading the sample from rack_id #4...
2026-03-12 14:59:52,533[6776] - RobotTest_AcidicPlatform - INFO - sample successfully loaded into the cell
2026-03-12 14:59:53,052[6776] - OBS_Win - INFO - OBS_Win stopped
2026-03-12 14:59:56,283[6776] - EC_Lab_Win11 - INFO - not in software yet
2026-03-12 14:59:56,602[6776] - EC_Lab_Win11 - INFO - attempting to open EC_Lab_Win11, trial 1 in 3 times...
2026-03-12 15:00:52,833[6776] - RobotTest_AcidicPlatform - INFO - human operating, fail to detect...
2026-03-12 15:01:02,846[6776] - RobotTest_AcidicPlatform - INFO - human operating, fail to detect...
2026-03-12 15:10:06,952[2528] - RobotTest_AcidicPlatform - INFO - started a batch of test, with sample_rack_id : sample_id = {1: 1, 2: 2, 3: 3, 4: 4, 5: 5, 6: 6, 7: 7, 8: 8, 9: 9, 10: 10, 11: 11, 12: 12, 13: 13, 14: 14, 15: 15, 16: 16, 17: 17, 18: 18, 19: 19, 20: 20}
2026-03-12 15:10:20,376[2528] - OBS_Win - INFO - not in software yet
2026-03-12 15:10:20,680[2528] - OBS_Win - INFO - attempting to open OBS_Win, trial 1 in 3 times...
2026-03-12 15:10:24,206[2528] - OBS_Win - INFO - OBS_Win started
2026-03-12 15:10:24,206[2528] - RobotTest_AcidicPlatform - INFO - loading the sample from rack_id #1...
2026-03-12 15:11:03,209[2528] - RobotTest_AcidicPlatform - INFO - sample successfully loaded into the cell
2026-03-12 15:11:03,755[2528] - OBS_Win - INFO - OBS_Win stopped
2026-03-12 15:11:06,981[2528] - EC_Lab_Win11 - INFO - not in software yet
2026-03-12 15:11:07,294[2528] - EC_Lab_Win11 - INFO - attempting to open EC_Lab_Win11, trial 1 in 3 times...
2026-03-12 15:11:52,356[2528] - RobotTest_AcidicPlatform - INFO - human operating, fail to detect...
2026-03-12 15:12:58,398[2528] - RobotTest_AcidicPlatform - INFO - human operating, fail to detect...
2026-03-12 15:13:08,413[2528] - RobotTest_AcidicPlatform - INFO - human operating, fail to detect...
2026-03-12 15:13:18,425[2528] - RobotTest_AcidicPlatform - INFO - human operating, fail to detect...
2026-03-12 15:13:28,427[2528] - RobotTest_AcidicPlatform - INFO - human operating, fail to detect...
2026-03-12 15:13:38,439[2528] - RobotTest_AcidicPlatform - INFO - human operating, fail to detect...
2026-03-12 15:14:55,769[2528] - RobotTest_AcidicPlatform - INFO - human operating, fail to detect...
2026-03-12 15:15:05,770[2528] - RobotTest_AcidicPlatform - INFO - human operating, fail to detect...
2026-03-12 15:15:15,774[2528] - RobotTest_AcidicPlatform - INFO - human operating, fail to detect...
2026-03-12 15:15:25,780[2528] - RobotTest_AcidicPlatform - INFO - human operating, fail to detect...
2026-03-12 15:15:36,983[2528] - EC_Lab_Win11 - INFO - test is complete
2026-03-12 15:15:36,983[2528] - RobotTest_AcidicPlatform - INFO - test pH12P7_ZerothGen_sample#1_2026-03-12_15-10-20 finished
2026-03-12 15:15:37,166[2528] - OBS_Win - INFO - not in software yet
2026-03-12 15:15:37,454[2528] - OBS_Win - INFO - attempting to open OBS_Win, trial 1 in 3 times...
2026-03-12 15:15:40,981[2528] - OBS_Win - INFO - OBS_Win started
2026-03-12 15:15:40,981[2528] - RobotTest_AcidicPlatform - INFO - unloading the sample to rack_id #1...
2026-03-12 15:16:39,899[2528] - RobotTest_AcidicPlatform - INFO - sample successfully unloaded from the cell
2026-03-12 15:16:43,438[2528] - OBS_Win - INFO - OBS_Win stopped
2026-03-12 15:16:43,854[2528] - OBS_Win - WARNING - cannot find ['OBS_start_record.png'] on screen
2026-03-12 15:16:47,180[2528] - OBS_Win - INFO - OBS_Win started
2026-03-12 15:16:47,180[2528] - RobotTest_AcidicPlatform - INFO - loading the sample from rack_id #2...
2026-03-12 15:17:19,865[2528] - RobotTest_AcidicPlatform - INFO - sample successfully loaded into the cell
2026-03-12 15:17:20,384[2528] - OBS_Win - INFO - OBS_Win stopped
2026-03-12 15:17:23,621[2528] - EC_Lab_Win11 - INFO - not in software yet
2026-03-12 15:17:23,915[2528] - EC_Lab_Win11 - INFO - attempting to open EC_Lab_Win11, trial 1 in 3 times...
2026-03-12 15:18:31,369[2528] - RobotTest_AcidicPlatform - INFO - human operating, fail to detect...
2026-03-12 15:33:55,668[17552] - RobotTest_AcidicPlatform - INFO - started a batch of test, with sample_rack_id : sample_id = {1: 1, 2: 2, 3: 3, 4: 4, 5: 5, 6: 6, 7: 7, 8: 8, 9: 9, 10: 10, 11: 11, 12: 12, 13: 13, 14: 14, 15: 15, 16: 16, 17: 17, 18: 18, 19: 19, 20: 20}
2026-03-12 15:34:09,880[17552] - OBS_Win - INFO - not in software yet
2026-03-12 15:34:10,193[17552] - OBS_Win - INFO - attempting to open OBS_Win, trial 1 in 3 times...
2026-03-12 15:34:13,722[17552] - OBS_Win - INFO - OBS_Win started
2026-03-12 15:34:13,723[17552] - RobotTest_AcidicPlatform - INFO - loading the sample from rack_id #1...
2026-03-12 15:34:52,775[17552] - RobotTest_AcidicPlatform - INFO - sample successfully loaded into the cell
2026-03-12 15:34:53,308[17552] - OBS_Win - INFO - OBS_Win stopped
2026-03-12 15:34:56,540[17552] - EC_Lab_Win11 - INFO - not in software yet
2026-03-12 15:34:56,848[17552] - EC_Lab_Win11 - INFO - attempting to open EC_Lab_Win11, trial 1 in 3 times...
2026-03-12 15:36:04,296[17552] - RobotTest_AcidicPlatform - INFO - human operating, fail to detect...
2026-03-12 15:36:14,307[17552] - RobotTest_AcidicPlatform - INFO - human operating, fail to detect...
2026-03-12 15:36:24,318[17552] - RobotTest_AcidicPlatform - INFO - human operating, fail to detect...
2026-03-12 15:36:35,520[17552] - EC_Lab_Win11 - INFO - test is complete
2026-03-12 15:36:35,520[17552] - RobotTest_AcidicPlatform - INFO - test pH12P7_ZerothGen_sample#1_2026-03-12_15-34-09 finished
2026-03-12 15:36:35,720[17552] - OBS_Win - INFO - not in software yet
2026-03-12 15:36:36,044[17552] - OBS_Win - INFO - attempting to open OBS_Win, trial 1 in 3 times...
2026-03-12 15:36:39,574[17552] - OBS_Win - INFO - OBS_Win started
2026-03-12 15:36:39,574[17552] - RobotTest_AcidicPlatform - INFO - unloading the sample to rack_id #1...
2026-03-12 15:37:38,392[17552] - RobotTest_AcidicPlatform - INFO - sample successfully unloaded from the cell
2026-03-12 15:37:41,943[17552] - OBS_Win - INFO - OBS_Win stopped
2026-03-12 15:37:42,359[17552] - OBS_Win - WARNING - cannot find ['OBS_start_record.png'] on screen
2026-03-12 15:37:45,690[17552] - OBS_Win - INFO - OBS_Win started
2026-03-12 15:37:45,690[17552] - RobotTest_AcidicPlatform - INFO - loading the sample from rack_id #2...
2026-03-12 15:38:18,424[17552] - RobotTest_AcidicPlatform - INFO - sample successfully loaded into the cell
2026-03-12 15:38:18,956[17552] - OBS_Win - INFO - OBS_Win stopped
2026-03-12 15:38:22,181[17552] - EC_Lab_Win11 - INFO - not in software yet
2026-03-12 15:38:22,492[17552] - EC_Lab_Win11 - INFO - attempting to open EC_Lab_Win11, trial 1 in 3 times...
2026-03-12 15:39:41,202[17552] - RobotTest_AcidicPlatform - INFO - human operating, fail to detect...
2026-03-12 15:39:51,213[17552] - RobotTest_AcidicPlatform - INFO - human operating, fail to detect...
2026-03-12 15:40:12,439[17552] - RobotTest_AcidicPlatform - INFO - human operating, fail to detect...
2026-03-12 15:40:22,454[17552] - RobotTest_AcidicPlatform - INFO - human operating, fail to detect...
2026-03-12 15:40:32,454[17552] - RobotTest_AcidicPlatform - INFO - human operating, fail to detect...
2026-03-12 15:40:42,461[17552] - RobotTest_AcidicPlatform - INFO - human operating, fail to detect...
2026-03-12 15:41:26,097[17552] - RobotTest_AcidicPlatform - INFO - human operating, fail to detect...
2026-03-12 15:41:37,300[17552] - EC_Lab_Win11 - INFO - test is complete
2026-03-12 15:41:37,300[17552] - RobotTest_AcidicPlatform - INFO - test pH12P7_ZerothGen_sample#2_2026-03-12_15-37-41 finished
2026-03-12 15:41:37,487[17552] - OBS_Win - INFO - not in software yet
2026-03-12 15:41:37,791[17552] - OBS_Win - INFO - attempting to open OBS_Win, trial 1 in 3 times...
2026-03-12 15:41:41,315[17552] - OBS_Win - INFO - OBS_Win started
2026-03-12 15:41:41,315[17552] - RobotTest_AcidicPlatform - INFO - unloading the sample to rack_id #2...
2026-03-12 15:42:39,689[17552] - RobotTest_AcidicPlatform - INFO - sample successfully unloaded from the cell
2026-03-12 15:42:43,242[17552] - OBS_Win - INFO - OBS_Win stopped
2026-03-12 15:42:43,682[17552] - OBS_Win - WARNING - cannot find ['OBS_start_record.png'] on screen
2026-03-12 15:42:47,013[17552] - OBS_Win - INFO - OBS_Win started
2026-03-12 15:42:47,013[17552] - RobotTest_AcidicPlatform - INFO - loading the sample from rack_id #3...
2026-03-12 15:43:20,083[17552] - RobotTest_AcidicPlatform - INFO - sample successfully loaded into the cell
2026-03-12 15:43:20,603[17552] - OBS_Win - INFO - OBS_Win stopped
2026-03-12 15:43:23,826[17552] - EC_Lab_Win11 - INFO - not in software yet
2026-03-12 15:43:24,126[17552] - EC_Lab_Win11 - INFO - attempting to open EC_Lab_Win11, trial 1 in 3 times...
2026-03-12 15:52:11,327[17552] - RobotTest_AcidicPlatform - INFO - human operating, fail to detect...
2026-03-12 15:52:21,338[17552] - RobotTest_AcidicPlatform - INFO - human operating, fail to detect...
2026-03-12 15:52:31,344[17552] - RobotTest_AcidicPlatform - INFO - human operating, fail to detect...
2026-03-12 15:52:41,348[17552] - RobotTest_AcidicPlatform - INFO - human operating, fail to detect...
2026-03-12 15:52:51,364[17552] - RobotTest_AcidicPlatform - INFO - human operating, fail to detect...
2026-03-12 15:53:01,365[17552] - RobotTest_AcidicPlatform - INFO - human operating, fail to detect...
2026-03-12 15:53:12,169[17552] - EC_Lab_Win11 - INFO - not in software yet
2026-03-12 15:53:12,474[17552] - EC_Lab_Win11 - INFO - attempting to open EC_Lab_Win11, trial 1 in 3 times...
2026-03-12 15:53:15,701[17552] - EC_Lab_Win11 - INFO - not in software yet
2026-03-12 15:53:16,029[17552] - EC_Lab_Win11 - INFO - attempting to open EC_Lab_Win11, trial 2 in 3 times...
2026-03-12 15:54:14,494[17552] - RobotTest_AcidicPlatform - INFO - human operating, fail to detect...
2026-03-12 15:54:24,504[17552] - RobotTest_AcidicPlatform - INFO - human operating, fail to detect...
2026-03-12 15:54:35,318[17552] - EC_Lab_Win11 - INFO - not in software yet
2026-03-12 15:54:35,623[17552] - EC_Lab_Win11 - INFO - attempting to open EC_Lab_Win11, trial 1 in 3 times...
2026-03-12 15:54:38,862[17552] - EC_Lab_Win11 - INFO - not in software yet
2026-03-12 15:54:39,153[17552] - EC_Lab_Win11 - INFO - attempting to open EC_Lab_Win11, trial 2 in 3 times...
2026-03-12 16:00:51,274[17552] - RobotTest_AcidicPlatform - INFO - human operating, fail to detect...
2026-03-12 16:01:01,277[17552] - RobotTest_AcidicPlatform - INFO - human operating, fail to detect...
2026-03-12 16:01:11,278[17552] - RobotTest_AcidicPlatform - INFO - human operating, fail to detect...
2026-03-12 16:02:28,491[17552] - RobotTest_AcidicPlatform - INFO - human operating, fail to detect...
2026-03-12 16:06:35,027[17552] - EC_Lab_Win11 - INFO - test is complete
2026-03-12 16:06:35,027[17552] - RobotTest_AcidicPlatform - INFO - test pH12P7_ZerothGen_sample#3_2026-03-12_15-42-43 finished
2026-03-12 16:06:35,213[17552] - OBS_Win - INFO - not in software yet
2026-03-12 16:06:35,527[17552] - OBS_Win - INFO - attempting to open OBS_Win, trial 1 in 3 times...
2026-03-12 16:06:39,132[17552] - OBS_Win - INFO - OBS_Win started
2026-03-12 16:06:39,132[17552] - RobotTest_AcidicPlatform - INFO - unloading the sample to rack_id #3...
2026-03-12 16:07:37,076[17552] - RobotTest_AcidicPlatform - INFO - sample successfully unloaded from the cell
2026-03-12 16:07:40,695[17552] - OBS_Win - INFO - OBS_Win stopped
2026-03-12 16:07:41,209[17552] - OBS_Win - WARNING - cannot find ['OBS_start_record.png'] on screen
2026-03-12 16:07:44,561[17552] - OBS_Win - INFO - OBS_Win started
2026-03-12 16:07:44,561[17552] - RobotTest_AcidicPlatform - INFO - loading the sample from rack_id #4...
2026-03-12 16:08:17,997[17552] - RobotTest_AcidicPlatform - INFO - sample successfully loaded into the cell
2026-03-12 16:08:18,597[17552] - OBS_Win - INFO - OBS_Win stopped
2026-03-12 16:08:21,863[17552] - EC_Lab_Win11 - INFO - not in software yet
2026-03-12 16:08:22,204[17552] - EC_Lab_Win11 - INFO - attempting to open EC_Lab_Win11, trial 1 in 3 times...
2026-03-12 16:31:45,268[17552] - EC_Lab_Win11 - INFO - test is complete
2026-03-12 16:31:45,269[17552] - RobotTest_AcidicPlatform - INFO - test pH12P7_ZerothGen_sample#4_2026-03-12_16-07-40 finished
2026-03-12 16:31:45,466[17552] - OBS_Win - INFO - not in software yet
2026-03-12 16:31:45,776[17552] - OBS_Win - INFO - attempting to open OBS_Win, trial 1 in 3 times...
2026-03-12 16:31:49,373[17552] - OBS_Win - INFO - OBS_Win started
2026-03-12 16:31:49,373[17552] - RobotTest_AcidicPlatform - INFO - unloading the sample to rack_id #4...
2026-03-12 16:32:46,908[17552] - RobotTest_AcidicPlatform - INFO - sample successfully unloaded from the cell
2026-03-12 16:32:50,537[17552] - OBS_Win - INFO - OBS_Win stopped
2026-03-12 16:32:51,045[17552] - OBS_Win - WARNING - cannot find ['OBS_start_record.png'] on screen
2026-03-12 16:32:54,379[17552] - OBS_Win - INFO - OBS_Win started
2026-03-12 16:32:54,379[17552] - RobotTest_AcidicPlatform - INFO - loading the sample from rack_id #5...
2026-03-12 16:33:28,244[17552] - RobotTest_AcidicPlatform - INFO - sample successfully loaded into the cell
2026-03-12 16:33:28,830[17552] - OBS_Win - INFO - OBS_Win stopped
2026-03-12 16:33:32,108[17552] - EC_Lab_Win11 - INFO - not in software yet
2026-03-12 16:33:32,454[17552] - EC_Lab_Win11 - INFO - attempting to open EC_Lab_Win11, trial 1 in 3 times...
2026-03-12 16:38:46,584[17552] - RobotTest_AcidicPlatform - INFO - human operating, fail to detect...
2026-03-12 16:38:56,599[17552] - RobotTest_AcidicPlatform - INFO - human operating, fail to detect...
2026-03-12 16:39:07,805[17552] - EC_Lab_Win11 - INFO - test is complete
2026-03-12 16:39:07,805[17552] - RobotTest_AcidicPlatform - INFO - test pH12P7_ZerothGen_sample#5_2026-03-12_16-32-50 finished
2026-03-12 16:39:07,994[17552] - OBS_Win - INFO - not in software yet
2026-03-12 16:39:08,302[17552] - OBS_Win - INFO - attempting to open OBS_Win, trial 1 in 3 times...
2026-03-12 16:39:11,890[17552] - OBS_Win - INFO - OBS_Win started
2026-03-12 16:39:11,891[17552] - RobotTest_AcidicPlatform - INFO - unloading the sample to rack_id #5...
2026-03-12 16:40:09,074[17552] - RobotTest_AcidicPlatform - INFO - sample successfully unloaded from the cell
2026-03-12 16:40:12,675[17552] - OBS_Win - INFO - OBS_Win stopped
2026-03-12 16:40:13,184[17552] - OBS_Win - WARNING - cannot find ['OBS_start_record.png'] on screen
2026-03-12 16:40:16,539[17552] - OBS_Win - INFO - OBS_Win started
2026-03-12 16:40:16,539[17552] - RobotTest_AcidicPlatform - INFO - loading the sample from rack_id #6...
2026-03-12 16:40:50,897[17552] - RobotTest_AcidicPlatform - INFO - sample successfully loaded into the cell
2026-03-12 16:40:51,499[17552] - OBS_Win - INFO - OBS_Win stopped
2026-03-12 16:40:54,768[17552] - EC_Lab_Win11 - INFO - not in software yet
2026-03-12 16:40:55,114[17552] - EC_Lab_Win11 - INFO - attempting to open EC_Lab_Win11, trial 1 in 3 times...
2026-03-12 16:45:58,094[17552] - RobotTest_AcidicPlatform - INFO - human operating, fail to detect...
2026-03-12 16:46:08,105[17552] - RobotTest_AcidicPlatform - INFO - human operating, fail to detect...
2026-03-12 16:46:18,113[17552] - RobotTest_AcidicPlatform - INFO - human operating, fail to detect...
2026-03-12 16:46:29,315[17552] - EC_Lab_Win11 - INFO - test is complete
2026-03-12 16:46:29,316[17552] - RobotTest_AcidicPlatform - INFO - test pH12P7_ZerothGen_sample#6_2026-03-12_16-40-12 finished
2026-03-12 16:46:29,518[17552] - OBS_Win - INFO - not in software yet
2026-03-12 16:46:29,849[17552] - OBS_Win - INFO - attempting to open OBS_Win, trial 1 in 3 times...
2026-03-12 16:46:33,447[17552] - OBS_Win - INFO - OBS_Win started
2026-03-12 16:46:33,447[17552] - RobotTest_AcidicPlatform - INFO - unloading the sample to rack_id #6...
2026-03-12 16:47:30,105[17552] - RobotTest_AcidicPlatform - INFO - sample successfully unloaded from the cell
2026-03-12 16:47:33,718[17552] - OBS_Win - INFO - OBS_Win stopped
2026-03-12 16:47:34,177[17552] - OBS_Win - WARNING - cannot find ['OBS_start_record.png'] on screen
2026-03-12 16:47:37,511[17552] - OBS_Win - INFO - OBS_Win started
2026-03-12 16:47:37,511[17552] - RobotTest_AcidicPlatform - INFO - loading the sample from rack_id #7...
2026-03-12 16:48:12,203[17552] - RobotTest_AcidicPlatform - INFO - sample successfully loaded into the cell
2026-03-12 16:48:12,814[17552] - OBS_Win - INFO - OBS_Win stopped
2026-03-12 16:48:16,079[17552] - EC_Lab_Win11 - INFO - not in software yet
2026-03-12 16:48:16,407[17552] - EC_Lab_Win11 - INFO - attempting to open EC_Lab_Win11, trial 1 in 3 times...
2026-03-12 17:05:17,208[17552] - RobotTest_AcidicPlatform - INFO - human operating, fail to detect...
2026-03-12 17:05:27,223[17552] - RobotTest_AcidicPlatform - INFO - human operating, fail to detect...
2026-03-12 17:05:48,463[17552] - RobotTest_AcidicPlatform - INFO - human operating, fail to detect...
2026-03-12 17:05:58,465[17552] - RobotTest_AcidicPlatform - INFO - human operating, fail to detect...
2026-03-12 17:06:08,478[17552] - RobotTest_AcidicPlatform - INFO - human operating, fail to detect...
2026-03-12 17:06:18,480[17552] - RobotTest_AcidicPlatform - INFO - human operating, fail to detect...
2026-03-12 17:06:29,689[17552] - EC_Lab_Win11 - INFO - test is complete
2026-03-12 17:06:29,689[17552] - RobotTest_AcidicPlatform - INFO - test pH12P7_ZerothGen_sample#7_2026-03-12_16-47-33 finished
2026-03-12 17:06:29,875[17552] - OBS_Win - INFO - not in software yet
2026-03-12 17:06:30,168[17552] - OBS_Win - INFO - attempting to open OBS_Win, trial 1 in 3 times...
2026-03-12 17:06:33,781[17552] - OBS_Win - INFO - OBS_Win started
2026-03-12 17:06:33,781[17552] - RobotTest_AcidicPlatform - INFO - unloading the sample to rack_id #7...
2026-03-12 17:07:30,262[17552] - RobotTest_AcidicPlatform - INFO - sample successfully unloaded from the cell
2026-03-12 17:11:56,425[18268] - RobotTest_AcidicPlatform - INFO - started a batch of test, with sample_rack_id : sample_id = {8: 8, 9: 9, 10: 10, 11: 11, 12: 12, 13: 13, 14: 14, 15: 15, 16: 16, 17: 17, 18: 18, 19: 19, 20: 20}
2026-03-12 17:12:02,487[18268] - OBS_Win - INFO - not in software yet
2026-03-12 17:12:02,804[18268] - OBS_Win - INFO - attempting to open OBS_Win, trial 1 in 3 times...
2026-03-12 17:12:06,303[18268] - OBS_Win - WARNING - cannot find ['OBS_start_record.png'] on screen
2026-03-12 17:12:09,556[18268] - OBS_Win - WARNING - cannot find ['OBS_start_record.png'] on screen
2026-03-12 17:12:12,809[18268] - OBS_Win - WARNING - cannot find ['OBS_start_record.png'] on screen
2026-03-12 17:12:16,061[18268] - OBS_Win - WARNING - cannot find ['OBS_start_record.png'] on screen
2026-03-12 17:12:19,329[18268] - OBS_Win - WARNING - cannot find ['OBS_start_record.png'] on screen
2026-03-12 17:12:22,598[18268] - OBS_Win - WARNING - cannot find ['OBS_start_record.png'] on screen
2026-03-12 17:12:25,847[18268] - OBS_Win - WARNING - cannot find ['OBS_start_record.png'] on screen
2026-03-12 17:12:29,118[18268] - OBS_Win - WARNING - cannot find ['OBS_start_record.png'] on screen
2026-03-12 17:12:32,354[18268] - OBS_Win - WARNING - cannot find ['OBS_start_record.png'] on screen
2026-03-12 17:12:35,619[18268] - OBS_Win - WARNING - cannot find ['OBS_start_record.png'] on screen
2026-03-12 17:12:38,890[18268] - OBS_Win - WARNING - cannot find ['OBS_start_record.png'] on screen
2026-03-12 17:12:42,138[18268] - OBS_Win - WARNING - cannot find ['OBS_start_record.png'] on screen
2026-03-12 17:12:45,399[18268] - OBS_Win - WARNING - cannot find ['OBS_start_record.png'] on screen
2026-03-12 17:12:48,615[18268] - OBS_Win - WARNING - cannot find ['OBS_start_record.png'] on screen
2026-03-12 17:13:58,612[9536] - RobotTest_AcidicPlatform - INFO - started a batch of test, with sample_rack_id : sample_id = {8: 8, 9: 9, 10: 10, 11: 11, 12: 12, 13: 13, 14: 14, 15: 15, 16: 16, 17: 17, 18: 18, 19: 19, 20: 20}
2026-03-12 17:14:04,640[9536] - OBS_Win - INFO - not in software yet
2026-03-12 17:14:04,972[9536] - OBS_Win - INFO - attempting to open OBS_Win, trial 1 in 3 times...
2026-03-12 17:14:08,599[9536] - OBS_Win - INFO - OBS_Win started
2026-03-12 17:14:08,599[9536] - RobotTest_AcidicPlatform - INFO - loading the sample from rack_id #8...
2026-03-12 17:14:41,506[9536] - RobotTest_AcidicPlatform - INFO - sample successfully loaded into the cell
2026-03-12 17:14:42,122[9536] - OBS_Win - INFO - OBS_Win stopped
2026-03-12 17:14:45,385[9536] - EC_Lab_Win11 - INFO - not in software yet
2026-03-12 17:14:45,707[9536] - EC_Lab_Win11 - INFO - attempting to open EC_Lab_Win11, trial 1 in 3 times...
2026-03-12 17:15:30,776[9536] - RobotTest_AcidicPlatform - INFO - human operating, fail to detect...
2026-03-12 17:17:08,538[18320] - RobotTest_AcidicPlatform - INFO - started a batch of test, with sample_rack_id : sample_id = {8: 8, 9: 9, 10: 10, 11: 11, 12: 12, 13: 13, 14: 14, 15: 15, 16: 16, 17: 17, 18: 18, 19: 19, 20: 20}
2026-03-12 17:17:08,538[18320] - RobotTest_AcidicPlatform - INFO - started a batch of test, with sample_rack_id : sample_id = {8: 8, 9: 9, 10: 10, 11: 11, 12: 12, 13: 13, 14: 14, 15: 15, 16: 16, 17: 17, 18: 18, 19: 19, 20: 20}
2026-03-12 17:17:20,209[18320] - OBS_Win - INFO - not in software yet
2026-03-12 17:17:20,209[18320] - OBS_Win - INFO - not in software yet
2026-03-12 17:17:20,563[18320] - OBS_Win - INFO - attempting to open OBS_Win, trial 1 in 3 times...
2026-03-12 17:17:20,563[18320] - OBS_Win - INFO - attempting to open OBS_Win, trial 1 in 3 times...
2026-03-12 17:17:24,228[18320] - OBS_Win - INFO - OBS_Win started
2026-03-12 17:17:24,228[18320] - OBS_Win - INFO - OBS_Win started
2026-03-12 17:17:24,228[18320] - RobotTest_AcidicPlatform - INFO - loading the sample from rack_id #8...
2026-03-12 17:17:24,228[18320] - RobotTest_AcidicPlatform - INFO - loading the sample from rack_id #8...
2026-03-12 17:18:02,586[18320] - RobotTest_AcidicPlatform - INFO - sample successfully loaded into the cell
2026-03-12 17:18:02,586[18320] - RobotTest_AcidicPlatform - INFO - sample successfully loaded into the cell
2026-03-12 17:18:03,247[18320] - OBS_Win - INFO - OBS_Win stopped
2026-03-12 17:18:03,247[18320] - OBS_Win - INFO - OBS_Win stopped
2026-03-12 17:18:06,521[18320] - EC_Lab_Win11 - INFO - not in software yet
2026-03-12 17:18:06,521[18320] - EC_Lab_Win11 - INFO - not in software yet
2026-03-12 17:18:06,865[18320] - EC_Lab_Win11 - INFO - attempting to open EC_Lab_Win11, trial 1 in 3 times...
2026-03-12 17:18:06,865[18320] - EC_Lab_Win11 - INFO - attempting to open EC_Lab_Win11, trial 1 in 3 times...
2026-03-12 17:41:30,686[18320] - EC_Lab_Win11 - INFO - test is complete
2026-03-12 17:41:30,686[18320] - EC_Lab_Win11 - INFO - test is complete
2026-03-12 17:41:30,686[18320] - RobotTest_AcidicPlatform - INFO - test pH12P7_ZerothGen_sample#8_2026-03-12_17-17-19 finished
2026-03-12 17:41:30,686[18320] - RobotTest_AcidicPlatform - INFO - test pH12P7_ZerothGen_sample#8_2026-03-12_17-17-19 finished
2026-03-12 17:41:30,888[18320] - OBS_Win - INFO - not in software yet
2026-03-12 17:41:30,888[18320] - OBS_Win - INFO - not in software yet
2026-03-12 17:41:31,237[18320] - OBS_Win - INFO - attempting to open OBS_Win, trial 1 in 3 times...
2026-03-12 17:41:31,237[18320] - OBS_Win - INFO - attempting to open OBS_Win, trial 1 in 3 times...
2026-03-12 17:41:34,836[18320] - OBS_Win - INFO - OBS_Win started
2026-03-12 17:41:34,836[18320] - OBS_Win - INFO - OBS_Win started
2026-03-12 17:41:34,836[18320] - RobotTest_AcidicPlatform - INFO - unloading the sample to rack_id #8...
2026-03-12 17:41:34,836[18320] - RobotTest_AcidicPlatform - INFO - unloading the sample to rack_id #8...
2026-03-12 17:42:31,812[18320] - RobotTest_AcidicPlatform - INFO - sample successfully unloaded from the cell
2026-03-12 17:42:31,812[18320] - RobotTest_AcidicPlatform - INFO - sample successfully unloaded from the cell
2026-03-12 17:42:35,397[18320] - OBS_Win - INFO - OBS_Win stopped
2026-03-12 17:42:35,397[18320] - OBS_Win - INFO - OBS_Win stopped
2026-03-12 17:42:35,884[18320] - OBS_Win - WARNING - cannot find ['OBS_start_record.png'] on screen
2026-03-12 17:42:35,884[18320] - OBS_Win - WARNING - cannot find ['OBS_start_record.png'] on screen
2026-03-12 17:42:39,243[18320] - OBS_Win - INFO - OBS_Win started
2026-03-12 17:42:39,243[18320] - OBS_Win - INFO - OBS_Win started
2026-03-12 17:42:39,243[18320] - RobotTest_AcidicPlatform - INFO - loading the sample from rack_id #9...
2026-03-12 17:42:39,243[18320] - RobotTest_AcidicPlatform - INFO - loading the sample from rack_id #9...
2026-03-12 17:43:14,668[18320] - RobotTest_AcidicPlatform - INFO - sample successfully loaded into the cell
2026-03-12 17:43:14,668[18320] - RobotTest_AcidicPlatform - INFO - sample successfully loaded into the cell
2026-03-12 17:43:15,247[18320] - OBS_Win - INFO - OBS_Win stopped
2026-03-12 17:43:15,247[18320] - OBS_Win - INFO - OBS_Win stopped
2026-03-12 17:43:18,504[18320] - EC_Lab_Win11 - INFO - not in software yet
2026-03-12 17:43:18,504[18320] - EC_Lab_Win11 - INFO - not in software yet
2026-03-12 17:43:18,827[18320] - EC_Lab_Win11 - INFO - attempting to open EC_Lab_Win11, trial 1 in 3 times...
2026-03-12 17:43:18,827[18320] - EC_Lab_Win11 - INFO - attempting to open EC_Lab_Win11, trial 1 in 3 times...
2026-03-12 18:06:53,133[18320] - EC_Lab_Win11 - INFO - test is complete
2026-03-12 18:06:53,133[18320] - EC_Lab_Win11 - INFO - test is complete
2026-03-12 18:06:53,133[18320] - RobotTest_AcidicPlatform - INFO - test pH12P7_ZerothGen_sample#9_2026-03-12_17-42-35 finished
2026-03-12 18:06:53,133[18320] - RobotTest_AcidicPlatform - INFO - test pH12P7_ZerothGen_sample#9_2026-03-12_17-42-35 finished
2026-03-12 18:06:53,320[18320] - OBS_Win - INFO - not in software yet
2026-03-12 18:06:53,320[18320] - OBS_Win - INFO - not in software yet
2026-03-12 18:06:53,629[18320] - OBS_Win - INFO - attempting to open OBS_Win, trial 1 in 3 times...
2026-03-12 18:06:53,629[18320] - OBS_Win - INFO - attempting to open OBS_Win, trial 1 in 3 times...
2026-03-12 18:06:57,219[18320] - OBS_Win - INFO - OBS_Win started
2026-03-12 18:06:57,219[18320] - OBS_Win - INFO - OBS_Win started
2026-03-12 18:06:57,219[18320] - RobotTest_AcidicPlatform - INFO - unloading the sample to rack_id #9...
2026-03-12 18:06:57,219[18320] - RobotTest_AcidicPlatform - INFO - unloading the sample to rack_id #9...
2026-03-12 18:07:54,519[18320] - RobotTest_AcidicPlatform - INFO - sample successfully unloaded from the cell
2026-03-12 18:07:54,519[18320] - RobotTest_AcidicPlatform - INFO - sample successfully unloaded from the cell
2026-03-12 18:07:58,143[18320] - OBS_Win - INFO - OBS_Win stopped
2026-03-12 18:07:58,143[18320] - OBS_Win - INFO - OBS_Win stopped
2026-03-12 18:07:58,638[18320] - OBS_Win - WARNING - cannot find ['OBS_start_record.png'] on screen
2026-03-12 18:07:58,638[18320] - OBS_Win - WARNING - cannot find ['OBS_start_record.png'] on screen
2026-03-12 18:08:01,990[18320] - OBS_Win - INFO - OBS_Win started
2026-03-12 18:08:01,990[18320] - OBS_Win - INFO - OBS_Win started
2026-03-12 18:08:01,990[18320] - RobotTest_AcidicPlatform - INFO - loading the sample from rack_id #10...
2026-03-12 18:08:01,990[18320] - RobotTest_AcidicPlatform - INFO - loading the sample from rack_id #10...
2026-03-12 18:08:37,903[18320] - RobotTest_AcidicPlatform - INFO - sample successfully loaded into the cell
2026-03-12 18:08:37,903[18320] - RobotTest_AcidicPlatform - INFO - sample successfully loaded into the cell
2026-03-12 18:08:38,496[18320] - OBS_Win - INFO - OBS_Win stopped
2026-03-12 18:08:38,496[18320] - OBS_Win - INFO - OBS_Win stopped
2026-03-12 18:08:41,757[18320] - EC_Lab_Win11 - INFO - not in software yet
2026-03-12 18:08:41,757[18320] - EC_Lab_Win11 - INFO - not in software yet
2026-03-12 18:08:42,083[18320] - EC_Lab_Win11 - INFO - attempting to open EC_Lab_Win11, trial 1 in 3 times...
2026-03-12 18:08:42,083[18320] - EC_Lab_Win11 - INFO - attempting to open EC_Lab_Win11, trial 1 in 3 times...
2026-03-12 18:31:54,614[18320] - EC_Lab_Win11 - INFO - test is complete
2026-03-12 18:31:54,614[18320] - EC_Lab_Win11 - INFO - test is complete
2026-03-12 18:31:54,615[18320] - RobotTest_AcidicPlatform - INFO - test pH12P7_ZerothGen_sample#10_2026-03-12_18-07-58 finished
2026-03-12 18:31:54,615[18320] - RobotTest_AcidicPlatform - INFO - test pH12P7_ZerothGen_sample#10_2026-03-12_18-07-58 finished
2026-03-12 18:31:54,817[18320] - OBS_Win - INFO - not in software yet
2026-03-12 18:31:54,817[18320] - OBS_Win - INFO - not in software yet
2026-03-12 18:31:55,129[18320] - OBS_Win - INFO - attempting to open OBS_Win, trial 1 in 3 times...
2026-03-12 18:31:55,129[18320] - OBS_Win - INFO - attempting to open OBS_Win, trial 1 in 3 times...
2026-03-12 18:31:58,715[18320] - OBS_Win - INFO - OBS_Win started
2026-03-12 18:31:58,715[18320] - OBS_Win - INFO - OBS_Win started
2026-03-12 18:31:58,715[18320] - RobotTest_AcidicPlatform - INFO - unloading the sample to rack_id #10...
2026-03-12 18:31:58,715[18320] - RobotTest_AcidicPlatform - INFO - unloading the sample to rack_id #10...
2026-03-12 18:32:56,656[18320] - RobotTest_AcidicPlatform - INFO - sample successfully unloaded from the cell
2026-03-12 18:32:56,656[18320] - RobotTest_AcidicPlatform - INFO - sample successfully unloaded from the cell
2026-03-12 18:33:00,309[18320] - OBS_Win - INFO - OBS_Win stopped
2026-03-12 18:33:00,309[18320] - OBS_Win - INFO - OBS_Win stopped
2026-03-12 18:33:00,783[18320] - OBS_Win - WARNING - cannot find ['OBS_start_record.png'] on screen
2026-03-12 18:33:00,783[18320] - OBS_Win - WARNING - cannot find ['OBS_start_record.png'] on screen
2026-03-12 18:33:04,131[18320] - OBS_Win - INFO - OBS_Win started
2026-03-12 18:33:04,131[18320] - OBS_Win - INFO - OBS_Win started
2026-03-12 18:33:04,131[18320] - RobotTest_AcidicPlatform - INFO - loading the sample from rack_id #11...
2026-03-12 18:33:04,131[18320] - RobotTest_AcidicPlatform - INFO - loading the sample from rack_id #11...
2026-03-12 18:33:40,723[18320] - RobotTest_AcidicPlatform - INFO - sample successfully loaded into the cell
2026-03-12 18:33:40,723[18320] - RobotTest_AcidicPlatform - INFO - sample successfully loaded into the cell
2026-03-12 18:33:41,334[18320] - OBS_Win - INFO - OBS_Win stopped
2026-03-12 18:33:41,334[18320] - OBS_Win - INFO - OBS_Win stopped
2026-03-12 18:33:44,599[18320] - EC_Lab_Win11 - INFO - not in software yet
2026-03-12 18:33:44,599[18320] - EC_Lab_Win11 - INFO - not in software yet
2026-03-12 18:33:44,939[18320] - EC_Lab_Win11 - INFO - attempting to open EC_Lab_Win11, trial 1 in 3 times...
2026-03-12 18:33:44,939[18320] - EC_Lab_Win11 - INFO - attempting to open EC_Lab_Win11, trial 1 in 3 times...
2026-03-12 18:57:19,679[18320] - EC_Lab_Win11 - INFO - test is complete
2026-03-12 18:57:19,679[18320] - EC_Lab_Win11 - INFO - test is complete
2026-03-12 18:57:19,680[18320] - RobotTest_AcidicPlatform - INFO - test pH12P7_ZerothGen_sample#11_2026-03-12_18-33-00 finished
2026-03-12 18:57:19,680[18320] - RobotTest_AcidicPlatform - INFO - test pH12P7_ZerothGen_sample#11_2026-03-12_18-33-00 finished
2026-03-12 18:57:19,864[18320] - OBS_Win - INFO - not in software yet
2026-03-12 18:57:19,864[18320] - OBS_Win - INFO - not in software yet
2026-03-12 18:57:20,186[18320] - OBS_Win - INFO - attempting to open OBS_Win, trial 1 in 3 times...
2026-03-12 18:57:20,186[18320] - OBS_Win - INFO - attempting to open OBS_Win, trial 1 in 3 times...
2026-03-12 18:57:23,768[18320] - OBS_Win - INFO - OBS_Win started
2026-03-12 18:57:23,768[18320] - OBS_Win - INFO - OBS_Win started
2026-03-12 18:57:23,768[18320] - RobotTest_AcidicPlatform - INFO - unloading the sample to rack_id #11...
2026-03-12 18:57:23,768[18320] - RobotTest_AcidicPlatform - INFO - unloading the sample to rack_id #11...
2026-03-12 18:58:21,881[18320] - RobotTest_AcidicPlatform - INFO - sample successfully unloaded from the cell
2026-03-12 18:58:21,881[18320] - RobotTest_AcidicPlatform - INFO - sample successfully unloaded from the cell
2026-03-12 18:58:25,486[18320] - OBS_Win - INFO - OBS_Win stopped
2026-03-12 18:58:25,486[18320] - OBS_Win - INFO - OBS_Win stopped
2026-03-12 18:58:25,969[18320] - OBS_Win - WARNING - cannot find ['OBS_start_record.png'] on screen
2026-03-12 18:58:25,969[18320] - OBS_Win - WARNING - cannot find ['OBS_start_record.png'] on screen
2026-03-12 18:58:29,322[18320] - OBS_Win - INFO - OBS_Win started
2026-03-12 18:58:29,322[18320] - OBS_Win - INFO - OBS_Win started
2026-03-12 18:58:29,322[18320] - RobotTest_AcidicPlatform - INFO - loading the sample from rack_id #12...
2026-03-12 18:58:29,322[18320] - RobotTest_AcidicPlatform - INFO - loading the sample from rack_id #12...
2026-03-12 18:59:06,215[18320] - RobotTest_AcidicPlatform - INFO - sample successfully loaded into the cell
2026-03-12 18:59:06,215[18320] - RobotTest_AcidicPlatform - INFO - sample successfully loaded into the cell
2026-03-12 18:59:06,816[18320] - OBS_Win - INFO - OBS_Win stopped
2026-03-12 18:59:06,816[18320] - OBS_Win - INFO - OBS_Win stopped
2026-03-12 18:59:10,066[18320] - EC_Lab_Win11 - INFO - not in software yet
2026-03-12 18:59:10,066[18320] - EC_Lab_Win11 - INFO - not in software yet
2026-03-12 18:59:10,414[18320] - EC_Lab_Win11 - INFO - attempting to open EC_Lab_Win11, trial 1 in 3 times...
2026-03-12 18:59:10,414[18320] - EC_Lab_Win11 - INFO - attempting to open EC_Lab_Win11, trial 1 in 3 times...
2026-03-12 19:22:23,127[18320] - EC_Lab_Win11 - INFO - test is complete
2026-03-12 19:22:23,127[18320] - EC_Lab_Win11 - INFO - test is complete
2026-03-12 19:22:23,128[18320] - RobotTest_AcidicPlatform - INFO - test pH12P7_ZerothGen_sample#12_2026-03-12_18-58-25 finished
2026-03-12 19:22:23,128[18320] - RobotTest_AcidicPlatform - INFO - test pH12P7_ZerothGen_sample#12_2026-03-12_18-58-25 finished
2026-03-12 19:22:23,315[18320] - OBS_Win - INFO - not in software yet
2026-03-12 19:22:23,315[18320] - OBS_Win - INFO - not in software yet
2026-03-12 19:22:23,621[18320] - OBS_Win - INFO - attempting to open OBS_Win, trial 1 in 3 times...
2026-03-12 19:22:23,621[18320] - OBS_Win - INFO - attempting to open OBS_Win, trial 1 in 3 times...
2026-03-12 19:22:27,210[18320] - OBS_Win - INFO - OBS_Win started
2026-03-12 19:22:27,210[18320] - OBS_Win - INFO - OBS_Win started
2026-03-12 19:22:27,210[18320] - RobotTest_AcidicPlatform - INFO - unloading the sample to rack_id #12...
2026-03-12 19:22:27,210[18320] - RobotTest_AcidicPlatform - INFO - unloading the sample to rack_id #12...
2026-03-12 19:23:26,133[18320] - RobotTest_AcidicPlatform - INFO - sample successfully unloaded from the cell
2026-03-12 19:23:26,133[18320] - RobotTest_AcidicPlatform - INFO - sample successfully unloaded from the cell
2026-03-12 19:23:29,767[18320] - OBS_Win - INFO - OBS_Win stopped
2026-03-12 19:23:29,767[18320] - OBS_Win - INFO - OBS_Win stopped
2026-03-12 19:23:30,234[18320] - OBS_Win - WARNING - cannot find ['OBS_start_record.png'] on screen
2026-03-12 19:23:30,234[18320] - OBS_Win - WARNING - cannot find ['OBS_start_record.png'] on screen
2026-03-12 19:23:33,588[18320] - OBS_Win - INFO - OBS_Win started
2026-03-12 19:23:33,588[18320] - OBS_Win - INFO - OBS_Win started
2026-03-12 19:23:33,588[18320] - RobotTest_AcidicPlatform - INFO - loading the sample from rack_id #13...
2026-03-12 19:23:33,588[18320] - RobotTest_AcidicPlatform - INFO - loading the sample from rack_id #13...
2026-03-12 19:24:11,121[18320] - RobotTest_AcidicPlatform - INFO - sample successfully loaded into the cell
2026-03-12 19:24:11,121[18320] - RobotTest_AcidicPlatform - INFO - sample successfully loaded into the cell
2026-03-12 19:24:11,734[18320] - OBS_Win - INFO - OBS_Win stopped
2026-03-12 19:24:11,734[18320] - OBS_Win - INFO - OBS_Win stopped
2026-03-12 19:24:15,005[18320] - EC_Lab_Win11 - INFO - not in software yet
2026-03-12 19:24:15,005[18320] - EC_Lab_Win11 - INFO - not in software yet
2026-03-12 19:24:15,335[18320] - EC_Lab_Win11 - INFO - attempting to open EC_Lab_Win11, trial 1 in 3 times...
2026-03-12 19:24:15,335[18320] - EC_Lab_Win11 - INFO - attempting to open EC_Lab_Win11, trial 1 in 3 times...
2026-03-12 19:48:12,258[18320] - EC_Lab_Win11 - INFO - test is complete
2026-03-12 19:48:12,258[18320] - EC_Lab_Win11 - INFO - test is complete
2026-03-12 19:48:12,258[18320] - RobotTest_AcidicPlatform - INFO - test pH12P7_ZerothGen_sample#13_2026-03-12_19-23-29 finished
2026-03-12 19:48:12,258[18320] - RobotTest_AcidicPlatform - INFO - test pH12P7_ZerothGen_sample#13_2026-03-12_19-23-29 finished
2026-03-12 19:48:12,456[18320] - OBS_Win - INFO - not in software yet
2026-03-12 19:48:12,456[18320] - OBS_Win - INFO - not in software yet
2026-03-12 19:48:12,792[18320] - OBS_Win - INFO - attempting to open OBS_Win, trial 1 in 3 times...
2026-03-12 19:48:12,792[18320] - OBS_Win - INFO - attempting to open OBS_Win, trial 1 in 3 times...
2026-03-12 19:48:16,389[18320] - OBS_Win - INFO - OBS_Win started
2026-03-12 19:48:16,389[18320] - OBS_Win - INFO - OBS_Win started
2026-03-12 19:48:16,389[18320] - RobotTest_AcidicPlatform - INFO - unloading the sample to rack_id #13...
2026-03-12 19:48:16,389[18320] - RobotTest_AcidicPlatform - INFO - unloading the sample to rack_id #13...
2026-03-12 19:49:15,616[18320] - RobotTest_AcidicPlatform - INFO - sample successfully unloaded from the cell
2026-03-12 19:49:15,616[18320] - RobotTest_AcidicPlatform - INFO - sample successfully unloaded from the cell
2026-03-12 19:49:19,251[18320] - OBS_Win - INFO - OBS_Win stopped
2026-03-12 19:49:19,251[18320] - OBS_Win - INFO - OBS_Win stopped
2026-03-12 19:49:19,747[18320] - OBS_Win - WARNING - cannot find ['OBS_start_record.png'] on screen
2026-03-12 19:49:19,747[18320] - OBS_Win - WARNING - cannot find ['OBS_start_record.png'] on screen
2026-03-12 19:49:23,102[18320] - OBS_Win - INFO - OBS_Win started
2026-03-12 19:49:23,102[18320] - OBS_Win - INFO - OBS_Win started
2026-03-12 19:49:23,102[18320] - RobotTest_AcidicPlatform - INFO - loading the sample from rack_id #14...
2026-03-12 19:49:23,102[18320] - RobotTest_AcidicPlatform - INFO - loading the sample from rack_id #14...
2026-03-12 19:50:01,046[18320] - RobotTest_AcidicPlatform - INFO - sample successfully loaded into the cell
2026-03-12 19:50:01,046[18320] - RobotTest_AcidicPlatform - INFO - sample successfully loaded into the cell
2026-03-12 19:50:01,635[18320] - OBS_Win - INFO - OBS_Win stopped
2026-03-12 19:50:01,635[18320] - OBS_Win - INFO - OBS_Win stopped
2026-03-12 19:50:04,890[18320] - EC_Lab_Win11 - INFO - not in software yet
2026-03-12 19:50:04,890[18320] - EC_Lab_Win11 - INFO - not in software yet
2026-03-12 19:50:05,232[18320] - EC_Lab_Win11 - INFO - attempting to open EC_Lab_Win11, trial 1 in 3 times...
2026-03-12 19:50:05,232[18320] - EC_Lab_Win11 - INFO - attempting to open EC_Lab_Win11, trial 1 in 3 times...
2026-03-12 20:13:17,304[18320] - EC_Lab_Win11 - INFO - test is complete
2026-03-12 20:13:17,304[18320] - EC_Lab_Win11 - INFO - test is complete
2026-03-12 20:13:17,304[18320] - RobotTest_AcidicPlatform - INFO - test pH12P7_ZerothGen_sample#14_2026-03-12_19-49-19 finished
2026-03-12 20:13:17,304[18320] - RobotTest_AcidicPlatform - INFO - test pH12P7_ZerothGen_sample#14_2026-03-12_19-49-19 finished
2026-03-12 20:13:17,506[18320] - OBS_Win - INFO - not in software yet
2026-03-12 20:13:17,506[18320] - OBS_Win - INFO - not in software yet
2026-03-12 20:13:17,818[18320] - OBS_Win - INFO - attempting to open OBS_Win, trial 1 in 3 times...
2026-03-12 20:13:17,818[18320] - OBS_Win - INFO - attempting to open OBS_Win, trial 1 in 3 times...
2026-03-12 20:13:21,420[18320] - OBS_Win - INFO - OBS_Win started
2026-03-12 20:13:21,420[18320] - OBS_Win - INFO - OBS_Win started
2026-03-12 20:13:21,420[18320] - RobotTest_AcidicPlatform - INFO - unloading the sample to rack_id #14...
2026-03-12 20:13:21,420[18320] - RobotTest_AcidicPlatform - INFO - unloading the sample to rack_id #14...
2026-03-12 20:14:20,994[18320] - RobotTest_AcidicPlatform - INFO - sample successfully unloaded from the cell
2026-03-12 20:14:20,994[18320] - RobotTest_AcidicPlatform - INFO - sample successfully unloaded from the cell
2026-03-12 20:14:24,603[18320] - OBS_Win - INFO - OBS_Win stopped
2026-03-12 20:14:24,603[18320] - OBS_Win - INFO - OBS_Win stopped
2026-03-12 20:14:25,082[18320] - OBS_Win - WARNING - cannot find ['OBS_start_record.png'] on screen
2026-03-12 20:14:25,082[18320] - OBS_Win - WARNING - cannot find ['OBS_start_record.png'] on screen
2026-03-12 20:14:28,455[18320] - OBS_Win - INFO - OBS_Win started
2026-03-12 20:14:28,455[18320] - OBS_Win - INFO - OBS_Win started
2026-03-12 20:14:28,455[18320] - RobotTest_AcidicPlatform - INFO - loading the sample from rack_id #15...
2026-03-12 20:14:28,455[18320] - RobotTest_AcidicPlatform - INFO - loading the sample from rack_id #15...
2026-03-12 20:15:06,777[18320] - RobotTest_AcidicPlatform - INFO - sample successfully loaded into the cell
2026-03-12 20:15:06,777[18320] - RobotTest_AcidicPlatform - INFO - sample successfully loaded into the cell
2026-03-12 20:15:07,360[18320] - OBS_Win - INFO - OBS_Win stopped
2026-03-12 20:15:07,360[18320] - OBS_Win - INFO - OBS_Win stopped
2026-03-12 20:15:10,645[18320] - EC_Lab_Win11 - INFO - not in software yet
2026-03-12 20:15:10,645[18320] - EC_Lab_Win11 - INFO - not in software yet
2026-03-12 20:15:10,967[18320] - EC_Lab_Win11 - INFO - attempting to open EC_Lab_Win11, trial 1 in 3 times...
2026-03-12 20:15:10,967[18320] - EC_Lab_Win11 - INFO - attempting to open EC_Lab_Win11, trial 1 in 3 times...
2026-03-12 20:38:23,105[18320] - EC_Lab_Win11 - INFO - test is complete
2026-03-12 20:38:23,105[18320] - EC_Lab_Win11 - INFO - test is complete
2026-03-12 20:38:23,106[18320] - RobotTest_AcidicPlatform - INFO - test pH12P7_ZerothGen_sample#15_2026-03-12_20-14-24 finished
2026-03-12 20:38:23,106[18320] - RobotTest_AcidicPlatform - INFO - test pH12P7_ZerothGen_sample#15_2026-03-12_20-14-24 finished
2026-03-12 20:38:23,311[18320] - OBS_Win - INFO - not in software yet
2026-03-12 20:38:23,311[18320] - OBS_Win - INFO - not in software yet
2026-03-12 20:38:23,627[18320] - OBS_Win - INFO - attempting to open OBS_Win, trial 1 in 3 times...
2026-03-12 20:38:23,627[18320] - OBS_Win - INFO - attempting to open OBS_Win, trial 1 in 3 times...
2026-03-12 20:38:27,218[18320] - OBS_Win - INFO - OBS_Win started
2026-03-12 20:38:27,218[18320] - OBS_Win - INFO - OBS_Win started
2026-03-12 20:38:27,218[18320] - RobotTest_AcidicPlatform - INFO - unloading the sample to rack_id #15...
2026-03-12 20:38:27,218[18320] - RobotTest_AcidicPlatform - INFO - unloading the sample to rack_id #15...
2026-03-12 20:39:27,195[18320] - RobotTest_AcidicPlatform - INFO - sample successfully unloaded from the cell
2026-03-12 20:39:27,195[18320] - RobotTest_AcidicPlatform - INFO - sample successfully unloaded from the cell
2026-03-12 20:39:30,801[18320] - OBS_Win - INFO - OBS_Win stopped
2026-03-12 20:39:30,801[18320] - OBS_Win - INFO - OBS_Win stopped
2026-03-12 20:39:31,282[18320] - OBS_Win - WARNING - cannot find ['OBS_start_record.png'] on screen
2026-03-12 20:39:31,282[18320] - OBS_Win - WARNING - cannot find ['OBS_start_record.png'] on screen
2026-03-12 20:39:34,636[18320] - OBS_Win - INFO - OBS_Win started
2026-03-12 20:39:34,636[18320] - OBS_Win - INFO - OBS_Win started
2026-03-12 20:39:34,636[18320] - RobotTest_AcidicPlatform - INFO - loading the sample from rack_id #16...
2026-03-12 20:39:34,636[18320] - RobotTest_AcidicPlatform - INFO - loading the sample from rack_id #16...
2026-03-12 20:40:13,498[18320] - RobotTest_AcidicPlatform - INFO - sample successfully loaded into the cell
2026-03-12 20:40:13,498[18320] - RobotTest_AcidicPlatform - INFO - sample successfully loaded into the cell
2026-03-12 20:40:14,098[18320] - OBS_Win - INFO - OBS_Win stopped
2026-03-12 20:40:14,098[18320] - OBS_Win - INFO - OBS_Win stopped
2026-03-12 20:40:17,359[18320] - EC_Lab_Win11 - INFO - not in software yet
2026-03-12 20:40:17,359[18320] - EC_Lab_Win11 - INFO - not in software yet
2026-03-12 20:40:17,714[18320] - EC_Lab_Win11 - INFO - attempting to open EC_Lab_Win11, trial 1 in 3 times...
2026-03-12 20:40:17,714[18320] - EC_Lab_Win11 - INFO - attempting to open EC_Lab_Win11, trial 1 in 3 times...
2026-03-12 21:03:52,392[18320] - EC_Lab_Win11 - INFO - test is complete
2026-03-12 21:03:52,392[18320] - EC_Lab_Win11 - INFO - test is complete
2026-03-12 21:03:52,392[18320] - RobotTest_AcidicPlatform - INFO - test pH12P7_ZerothGen_sample#16_2026-03-12_20-39-30 finished
2026-03-12 21:03:52,392[18320] - RobotTest_AcidicPlatform - INFO - test pH12P7_ZerothGen_sample#16_2026-03-12_20-39-30 finished
2026-03-12 21:03:52,580[18320] - OBS_Win - INFO - not in software yet
2026-03-12 21:03:52,580[18320] - OBS_Win - INFO - not in software yet
2026-03-12 21:03:52,902[18320] - OBS_Win - INFO - attempting to open OBS_Win, trial 1 in 3 times...
2026-03-12 21:03:52,902[18320] - OBS_Win - INFO - attempting to open OBS_Win, trial 1 in 3 times...
2026-03-12 21:03:56,528[18320] - OBS_Win - INFO - OBS_Win started
2026-03-12 21:03:56,528[18320] - OBS_Win - INFO - OBS_Win started
2026-03-12 21:03:56,529[18320] - RobotTest_AcidicPlatform - INFO - unloading the sample to rack_id #16...
2026-03-12 21:03:56,529[18320] - RobotTest_AcidicPlatform - INFO - unloading the sample to rack_id #16...
2026-03-12 21:04:56,975[18320] - RobotTest_AcidicPlatform - INFO - sample successfully unloaded from the cell
2026-03-12 21:04:56,975[18320] - RobotTest_AcidicPlatform - INFO - sample successfully unloaded from the cell
2026-03-12 21:05:00,631[18320] - OBS_Win - INFO - OBS_Win stopped
2026-03-12 21:05:00,631[18320] - OBS_Win - INFO - OBS_Win stopped
2026-03-12 21:05:01,139[18320] - OBS_Win - WARNING - cannot find ['OBS_start_record.png'] on screen
2026-03-12 21:05:01,139[18320] - OBS_Win - WARNING - cannot find ['OBS_start_record.png'] on screen
2026-03-12 21:05:04,482[18320] - OBS_Win - INFO - OBS_Win started
2026-03-12 21:05:04,482[18320] - OBS_Win - INFO - OBS_Win started
2026-03-12 21:05:04,483[18320] - RobotTest_AcidicPlatform - INFO - loading the sample from rack_id #17...
2026-03-12 21:05:04,483[18320] - RobotTest_AcidicPlatform - INFO - loading the sample from rack_id #17...
2026-03-12 21:05:43,714[18320] - RobotTest_AcidicPlatform - INFO - sample successfully loaded into the cell
2026-03-12 21:05:43,714[18320] - RobotTest_AcidicPlatform - INFO - sample successfully loaded into the cell
2026-03-12 21:05:44,302[18320] - OBS_Win - INFO - OBS_Win stopped
2026-03-12 21:05:44,302[18320] - OBS_Win - INFO - OBS_Win stopped
2026-03-12 21:05:47,585[18320] - EC_Lab_Win11 - INFO - not in software yet
2026-03-12 21:05:47,585[18320] - EC_Lab_Win11 - INFO - not in software yet
2026-03-12 21:05:47,940[18320] - EC_Lab_Win11 - INFO - attempting to open EC_Lab_Win11, trial 1 in 3 times...
2026-03-12 21:05:47,940[18320] - EC_Lab_Win11 - INFO - attempting to open EC_Lab_Win11, trial 1 in 3 times...
2026-03-12 21:29:22,784[18320] - EC_Lab_Win11 - INFO - test is complete
2026-03-12 21:29:22,784[18320] - EC_Lab_Win11 - INFO - test is complete
2026-03-12 21:29:22,784[18320] - RobotTest_AcidicPlatform - INFO - test pH12P7_ZerothGen_sample#17_2026-03-12_21-05-00 finished
2026-03-12 21:29:22,784[18320] - RobotTest_AcidicPlatform - INFO - test pH12P7_ZerothGen_sample#17_2026-03-12_21-05-00 finished
2026-03-12 21:29:22,972[18320] - OBS_Win - INFO - not in software yet
2026-03-12 21:29:22,972[18320] - OBS_Win - INFO - not in software yet
2026-03-12 21:29:23,293[18320] - OBS_Win - INFO - attempting to open OBS_Win, trial 1 in 3 times...
2026-03-12 21:29:23,293[18320] - OBS_Win - INFO - attempting to open OBS_Win, trial 1 in 3 times...
2026-03-12 21:29:26,892[18320] - OBS_Win - INFO - OBS_Win started
2026-03-12 21:29:26,892[18320] - OBS_Win - INFO - OBS_Win started
2026-03-12 21:29:26,892[18320] - RobotTest_AcidicPlatform - INFO - unloading the sample to rack_id #17...
2026-03-12 21:29:26,892[18320] - RobotTest_AcidicPlatform - INFO - unloading the sample to rack_id #17...
2026-03-12 21:30:27,897[18320] - RobotTest_AcidicPlatform - INFO - sample successfully unloaded from the cell
2026-03-12 21:30:27,897[18320] - RobotTest_AcidicPlatform - INFO - sample successfully unloaded from the cell
2026-03-12 21:30:31,482[18320] - OBS_Win - INFO - OBS_Win stopped
2026-03-12 21:30:31,482[18320] - OBS_Win - INFO - OBS_Win stopped
2026-03-12 21:30:31,965[18320] - OBS_Win - WARNING - cannot find ['OBS_start_record.png'] on screen
2026-03-12 21:30:31,965[18320] - OBS_Win - WARNING - cannot find ['OBS_start_record.png'] on screen
2026-03-12 21:30:35,322[18320] - OBS_Win - INFO - OBS_Win started
2026-03-12 21:30:35,322[18320] - OBS_Win - INFO - OBS_Win started
2026-03-12 21:30:35,322[18320] - RobotTest_AcidicPlatform - INFO - loading the sample from rack_id #18...
2026-03-12 21:30:35,322[18320] - RobotTest_AcidicPlatform - INFO - loading the sample from rack_id #18...
2026-03-12 21:31:14,931[18320] - RobotTest_AcidicPlatform - INFO - sample successfully loaded into the cell
2026-03-12 21:31:14,931[18320] - RobotTest_AcidicPlatform - INFO - sample successfully loaded into the cell
2026-03-12 21:31:15,544[18320] - OBS_Win - INFO - OBS_Win stopped
2026-03-12 21:31:15,544[18320] - OBS_Win - INFO - OBS_Win stopped
2026-03-12 21:31:18,812[18320] - EC_Lab_Win11 - INFO - not in software yet
2026-03-12 21:31:18,812[18320] - EC_Lab_Win11 - INFO - not in software yet
2026-03-12 21:31:19,139[18320] - EC_Lab_Win11 - INFO - attempting to open EC_Lab_Win11, trial 1 in 3 times...
2026-03-12 21:31:19,139[18320] - EC_Lab_Win11 - INFO - attempting to open EC_Lab_Win11, trial 1 in 3 times...
2026-03-12 21:54:31,504[18320] - EC_Lab_Win11 - INFO - test is complete
2026-03-12 21:54:31,504[18320] - EC_Lab_Win11 - INFO - test is complete
2026-03-12 21:54:31,505[18320] - RobotTest_AcidicPlatform - INFO - test pH12P7_ZerothGen_sample#18_2026-03-12_21-30-31 finished
2026-03-12 21:54:31,505[18320] - RobotTest_AcidicPlatform - INFO - test pH12P7_ZerothGen_sample#18_2026-03-12_21-30-31 finished
2026-03-12 21:54:31,704[18320] - OBS_Win - INFO - not in software yet
2026-03-12 21:54:31,704[18320] - OBS_Win - INFO - not in software yet
2026-03-12 21:54:32,025[18320] - OBS_Win - INFO - attempting to open OBS_Win, trial 1 in 3 times...
2026-03-12 21:54:32,025[18320] - OBS_Win - INFO - attempting to open OBS_Win, trial 1 in 3 times...
2026-03-12 21:54:35,670[18320] - OBS_Win - INFO - OBS_Win started
2026-03-12 21:54:35,670[18320] - OBS_Win - INFO - OBS_Win started
2026-03-12 21:54:35,671[18320] - RobotTest_AcidicPlatform - INFO - unloading the sample to rack_id #18...
2026-03-12 21:54:35,671[18320] - RobotTest_AcidicPlatform - INFO - unloading the sample to rack_id #18...
2026-03-12 21:55:37,102[18320] - RobotTest_AcidicPlatform - INFO - sample successfully unloaded from the cell
2026-03-12 21:55:37,102[18320] - RobotTest_AcidicPlatform - INFO - sample successfully unloaded from the cell
2026-03-12 21:55:40,722[18320] - OBS_Win - INFO - OBS_Win stopped
2026-03-12 21:55:40,722[18320] - OBS_Win - INFO - OBS_Win stopped
2026-03-12 21:55:41,190[18320] - OBS_Win - WARNING - cannot find ['OBS_start_record.png'] on screen
2026-03-12 21:55:41,190[18320] - OBS_Win - WARNING - cannot find ['OBS_start_record.png'] on screen
2026-03-12 21:55:44,536[18320] - OBS_Win - INFO - OBS_Win started
2026-03-12 21:55:44,536[18320] - OBS_Win - INFO - OBS_Win started
2026-03-12 21:55:44,536[18320] - RobotTest_AcidicPlatform - INFO - loading the sample from rack_id #19...
2026-03-12 21:55:44,536[18320] - RobotTest_AcidicPlatform - INFO - loading the sample from rack_id #19...
2026-03-12 21:56:24,281[18320] - RobotTest_AcidicPlatform - INFO - sample successfully loaded into the cell
2026-03-12 21:56:24,281[18320] - RobotTest_AcidicPlatform - INFO - sample successfully loaded into the cell
2026-03-12 21:56:24,879[18320] - OBS_Win - INFO - OBS_Win stopped
2026-03-12 21:56:24,879[18320] - OBS_Win - INFO - OBS_Win stopped
2026-03-12 21:56:28,138[18320] - EC_Lab_Win11 - INFO - not in software yet
2026-03-12 21:56:28,138[18320] - EC_Lab_Win11 - INFO - not in software yet
2026-03-12 21:56:28,481[18320] - EC_Lab_Win11 - INFO - attempting to open EC_Lab_Win11, trial 1 in 3 times...
2026-03-12 21:56:28,481[18320] - EC_Lab_Win11 - INFO - attempting to open EC_Lab_Win11, trial 1 in 3 times...
2026-03-12 22:13:52,103[18320] - RobotTest_AcidicPlatform - INFO - human operating, fail to detect...
2026-03-12 22:13:52,103[18320] - RobotTest_AcidicPlatform - INFO - human operating, fail to detect...
2026-03-12 22:14:03,299[18320] - EC_Lab_Win11 - INFO - test is complete
2026-03-12 22:14:03,299[18320] - EC_Lab_Win11 - INFO - test is complete
2026-03-12 22:14:03,300[18320] - RobotTest_AcidicPlatform - INFO - test pH12P7_ZerothGen_sample#19_2026-03-12_21-55-40 finished
2026-03-12 22:14:03,300[18320] - RobotTest_AcidicPlatform - INFO - test pH12P7_ZerothGen_sample#19_2026-03-12_21-55-40 finished
2026-03-12 22:14:03,495[18320] - OBS_Win - INFO - not in software yet
2026-03-12 22:14:03,495[18320] - OBS_Win - INFO - not in software yet
2026-03-12 22:14:03,826[18320] - OBS_Win - INFO - attempting to open OBS_Win, trial 1 in 3 times...
2026-03-12 22:14:03,826[18320] - OBS_Win - INFO - attempting to open OBS_Win, trial 1 in 3 times...
2026-03-12 22:14:07,416[18320] - OBS_Win - INFO - OBS_Win started
2026-03-12 22:14:07,416[18320] - OBS_Win - INFO - OBS_Win started
2026-03-12 22:14:07,416[18320] - RobotTest_AcidicPlatform - INFO - unloading the sample to rack_id #19...
2026-03-12 22:14:07,416[18320] - RobotTest_AcidicPlatform - INFO - unloading the sample to rack_id #19...
2026-03-12 22:15:09,184[18320] - RobotTest_AcidicPlatform - INFO - sample successfully unloaded from the cell
2026-03-12 22:15:09,184[18320] - RobotTest_AcidicPlatform - INFO - sample successfully unloaded from the cell
2026-03-12 22:15:12,828[18320] - OBS_Win - INFO - OBS_Win stopped
2026-03-12 22:15:12,828[18320] - OBS_Win - INFO - OBS_Win stopped
2026-03-12 22:15:13,330[18320] - OBS_Win - WARNING - cannot find ['OBS_start_record.png'] on screen
2026-03-12 22:15:13,330[18320] - OBS_Win - WARNING - cannot find ['OBS_start_record.png'] on screen
2026-03-12 22:15:16,672[18320] - OBS_Win - INFO - OBS_Win started
2026-03-12 22:15:16,672[18320] - OBS_Win - INFO - OBS_Win started
2026-03-12 22:15:16,672[18320] - RobotTest_AcidicPlatform - INFO - loading the sample from rack_id #20...
2026-03-12 22:15:16,672[18320] - RobotTest_AcidicPlatform - INFO - loading the sample from rack_id #20...
2026-03-12 22:15:57,073[18320] - RobotTest_AcidicPlatform - INFO - sample successfully loaded into the cell
2026-03-12 22:15:57,073[18320] - RobotTest_AcidicPlatform - INFO - sample successfully loaded into the cell
2026-03-12 22:15:57,686[18320] - OBS_Win - INFO - OBS_Win stopped
2026-03-12 22:15:57,686[18320] - OBS_Win - INFO - OBS_Win stopped
2026-03-12 22:16:00,944[18320] - EC_Lab_Win11 - INFO - not in software yet
2026-03-12 22:16:00,944[18320] - EC_Lab_Win11 - INFO - not in software yet
2026-03-12 22:16:01,284[18320] - EC_Lab_Win11 - INFO - attempting to open EC_Lab_Win11, trial 1 in 3 times...
2026-03-12 22:16:01,284[18320] - EC_Lab_Win11 - INFO - attempting to open EC_Lab_Win11, trial 1 in 3 times...
2026-03-12 22:27:48,111[18320] - RobotTest_AcidicPlatform - INFO - human operating, fail to detect...
2026-03-12 22:27:48,111[18320] - RobotTest_AcidicPlatform - INFO - human operating, fail to detect...
2026-03-12 22:27:58,124[18320] - RobotTest_AcidicPlatform - INFO - human operating, fail to detect...
2026-03-12 22:27:58,124[18320] - RobotTest_AcidicPlatform - INFO - human operating, fail to detect...
2026-03-12 22:28:08,132[18320] - RobotTest_AcidicPlatform - INFO - human operating, fail to detect...
2026-03-12 22:28:08,132[18320] - RobotTest_AcidicPlatform - INFO - human operating, fail to detect...
2026-03-12 22:28:18,139[18320] - RobotTest_AcidicPlatform - INFO - human operating, fail to detect...
2026-03-12 22:28:18,139[18320] - RobotTest_AcidicPlatform - INFO - human operating, fail to detect...
2026-03-12 22:28:28,152[18320] - RobotTest_AcidicPlatform - INFO - human operating, fail to detect...
2026-03-12 22:28:28,152[18320] - RobotTest_AcidicPlatform - INFO - human operating, fail to detect...
2026-03-12 22:28:38,986[18320] - EC_Lab_Win11 - INFO - not in software yet
2026-03-12 22:28:38,986[18320] - EC_Lab_Win11 - INFO - not in software yet
2026-03-12 22:28:39,323[18320] - EC_Lab_Win11 - INFO - attempting to open EC_Lab_Win11, trial 1 in 3 times...
2026-03-12 22:28:39,323[18320] - EC_Lab_Win11 - INFO - attempting to open EC_Lab_Win11, trial 1 in 3 times...
2026-03-12 22:29:37,817[18320] - RobotTest_AcidicPlatform - INFO - human operating, fail to detect...
2026-03-12 22:29:37,817[18320] - RobotTest_AcidicPlatform - INFO - human operating, fail to detect...
2026-03-12 22:29:47,828[18320] - RobotTest_AcidicPlatform - INFO - human operating, fail to detect...
2026-03-12 22:29:47,828[18320] - RobotTest_AcidicPlatform - INFO - human operating, fail to detect...
2026-03-12 22:29:58,632[18320] - EC_Lab_Win11 - INFO - not in software yet
2026-03-12 22:29:58,632[18320] - EC_Lab_Win11 - INFO - not in software yet
2026-03-12 22:29:58,927[18320] - EC_Lab_Win11 - INFO - attempting to open EC_Lab_Win11, trial 1 in 3 times...
2026-03-12 22:29:58,927[18320] - EC_Lab_Win11 - INFO - attempting to open EC_Lab_Win11, trial 1 in 3 times...
2026-03-12 22:30:23,793[18320] - RobotTest_AcidicPlatform - INFO - human operating, fail to detect...
2026-03-12 22:30:23,793[18320] - RobotTest_AcidicPlatform - INFO - human operating, fail to detect...
2026-03-12 22:30:34,598[18320] - EC_Lab_Win11 - INFO - not in software yet
2026-03-12 22:30:34,598[18320] - EC_Lab_Win11 - INFO - not in software yet
2026-03-12 22:30:34,916[18320] - EC_Lab_Win11 - INFO - attempting to open EC_Lab_Win11, trial 1 in 3 times...
2026-03-12 22:30:34,916[18320] - EC_Lab_Win11 - INFO - attempting to open EC_Lab_Win11, trial 1 in 3 times...
2026-03-12 22:30:38,144[18320] - EC_Lab_Win11 - INFO - not in software yet
2026-03-12 22:30:38,144[18320] - EC_Lab_Win11 - INFO - not in software yet
2026-03-12 22:30:38,463[18320] - EC_Lab_Win11 - INFO - attempting to open EC_Lab_Win11, trial 2 in 3 times...
2026-03-12 22:30:38,463[18320] - EC_Lab_Win11 - INFO - attempting to open EC_Lab_Win11, trial 2 in 3 times...
2026-03-12 22:38:32,422[18320] - RobotTest_AcidicPlatform - INFO - human operating, fail to detect...
2026-03-12 22:38:32,422[18320] - RobotTest_AcidicPlatform - INFO - human operating, fail to detect...
2026-03-12 22:38:42,429[18320] - RobotTest_AcidicPlatform - INFO - human operating, fail to detect...
2026-03-12 22:38:42,429[18320] - RobotTest_AcidicPlatform - INFO - human operating, fail to detect...
2026-03-12 22:38:52,432[18320] - RobotTest_AcidicPlatform - INFO - human operating, fail to detect...
2026-03-12 22:38:52,432[18320] - RobotTest_AcidicPlatform - INFO - human operating, fail to detect...
2026-03-12 22:39:02,438[18320] - RobotTest_AcidicPlatform - INFO - human operating, fail to detect...
2026-03-12 22:39:02,438[18320] - RobotTest_AcidicPlatform - INFO - human operating, fail to detect...
2026-03-12 22:39:13,252[18320] - EC_Lab_Win11 - INFO - not in software yet
2026-03-12 22:39:13,252[18320] - EC_Lab_Win11 - INFO - not in software yet
2026-03-12 22:39:13,575[18320] - EC_Lab_Win11 - INFO - attempting to open EC_Lab_Win11, trial 1 in 3 times...
2026-03-12 22:39:13,575[18320] - EC_Lab_Win11 - INFO - attempting to open EC_Lab_Win11, trial 1 in 3 times...
2026-03-12 22:39:17,229[18320] - EC_Lab_Win11 - INFO - test is complete
2026-03-12 22:39:17,229[18320] - EC_Lab_Win11 - INFO - test is complete
2026-03-12 22:39:17,230[18320] - RobotTest_AcidicPlatform - INFO - test pH12P7_ZerothGen_sample#20_2026-03-12_22-15-12 finished
2026-03-12 22:39:17,230[18320] - RobotTest_AcidicPlatform - INFO - test pH12P7_ZerothGen_sample#20_2026-03-12_22-15-12 finished
2026-03-12 22:39:17,430[18320] - OBS_Win - INFO - not in software yet
2026-03-12 22:39:17,430[18320] - OBS_Win - INFO - not in software yet
2026-03-12 22:39:17,736[18320] - OBS_Win - INFO - attempting to open OBS_Win, trial 1 in 3 times...
2026-03-12 22:39:17,736[18320] - OBS_Win - INFO - attempting to open OBS_Win, trial 1 in 3 times...
2026-03-12 22:39:21,266[18320] - OBS_Win - INFO - OBS_Win started
2026-03-12 22:39:21,266[18320] - OBS_Win - INFO - OBS_Win started
2026-03-12 22:39:21,266[18320] - RobotTest_AcidicPlatform - INFO - unloading the sample to rack_id #20...
2026-03-12 22:39:21,266[18320] - RobotTest_AcidicPlatform - INFO - unloading the sample to rack_id #20...
2026-03-12 22:40:23,490[18320] - RobotTest_AcidicPlatform - INFO - sample successfully unloaded from the cell
2026-03-12 22:40:23,490[18320] - RobotTest_AcidicPlatform - INFO - sample successfully unloaded from the cell
2026-03-12 22:40:27,152[18320] - OBS_Win - INFO - OBS_Win stopped
2026-03-12 22:40:27,152[18320] - OBS_Win - INFO - OBS_Win stopped
2026-03-12 22:41:52,294[1144] - RobotTest_AcidicPlatform - INFO - started a batch of test, with sample_rack_id : sample_id = {11: 11}
2026-03-12 22:41:58,325[1144] - OBS_Win - INFO - not in software yet
2026-03-12 22:41:58,639[1144] - OBS_Win - INFO - attempting to open OBS_Win, trial 1 in 3 times...
2026-03-12 22:42:02,241[1144] - OBS_Win - INFO - OBS_Win started
2026-03-12 22:42:02,241[1144] - RobotTest_AcidicPlatform - INFO - loading the sample from rack_id #11...
2026-03-12 22:42:41,258[1144] - RobotTest_AcidicPlatform - INFO - sample successfully loaded into the cell
2026-03-12 22:42:41,932[1144] - OBS_Win - INFO - OBS_Win stopped
2026-03-12 22:42:45,193[1144] - EC_Lab_Win11 - INFO - not in software yet
2026-03-12 22:42:45,537[1144] - EC_Lab_Win11 - INFO - attempting to open EC_Lab_Win11, trial 1 in 3 times...
2026-03-12 22:43:19,501[1144] - RobotTest_AcidicPlatform - INFO - human operating, fail to detect...
2026-03-12 22:45:55,445[1144] - RobotTest_AcidicPlatform - INFO - human operating, fail to detect...
2026-03-12 22:46:06,262[1144] - EC_Lab_Win11 - INFO - not in software yet
2026-03-12 22:46:06,557[1144] - EC_Lab_Win11 - INFO - attempting to open EC_Lab_Win11, trial 1 in 3 times...
2026-03-12 22:46:09,789[1144] - EC_Lab_Win11 - INFO - not in software yet
2026-03-12 22:46:10,106[1144] - EC_Lab_Win11 - INFO - attempting to open EC_Lab_Win11, trial 2 in 3 times...
2026-03-12 22:55:10,938[1144] - RobotTest_AcidicPlatform - INFO - human operating, fail to detect...
2026-03-12 22:55:54,597[1144] - RobotTest_AcidicPlatform - INFO - human operating, fail to detect...
2026-03-12 22:56:04,604[1144] - RobotTest_AcidicPlatform - INFO - human operating, fail to detect...
2026-03-12 22:56:14,616[1144] - RobotTest_AcidicPlatform - INFO - human operating, fail to detect...
2026-03-12 22:56:25,427[1144] - EC_Lab_Win11 - INFO - not in software yet
2026-03-12 22:56:25,741[1144] - EC_Lab_Win11 - INFO - attempting to open EC_Lab_Win11, trial 1 in 3 times...
2026-03-12 22:56:28,970[1144] - EC_Lab_Win11 - INFO - not in software yet
2026-03-12 22:56:29,284[1144] - EC_Lab_Win11 - INFO - attempting to open EC_Lab_Win11, trial 2 in 3 times...
2026-03-12 23:06:04,926[1144] - EC_Lab_Win11 - INFO - test is complete
2026-03-12 23:06:04,927[1144] - RobotTest_AcidicPlatform - INFO - test pH12P7_ZerothGen_sample#11_2026-03-12_22-41-58 finished
2026-03-12 23:06:05,116[1144] - OBS_Win - INFO - not in software yet
2026-03-12 23:06:05,446[1144] - OBS_Win - INFO - attempting to open OBS_Win, trial 1 in 3 times...
2026-03-12 23:06:08,972[1144] - OBS_Win - INFO - OBS_Win started
2026-03-12 23:06:08,972[1144] - RobotTest_AcidicPlatform - INFO - unloading the sample to rack_id #11...
2026-03-12 23:07:07,357[1144] - RobotTest_AcidicPlatform - INFO - sample successfully unloaded from the cell
2026-03-12 23:07:10,923[1144] - OBS_Win - INFO - OBS_Win stopped
2026-03-12 23:13:09,618[4508] - RobotTest_AcidicPlatform - INFO - started a batch of test, with sample_rack_id : sample_id = {19: 19}
2026-03-12 23:13:15,615[4508] - OBS_Win - INFO - not in software yet
2026-03-12 23:13:15,920[4508] - OBS_Win - INFO - attempting to open OBS_Win, trial 1 in 3 times...
2026-03-12 23:13:19,443[4508] - OBS_Win - INFO - OBS_Win started
2026-03-12 23:13:19,443[4508] - RobotTest_AcidicPlatform - INFO - loading the sample from rack_id #19...
2026-03-12 23:14:05,182[4508] - RobotTest_AcidicPlatform - INFO - sample successfully loaded into the cell
2026-03-12 23:14:05,719[4508] - OBS_Win - INFO - OBS_Win stopped
2026-03-12 23:14:08,962[4508] - EC_Lab_Win11 - INFO - not in software yet
2026-03-12 23:14:09,270[4508] - EC_Lab_Win11 - INFO - attempting to open EC_Lab_Win11, trial 1 in 3 times...
2026-03-12 23:24:48,467[4508] - RobotTest_AcidicPlatform - INFO - human operating, fail to detect...
2026-03-12 23:24:58,477[4508] - RobotTest_AcidicPlatform - INFO - human operating, fail to detect...
2026-03-12 23:25:08,481[4508] - RobotTest_AcidicPlatform - INFO - human operating, fail to detect...
2026-03-12 23:25:18,495[4508] - RobotTest_AcidicPlatform - INFO - human operating, fail to detect...
2026-03-12 23:25:28,505[4508] - RobotTest_AcidicPlatform - INFO - human operating, fail to detect...
2026-03-12 23:25:38,512[4508] - RobotTest_AcidicPlatform - INFO - human operating, fail to detect...
2026-03-12 23:25:48,527[4508] - RobotTest_AcidicPlatform - INFO - human operating, fail to detect...
2026-03-12 23:25:58,539[4508] - RobotTest_AcidicPlatform - INFO - human operating, fail to detect...
2026-03-12 23:26:08,551[4508] - RobotTest_AcidicPlatform - INFO - human operating, fail to detect...
2026-03-12 23:26:18,559[4508] - RobotTest_AcidicPlatform - INFO - human operating, fail to detect...
2026-03-12 23:26:29,380[4508] - EC_Lab_Win11 - INFO - not in software yet
2026-03-12 23:26:29,671[4508] - EC_Lab_Win11 - INFO - attempting to open EC_Lab_Win11, trial 1 in 3 times...
2026-03-12 23:26:32,901[4508] - EC_Lab_Win11 - INFO - not in software yet
2026-03-12 23:26:33,213[4508] - EC_Lab_Win11 - INFO - attempting to open EC_Lab_Win11, trial 2 in 3 times...
2026-03-12 23:29:23,769[4508] - RobotTest_AcidicPlatform - INFO - human operating, fail to detect...
2026-03-12 23:36:39,778[4508] - RobotTest_AcidicPlatform - INFO - human operating, fail to detect...
2026-03-12 23:36:49,786[4508] - RobotTest_AcidicPlatform - INFO - human operating, fail to detect...
2026-03-12 23:36:59,789[4508] - RobotTest_AcidicPlatform - INFO - human operating, fail to detect...
2026-03-12 23:37:09,796[4508] - RobotTest_AcidicPlatform - INFO - human operating, fail to detect...
2026-03-12 23:37:19,799[4508] - RobotTest_AcidicPlatform - INFO - human operating, fail to detect...
2026-03-12 23:37:30,606[4508] - EC_Lab_Win11 - INFO - not in software yet
2026-03-12 23:37:30,911[4508] - EC_Lab_Win11 - INFO - attempting to open EC_Lab_Win11, trial 1 in 3 times...
2026-03-12 23:37:34,525[4508] - EC_Lab_Win11 - INFO - test is complete
2026-03-12 23:37:34,526[4508] - RobotTest_AcidicPlatform - INFO - test pH12P7_ZerothGen_sample#19_2026-03-12_23-13-15 finished
2026-03-12 23:37:34,710[4508] - OBS_Win - INFO - not in software yet
2026-03-12 23:37:35,024[4508] - OBS_Win - INFO - attempting to open OBS_Win, trial 1 in 3 times...
2026-03-12 23:37:38,557[4508] - OBS_Win - INFO - OBS_Win started
2026-03-12 23:37:38,557[4508] - RobotTest_AcidicPlatform - INFO - unloading the sample to rack_id #19...
2026-03-12 23:38:40,300[4508] - RobotTest_AcidicPlatform - INFO - sample successfully unloaded from the cell
2026-03-12 23:38:43,848[4508] - OBS_Win - INFO - OBS_Win stopped
2026-03-12 23:40:38,431[16204] - RobotTest_AcidicPlatform - INFO - started a batch of test, with sample_rack_id : sample_id = {14: 14}
2026-03-12 23:40:44,455[16204] - OBS_Win - INFO - not in software yet
2026-03-12 23:40:44,800[16204] - OBS_Win - INFO - attempting to open OBS_Win, trial 1 in 3 times...
2026-03-12 23:40:48,470[16204] - OBS_Win - INFO - OBS_Win started
2026-03-12 23:40:48,470[16204] - RobotTest_AcidicPlatform - INFO - loading the sample from rack_id #14...
2026-03-12 23:41:29,762[16204] - RobotTest_AcidicPlatform - INFO - sample successfully loaded into the cell
2026-03-12 23:41:30,392[16204] - OBS_Win - INFO - OBS_Win stopped
2026-03-12 23:41:33,648[16204] - EC_Lab_Win11 - INFO - not in software yet
2026-03-12 23:41:33,979[16204] - EC_Lab_Win11 - INFO - attempting to open EC_Lab_Win11, trial 1 in 3 times...
2026-03-12 23:53:10,239[16204] - RobotTest_AcidicPlatform - INFO - human operating, fail to detect...
2026-03-12 23:53:21,047[16204] - EC_Lab_Win11 - INFO - not in software yet
2026-03-12 23:53:21,345[16204] - EC_Lab_Win11 - INFO - attempting to open EC_Lab_Win11, trial 1 in 3 times...
2026-03-12 23:53:24,572[16204] - EC_Lab_Win11 - INFO - not in software yet
2026-03-12 23:53:24,887[16204] - EC_Lab_Win11 - INFO - attempting to open EC_Lab_Win11, trial 2 in 3 times...
2026-03-12 23:57:00,267[16204] - RobotTest_AcidicPlatform - INFO - human operating, fail to detect...
2026-03-12 23:57:10,272[16204] - RobotTest_AcidicPlatform - INFO - human operating, fail to detect...
2026-03-12 23:57:21,085[16204] - EC_Lab_Win11 - INFO - not in software yet
2026-03-12 23:57:21,398[16204] - EC_Lab_Win11 - INFO - attempting to open EC_Lab_Win11, trial 1 in 3 times...
2026-03-12 23:57:24,628[16204] - EC_Lab_Win11 - INFO - not in software yet
2026-03-12 23:57:24,947[16204] - EC_Lab_Win11 - INFO - attempting to open EC_Lab_Win11, trial 2 in 3 times...
2026-03-12 23:59:30,677[16204] - RobotTest_AcidicPlatform - INFO - human operating, fail to detect...
2026-03-12 23:59:40,678[16204] - RobotTest_AcidicPlatform - INFO - human operating, fail to detect...
2026-03-12 23:59:50,688[16204] - RobotTest_AcidicPlatform - INFO - human operating, fail to detect...
2026-03-13 00:00:00,694[16204] - RobotTest_AcidicPlatform - INFO - human operating, fail to detect...
2026-03-13 00:02:02,803[16204] - RobotTest_AcidicPlatform - INFO - human operating, fail to detect...
2026-03-13 00:02:12,814[16204] - RobotTest_AcidicPlatform - INFO - human operating, fail to detect...
2026-03-13 00:02:22,821[16204] - RobotTest_AcidicPlatform - INFO - human operating, fail to detect...
2026-03-13 00:02:32,833[16204] - RobotTest_AcidicPlatform - INFO - human operating, fail to detect...
2026-03-13 00:02:43,673[16204] - EC_Lab_Win11 - INFO - not in software yet
2026-03-13 00:02:43,977[16204] - EC_Lab_Win11 - INFO - attempting to open EC_Lab_Win11, trial 1 in 3 times...
2026-03-13 00:04:38,493[16204] - RobotTest_AcidicPlatform - INFO - human operating, fail to detect...
2026-03-13 00:04:49,688[16204] - EC_Lab_Win11 - INFO - test is complete
2026-03-13 00:04:49,688[16204] - RobotTest_AcidicPlatform - INFO - test pH12P7_ZerothGen_sample#14_2026-03-12_23-40-44 finished
2026-03-13 00:04:49,878[16204] - OBS_Win - INFO - not in software yet
2026-03-13 00:04:50,190[16204] - OBS_Win - INFO - attempting to open OBS_Win, trial 1 in 3 times...
2026-03-13 00:04:53,795[16204] - OBS_Win - INFO - OBS_Win started
2026-03-13 00:04:53,795[16204] - RobotTest_AcidicPlatform - INFO - unloading the sample to rack_id #14...
2026-03-13 00:05:53,252[16204] - RobotTest_AcidicPlatform - INFO - sample successfully unloaded from the cell
2026-03-13 00:05:56,939[16204] - OBS_Win - INFO - OBS_Win stopped
2026-03-13 00:06:46,431[8692] - RobotTest_AcidicPlatform - INFO - started a batch of test, with sample_rack_id : sample_id = {1: 1, 2: 2, 3: 3, 4: 4, 5: 5, 6: 6, 7: 7, 8: 8, 9: 9, 10: 10}
2026-03-13 00:06:52,474[8692] - OBS_Win - INFO - not in software yet
2026-03-13 00:06:52,811[8692] - OBS_Win - INFO - attempting to open OBS_Win, trial 1 in 3 times...
2026-03-13 00:06:56,333[8692] - OBS_Win - WARNING - cannot find ['OBS_start_record.png'] on screen
2026-03-13 00:06:59,584[8692] - OBS_Win - WARNING - cannot find ['OBS_start_record.png'] on screen
2026-03-13 00:07:02,850[8692] - OBS_Win - WARNING - cannot find ['OBS_start_record.png'] on screen
2026-03-13 00:07:06,118[8692] - OBS_Win - WARNING - cannot find ['OBS_start_record.png'] on screen
2026-03-13 00:07:09,382[8692] - OBS_Win - WARNING - cannot find ['OBS_start_record.png'] on screen
2026-03-13 00:07:12,647[8692] - OBS_Win - WARNING - cannot find ['OBS_start_record.png'] on screen
2026-03-13 00:07:15,892[8692] - OBS_Win - WARNING - cannot find ['OBS_start_record.png'] on screen
2026-03-13 00:07:19,152[8692] - OBS_Win - WARNING - cannot find ['OBS_start_record.png'] on screen
2026-03-13 00:07:22,401[8692] - OBS_Win - WARNING - cannot find ['OBS_start_record.png'] on screen
2026-03-13 00:07:25,644[8692] - OBS_Win - WARNING - cannot find ['OBS_start_record.png'] on screen
2026-03-13 00:07:28,916[8692] - OBS_Win - WARNING - cannot find ['OBS_start_record.png'] on screen
2026-03-13 00:07:32,170[8692] - OBS_Win - WARNING - cannot find ['OBS_start_record.png'] on screen
2026-03-13 00:07:35,444[8692] - OBS_Win - WARNING - cannot find ['OBS_start_record.png'] on screen
2026-03-13 00:07:38,710[8692] - OBS_Win - WARNING - cannot find ['OBS_start_record.png'] on screen
2026-03-13 00:07:41,959[8692] - OBS_Win - WARNING - cannot find ['OBS_start_record.png'] on screen
2026-03-13 00:07:45,320[8692] - OBS_Win - INFO - OBS_Win started
2026-03-13 00:07:45,320[8692] - RobotTest_AcidicPlatform - INFO - loading the sample from rack_id #1...
2026-03-13 00:08:24,659[8692] - RobotTest_AcidicPlatform - INFO - sample successfully loaded into the cell
2026-03-13 00:08:25,273[8692] - OBS_Win - INFO - OBS_Win stopped
2026-03-13 00:08:28,546[8692] - EC_Lab_Win11 - INFO - not in software yet
2026-03-13 00:08:28,885[8692] - EC_Lab_Win11 - INFO - attempting to open EC_Lab_Win11, trial 1 in 3 times...
2026-03-13 00:09:47,622[8692] - RobotTest_AcidicPlatform - INFO - human operating, fail to detect...
2026-03-13 00:09:58,438[8692] - EC_Lab_Win11 - INFO - not in software yet
2026-03-13 00:09:58,735[8692] - EC_Lab_Win11 - INFO - attempting to open EC_Lab_Win11, trial 1 in 3 times...
2026-03-13 00:10:01,987[8692] - EC_Lab_Win11 - INFO - not in software yet
2026-03-13 00:10:02,316[8692] - EC_Lab_Win11 - INFO - attempting to open EC_Lab_Win11, trial 2 in 3 times...
2026-03-13 00:31:46,214[8692] - EC_Lab_Win11 - INFO - test is complete
2026-03-13 00:31:46,214[8692] - RobotTest_AcidicPlatform - INFO - test pH12P7_ZerothGen_sample#1_2026-03-13_00-06-52 finished
2026-03-13 00:31:46,398[8692] - OBS_Win - INFO - not in software yet
2026-03-13 00:31:46,691[8692] - OBS_Win - INFO - attempting to open OBS_Win, trial 1 in 3 times...
2026-03-13 00:31:50,214[8692] - OBS_Win - INFO - OBS_Win started
2026-03-13 00:31:50,214[8692] - RobotTest_AcidicPlatform - INFO - unloading the sample to rack_id #1...
2026-03-13 00:32:49,064[8692] - RobotTest_AcidicPlatform - INFO - sample successfully unloaded from the cell
2026-03-13 00:32:52,620[8692] - OBS_Win - INFO - OBS_Win stopped
2026-03-13 00:32:53,031[8692] - OBS_Win - WARNING - cannot find ['OBS_start_record.png'] on screen
2026-03-13 00:32:56,336[8692] - OBS_Win - INFO - OBS_Win started
2026-03-13 00:32:56,336[8692] - RobotTest_AcidicPlatform - INFO - loading the sample from rack_id #2...
2026-03-13 00:33:29,012[8692] - RobotTest_AcidicPlatform - INFO - sample successfully loaded into the cell
2026-03-13 00:33:29,532[8692] - OBS_Win - INFO - OBS_Win stopped
2026-03-13 00:33:32,761[8692] - EC_Lab_Win11 - INFO - not in software yet
2026-03-13 00:33:33,093[8692] - EC_Lab_Win11 - INFO - attempting to open EC_Lab_Win11, trial 1 in 3 times...
2026-03-13 00:56:55,400[8692] - EC_Lab_Win11 - INFO - test is complete
2026-03-13 00:56:55,400[8692] - RobotTest_AcidicPlatform - INFO - test pH12P7_ZerothGen_sample#2_2026-03-13_00-32-52 finished
2026-03-13 00:56:55,591[8692] - OBS_Win - INFO - not in software yet
2026-03-13 00:56:55,896[8692] - OBS_Win - INFO - attempting to open OBS_Win, trial 1 in 3 times...
2026-03-13 00:56:59,417[8692] - OBS_Win - INFO - OBS_Win started
2026-03-13 00:56:59,417[8692] - RobotTest_AcidicPlatform - INFO - unloading the sample to rack_id #2...
2026-03-13 00:57:57,802[8692] - RobotTest_AcidicPlatform - INFO - sample successfully unloaded from the cell
2026-03-13 00:58:01,344[8692] - OBS_Win - INFO - OBS_Win stopped
2026-03-13 00:58:01,783[8692] - OBS_Win - WARNING - cannot find ['OBS_start_record.png'] on screen
2026-03-13 00:58:05,114[8692] - OBS_Win - INFO - OBS_Win started
2026-03-13 00:58:05,114[8692] - RobotTest_AcidicPlatform - INFO - loading the sample from rack_id #3...
2026-03-13 00:58:38,140[8692] - RobotTest_AcidicPlatform - INFO - sample successfully loaded into the cell
2026-03-13 00:58:38,662[8692] - OBS_Win - INFO - OBS_Win stopped
2026-03-13 00:58:41,889[8692] - EC_Lab_Win11 - INFO - not in software yet
2026-03-13 00:58:42,181[8692] - EC_Lab_Win11 - INFO - attempting to open EC_Lab_Win11, trial 1 in 3 times...
2026-03-13 01:21:53,342[8692] - EC_Lab_Win11 - INFO - test is complete
2026-03-13 01:21:53,342[8692] - RobotTest_AcidicPlatform - INFO - test pH12P7_ZerothGen_sample#3_2026-03-13_00-58-01 finished
2026-03-13 01:21:53,527[8692] - OBS_Win - INFO - not in software yet
2026-03-13 01:21:53,818[8692] - OBS_Win - INFO - attempting to open OBS_Win, trial 1 in 3 times...
2026-03-13 01:21:57,339[8692] - OBS_Win - INFO - OBS_Win started
2026-03-13 01:21:57,339[8692] - RobotTest_AcidicPlatform - INFO - unloading the sample to rack_id #3...
2026-03-13 01:22:55,521[8692] - RobotTest_AcidicPlatform - INFO - sample successfully unloaded from the cell
2026-03-13 01:22:59,075[8692] - OBS_Win - INFO - OBS_Win stopped
2026-03-13 01:22:59,497[8692] - OBS_Win - WARNING - cannot find ['OBS_start_record.png'] on screen
2026-03-13 01:23:02,823[8692] - OBS_Win - INFO - OBS_Win started
2026-03-13 01:23:02,823[8692] - RobotTest_AcidicPlatform - INFO - loading the sample from rack_id #4...
2026-03-13 01:23:36,497[8692] - RobotTest_AcidicPlatform - INFO - sample successfully loaded into the cell
2026-03-13 01:23:37,017[8692] - OBS_Win - INFO - OBS_Win stopped
2026-03-13 01:23:40,252[8692] - EC_Lab_Win11 - INFO - not in software yet
2026-03-13 01:23:40,561[8692] - EC_Lab_Win11 - INFO - attempting to open EC_Lab_Win11, trial 1 in 3 times...
2026-03-13 01:46:51,602[8692] - EC_Lab_Win11 - INFO - test is complete
2026-03-13 01:46:51,602[8692] - RobotTest_AcidicPlatform - INFO - test pH12P7_ZerothGen_sample#4_2026-03-13_01-22-59 finished
2026-03-13 01:46:51,787[8692] - OBS_Win - INFO - not in software yet
2026-03-13 01:46:52,103[8692] - OBS_Win - INFO - attempting to open OBS_Win, trial 1 in 3 times...
2026-03-13 01:46:55,624[8692] - OBS_Win - INFO - OBS_Win started
2026-03-13 01:46:55,624[8692] - RobotTest_AcidicPlatform - INFO - unloading the sample to rack_id #4...
2026-03-13 01:47:53,157[8692] - RobotTest_AcidicPlatform - INFO - sample successfully unloaded from the cell
2026-03-13 01:47:56,721[8692] - OBS_Win - INFO - OBS_Win stopped
2026-03-13 01:47:57,161[8692] - OBS_Win - WARNING - cannot find ['OBS_start_record.png'] on screen
2026-03-13 01:48:00,480[8692] - OBS_Win - INFO - OBS_Win started
2026-03-13 01:48:00,480[8692] - RobotTest_AcidicPlatform - INFO - loading the sample from rack_id #5...
2026-03-13 01:48:34,597[8692] - RobotTest_AcidicPlatform - INFO - sample successfully loaded into the cell
2026-03-13 01:48:35,133[8692] - OBS_Win - INFO - OBS_Win stopped
2026-03-13 01:48:38,376[8692] - EC_Lab_Win11 - INFO - not in software yet
2026-03-13 01:48:38,668[8692] - EC_Lab_Win11 - INFO - attempting to open EC_Lab_Win11, trial 1 in 3 times...
2026-03-13 02:12:01,737[8692] - EC_Lab_Win11 - INFO - test is complete
2026-03-13 02:12:01,738[8692] - RobotTest_AcidicPlatform - INFO - test pH12P7_ZerothGen_sample#5_2026-03-13_01-47-56 finished
2026-03-13 02:12:01,925[8692] - OBS_Win - INFO - not in software yet
2026-03-13 02:12:02,233[8692] - OBS_Win - INFO - attempting to open OBS_Win, trial 1 in 3 times...
2026-03-13 02:12:05,755[8692] - OBS_Win - INFO - OBS_Win started
2026-03-13 02:12:05,756[8692] - RobotTest_AcidicPlatform - INFO - unloading the sample to rack_id #5...
2026-03-13 02:13:03,097[8692] - RobotTest_AcidicPlatform - INFO - sample successfully unloaded from the cell
2026-03-13 02:13:06,687[8692] - OBS_Win - INFO - OBS_Win stopped
2026-03-13 02:13:07,093[8692] - OBS_Win - WARNING - cannot find ['OBS_start_record.png'] on screen
2026-03-13 02:13:10,416[8692] - OBS_Win - INFO - OBS_Win started
2026-03-13 02:13:10,416[8692] - RobotTest_AcidicPlatform - INFO - loading the sample from rack_id #6...
2026-03-13 02:13:45,060[8692] - RobotTest_AcidicPlatform - INFO - sample successfully loaded into the cell
2026-03-13 02:13:45,592[8692] - OBS_Win - INFO - OBS_Win stopped
2026-03-13 02:13:48,829[8692] - EC_Lab_Win11 - INFO - not in software yet
2026-03-13 02:13:49,121[8692] - EC_Lab_Win11 - INFO - attempting to open EC_Lab_Win11, trial 1 in 3 times...
2026-03-13 02:37:11,459[8692] - EC_Lab_Win11 - INFO - test is complete
2026-03-13 02:37:11,459[8692] - RobotTest_AcidicPlatform - INFO - test pH12P7_ZerothGen_sample#6_2026-03-13_02-13-06 finished
2026-03-13 02:37:11,646[8692] - OBS_Win - INFO - not in software yet
2026-03-13 02:37:11,975[8692] - OBS_Win - INFO - attempting to open OBS_Win, trial 1 in 3 times...
2026-03-13 02:37:15,499[8692] - OBS_Win - INFO - OBS_Win started
2026-03-13 02:37:15,499[8692] - RobotTest_AcidicPlatform - INFO - unloading the sample to rack_id #6...
2026-03-13 02:38:12,311[8692] - RobotTest_AcidicPlatform - INFO - sample successfully unloaded from the cell
2026-03-13 02:38:15,884[8692] - OBS_Win - INFO - OBS_Win stopped
2026-03-13 02:38:16,294[8692] - OBS_Win - WARNING - cannot find ['OBS_start_record.png'] on screen
2026-03-13 02:38:19,628[8692] - OBS_Win - INFO - OBS_Win started
2026-03-13 02:38:19,628[8692] - RobotTest_AcidicPlatform - INFO - loading the sample from rack_id #7...
2026-03-13 02:38:54,362[8692] - RobotTest_AcidicPlatform - INFO - sample successfully loaded into the cell
2026-03-13 02:38:54,912[8692] - OBS_Win - INFO - OBS_Win stopped
2026-03-13 02:38:58,133[8692] - EC_Lab_Win11 - INFO - not in software yet
2026-03-13 02:38:58,434[8692] - EC_Lab_Win11 - INFO - attempting to open EC_Lab_Win11, trial 1 in 3 times...
2026-03-13 03:02:09,615[8692] - EC_Lab_Win11 - INFO - test is complete
2026-03-13 03:02:09,616[8692] - RobotTest_AcidicPlatform - INFO - test pH12P7_ZerothGen_sample#7_2026-03-13_02-38-15 finished
2026-03-13 03:02:09,804[8692] - OBS_Win - INFO - not in software yet
2026-03-13 03:02:10,147[8692] - OBS_Win - INFO - attempting to open OBS_Win, trial 1 in 3 times...
2026-03-13 03:02:13,673[8692] - OBS_Win - INFO - OBS_Win started
2026-03-13 03:02:13,674[8692] - RobotTest_AcidicPlatform - INFO - unloading the sample to rack_id #7...
2026-03-13 03:03:10,431[8692] - RobotTest_AcidicPlatform - INFO - sample successfully unloaded from the cell
2026-03-13 03:03:14,001[8692] - OBS_Win - INFO - OBS_Win stopped
2026-03-13 03:03:14,441[8692] - OBS_Win - WARNING - cannot find ['OBS_start_record.png'] on screen
2026-03-13 03:03:17,754[8692] - OBS_Win - INFO - OBS_Win started
2026-03-13 03:03:17,754[8692] - RobotTest_AcidicPlatform - INFO - loading the sample from rack_id #8...
2026-03-13 03:03:52,880[8692] - RobotTest_AcidicPlatform - INFO - sample successfully loaded into the cell
2026-03-13 03:03:53,429[8692] - OBS_Win - INFO - OBS_Win stopped
2026-03-13 03:03:56,663[8692] - EC_Lab_Win11 - INFO - not in software yet
2026-03-13 03:03:56,969[8692] - EC_Lab_Win11 - INFO - attempting to open EC_Lab_Win11, trial 1 in 3 times...
2026-03-13 03:27:08,208[8692] - EC_Lab_Win11 - INFO - test is complete
2026-03-13 03:27:08,209[8692] - RobotTest_AcidicPlatform - INFO - test pH12P7_ZerothGen_sample#8_2026-03-13_03-03-14 finished
2026-03-13 03:27:08,394[8692] - OBS_Win - INFO - not in software yet
2026-03-13 03:27:08,683[8692] - OBS_Win - INFO - attempting to open OBS_Win, trial 1 in 3 times...
2026-03-13 03:27:12,213[8692] - OBS_Win - INFO - OBS_Win started
2026-03-13 03:27:12,213[8692] - RobotTest_AcidicPlatform - INFO - unloading the sample to rack_id #8...
2026-03-13 03:28:09,452[8692] - RobotTest_AcidicPlatform - INFO - sample successfully unloaded from the cell
2026-03-13 03:28:13,027[8692] - OBS_Win - INFO - OBS_Win stopped
2026-03-13 03:28:13,454[8692] - OBS_Win - WARNING - cannot find ['OBS_start_record.png'] on screen
2026-03-13 03:28:16,783[8692] - OBS_Win - INFO - OBS_Win started
2026-03-13 03:28:16,783[8692] - RobotTest_AcidicPlatform - INFO - loading the sample from rack_id #9...
2026-03-13 03:28:52,351[8692] - RobotTest_AcidicPlatform - INFO - sample successfully loaded into the cell
2026-03-13 03:28:52,889[8692] - OBS_Win - INFO - OBS_Win stopped
2026-03-13 03:28:56,123[8692] - EC_Lab_Win11 - INFO - not in software yet
2026-03-13 03:28:56,442[8692] - EC_Lab_Win11 - INFO - attempting to open EC_Lab_Win11, trial 1 in 3 times...
2026-03-13 03:52:07,608[8692] - EC_Lab_Win11 - INFO - test is complete
2026-03-13 03:52:07,608[8692] - RobotTest_AcidicPlatform - INFO - test pH12P7_ZerothGen_sample#9_2026-03-13_03-28-13 finished
2026-03-13 03:52:07,807[8692] - OBS_Win - INFO - not in software yet
2026-03-13 03:52:08,112[8692] - OBS_Win - INFO - attempting to open OBS_Win, trial 1 in 3 times...
2026-03-13 03:52:11,634[8692] - OBS_Win - INFO - OBS_Win started
2026-03-13 03:52:11,634[8692] - RobotTest_AcidicPlatform - INFO - unloading the sample to rack_id #9...
2026-03-13 03:53:09,151[8692] - RobotTest_AcidicPlatform - INFO - sample successfully unloaded from the cell
2026-03-13 03:53:12,714[8692] - OBS_Win - INFO - OBS_Win stopped
2026-03-13 03:53:13,145[8692] - OBS_Win - WARNING - cannot find ['OBS_start_record.png'] on screen
2026-03-13 03:53:16,475[8692] - OBS_Win - INFO - OBS_Win started
2026-03-13 03:53:16,475[8692] - RobotTest_AcidicPlatform - INFO - loading the sample from rack_id #10...
2026-03-13 03:53:52,537[8692] - RobotTest_AcidicPlatform - INFO - sample successfully loaded into the cell
2026-03-13 03:53:53,070[8692] - OBS_Win - INFO - OBS_Win stopped
2026-03-13 03:53:56,313[8692] - EC_Lab_Win11 - INFO - not in software yet
2026-03-13 03:53:56,602[8692] - EC_Lab_Win11 - INFO - attempting to open EC_Lab_Win11, trial 1 in 3 times...
2026-03-13 04:17:07,924[8692] - EC_Lab_Win11 - INFO - test is complete
2026-03-13 04:17:07,924[8692] - RobotTest_AcidicPlatform - INFO - test pH12P7_ZerothGen_sample#10_2026-03-13_03-53-12 finished
2026-03-13 04:17:08,117[8692] - OBS_Win - INFO - not in software yet
2026-03-13 04:17:08,453[8692] - OBS_Win - INFO - attempting to open OBS_Win, trial 1 in 3 times...
2026-03-13 04:17:11,991[8692] - OBS_Win - INFO - OBS_Win started
2026-03-13 04:17:11,991[8692] - RobotTest_AcidicPlatform - INFO - unloading the sample to rack_id #10...
2026-03-13 04:18:09,808[8692] - RobotTest_AcidicPlatform - INFO - sample successfully unloaded from the cell
2026-03-13 04:18:13,368[8692] - OBS_Win - INFO - OBS_Win stopped
2026-03-13 08:04:15,615[15396] - RobotTest_AcidicPlatform - INFO - started a batch of test, with sample_rack_id : sample_id = {4: 4}
2026-03-13 08:04:21,630[15396] - OBS_Win - INFO - not in software yet
2026-03-13 08:04:21,971[15396] - OBS_Win - INFO - attempting to open OBS_Win, trial 1 in 3 times...
2026-03-13 08:04:25,629[15396] - OBS_Win - INFO - OBS_Win started
2026-03-13 08:04:25,629[15396] - RobotTest_AcidicPlatform - INFO - loading the sample from rack_id #4...
2026-03-13 08:05:04,789[15396] - RobotTest_AcidicPlatform - INFO - sample successfully loaded into the cell
2026-03-13 08:05:05,467[15396] - OBS_Win - INFO - OBS_Win stopped
2026-03-13 08:05:08,740[15396] - EC_Lab_Win11 - INFO - not in software yet
2026-03-13 08:05:09,066[15396] - EC_Lab_Win11 - INFO - attempting to open EC_Lab_Win11, trial 1 in 3 times...
2026-03-13 08:06:27,725[15396] - RobotTest_AcidicPlatform - INFO - human operating, fail to detect...
2026-03-13 08:06:38,522[15396] - EC_Lab_Win11 - INFO - not in software yet
2026-03-13 08:06:38,844[15396] - EC_Lab_Win11 - INFO - attempting to open EC_Lab_Win11, trial 1 in 3 times...
2026-03-13 08:06:42,089[15396] - EC_Lab_Win11 - INFO - not in software yet
2026-03-13 08:06:42,413[15396] - EC_Lab_Win11 - INFO - attempting to open EC_Lab_Win11, trial 2 in 3 times...
2026-03-13 08:28:26,129[15396] - EC_Lab_Win11 - INFO - test is complete
2026-03-13 08:28:26,130[15396] - RobotTest_AcidicPlatform - INFO - test pH12P7_ZerothGen_sample#4_2026-03-13_08-04-21 finished
2026-03-13 08:28:26,315[15396] - OBS_Win - INFO - not in software yet
2026-03-13 08:28:26,603[15396] - OBS_Win - INFO - attempting to open OBS_Win, trial 1 in 3 times...
2026-03-13 08:28:30,130[15396] - OBS_Win - INFO - OBS_Win started
2026-03-13 08:28:30,130[15396] - RobotTest_AcidicPlatform - INFO - unloading the sample to rack_id #4...
2026-03-13 08:29:27,675[15396] - RobotTest_AcidicPlatform - INFO - sample successfully unloaded from the cell
2026-03-13 08:29:31,237[15396] - OBS_Win - INFO - OBS_Win stopped
2026-03-13 08:51:50,129[16968] - RobotTest_AcidicPlatform - INFO - started a batch of test, with sample_rack_id : sample_id = {0: 0}
2026-03-13 08:51:56,149[16968] - OBS_Win - INFO - not in software yet
2026-03-13 08:51:56,466[16968] - OBS_Win - INFO - attempting to open OBS_Win, trial 1 in 3 times...
2026-03-13 08:51:59,994[16968] - OBS_Win - INFO - OBS_Win started
2026-03-13 08:51:59,994[16968] - RobotTest_AcidicPlatform - INFO - loading the sample from rack_id #0...
2026-03-13 08:52:39,104[16968] - RobotTest_AcidicPlatform - INFO - sample successfully loaded into the cell
2026-03-13 08:52:39,637[16968] - OBS_Win - INFO - OBS_Win stopped
2026-03-13 08:52:42,868[16968] - EC_Lab_Win11 - INFO - not in software yet
2026-03-13 08:52:43,175[16968] - EC_Lab_Win11 - INFO - attempting to open EC_Lab_Win11, trial 1 in 3 times...
2026-03-13 09:16:05,746[16968] - EC_Lab_Win11 - INFO - test is complete
2026-03-13 09:16:05,746[16968] - RobotTest_AcidicPlatform - INFO - test pH12P7_ZerothGen_sample#0_2026-03-13_08-51-55 finished
2026-03-13 09:16:05,937[16968] - OBS_Win - INFO - not in software yet
2026-03-13 09:16:06,248[16968] - OBS_Win - INFO - attempting to open OBS_Win, trial 1 in 3 times...
2026-03-13 09:16:09,778[16968] - OBS_Win - INFO - OBS_Win started
2026-03-13 09:16:09,778[16968] - RobotTest_AcidicPlatform - INFO - unloading the sample to rack_id #0...
2026-03-13 09:17:09,004[16968] - RobotTest_AcidicPlatform - INFO - sample successfully unloaded from the cell
2026-03-13 09:17:12,562[16968] - OBS_Win - INFO - OBS_Win stopped
2026-03-13 09:20:40,830[3624] - RobotTest_AcidicPlatform - INFO - started a batch of test, with sample_rack_id : sample_id = {0: 0}
2026-03-13 09:20:46,852[3624] - OBS_Win - INFO - not in software yet
2026-03-13 09:20:47,151[3624] - OBS_Win - INFO - attempting to open OBS_Win, trial 1 in 3 times...
2026-03-13 09:20:50,732[3624] - OBS_Win - INFO - OBS_Win started
2026-03-13 09:20:50,732[3624] - RobotTest_AcidicPlatform - INFO - loading the sample from rack_id #0...
2026-03-13 09:21:29,941[3624] - RobotTest_AcidicPlatform - INFO - sample successfully loaded into the cell
2026-03-13 09:21:30,505[3624] - OBS_Win - INFO - OBS_Win stopped
2026-03-13 09:21:33,723[3624] - EC_Lab_Win11 - INFO - not in software yet
2026-03-13 09:21:34,027[3624] - EC_Lab_Win11 - INFO - attempting to open EC_Lab_Win11, trial 1 in 3 times...
2026-03-13 09:33:42,909[3624] - RobotTest_AcidicPlatform - INFO - human operating, fail to detect...
2026-03-13 09:44:55,384[3624] - EC_Lab_Win11 - INFO - test is complete
2026-03-13 09:44:55,384[3624] - RobotTest_AcidicPlatform - INFO - test pH12P7_ZerothGen_sample#0_2026-03-13_09-20-46 finished
2026-03-13 09:44:55,584[3624] - OBS_Win - INFO - not in software yet
2026-03-13 09:44:55,903[3624] - OBS_Win - INFO - attempting to open OBS_Win, trial 1 in 3 times...
2026-03-13 09:44:59,442[3624] - OBS_Win - INFO - OBS_Win started
2026-03-13 09:44:59,442[3624] - RobotTest_AcidicPlatform - INFO - unloading the sample to rack_id #0...
2026-03-13 09:45:58,645[3624] - RobotTest_AcidicPlatform - INFO - sample successfully unloaded from the cell
2026-03-13 09:46:02,186[3624] - OBS_Win - INFO - OBS_Win stopped
2026-03-13 09:48:17,504[5720] - RobotTest_AcidicPlatform - INFO - started a batch of test, with sample_rack_id : sample_id = {13: 13}
2026-03-13 09:48:23,524[5720] - OBS_Win - INFO - not in software yet
2026-03-13 09:48:23,842[5720] - OBS_Win - INFO - attempting to open OBS_Win, trial 1 in 3 times...
2026-03-13 09:48:27,516[5720] - OBS_Win - INFO - OBS_Win started
2026-03-13 09:48:27,516[5720] - RobotTest_AcidicPlatform - INFO - loading the sample from rack_id #13...
2026-03-13 09:49:07,924[5720] - RobotTest_AcidicPlatform - INFO - sample successfully loaded into the cell
2026-03-13 09:49:08,570[5720] - OBS_Win - INFO - OBS_Win stopped
2026-03-13 09:49:11,817[5720] - EC_Lab_Win11 - INFO - not in software yet
2026-03-13 09:49:12,156[5720] - EC_Lab_Win11 - INFO - attempting to open EC_Lab_Win11, trial 1 in 3 times...
2026-03-13 09:50:42,411[5720] - RobotTest_AcidicPlatform - INFO - human operating, fail to detect...
2026-03-13 09:50:52,424[5720] - RobotTest_AcidicPlatform - INFO - human operating, fail to detect...
2026-03-13 09:51:03,227[5720] - EC_Lab_Win11 - INFO - not in software yet
2026-03-13 09:51:03,532[5720] - EC_Lab_Win11 - INFO - attempting to open EC_Lab_Win11, trial 1 in 3 times...
2026-03-13 09:51:06,772[5720] - EC_Lab_Win11 - INFO - not in software yet
2026-03-13 09:51:07,064[5720] - EC_Lab_Win11 - INFO - attempting to open EC_Lab_Win11, trial 2 in 3 times...
2026-03-13 10:05:32,583[5720] - RobotTest_AcidicPlatform - INFO - human operating, fail to detect...
2026-03-13 10:05:42,590[5720] - RobotTest_AcidicPlatform - INFO - human operating, fail to detect...
2026-03-13 10:12:26,079[5720] - EC_Lab_Win11 - INFO - test is complete
2026-03-13 10:12:26,079[5720] - RobotTest_AcidicPlatform - INFO - test pH12P7_ZerothGen_sample#13_2026-03-13_09-48-23 finished
2026-03-13 10:12:26,265[5720] - OBS_Win - INFO - not in software yet
2026-03-13 10:12:26,572[5720] - OBS_Win - INFO - attempting to open OBS_Win, trial 1 in 3 times...
2026-03-13 10:12:30,100[5720] - OBS_Win - INFO - OBS_Win started
2026-03-13 10:12:30,100[5720] - RobotTest_AcidicPlatform - INFO - unloading the sample to rack_id #13...
2026-03-13 10:13:29,320[5720] - RobotTest_AcidicPlatform - INFO - sample successfully unloaded from the cell
2026-03-13 10:13:32,880[5720] - OBS_Win - INFO - OBS_Win stopped
2026-05-28 15:44:55,682[15160] - RobotTest_AcidicPlatform - ERROR - list index out of range
Traceback (most recent call last):
  File "C:\Users\li\PycharmProjects\catalyst\robotic_testing\common\robot_test.py", line 45, in wrapper
    return func(self, *args, **kwargs)
  File "C:\Users\li\PycharmProjects\catalyst\robotic_testing\common\robot_test.py", line 178, in run
    sample_rack_id_to_sample_id_dict = self.run_initialization(
  File "C:\Users\li\PycharmProjects\catalyst\robotic_testing\common\robot_test.py", line 103, in run_initialization
    sample_id_list = [*range(sample_id_list[0], sample_id_list[1] + 1)] if sequence else sample_id_list
IndexError: list index out of range
2026-05-28 15:45:06,458[15160] - RobotTest_AcidicPlatform - INFO - started a batch of test, with sample_rack_id : sample_id = {1: 1}
2026-05-28 15:45:06,462[15160] - RobotTest_AcidicPlatform - ERROR - Cannot go home, unload sample first!
Traceback (most recent call last):
  File "C:\Users\li\PycharmProjects\catalyst\robotic_testing\common\robot_test.py", line 45, in wrapper
    return func(self, *args, **kwargs)
  File "C:\Users\li\PycharmProjects\catalyst\robotic_testing\common\robot_test.py", line 182, in run
    self.robot_warming_up()
  File "C:\Users\li\PycharmProjects\catalyst\robotic_testing\common\robot_test.py", line 312, in robot_warming_up
    self.arm.home()
  File "C:\Users\li\PycharmProjects\catalyst\robotic_testing\common\robotic_arms\xarm6\xarm6.py", line 11, in home
    raise SystemError('Cannot go home, unload sample first!')
SystemError: Cannot go home, unload sample first!
2026-05-28 15:47:09,722[15160] - RobotTest_AcidicPlatform - INFO - started a batch of test, with sample_rack_id : sample_id = {1: 1}
2026-05-28 15:47:24,887[15160] - OBS_Win - INFO - not in software yet
2026-05-28 15:47:25,189[15160] - OBS_Win - INFO - attempting to open OBS_Win, trial 1 in 3 times...
2026-05-28 15:47:28,720[15160] - OBS_Win - INFO - OBS_Win started
2026-05-28 15:47:28,720[15160] - RobotTest_AcidicPlatform - INFO - loading the sample from rack_id #1...
2026-05-28 15:48:07,765[15160] - RobotTest_AcidicPlatform - INFO - sample successfully loaded into the cell
2026-05-28 15:48:08,317[15160] - OBS_Win - INFO - OBS_Win stopped
2026-05-28 15:48:11,564[15160] - EC_Lab_Win11 - INFO - not in software yet
2026-05-28 15:48:11,883[15160] - EC_Lab_Win11 - INFO - attempting to open EC_Lab_Win11, trial 1 in 3 times...
2026-05-28 15:51:57,638[15160] - EC_Lab_Win11 - INFO - test is complete
2026-05-28 15:51:57,638[15160] - RobotTest_AcidicPlatform - INFO - test pH12P7_ZerothGen_sample#1_2026-05-28_15-47-24 finished
2026-05-28 15:51:57,837[15160] - OBS_Win - INFO - not in software yet
2026-05-28 15:51:58,142[15160] - OBS_Win - INFO - attempting to open OBS_Win, trial 1 in 3 times...
2026-05-28 15:52:01,674[15160] - OBS_Win - INFO - OBS_Win started
2026-05-28 15:52:01,674[15160] - RobotTest_AcidicPlatform - INFO - unloading the sample to rack_id #1...
2026-05-28 15:53:00,557[15160] - RobotTest_AcidicPlatform - INFO - sample successfully unloaded from the cell
2026-05-28 15:53:04,110[15160] - OBS_Win - INFO - OBS_Win stopped
2026-05-29 01:31:54,641[19476] - RobotTest_AcidicPlatform - INFO - started a batch of test, with sample_rack_id : sample_id = {2: 2, 3: 3, 4: 4, 5: 5, 6: 6, 7: 7, 8: 8, 9: 9, 10: 10, 11: 11, 12: 12, 13: 13, 14: 14, 15: 15, 16: 16, 17: 17, 18: 18, 19: 19, 20: 20}
2026-05-29 01:32:09,036[19476] - OBS_Win - INFO - not in software yet
2026-05-29 01:32:09,340[19476] - OBS_Win - INFO - attempting to open OBS_Win, trial 1 in 3 times...
2026-05-29 01:32:12,852[19476] - OBS_Win - INFO - OBS_Win started
2026-05-29 01:32:12,852[19476] - RobotTest_AcidicPlatform - INFO - loading the sample from rack_id #2...
2026-05-29 01:32:51,975[19476] - RobotTest_AcidicPlatform - INFO - sample successfully loaded into the cell
2026-05-29 01:32:52,558[19476] - OBS_Win - INFO - OBS_Win stopped
2026-05-29 01:32:55,793[19476] - EC_Lab_Win11 - INFO - not in software yet
2026-05-29 01:32:56,107[19476] - EC_Lab_Win11 - INFO - attempting to open EC_Lab_Win11, trial 1 in 3 times...
2026-05-29 01:36:06,902[19476] - RobotTest_AcidicPlatform - INFO - human operating, fail to detect...
2026-05-29 01:36:16,909[19476] - RobotTest_AcidicPlatform - INFO - human operating, fail to detect...
2026-05-29 01:36:26,916[19476] - RobotTest_AcidicPlatform - INFO - human operating, fail to detect...
2026-05-29 01:36:48,110[19476] - RobotTest_AcidicPlatform - INFO - human operating, fail to detect...
2026-05-29 01:37:31,749[19476] - RobotTest_AcidicPlatform - INFO - human operating, fail to detect...
2026-05-29 01:56:24,857[18292] - RobotTest_AcidicPlatform - INFO - started a batch of test, with sample_rack_id : sample_id = {3: 3, 4: 4, 5: 5, 6: 6, 7: 7, 8: 8, 9: 9, 10: 10, 11: 11, 12: 12, 13: 13, 14: 14, 15: 15, 16: 16, 17: 17, 18: 18, 19: 19, 20: 20}
2026-05-29 01:56:39,274[18292] - OBS_Win - INFO - not in software yet
2026-05-29 01:56:39,593[18292] - OBS_Win - INFO - attempting to open OBS_Win, trial 1 in 3 times...
2026-05-29 01:56:43,129[18292] - OBS_Win - INFO - OBS_Win started
2026-05-29 01:56:43,129[18292] - RobotTest_AcidicPlatform - INFO - loading the sample from rack_id #3...
2026-05-29 01:57:22,240[18292] - RobotTest_AcidicPlatform - INFO - sample successfully loaded into the cell
2026-05-29 01:57:22,820[18292] - OBS_Win - INFO - OBS_Win stopped
2026-05-29 01:57:26,051[18292] - EC_Lab_Win11 - INFO - not in software yet
2026-05-29 01:57:26,351[18292] - EC_Lab_Win11 - INFO - attempting to open EC_Lab_Win11, trial 1 in 3 times...
2026-05-29 01:59:07,390[18292] - RobotTest_AcidicPlatform - INFO - human operating, fail to detect...
2026-05-29 02:04:53,664[18292] - RobotTest_AcidicPlatform - INFO - human operating, fail to detect...
2026-05-29 02:05:03,676[18292] - RobotTest_AcidicPlatform - INFO - human operating, fail to detect...
2026-05-29 02:12:21,171[18292] - EC_Lab_Win11 - INFO - test is complete
2026-05-29 02:12:21,171[18292] - RobotTest_AcidicPlatform - INFO - test pH12P7_ZerothGen_sample#3_2026-05-29_01-56-39 finished
2026-05-29 02:12:21,378[18292] - OBS_Win - INFO - not in software yet
2026-05-29 02:12:21,674[18292] - OBS_Win - INFO - attempting to open OBS_Win, trial 1 in 3 times...
2026-05-29 02:12:25,205[18292] - OBS_Win - INFO - OBS_Win started
2026-05-29 02:12:25,205[18292] - RobotTest_AcidicPlatform - INFO - unloading the sample to rack_id #3...
2026-05-29 02:13:23,439[18292] - RobotTest_AcidicPlatform - INFO - sample successfully unloaded from the cell
2026-05-29 02:13:27,112[18292] - OBS_Win - INFO - OBS_Win stopped
2026-05-29 02:13:27,633[18292] - OBS_Win - WARNING - cannot find ['OBS_start_record.png'] on screen
2026-05-29 02:13:30,987[18292] - OBS_Win - INFO - OBS_Win started
2026-05-29 02:13:30,987[18292] - RobotTest_AcidicPlatform - INFO - loading the sample from rack_id #4...
2026-05-29 02:14:04,166[18292] - RobotTest_AcidicPlatform - INFO - sample successfully loaded into the cell
2026-05-29 02:14:04,765[18292] - OBS_Win - INFO - OBS_Win stopped
2026-05-29 02:14:08,018[18292] - EC_Lab_Win11 - INFO - not in software yet
2026-05-29 02:14:08,362[18292] - EC_Lab_Win11 - INFO - attempting to open EC_Lab_Win11, trial 1 in 3 times...
2026-05-29 02:14:42,218[18292] - RobotTest_AcidicPlatform - INFO - human operating, fail to detect...
2026-05-29 02:15:37,055[18292] - RobotTest_AcidicPlatform - INFO - human operating, fail to detect...
2026-05-29 02:15:47,873[18292] - EC_Lab_Win11 - INFO - not in software yet
2026-05-29 02:15:48,170[18292] - EC_Lab_Win11 - INFO - attempting to open EC_Lab_Win11, trial 1 in 3 times...
2026-05-29 02:15:51,399[18292] - EC_Lab_Win11 - INFO - not in software yet
2026-05-29 02:15:51,712[18292] - EC_Lab_Win11 - INFO - attempting to open EC_Lab_Win11, trial 2 in 3 times...
2026-05-29 02:37:58,349[18292] - EC_Lab_Win11 - INFO - test is complete
2026-05-29 02:37:58,349[18292] - RobotTest_AcidicPlatform - INFO - test pH12P7_ZerothGen_sample#4_2026-05-29_02-13-27 finished
2026-05-29 02:37:58,535[18292] - OBS_Win - INFO - not in software yet
2026-05-29 02:37:58,873[18292] - OBS_Win - INFO - attempting to open OBS_Win, trial 1 in 3 times...
2026-05-29 02:38:02,400[18292] - OBS_Win - INFO - OBS_Win started
2026-05-29 02:38:02,400[18292] - RobotTest_AcidicPlatform - INFO - unloading the sample to rack_id #4...
2026-05-29 02:39:00,186[18292] - RobotTest_AcidicPlatform - INFO - sample successfully unloaded from the cell
2026-05-29 02:39:03,777[18292] - OBS_Win - INFO - OBS_Win stopped
2026-05-29 02:39:04,198[18292] - OBS_Win - WARNING - cannot find ['OBS_start_record.png'] on screen
2026-05-29 02:39:07,521[18292] - OBS_Win - INFO - OBS_Win started
2026-05-29 02:39:07,521[18292] - RobotTest_AcidicPlatform - INFO - loading the sample from rack_id #5...
2026-05-29 02:39:41,048[18292] - RobotTest_AcidicPlatform - INFO - sample successfully loaded into the cell
2026-05-29 02:39:41,598[18292] - OBS_Win - INFO - OBS_Win stopped
2026-05-29 02:39:44,843[18292] - EC_Lab_Win11 - INFO - not in software yet
2026-05-29 02:39:45,149[18292] - EC_Lab_Win11 - INFO - attempting to open EC_Lab_Win11, trial 1 in 3 times...
2026-05-29 03:03:53,750[18292] - EC_Lab_Win11 - INFO - test is complete
2026-05-29 03:03:53,751[18292] - RobotTest_AcidicPlatform - INFO - test pH12P7_ZerothGen_sample#5_2026-05-29_02-39-03 finished
2026-05-29 03:03:53,948[18292] - OBS_Win - INFO - not in software yet
2026-05-29 03:03:54,255[18292] - OBS_Win - INFO - attempting to open OBS_Win, trial 1 in 3 times...
2026-05-29 03:03:57,805[18292] - OBS_Win - INFO - OBS_Win started
2026-05-29 03:03:57,805[18292] - RobotTest_AcidicPlatform - INFO - unloading the sample to rack_id #5...
2026-05-29 03:04:55,114[18292] - RobotTest_AcidicPlatform - INFO - sample successfully unloaded from the cell
2026-05-29 03:04:58,704[18292] - OBS_Win - INFO - OBS_Win stopped
2026-05-29 03:04:59,134[18292] - OBS_Win - WARNING - cannot find ['OBS_start_record.png'] on screen
2026-05-29 03:05:02,461[18292] - OBS_Win - INFO - OBS_Win started
2026-05-29 03:05:02,461[18292] - RobotTest_AcidicPlatform - INFO - loading the sample from rack_id #6...
2026-05-29 03:05:36,722[18292] - RobotTest_AcidicPlatform - INFO - sample successfully loaded into the cell
2026-05-29 03:05:37,274[18292] - OBS_Win - INFO - OBS_Win stopped
2026-05-29 03:05:40,509[18292] - EC_Lab_Win11 - INFO - not in software yet
2026-05-29 03:05:40,820[18292] - EC_Lab_Win11 - INFO - attempting to open EC_Lab_Win11, trial 1 in 3 times...
2026-05-29 03:06:14,727[18292] - RobotTest_AcidicPlatform - INFO - human operating, fail to detect...
2026-05-29 03:07:32,145[18292] - RobotTest_AcidicPlatform - INFO - human operating, fail to detect...
2026-05-29 03:08:15,879[18292] - RobotTest_AcidicPlatform - INFO - human operating, fail to detect...
2026-05-29 03:08:25,891[18292] - RobotTest_AcidicPlatform - INFO - human operating, fail to detect...
2026-05-29 03:08:36,689[18292] - EC_Lab_Win11 - INFO - not in software yet
2026-05-29 03:08:37,010[18292] - EC_Lab_Win11 - INFO - attempting to open EC_Lab_Win11, trial 1 in 3 times...
2026-05-29 03:08:40,235[18292] - EC_Lab_Win11 - INFO - not in software yet
2026-05-29 03:08:40,556[18292] - EC_Lab_Win11 - INFO - attempting to open EC_Lab_Win11, trial 2 in 3 times...
2026-05-29 03:38:25,951[18292] - EC_Lab_Win11 - INFO - test is complete
2026-05-29 03:38:25,951[18292] - RobotTest_AcidicPlatform - INFO - test pH12P7_ZerothGen_sample#6_2026-05-29_03-04-58 finished
2026-05-29 03:38:26,135[18292] - OBS_Win - INFO - not in software yet
2026-05-29 03:38:26,422[18292] - OBS_Win - INFO - attempting to open OBS_Win, trial 1 in 3 times...
2026-05-29 03:38:29,951[18292] - OBS_Win - INFO - OBS_Win started
2026-05-29 03:38:29,951[18292] - RobotTest_AcidicPlatform - INFO - unloading the sample to rack_id #6...
2026-05-29 03:39:26,726[18292] - RobotTest_AcidicPlatform - INFO - sample successfully unloaded from the cell
2026-05-29 03:39:30,304[18292] - OBS_Win - INFO - OBS_Win stopped
2026-05-29 03:39:30,734[18292] - OBS_Win - WARNING - cannot find ['OBS_start_record.png'] on screen
2026-05-29 03:39:34,064[18292] - OBS_Win - INFO - OBS_Win started
2026-05-29 03:39:34,064[18292] - RobotTest_AcidicPlatform - INFO - loading the sample from rack_id #7...
2026-05-29 03:40:08,642[18292] - RobotTest_AcidicPlatform - INFO - sample successfully loaded into the cell
2026-05-29 03:40:09,206[18292] - OBS_Win - INFO - OBS_Win stopped
2026-05-29 03:40:12,444[18292] - EC_Lab_Win11 - INFO - not in software yet
2026-05-29 03:40:12,749[18292] - EC_Lab_Win11 - INFO - attempting to open EC_Lab_Win11, trial 1 in 3 times...
2026-05-29 04:13:07,832[18292] - EC_Lab_Win11 - INFO - test is complete
2026-05-29 04:13:07,833[18292] - RobotTest_AcidicPlatform - INFO - test pH12P7_ZerothGen_sample#7_2026-05-29_03-39-30 finished
2026-05-29 04:13:08,031[18292] - OBS_Win - INFO - not in software yet
2026-05-29 04:13:08,330[18292] - OBS_Win - INFO - attempting to open OBS_Win, trial 1 in 3 times...
2026-05-29 04:13:11,859[18292] - OBS_Win - INFO - OBS_Win started
2026-05-29 04:13:11,859[18292] - RobotTest_AcidicPlatform - INFO - unloading the sample to rack_id #7...
2026-05-29 04:14:08,317[18292] - RobotTest_AcidicPlatform - INFO - sample successfully unloaded from the cell
2026-05-29 04:14:11,908[18292] - OBS_Win - INFO - OBS_Win stopped
2026-05-29 04:14:12,316[18292] - OBS_Win - WARNING - cannot find ['OBS_start_record.png'] on screen
2026-05-29 04:14:15,646[18292] - OBS_Win - INFO - OBS_Win started
2026-05-29 04:14:15,646[18292] - RobotTest_AcidicPlatform - INFO - loading the sample from rack_id #8...
2026-05-29 04:14:50,525[18292] - RobotTest_AcidicPlatform - INFO - sample successfully loaded into the cell
2026-05-29 04:14:51,076[18292] - OBS_Win - INFO - OBS_Win stopped
2026-05-29 04:14:54,320[18292] - EC_Lab_Win11 - INFO - not in software yet
2026-05-29 04:14:54,614[18292] - EC_Lab_Win11 - INFO - attempting to open EC_Lab_Win11, trial 1 in 3 times...
2026-05-29 04:47:38,569[18292] - EC_Lab_Win11 - INFO - test is complete
2026-05-29 04:47:38,570[18292] - RobotTest_AcidicPlatform - INFO - test pH12P7_ZerothGen_sample#8_2026-05-29_04-14-11 finished
2026-05-29 04:47:38,766[18292] - OBS_Win - INFO - not in software yet
2026-05-29 04:47:39,091[18292] - OBS_Win - INFO - attempting to open OBS_Win, trial 1 in 3 times...
2026-05-29 04:47:42,637[18292] - OBS_Win - INFO - OBS_Win started
2026-05-29 04:47:42,637[18292] - RobotTest_AcidicPlatform - INFO - unloading the sample to rack_id #8...
2026-05-29 04:48:39,472[18292] - RobotTest_AcidicPlatform - INFO - sample successfully unloaded from the cell
2026-05-29 04:48:43,053[18292] - OBS_Win - INFO - OBS_Win stopped
2026-05-29 04:48:43,486[18292] - OBS_Win - WARNING - cannot find ['OBS_start_record.png'] on screen
2026-05-29 04:48:46,802[18292] - OBS_Win - INFO - OBS_Win started
2026-05-29 04:48:46,802[18292] - RobotTest_AcidicPlatform - INFO - loading the sample from rack_id #9...
2026-05-29 04:49:22,078[18292] - RobotTest_AcidicPlatform - INFO - sample successfully loaded into the cell
2026-05-29 04:49:22,611[18292] - OBS_Win - INFO - OBS_Win stopped
2026-05-29 04:49:25,841[18292] - EC_Lab_Win11 - INFO - not in software yet
2026-05-29 04:49:26,153[18292] - EC_Lab_Win11 - INFO - attempting to open EC_Lab_Win11, trial 1 in 3 times...
2026-05-29 05:22:21,032[18292] - EC_Lab_Win11 - INFO - test is complete
2026-05-29 05:22:21,032[18292] - RobotTest_AcidicPlatform - INFO - test pH12P7_ZerothGen_sample#9_2026-05-29_04-48-43 finished
2026-05-29 05:22:21,234[18292] - OBS_Win - INFO - not in software yet
2026-05-29 05:22:21,577[18292] - OBS_Win - INFO - attempting to open OBS_Win, trial 1 in 3 times...
2026-05-29 05:22:25,101[18292] - OBS_Win - INFO - OBS_Win started
2026-05-29 05:22:25,101[18292] - RobotTest_AcidicPlatform - INFO - unloading the sample to rack_id #9...
2026-05-29 05:23:22,275[18292] - RobotTest_AcidicPlatform - INFO - sample successfully unloaded from the cell
2026-05-29 05:23:25,825[18292] - OBS_Win - INFO - OBS_Win stopped
2026-05-29 05:23:26,256[18292] - OBS_Win - WARNING - cannot find ['OBS_start_record.png'] on screen
2026-05-29 05:23:29,568[18292] - OBS_Win - INFO - OBS_Win started
2026-05-29 05:23:29,569[18292] - RobotTest_AcidicPlatform - INFO - loading the sample from rack_id #10...
2026-05-29 05:24:05,348[18292] - RobotTest_AcidicPlatform - INFO - sample successfully loaded into the cell
2026-05-29 05:24:05,886[18292] - OBS_Win - INFO - OBS_Win stopped
2026-05-29 05:24:09,108[18292] - EC_Lab_Win11 - INFO - not in software yet
2026-05-29 05:24:09,440[18292] - EC_Lab_Win11 - INFO - attempting to open EC_Lab_Win11, trial 1 in 3 times...
2026-05-29 05:24:44,199[18292] - EC_Lab_Win11 - INFO - not in software yet
2026-05-29 05:24:44,517[18292] - EC_Lab_Win11 - INFO - attempting to open EC_Lab_Win11, trial 1 in 3 times...
2026-05-29 05:24:47,759[18292] - EC_Lab_Win11 - INFO - not in software yet
2026-05-29 05:24:48,081[18292] - EC_Lab_Win11 - INFO - attempting to open EC_Lab_Win11, trial 2 in 3 times...
2026-05-29 05:57:00,740[18292] - EC_Lab_Win11 - INFO - test is complete
2026-05-29 05:57:00,740[18292] - RobotTest_AcidicPlatform - INFO - test pH12P7_ZerothGen_sample#10_2026-05-29_05-23-25 finished
2026-05-29 05:57:00,939[18292] - OBS_Win - INFO - not in software yet
2026-05-29 05:57:01,252[18292] - OBS_Win - INFO - attempting to open OBS_Win, trial 1 in 3 times...
2026-05-29 05:57:04,786[18292] - OBS_Win - INFO - OBS_Win started
2026-05-29 05:57:04,786[18292] - RobotTest_AcidicPlatform - INFO - unloading the sample to rack_id #10...
2026-05-29 05:58:02,429[18292] - RobotTest_AcidicPlatform - INFO - sample successfully unloaded from the cell
2026-05-29 05:58:06,011[18292] - OBS_Win - INFO - OBS_Win stopped
2026-05-29 05:58:06,452[18292] - OBS_Win - WARNING - cannot find ['OBS_start_record.png'] on screen
2026-05-29 05:58:09,776[18292] - OBS_Win - INFO - OBS_Win started
2026-05-29 05:58:09,776[18292] - RobotTest_AcidicPlatform - INFO - loading the sample from rack_id #11...
2026-05-29 05:58:45,874[18292] - RobotTest_AcidicPlatform - INFO - sample successfully loaded into the cell
2026-05-29 05:58:46,410[18292] - OBS_Win - INFO - OBS_Win stopped
2026-05-29 05:58:49,646[18292] - EC_Lab_Win11 - INFO - not in software yet
2026-05-29 05:58:49,944[18292] - EC_Lab_Win11 - INFO - attempting to open EC_Lab_Win11, trial 1 in 3 times...
2026-05-29 06:31:46,334[18292] - EC_Lab_Win11 - INFO - test is complete
2026-05-29 06:31:46,334[18292] - RobotTest_AcidicPlatform - INFO - test pH12P7_ZerothGen_sample#11_2026-05-29_05-58-06 finished
2026-05-29 06:31:46,554[18292] - OBS_Win - INFO - not in software yet
2026-05-29 06:31:46,856[18292] - OBS_Win - INFO - attempting to open OBS_Win, trial 1 in 3 times...
2026-05-29 06:31:50,389[18292] - OBS_Win - INFO - OBS_Win started
2026-05-29 06:31:50,390[18292] - RobotTest_AcidicPlatform - INFO - unloading the sample to rack_id #11...
2026-05-29 06:32:48,503[18292] - RobotTest_AcidicPlatform - INFO - sample successfully unloaded from the cell
2026-05-29 06:32:52,073[18292] - OBS_Win - INFO - OBS_Win stopped
2026-05-29 06:32:52,502[18292] - OBS_Win - WARNING - cannot find ['OBS_start_record.png'] on screen
2026-05-29 06:32:55,837[18292] - OBS_Win - INFO - OBS_Win started
2026-05-29 06:32:55,837[18292] - RobotTest_AcidicPlatform - INFO - loading the sample from rack_id #12...
2026-05-29 06:33:32,484[18292] - RobotTest_AcidicPlatform - INFO - sample successfully loaded into the cell
2026-05-29 06:33:33,006[18292] - OBS_Win - INFO - OBS_Win stopped
2026-05-29 06:33:36,228[18292] - EC_Lab_Win11 - INFO - not in software yet
2026-05-29 06:33:36,542[18292] - EC_Lab_Win11 - INFO - attempting to open EC_Lab_Win11, trial 1 in 3 times...
2026-05-29 07:06:31,862[18292] - EC_Lab_Win11 - INFO - test is complete
2026-05-29 07:06:31,862[18292] - RobotTest_AcidicPlatform - INFO - test pH12P7_ZerothGen_sample#12_2026-05-29_06-32-52 finished
2026-05-29 07:06:32,047[18292] - OBS_Win - INFO - not in software yet
2026-05-29 07:06:32,365[18292] - OBS_Win - INFO - attempting to open OBS_Win, trial 1 in 3 times...
2026-05-29 07:06:35,900[18292] - OBS_Win - INFO - OBS_Win started
2026-05-29 07:06:35,900[18292] - RobotTest_AcidicPlatform - INFO - unloading the sample to rack_id #12...
2026-05-29 07:07:34,519[18292] - RobotTest_AcidicPlatform - INFO - sample successfully unloaded from the cell
2026-05-29 07:07:38,110[18292] - OBS_Win - INFO - OBS_Win stopped
2026-05-29 07:07:38,531[18292] - OBS_Win - WARNING - cannot find ['OBS_start_record.png'] on screen
2026-05-29 07:07:41,856[18292] - OBS_Win - INFO - OBS_Win started
2026-05-29 07:07:41,856[18292] - RobotTest_AcidicPlatform - INFO - loading the sample from rack_id #13...
2026-05-29 07:08:18,967[18292] - RobotTest_AcidicPlatform - INFO - sample successfully loaded into the cell
2026-05-29 07:08:19,521[18292] - OBS_Win - INFO - OBS_Win stopped
2026-05-29 07:08:22,756[18292] - EC_Lab_Win11 - INFO - not in software yet
2026-05-29 07:08:23,075[18292] - EC_Lab_Win11 - INFO - attempting to open EC_Lab_Win11, trial 1 in 3 times...
2026-05-29 07:41:06,581[18292] - EC_Lab_Win11 - INFO - test is complete
2026-05-29 07:41:06,582[18292] - RobotTest_AcidicPlatform - INFO - test pH12P7_ZerothGen_sample#13_2026-05-29_07-07-38 finished
2026-05-29 07:41:06,778[18292] - OBS_Win - INFO - not in software yet
2026-05-29 07:41:07,103[18292] - OBS_Win - INFO - attempting to open OBS_Win, trial 1 in 3 times...
2026-05-29 07:41:10,625[18292] - OBS_Win - INFO - OBS_Win started
2026-05-29 07:41:10,625[18292] - RobotTest_AcidicPlatform - INFO - unloading the sample to rack_id #13...
2026-05-29 07:42:09,666[18292] - RobotTest_AcidicPlatform - INFO - sample successfully unloaded from the cell
2026-05-29 07:42:13,241[18292] - OBS_Win - INFO - OBS_Win stopped
2026-05-29 07:42:13,672[18292] - OBS_Win - WARNING - cannot find ['OBS_start_record.png'] on screen
2026-05-29 07:42:17,003[18292] - OBS_Win - INFO - OBS_Win started
2026-05-29 07:42:17,003[18292] - RobotTest_AcidicPlatform - INFO - loading the sample from rack_id #14...
2026-05-29 07:42:54,539[18292] - RobotTest_AcidicPlatform - INFO - sample successfully loaded into the cell
2026-05-29 07:42:55,088[18292] - OBS_Win - INFO - OBS_Win stopped
2026-05-29 07:42:58,325[18292] - EC_Lab_Win11 - INFO - not in software yet
2026-05-29 07:42:58,628[18292] - EC_Lab_Win11 - INFO - attempting to open EC_Lab_Win11, trial 1 in 3 times...
2026-05-29 07:49:54,465[18292] - EC_Lab_Win11 - INFO - not in software yet
2026-05-29 07:49:54,769[18292] - EC_Lab_Win11 - INFO - attempting to open EC_Lab_Win11, trial 1 in 3 times...
2026-05-29 07:49:58,014[18292] - EC_Lab_Win11 - INFO - not in software yet
2026-05-29 07:49:58,346[18292] - EC_Lab_Win11 - INFO - attempting to open EC_Lab_Win11, trial 2 in 3 times...
2026-05-29 08:15:49,079[18292] - EC_Lab_Win11 - INFO - test is complete
2026-05-29 08:15:49,079[18292] - RobotTest_AcidicPlatform - INFO - test pH12P7_ZerothGen_sample#14_2026-05-29_07-42-13 finished
2026-05-29 08:15:49,290[18292] - OBS_Win - INFO - not in software yet
2026-05-29 08:15:49,629[18292] - OBS_Win - INFO - attempting to open OBS_Win, trial 1 in 3 times...
2026-05-29 08:15:53,150[18292] - OBS_Win - INFO - OBS_Win started
2026-05-29 08:15:53,150[18292] - RobotTest_AcidicPlatform - INFO - unloading the sample to rack_id #14...
2026-05-29 08:16:52,557[18292] - RobotTest_AcidicPlatform - INFO - sample successfully unloaded from the cell
2026-05-29 08:16:56,146[18292] - OBS_Win - INFO - OBS_Win stopped
2026-05-29 08:16:56,579[18292] - OBS_Win - WARNING - cannot find ['OBS_start_record.png'] on screen
2026-05-29 08:16:59,904[18292] - OBS_Win - INFO - OBS_Win started
2026-05-29 08:16:59,904[18292] - RobotTest_AcidicPlatform - INFO - loading the sample from rack_id #15...
2026-05-29 08:17:37,890[18292] - RobotTest_AcidicPlatform - INFO - sample successfully loaded into the cell
2026-05-29 08:17:38,426[18292] - OBS_Win - INFO - OBS_Win stopped
2026-05-29 08:17:41,670[18292] - EC_Lab_Win11 - INFO - not in software yet
2026-05-29 08:17:41,985[18292] - EC_Lab_Win11 - INFO - attempting to open EC_Lab_Win11, trial 1 in 3 times...
2026-05-29 08:50:25,860[18292] - EC_Lab_Win11 - INFO - test is complete
2026-05-29 08:50:25,860[18292] - RobotTest_AcidicPlatform - INFO - test pH12P7_ZerothGen_sample#15_2026-05-29_08-16-56 finished
2026-05-29 08:50:26,043[18292] - OBS_Win - INFO - not in software yet
2026-05-29 08:50:26,350[18292] - OBS_Win - INFO - attempting to open OBS_Win, trial 1 in 3 times...
2026-05-29 08:50:29,905[18292] - OBS_Win - INFO - OBS_Win started
2026-05-29 08:50:29,905[18292] - RobotTest_AcidicPlatform - INFO - unloading the sample to rack_id #15...
2026-05-29 08:51:29,701[18292] - RobotTest_AcidicPlatform - INFO - sample successfully unloaded from the cell
2026-05-29 08:51:33,258[18292] - OBS_Win - INFO - OBS_Win stopped
2026-05-29 08:51:33,678[18292] - OBS_Win - WARNING - cannot find ['OBS_start_record.png'] on screen
2026-05-29 08:51:37,001[18292] - OBS_Win - INFO - OBS_Win started
2026-05-29 08:51:37,001[18292] - RobotTest_AcidicPlatform - INFO - loading the sample from rack_id #16...
2026-05-29 08:52:15,368[18292] - RobotTest_AcidicPlatform - INFO - sample successfully loaded into the cell
2026-05-29 08:52:15,906[18292] - OBS_Win - INFO - OBS_Win stopped
2026-05-29 08:52:19,143[18292] - EC_Lab_Win11 - INFO - not in software yet
2026-05-29 08:52:19,457[18292] - EC_Lab_Win11 - INFO - attempting to open EC_Lab_Win11, trial 1 in 3 times...
2026-05-29 09:25:03,151[18292] - EC_Lab_Win11 - INFO - test is complete
2026-05-29 09:25:03,151[18292] - RobotTest_AcidicPlatform - INFO - test pH12P7_ZerothGen_sample#16_2026-05-29_08-51-33 finished
2026-05-29 09:25:03,336[18292] - OBS_Win - INFO - not in software yet
2026-05-29 09:25:03,659[18292] - OBS_Win - INFO - attempting to open OBS_Win, trial 1 in 3 times...
2026-05-29 09:25:07,185[18292] - OBS_Win - INFO - OBS_Win started
2026-05-29 09:25:07,185[18292] - RobotTest_AcidicPlatform - INFO - unloading the sample to rack_id #16...
2026-05-29 09:26:07,440[18292] - RobotTest_AcidicPlatform - INFO - sample successfully unloaded from the cell
2026-05-29 09:26:11,017[18292] - OBS_Win - INFO - OBS_Win stopped
2026-05-29 09:26:11,450[18292] - OBS_Win - WARNING - cannot find ['OBS_start_record.png'] on screen
2026-05-29 09:26:14,777[18292] - OBS_Win - INFO - OBS_Win started
2026-05-29 09:26:14,777[18292] - RobotTest_AcidicPlatform - INFO - loading the sample from rack_id #17...
2026-05-29 09:26:53,453[18292] - RobotTest_AcidicPlatform - INFO - sample successfully loaded into the cell
2026-05-29 09:26:54,001[18292] - OBS_Win - INFO - OBS_Win stopped
2026-05-29 09:26:57,236[18292] - EC_Lab_Win11 - INFO - not in software yet
2026-05-29 09:26:57,553[18292] - EC_Lab_Win11 - INFO - attempting to open EC_Lab_Win11, trial 1 in 3 times...
2026-05-29 09:37:03,209[18292] - RobotTest_AcidicPlatform - INFO - human operating, fail to detect...
2026-05-29 09:37:13,212[18292] - RobotTest_AcidicPlatform - INFO - human operating, fail to detect...
2026-05-29 09:37:24,225[18292] - EC_Lab_Win11 - INFO - channel 1 is not open
2026-05-29 09:37:25,926[18292] - EC_Lab_Win11 - WARNING - cannot find ['channel_1_in.png', 'channel_1_in_ox.png', 'channel_1_in_red.png', 'channel_1_in_relax.png', 'channel_1_out.png', 'channel_1_out_ox.png', 'channel_1_out_red.png', 'channel_1_out_relax.png'] on screen
2026-05-29 09:37:30,445[18292] - EC_Lab_Win11 - WARNING - cannot find ['channel_1_in.png', 'channel_1_in_ox.png', 'channel_1_in_red.png', 'channel_1_in_relax.png', 'channel_1_out.png', 'channel_1_out_ox.png', 'channel_1_out_red.png', 'channel_1_out_relax.png'] on screen
2026-05-29 09:37:34,970[18292] - EC_Lab_Win11 - WARNING - cannot find ['channel_1_in.png', 'channel_1_in_ox.png', 'channel_1_in_red.png', 'channel_1_in_relax.png', 'channel_1_out.png', 'channel_1_out_ox.png', 'channel_1_out_red.png', 'channel_1_out_relax.png'] on screen
2026-05-29 09:37:39,474[18292] - EC_Lab_Win11 - WARNING - cannot find ['channel_1_in.png', 'channel_1_in_ox.png', 'channel_1_in_red.png', 'channel_1_in_relax.png', 'channel_1_out.png', 'channel_1_out_ox.png', 'channel_1_out_red.png', 'channel_1_out_relax.png'] on screen
2026-05-29 09:37:44,009[18292] - EC_Lab_Win11 - WARNING - cannot find ['channel_1_in.png', 'channel_1_in_ox.png', 'channel_1_in_red.png', 'channel_1_in_relax.png', 'channel_1_out.png', 'channel_1_out_ox.png', 'channel_1_out_red.png', 'channel_1_out_relax.png'] on screen
2026-05-29 09:37:48,534[18292] - EC_Lab_Win11 - WARNING - cannot find ['channel_1_in.png', 'channel_1_in_ox.png', 'channel_1_in_red.png', 'channel_1_in_relax.png', 'channel_1_out.png', 'channel_1_out_ox.png', 'channel_1_out_red.png', 'channel_1_out_relax.png'] on screen
2026-05-29 09:37:53,048[18292] - EC_Lab_Win11 - WARNING - cannot find ['channel_1_in.png', 'channel_1_in_ox.png', 'channel_1_in_red.png', 'channel_1_in_relax.png', 'channel_1_out.png', 'channel_1_out_ox.png', 'channel_1_out_red.png', 'channel_1_out_relax.png'] on screen
2026-05-29 09:37:57,536[18292] - EC_Lab_Win11 - WARNING - cannot find ['channel_1_in.png', 'channel_1_in_ox.png', 'channel_1_in_red.png', 'channel_1_in_relax.png', 'channel_1_out.png', 'channel_1_out_ox.png', 'channel_1_out_red.png', 'channel_1_out_relax.png'] on screen
2026-05-29 09:38:02,059[18292] - EC_Lab_Win11 - WARNING - cannot find ['channel_1_in.png', 'channel_1_in_ox.png', 'channel_1_in_red.png', 'channel_1_in_relax.png', 'channel_1_out.png', 'channel_1_out_ox.png', 'channel_1_out_red.png', 'channel_1_out_relax.png'] on screen
2026-05-29 09:38:06,597[18292] - EC_Lab_Win11 - WARNING - cannot find ['channel_1_in.png', 'channel_1_in_ox.png', 'channel_1_in_red.png', 'channel_1_in_relax.png', 'channel_1_out.png', 'channel_1_out_ox.png', 'channel_1_out_red.png', 'channel_1_out_relax.png'] on screen
2026-05-29 09:38:11,132[18292] - EC_Lab_Win11 - WARNING - cannot find ['channel_1_in.png', 'channel_1_in_ox.png', 'channel_1_in_red.png', 'channel_1_in_relax.png', 'channel_1_out.png', 'channel_1_out_ox.png', 'channel_1_out_red.png', 'channel_1_out_relax.png'] on screen
2026-05-29 09:38:15,658[18292] - EC_Lab_Win11 - WARNING - cannot find ['channel_1_in.png', 'channel_1_in_ox.png', 'channel_1_in_red.png', 'channel_1_in_relax.png', 'channel_1_out.png', 'channel_1_out_ox.png', 'channel_1_out_red.png', 'channel_1_out_relax.png'] on screen
2026-05-29 09:38:20,192[18292] - EC_Lab_Win11 - WARNING - cannot find ['channel_1_in.png', 'channel_1_in_ox.png', 'channel_1_in_red.png', 'channel_1_in_relax.png', 'channel_1_out.png', 'channel_1_out_ox.png', 'channel_1_out_red.png', 'channel_1_out_relax.png'] on screen
2026-05-29 09:38:24,713[18292] - EC_Lab_Win11 - WARNING - cannot find ['channel_1_in.png', 'channel_1_in_ox.png', 'channel_1_in_red.png', 'channel_1_in_relax.png', 'channel_1_out.png', 'channel_1_out_ox.png', 'channel_1_out_red.png', 'channel_1_out_relax.png'] on screen
2026-05-29 09:38:29,216[18292] - EC_Lab_Win11 - WARNING - cannot find ['channel_1_in.png', 'channel_1_in_ox.png', 'channel_1_in_red.png', 'channel_1_in_relax.png', 'channel_1_out.png', 'channel_1_out_ox.png', 'channel_1_out_red.png', 'channel_1_out_relax.png'] on screen
2026-05-29 09:38:33,721[18292] - EC_Lab_Win11 - WARNING - cannot find ['channel_1_in.png', 'channel_1_in_ox.png', 'channel_1_in_red.png', 'channel_1_in_relax.png', 'channel_1_out.png', 'channel_1_out_ox.png', 'channel_1_out_red.png', 'channel_1_out_relax.png'] on screen
2026-05-29 09:38:38,243[18292] - EC_Lab_Win11 - WARNING - cannot find ['channel_1_in.png', 'channel_1_in_ox.png', 'channel_1_in_red.png', 'channel_1_in_relax.png', 'channel_1_out.png', 'channel_1_out_ox.png', 'channel_1_out_red.png', 'channel_1_out_relax.png'] on screen
2026-05-29 09:38:42,731[18292] - EC_Lab_Win11 - WARNING - cannot find ['channel_1_in.png', 'channel_1_in_ox.png', 'channel_1_in_red.png', 'channel_1_in_relax.png', 'channel_1_out.png', 'channel_1_out_ox.png', 'channel_1_out_red.png', 'channel_1_out_relax.png'] on screen
2026-05-29 09:38:47,256[18292] - EC_Lab_Win11 - WARNING - cannot find ['channel_1_in.png', 'channel_1_in_ox.png', 'channel_1_in_red.png', 'channel_1_in_relax.png', 'channel_1_out.png', 'channel_1_out_ox.png', 'channel_1_out_red.png', 'channel_1_out_relax.png'] on screen
2026-05-29 09:38:51,790[18292] - EC_Lab_Win11 - WARNING - cannot find ['channel_1_in.png', 'channel_1_in_ox.png', 'channel_1_in_red.png', 'channel_1_in_relax.png', 'channel_1_out.png', 'channel_1_out_ox.png', 'channel_1_out_red.png', 'channel_1_out_relax.png'] on screen
2026-05-29 09:38:56,293[18292] - EC_Lab_Win11 - WARNING - cannot find ['channel_1_in.png', 'channel_1_in_ox.png', 'channel_1_in_red.png', 'channel_1_in_relax.png', 'channel_1_out.png', 'channel_1_out_ox.png', 'channel_1_out_red.png', 'channel_1_out_relax.png'] on screen
2026-05-29 09:39:00,812[18292] - EC_Lab_Win11 - WARNING - cannot find ['channel_1_in.png', 'channel_1_in_ox.png', 'channel_1_in_red.png', 'channel_1_in_relax.png', 'channel_1_out.png', 'channel_1_out_ox.png', 'channel_1_out_red.png', 'channel_1_out_relax.png'] on screen
2026-05-29 09:39:05,300[18292] - EC_Lab_Win11 - WARNING - cannot find ['channel_1_in.png', 'channel_1_in_ox.png', 'channel_1_in_red.png', 'channel_1_in_relax.png', 'channel_1_out.png', 'channel_1_out_ox.png', 'channel_1_out_red.png', 'channel_1_out_relax.png'] on screen
2026-05-29 09:39:09,886[18292] - EC_Lab_Win11 - WARNING - cannot find ['channel_1_in.png', 'channel_1_in_ox.png', 'channel_1_in_red.png', 'channel_1_in_relax.png', 'channel_1_out.png', 'channel_1_out_ox.png', 'channel_1_out_red.png', 'channel_1_out_relax.png'] on screen
2026-05-29 09:39:14,395[18292] - EC_Lab_Win11 - WARNING - cannot find ['channel_1_in.png', 'channel_1_in_ox.png', 'channel_1_in_red.png', 'channel_1_in_relax.png', 'channel_1_out.png', 'channel_1_out_ox.png', 'channel_1_out_red.png', 'channel_1_out_relax.png'] on screen
2026-05-29 09:39:18,900[18292] - EC_Lab_Win11 - WARNING - cannot find ['channel_1_in.png', 'channel_1_in_ox.png', 'channel_1_in_red.png', 'channel_1_in_relax.png', 'channel_1_out.png', 'channel_1_out_ox.png', 'channel_1_out_red.png', 'channel_1_out_relax.png'] on screen
2026-05-29 09:39:23,417[18292] - EC_Lab_Win11 - WARNING - cannot find ['channel_1_in.png', 'channel_1_in_ox.png', 'channel_1_in_red.png', 'channel_1_in_relax.png', 'channel_1_out.png', 'channel_1_out_ox.png', 'channel_1_out_red.png', 'channel_1_out_relax.png'] on screen
2026-05-29 09:39:27,940[18292] - EC_Lab_Win11 - WARNING - cannot find ['channel_1_in.png', 'channel_1_in_ox.png', 'channel_1_in_red.png', 'channel_1_in_relax.png', 'channel_1_out.png', 'channel_1_out_ox.png', 'channel_1_out_red.png', 'channel_1_out_relax.png'] on screen
2026-05-29 09:39:32,461[18292] - EC_Lab_Win11 - WARNING - cannot find ['channel_1_in.png', 'channel_1_in_ox.png', 'channel_1_in_red.png', 'channel_1_in_relax.png', 'channel_1_out.png', 'channel_1_out_ox.png', 'channel_1_out_red.png', 'channel_1_out_relax.png'] on screen
2026-05-29 09:39:36,929[18292] - EC_Lab_Win11 - WARNING - cannot find ['channel_1_in.png', 'channel_1_in_ox.png', 'channel_1_in_red.png', 'channel_1_in_relax.png', 'channel_1_out.png', 'channel_1_out_ox.png', 'channel_1_out_red.png', 'channel_1_out_relax.png'] on screen
2026-05-29 09:39:41,416[18292] - EC_Lab_Win11 - WARNING - cannot find ['channel_1_in.png', 'channel_1_in_ox.png', 'channel_1_in_red.png', 'channel_1_in_relax.png', 'channel_1_out.png', 'channel_1_out_ox.png', 'channel_1_out_red.png', 'channel_1_out_relax.png'] on screen
2026-05-29 09:39:45,908[18292] - EC_Lab_Win11 - WARNING - cannot find ['channel_1_in.png', 'channel_1_in_ox.png', 'channel_1_in_red.png', 'channel_1_in_relax.png', 'channel_1_out.png', 'channel_1_out_ox.png', 'channel_1_out_red.png', 'channel_1_out_relax.png'] on screen
2026-05-29 09:39:50,426[18292] - EC_Lab_Win11 - WARNING - cannot find ['channel_1_in.png', 'channel_1_in_ox.png', 'channel_1_in_red.png', 'channel_1_in_relax.png', 'channel_1_out.png', 'channel_1_out_ox.png', 'channel_1_out_red.png', 'channel_1_out_relax.png'] on screen
2026-05-29 09:39:54,930[18292] - EC_Lab_Win11 - WARNING - cannot find ['channel_1_in.png', 'channel_1_in_ox.png', 'channel_1_in_red.png', 'channel_1_in_relax.png', 'channel_1_out.png', 'channel_1_out_ox.png', 'channel_1_out_red.png', 'channel_1_out_relax.png'] on screen
2026-05-29 09:39:59,406[18292] - EC_Lab_Win11 - WARNING - cannot find ['channel_1_in.png', 'channel_1_in_ox.png', 'channel_1_in_red.png', 'channel_1_in_relax.png', 'channel_1_out.png', 'channel_1_out_ox.png', 'channel_1_out_red.png', 'channel_1_out_relax.png'] on screen
2026-05-29 09:40:03,927[18292] - EC_Lab_Win11 - WARNING - cannot find ['channel_1_in.png', 'channel_1_in_ox.png', 'channel_1_in_red.png', 'channel_1_in_relax.png', 'channel_1_out.png', 'channel_1_out_ox.png', 'channel_1_out_red.png', 'channel_1_out_relax.png'] on screen
2026-05-29 09:40:08,429[18292] - EC_Lab_Win11 - WARNING - cannot find ['channel_1_in.png', 'channel_1_in_ox.png', 'channel_1_in_red.png', 'channel_1_in_relax.png', 'channel_1_out.png', 'channel_1_out_ox.png', 'channel_1_out_red.png', 'channel_1_out_relax.png'] on screen
2026-05-29 09:40:12,947[18292] - EC_Lab_Win11 - WARNING - cannot find ['channel_1_in.png', 'channel_1_in_ox.png', 'channel_1_in_red.png', 'channel_1_in_relax.png', 'channel_1_out.png', 'channel_1_out_ox.png', 'channel_1_out_red.png', 'channel_1_out_relax.png'] on screen
2026-05-29 09:40:17,475[18292] - EC_Lab_Win11 - WARNING - cannot find ['channel_1_in.png', 'channel_1_in_ox.png', 'channel_1_in_red.png', 'channel_1_in_relax.png', 'channel_1_out.png', 'channel_1_out_ox.png', 'channel_1_out_red.png', 'channel_1_out_relax.png'] on screen
2026-05-29 09:40:21,971[18292] - EC_Lab_Win11 - WARNING - cannot find ['channel_1_in.png', 'channel_1_in_ox.png', 'channel_1_in_red.png', 'channel_1_in_relax.png', 'channel_1_out.png', 'channel_1_out_ox.png', 'channel_1_out_red.png', 'channel_1_out_relax.png'] on screen
2026-05-29 09:40:26,460[18292] - EC_Lab_Win11 - WARNING - cannot find ['channel_1_in.png', 'channel_1_in_ox.png', 'channel_1_in_red.png', 'channel_1_in_relax.png', 'channel_1_out.png', 'channel_1_out_ox.png', 'channel_1_out_red.png', 'channel_1_out_relax.png'] on screen
2026-05-29 09:40:30,966[18292] - EC_Lab_Win11 - WARNING - cannot find ['channel_1_in.png', 'channel_1_in_ox.png', 'channel_1_in_red.png', 'channel_1_in_relax.png', 'channel_1_out.png', 'channel_1_out_ox.png', 'channel_1_out_red.png', 'channel_1_out_relax.png'] on screen
2026-05-29 09:40:35,485[18292] - EC_Lab_Win11 - WARNING - cannot find ['channel_1_in.png', 'channel_1_in_ox.png', 'channel_1_in_red.png', 'channel_1_in_relax.png', 'channel_1_out.png', 'channel_1_out_ox.png', 'channel_1_out_red.png', 'channel_1_out_relax.png'] on screen
2026-05-29 09:40:40,007[18292] - EC_Lab_Win11 - WARNING - cannot find ['channel_1_in.png', 'channel_1_in_ox.png', 'channel_1_in_red.png', 'channel_1_in_relax.png', 'channel_1_out.png', 'channel_1_out_ox.png', 'channel_1_out_red.png', 'channel_1_out_relax.png'] on screen
2026-05-29 09:40:44,491[18292] - EC_Lab_Win11 - WARNING - cannot find ['channel_1_in.png', 'channel_1_in_ox.png', 'channel_1_in_red.png', 'channel_1_in_relax.png', 'channel_1_out.png', 'channel_1_out_ox.png', 'channel_1_out_red.png', 'channel_1_out_relax.png'] on screen
2026-05-29 09:40:48,999[18292] - EC_Lab_Win11 - WARNING - cannot find ['channel_1_in.png', 'channel_1_in_ox.png', 'channel_1_in_red.png', 'channel_1_in_relax.png', 'channel_1_out.png', 'channel_1_out_ox.png', 'channel_1_out_red.png', 'channel_1_out_relax.png'] on screen
2026-05-29 09:40:53,502[18292] - EC_Lab_Win11 - WARNING - cannot find ['channel_1_in.png', 'channel_1_in_ox.png', 'channel_1_in_red.png', 'channel_1_in_relax.png', 'channel_1_out.png', 'channel_1_out_ox.png', 'channel_1_out_red.png', 'channel_1_out_relax.png'] on screen
2026-05-29 09:40:58,057[18292] - EC_Lab_Win11 - WARNING - cannot find ['channel_1_in.png', 'channel_1_in_ox.png', 'channel_1_in_red.png', 'channel_1_in_relax.png', 'channel_1_out.png', 'channel_1_out_ox.png', 'channel_1_out_red.png', 'channel_1_out_relax.png'] on screen
2026-05-29 09:41:02,543[18292] - EC_Lab_Win11 - WARNING - cannot find ['channel_1_in.png', 'channel_1_in_ox.png', 'channel_1_in_red.png', 'channel_1_in_relax.png', 'channel_1_out.png', 'channel_1_out_ox.png', 'channel_1_out_red.png', 'channel_1_out_relax.png'] on screen
2026-05-29 09:41:07,133[18292] - EC_Lab_Win11 - WARNING - cannot find ['channel_1_in.png', 'channel_1_in_ox.png', 'channel_1_in_red.png', 'channel_1_in_relax.png', 'channel_1_out.png', 'channel_1_out_ox.png', 'channel_1_out_red.png', 'channel_1_out_relax.png'] on screen
2026-05-29 09:41:11,631[18292] - EC_Lab_Win11 - WARNING - cannot find ['channel_1_in.png', 'channel_1_in_ox.png', 'channel_1_in_red.png', 'channel_1_in_relax.png', 'channel_1_out.png', 'channel_1_out_ox.png', 'channel_1_out_red.png', 'channel_1_out_relax.png'] on screen
2026-05-29 09:41:16,123[18292] - EC_Lab_Win11 - WARNING - cannot find ['channel_1_in.png', 'channel_1_in_ox.png', 'channel_1_in_red.png', 'channel_1_in_relax.png', 'channel_1_out.png', 'channel_1_out_ox.png', 'channel_1_out_red.png', 'channel_1_out_relax.png'] on screen
2026-05-29 09:41:20,636[18292] - EC_Lab_Win11 - WARNING - cannot find ['channel_1_in.png', 'channel_1_in_ox.png', 'channel_1_in_red.png', 'channel_1_in_relax.png', 'channel_1_out.png', 'channel_1_out_ox.png', 'channel_1_out_red.png', 'channel_1_out_relax.png'] on screen
2026-05-29 09:41:25,157[18292] - EC_Lab_Win11 - WARNING - cannot find ['channel_1_in.png', 'channel_1_in_ox.png', 'channel_1_in_red.png', 'channel_1_in_relax.png', 'channel_1_out.png', 'channel_1_out_ox.png', 'channel_1_out_red.png', 'channel_1_out_relax.png'] on screen
2026-05-29 09:41:29,653[18292] - EC_Lab_Win11 - WARNING - cannot find ['channel_1_in.png', 'channel_1_in_ox.png', 'channel_1_in_red.png', 'channel_1_in_relax.png', 'channel_1_out.png', 'channel_1_out_ox.png', 'channel_1_out_red.png', 'channel_1_out_relax.png'] on screen
2026-05-29 09:41:34,172[18292] - EC_Lab_Win11 - WARNING - cannot find ['channel_1_in.png', 'channel_1_in_ox.png', 'channel_1_in_red.png', 'channel_1_in_relax.png', 'channel_1_out.png', 'channel_1_out_ox.png', 'channel_1_out_red.png', 'channel_1_out_relax.png'] on screen
2026-05-29 09:41:38,676[18292] - EC_Lab_Win11 - WARNING - cannot find ['channel_1_in.png', 'channel_1_in_ox.png', 'channel_1_in_red.png', 'channel_1_in_relax.png', 'channel_1_out.png', 'channel_1_out_ox.png', 'channel_1_out_red.png', 'channel_1_out_relax.png'] on screen
2026-05-29 09:41:43,180[18292] - EC_Lab_Win11 - WARNING - cannot find ['channel_1_in.png', 'channel_1_in_ox.png', 'channel_1_in_red.png', 'channel_1_in_relax.png', 'channel_1_out.png', 'channel_1_out_ox.png', 'channel_1_out_red.png', 'channel_1_out_relax.png'] on screen
2026-05-29 09:41:47,686[18292] - EC_Lab_Win11 - WARNING - cannot find ['channel_1_in.png', 'channel_1_in_ox.png', 'channel_1_in_red.png', 'channel_1_in_relax.png', 'channel_1_out.png', 'channel_1_out_ox.png', 'channel_1_out_red.png', 'channel_1_out_relax.png'] on screen
2026-05-29 09:41:52,174[18292] - EC_Lab_Win11 - WARNING - cannot find ['channel_1_in.png', 'channel_1_in_ox.png', 'channel_1_in_red.png', 'channel_1_in_relax.png', 'channel_1_out.png', 'channel_1_out_ox.png', 'channel_1_out_red.png', 'channel_1_out_relax.png'] on screen
2026-05-29 09:41:56,696[18292] - EC_Lab_Win11 - WARNING - cannot find ['channel_1_in.png', 'channel_1_in_ox.png', 'channel_1_in_red.png', 'channel_1_in_relax.png', 'channel_1_out.png', 'channel_1_out_ox.png', 'channel_1_out_red.png', 'channel_1_out_relax.png'] on screen
2026-05-29 09:42:01,200[18292] - EC_Lab_Win11 - WARNING - cannot find ['channel_1_in.png', 'channel_1_in_ox.png', 'channel_1_in_red.png', 'channel_1_in_relax.png', 'channel_1_out.png', 'channel_1_out_ox.png', 'channel_1_out_red.png', 'channel_1_out_relax.png'] on screen
2026-05-29 09:42:05,749[18292] - EC_Lab_Win11 - WARNING - cannot find ['channel_1_in.png', 'channel_1_in_ox.png', 'channel_1_in_red.png', 'channel_1_in_relax.png', 'channel_1_out.png', 'channel_1_out_ox.png', 'channel_1_out_red.png', 'channel_1_out_relax.png'] on screen
2026-05-29 09:42:10,260[18292] - EC_Lab_Win11 - WARNING - cannot find ['channel_1_in.png', 'channel_1_in_ox.png', 'channel_1_in_red.png', 'channel_1_in_relax.png', 'channel_1_out.png', 'channel_1_out_ox.png', 'channel_1_out_red.png', 'channel_1_out_relax.png'] on screen
2026-05-29 09:42:14,793[18292] - EC_Lab_Win11 - WARNING - cannot find ['channel_1_in.png', 'channel_1_in_ox.png', 'channel_1_in_red.png', 'channel_1_in_relax.png', 'channel_1_out.png', 'channel_1_out_ox.png', 'channel_1_out_red.png', 'channel_1_out_relax.png'] on screen
2026-05-29 09:42:19,333[18292] - EC_Lab_Win11 - WARNING - cannot find ['channel_1_in.png', 'channel_1_in_ox.png', 'channel_1_in_red.png', 'channel_1_in_relax.png', 'channel_1_out.png', 'channel_1_out_ox.png', 'channel_1_out_red.png', 'channel_1_out_relax.png'] on screen
2026-05-29 09:42:23,840[18292] - EC_Lab_Win11 - WARNING - cannot find ['channel_1_in.png', 'channel_1_in_ox.png', 'channel_1_in_red.png', 'channel_1_in_relax.png', 'channel_1_out.png', 'channel_1_out_ox.png', 'channel_1_out_red.png', 'channel_1_out_relax.png'] on screen
2026-05-29 09:42:28,340[18292] - EC_Lab_Win11 - WARNING - cannot find ['channel_1_in.png', 'channel_1_in_ox.png', 'channel_1_in_red.png', 'channel_1_in_relax.png', 'channel_1_out.png', 'channel_1_out_ox.png', 'channel_1_out_red.png', 'channel_1_out_relax.png'] on screen
2026-05-29 09:42:32,847[18292] - EC_Lab_Win11 - WARNING - cannot find ['channel_1_in.png', 'channel_1_in_ox.png', 'channel_1_in_red.png', 'channel_1_in_relax.png', 'channel_1_out.png', 'channel_1_out_ox.png', 'channel_1_out_red.png', 'channel_1_out_relax.png'] on screen
2026-05-29 09:42:37,365[18292] - EC_Lab_Win11 - WARNING - cannot find ['channel_1_in.png', 'channel_1_in_ox.png', 'channel_1_in_red.png', 'channel_1_in_relax.png', 'channel_1_out.png', 'channel_1_out_ox.png', 'channel_1_out_red.png', 'channel_1_out_relax.png'] on screen
2026-05-29 09:42:41,901[18292] - EC_Lab_Win11 - WARNING - cannot find ['channel_1_in.png', 'channel_1_in_ox.png', 'channel_1_in_red.png', 'channel_1_in_relax.png', 'channel_1_out.png', 'channel_1_out_ox.png', 'channel_1_out_red.png', 'channel_1_out_relax.png'] on screen
2026-05-29 09:42:46,423[18292] - EC_Lab_Win11 - WARNING - cannot find ['channel_1_in.png', 'channel_1_in_ox.png', 'channel_1_in_red.png', 'channel_1_in_relax.png', 'channel_1_out.png', 'channel_1_out_ox.png', 'channel_1_out_red.png', 'channel_1_out_relax.png'] on screen
2026-05-29 09:42:50,913[18292] - EC_Lab_Win11 - WARNING - cannot find ['channel_1_in.png', 'channel_1_in_ox.png', 'channel_1_in_red.png', 'channel_1_in_relax.png', 'channel_1_out.png', 'channel_1_out_ox.png', 'channel_1_out_red.png', 'channel_1_out_relax.png'] on screen
2026-05-29 09:42:55,515[18292] - EC_Lab_Win11 - WARNING - cannot find ['channel_1_in.png', 'channel_1_in_ox.png', 'channel_1_in_red.png', 'channel_1_in_relax.png', 'channel_1_out.png', 'channel_1_out_ox.png', 'channel_1_out_red.png', 'channel_1_out_relax.png'] on screen
2026-05-29 09:43:00,022[18292] - EC_Lab_Win11 - WARNING - cannot find ['channel_1_in.png', 'channel_1_in_ox.png', 'channel_1_in_red.png', 'channel_1_in_relax.png', 'channel_1_out.png', 'channel_1_out_ox.png', 'channel_1_out_red.png', 'channel_1_out_relax.png'] on screen
2026-05-29 09:43:04,523[18292] - EC_Lab_Win11 - WARNING - cannot find ['channel_1_in.png', 'channel_1_in_ox.png', 'channel_1_in_red.png', 'channel_1_in_relax.png', 'channel_1_out.png', 'channel_1_out_ox.png', 'channel_1_out_red.png', 'channel_1_out_relax.png'] on screen
2026-05-29 09:43:09,013[18292] - EC_Lab_Win11 - WARNING - cannot find ['channel_1_in.png', 'channel_1_in_ox.png', 'channel_1_in_red.png', 'channel_1_in_relax.png', 'channel_1_out.png', 'channel_1_out_ox.png', 'channel_1_out_red.png', 'channel_1_out_relax.png'] on screen
2026-05-29 09:43:13,514[18292] - EC_Lab_Win11 - WARNING - cannot find ['channel_1_in.png', 'channel_1_in_ox.png', 'channel_1_in_red.png', 'channel_1_in_relax.png', 'channel_1_out.png', 'channel_1_out_ox.png', 'channel_1_out_red.png', 'channel_1_out_relax.png'] on screen
2026-05-29 09:43:18,019[18292] - EC_Lab_Win11 - WARNING - cannot find ['channel_1_in.png', 'channel_1_in_ox.png', 'channel_1_in_red.png', 'channel_1_in_relax.png', 'channel_1_out.png', 'channel_1_out_ox.png', 'channel_1_out_red.png', 'channel_1_out_relax.png'] on screen
2026-05-29 09:43:22,556[18292] - EC_Lab_Win11 - WARNING - cannot find ['channel_1_in.png', 'channel_1_in_ox.png', 'channel_1_in_red.png', 'channel_1_in_relax.png', 'channel_1_out.png', 'channel_1_out_ox.png', 'channel_1_out_red.png', 'channel_1_out_relax.png'] on screen
2026-05-29 09:43:27,112[18292] - EC_Lab_Win11 - WARNING - cannot find ['channel_1_in.png', 'channel_1_in_ox.png', 'channel_1_in_red.png', 'channel_1_in_relax.png', 'channel_1_out.png', 'channel_1_out_ox.png', 'channel_1_out_red.png', 'channel_1_out_relax.png'] on screen
2026-05-29 09:43:31,598[18292] - EC_Lab_Win11 - WARNING - cannot find ['channel_1_in.png', 'channel_1_in_ox.png', 'channel_1_in_red.png', 'channel_1_in_relax.png', 'channel_1_out.png', 'channel_1_out_ox.png', 'channel_1_out_red.png', 'channel_1_out_relax.png'] on screen
2026-05-29 09:43:36,228[18292] - EC_Lab_Win11 - INFO - attempting to open channel 1, trial 1 in 3 times...
2026-05-29 09:43:37,138[18292] - EC_Lab_Win11 - INFO - test is complete
2026-05-29 09:43:37,138[18292] - RobotTest_AcidicPlatform - INFO - test pH12P7_ZerothGen_sample#17_2026-05-29_09-26-11 finished
2026-05-29 09:43:37,324[18292] - OBS_Win - INFO - not in software yet
2026-05-29 09:43:37,617[18292] - OBS_Win - INFO - attempting to open OBS_Win, trial 1 in 3 times...
2026-05-29 09:43:41,145[18292] - OBS_Win - INFO - OBS_Win started
2026-05-29 09:43:41,145[18292] - RobotTest_AcidicPlatform - INFO - unloading the sample to rack_id #17...
2026-05-29 09:44:41,635[18292] - RobotTest_AcidicPlatform - INFO - sample successfully unloaded from the cell
2026-05-29 09:44:45,198[18292] - OBS_Win - INFO - OBS_Win stopped
2026-05-29 09:44:45,630[18292] - OBS_Win - WARNING - cannot find ['OBS_start_record.png'] on screen
2026-05-29 09:44:48,971[18292] - OBS_Win - INFO - OBS_Win started
2026-05-29 09:44:48,971[18292] - RobotTest_AcidicPlatform - INFO - loading the sample from rack_id #18...
2026-05-29 09:45:28,310[18292] - RobotTest_AcidicPlatform - INFO - sample successfully loaded into the cell
2026-05-29 09:45:28,830[18292] - OBS_Win - INFO - OBS_Win stopped
2026-05-29 09:45:32,068[18292] - EC_Lab_Win11 - INFO - not in software yet
2026-05-29 09:45:32,370[18292] - EC_Lab_Win11 - INFO - attempting to open EC_Lab_Win11, trial 1 in 3 times...
2026-05-29 09:45:35,982[18292] - EC_Lab_Win11 - WARNING - cannot find ['start.png'] on screen
2026-05-29 09:45:39,175[18292] - EC_Lab_Win11 - WARNING - cannot find ['start.png'] on screen
2026-05-29 09:45:42,373[18292] - EC_Lab_Win11 - WARNING - cannot find ['start.png'] on screen
2026-05-29 09:45:45,577[18292] - EC_Lab_Win11 - WARNING - cannot find ['start.png'] on screen
2026-05-29 09:45:48,766[18292] - EC_Lab_Win11 - WARNING - cannot find ['start.png'] on screen
2026-05-29 09:45:51,968[18292] - EC_Lab_Win11 - WARNING - cannot find ['start.png'] on screen
2026-05-29 09:45:55,176[18292] - EC_Lab_Win11 - WARNING - cannot find ['start.png'] on screen
2026-05-29 09:45:58,389[18292] - EC_Lab_Win11 - WARNING - cannot find ['start.png'] on screen
2026-05-29 09:46:01,576[18292] - EC_Lab_Win11 - WARNING - cannot find ['start.png'] on screen
2026-05-29 09:46:04,777[18292] - EC_Lab_Win11 - WARNING - cannot find ['start.png'] on screen
2026-05-29 09:46:07,964[18292] - EC_Lab_Win11 - WARNING - cannot find ['start.png'] on screen
2026-05-29 09:46:11,173[18292] - EC_Lab_Win11 - WARNING - cannot find ['start.png'] on screen
2026-05-29 09:46:14,375[18292] - EC_Lab_Win11 - WARNING - cannot find ['start.png'] on screen
2026-05-29 09:46:17,574[18292] - EC_Lab_Win11 - WARNING - cannot find ['start.png'] on screen
2026-05-29 09:46:20,776[18292] - EC_Lab_Win11 - WARNING - cannot find ['start.png'] on screen
2026-05-29 09:46:23,980[18292] - EC_Lab_Win11 - WARNING - cannot find ['start.png'] on screen
2026-05-29 09:46:27,184[18292] - EC_Lab_Win11 - WARNING - cannot find ['start.png'] on screen
2026-05-29 09:46:30,372[18292] - EC_Lab_Win11 - WARNING - cannot find ['start.png'] on screen
2026-05-29 09:46:33,554[18292] - EC_Lab_Win11 - WARNING - cannot find ['start.png'] on screen
2026-05-29 09:46:36,761[18292] - EC_Lab_Win11 - WARNING - cannot find ['start.png'] on screen
2026-05-29 09:46:39,964[18292] - EC_Lab_Win11 - WARNING - cannot find ['start.png'] on screen
2026-05-29 09:46:43,164[18292] - EC_Lab_Win11 - WARNING - cannot find ['start.png'] on screen
2026-05-29 09:46:46,372[18292] - EC_Lab_Win11 - WARNING - cannot find ['start.png'] on screen
2026-05-29 09:46:49,572[18292] - EC_Lab_Win11 - WARNING - cannot find ['start.png'] on screen
2026-05-29 09:46:52,778[18292] - EC_Lab_Win11 - WARNING - cannot find ['start.png'] on screen
2026-05-29 09:46:55,976[18292] - EC_Lab_Win11 - WARNING - cannot find ['start.png'] on screen
2026-05-29 09:46:59,181[18292] - EC_Lab_Win11 - WARNING - cannot find ['start.png'] on screen
2026-05-29 09:47:02,400[18292] - EC_Lab_Win11 - WARNING - cannot find ['start.png'] on screen
2026-05-29 09:47:05,585[18292] - EC_Lab_Win11 - WARNING - cannot find ['start.png'] on screen
2026-05-29 09:47:08,791[18292] - EC_Lab_Win11 - WARNING - cannot find ['start.png'] on screen
2026-05-29 09:47:11,981[18292] - EC_Lab_Win11 - WARNING - cannot find ['start.png'] on screen
2026-05-29 09:47:15,177[18292] - EC_Lab_Win11 - WARNING - cannot find ['start.png'] on screen
2026-05-29 09:47:18,382[18292] - EC_Lab_Win11 - WARNING - cannot find ['start.png'] on screen
2026-05-29 09:47:21,584[18292] - EC_Lab_Win11 - WARNING - cannot find ['start.png'] on screen
2026-05-29 09:47:24,772[18292] - EC_Lab_Win11 - WARNING - cannot find ['start.png'] on screen
2026-05-29 09:47:27,973[18292] - EC_Lab_Win11 - WARNING - cannot find ['start.png'] on screen
2026-05-29 09:47:31,162[18292] - EC_Lab_Win11 - WARNING - cannot find ['start.png'] on screen
2026-05-29 09:47:34,368[18292] - EC_Lab_Win11 - WARNING - cannot find ['start.png'] on screen
2026-05-29 09:47:37,567[18292] - EC_Lab_Win11 - WARNING - cannot find ['start.png'] on screen
2026-05-29 09:47:40,773[18292] - EC_Lab_Win11 - WARNING - cannot find ['start.png'] on screen
2026-05-29 09:47:43,978[18292] - EC_Lab_Win11 - WARNING - cannot find ['start.png'] on screen
2026-05-29 09:47:47,183[18292] - EC_Lab_Win11 - WARNING - cannot find ['start.png'] on screen
2026-05-29 09:47:50,378[18292] - EC_Lab_Win11 - WARNING - cannot find ['start.png'] on screen
2026-05-29 09:47:53,582[18292] - EC_Lab_Win11 - WARNING - cannot find ['start.png'] on screen
2026-05-29 09:47:56,787[18292] - EC_Lab_Win11 - WARNING - cannot find ['start.png'] on screen
2026-05-29 09:47:59,988[18292] - EC_Lab_Win11 - WARNING - cannot find ['start.png'] on screen
2026-05-29 09:48:03,195[18292] - EC_Lab_Win11 - WARNING - cannot find ['start.png'] on screen
2026-05-29 09:48:06,398[18292] - EC_Lab_Win11 - WARNING - cannot find ['start.png'] on screen
2026-05-29 09:48:09,601[18292] - EC_Lab_Win11 - WARNING - cannot find ['start.png'] on screen
2026-05-29 09:48:12,804[18292] - EC_Lab_Win11 - WARNING - cannot find ['start.png'] on screen
2026-05-29 09:48:16,004[18292] - EC_Lab_Win11 - WARNING - cannot find ['start.png'] on screen
2026-05-29 09:48:19,207[18292] - EC_Lab_Win11 - WARNING - cannot find ['start.png'] on screen
2026-05-29 09:48:22,410[18292] - EC_Lab_Win11 - WARNING - cannot find ['start.png'] on screen
2026-05-29 09:48:25,614[18292] - EC_Lab_Win11 - WARNING - cannot find ['start.png'] on screen
2026-05-29 09:48:28,817[18292] - EC_Lab_Win11 - WARNING - cannot find ['start.png'] on screen
2026-05-29 09:48:32,017[18292] - EC_Lab_Win11 - WARNING - cannot find ['start.png'] on screen
2026-05-29 09:48:35,224[18292] - EC_Lab_Win11 - WARNING - cannot find ['start.png'] on screen
2026-05-29 09:48:38,426[18292] - EC_Lab_Win11 - WARNING - cannot find ['start.png'] on screen
2026-05-29 09:48:41,632[18292] - EC_Lab_Win11 - WARNING - cannot find ['start.png'] on screen
2026-05-29 09:48:44,842[18292] - EC_Lab_Win11 - WARNING - cannot find ['start.png'] on screen
2026-05-29 09:48:48,035[18292] - EC_Lab_Win11 - WARNING - cannot find ['start.png'] on screen
2026-05-29 09:48:51,237[18292] - EC_Lab_Win11 - WARNING - cannot find ['start.png'] on screen
2026-05-29 09:48:54,419[18292] - EC_Lab_Win11 - WARNING - cannot find ['start.png'] on screen
2026-05-29 09:48:57,608[18292] - EC_Lab_Win11 - WARNING - cannot find ['start.png'] on screen
2026-05-29 09:49:00,811[18292] - EC_Lab_Win11 - WARNING - cannot find ['start.png'] on screen
2026-05-29 09:49:04,019[18292] - EC_Lab_Win11 - WARNING - cannot find ['start.png'] on screen
2026-05-29 09:49:07,219[18292] - EC_Lab_Win11 - WARNING - cannot find ['start.png'] on screen
2026-05-29 09:49:10,406[18292] - EC_Lab_Win11 - WARNING - cannot find ['start.png'] on screen
2026-05-29 09:49:13,606[18292] - EC_Lab_Win11 - WARNING - cannot find ['start.png'] on screen
2026-05-29 09:49:16,813[18292] - EC_Lab_Win11 - WARNING - cannot find ['start.png'] on screen
2026-05-29 09:49:20,013[18292] - EC_Lab_Win11 - WARNING - cannot find ['start.png'] on screen
2026-05-29 09:49:23,200[18292] - EC_Lab_Win11 - WARNING - cannot find ['start.png'] on screen
2026-05-29 09:49:26,408[18292] - EC_Lab_Win11 - WARNING - cannot find ['start.png'] on screen
2026-05-29 09:49:29,605[18292] - EC_Lab_Win11 - WARNING - cannot find ['start.png'] on screen
2026-05-29 09:49:32,809[18292] - EC_Lab_Win11 - WARNING - cannot find ['start.png'] on screen
2026-05-29 09:49:36,016[18292] - EC_Lab_Win11 - WARNING - cannot find ['start.png'] on screen
2026-05-29 09:49:39,215[18292] - EC_Lab_Win11 - WARNING - cannot find ['start.png'] on screen
2026-05-29 09:49:42,420[18292] - EC_Lab_Win11 - WARNING - cannot find ['start.png'] on screen
2026-05-29 09:49:45,622[18292] - EC_Lab_Win11 - WARNING - cannot find ['start.png'] on screen
2026-05-29 09:49:48,833[18292] - EC_Lab_Win11 - WARNING - cannot find ['start.png'] on screen
2026-05-29 09:49:52,029[18292] - EC_Lab_Win11 - WARNING - cannot find ['start.png'] on screen
2026-05-29 09:49:55,230[18292] - EC_Lab_Win11 - WARNING - cannot find ['start.png'] on screen
2026-05-29 09:49:58,436[18292] - EC_Lab_Win11 - WARNING - cannot find ['start.png'] on screen
2026-05-29 09:50:01,638[18292] - EC_Lab_Win11 - WARNING - cannot find ['start.png'] on screen
2026-05-29 09:50:04,845[18292] - EC_Lab_Win11 - WARNING - cannot find ['start.png'] on screen
2026-05-29 09:50:08,062[18292] - EC_Lab_Win11 - WARNING - cannot find ['start.png'] on screen
2026-05-29 09:50:11,262[18292] - EC_Lab_Win11 - WARNING - cannot find ['start.png'] on screen
2026-05-29 09:50:14,448[18292] - EC_Lab_Win11 - WARNING - cannot find ['start.png'] on screen
2026-05-29 09:50:17,654[18292] - EC_Lab_Win11 - WARNING - cannot find ['start.png'] on screen
2026-05-29 09:50:20,861[18292] - EC_Lab_Win11 - WARNING - cannot find ['start.png'] on screen
2026-05-29 09:50:24,057[18292] - EC_Lab_Win11 - WARNING - cannot find ['start.png'] on screen
2026-05-29 09:50:27,248[18292] - EC_Lab_Win11 - WARNING - cannot find ['start.png'] on screen
2026-05-29 09:50:30,450[18292] - EC_Lab_Win11 - WARNING - cannot find ['start.png'] on screen
2026-05-29 09:50:33,659[18292] - EC_Lab_Win11 - WARNING - cannot find ['start.png'] on screen
2026-05-29 09:50:36,875[18292] - EC_Lab_Win11 - WARNING - cannot find ['start.png'] on screen
2026-05-29 09:50:40,075[18292] - EC_Lab_Win11 - WARNING - cannot find ['start.png'] on screen
2026-05-29 09:50:43,262[18292] - EC_Lab_Win11 - WARNING - cannot find ['start.png'] on screen
2026-05-29 09:50:46,447[18292] - EC_Lab_Win11 - WARNING - cannot find ['start.png'] on screen
2026-05-29 09:50:49,655[18292] - EC_Lab_Win11 - WARNING - cannot find ['start.png'] on screen
2026-05-29 09:50:52,855[18292] - EC_Lab_Win11 - WARNING - cannot find ['start.png'] on screen
2026-05-29 09:50:55,855[18292] - EC_Lab_Win11 - ERROR - 5 min timed out for finding ['start.png']
2026-05-29 09:50:55,855[18292] - RobotTest_AcidicPlatform - ERROR - 5 min timed out for finding ['start.png']
Traceback (most recent call last):
  File "C:\Users\li\PycharmProjects\catalyst\robotic_testing\common\robot_test.py", line 45, in wrapper
    return func(self, *args, **kwargs)
  File "C:\Users\li\PycharmProjects\catalyst\robotic_testing\common\robot_test.py", line 189, in run
    self.test_main_workflow(
  File "C:\Users\li\PycharmProjects\catalyst\robotic_testing\common\robot_test.py", line 292, in test_main_workflow
    self.ec_lab.start(test_name)
  File "C:\Users\li\PycharmProjects\catalyst\software_control\software_control.py", line 631, in start
    self.click_button(self.icons_dict['start'])
  File "C:\Users\li\PycharmProjects\catalyst\software_control\software_control_base.py", line 75, in click_button
    raise SystemError(f'5 min timed out for finding {file_name_list}')
SystemError: 5 min timed out for finding ['start.png']
2026-05-29 12:53:45,750[18292] - RobotTest_AcidicPlatform - INFO - started a batch of test, with sample_rack_id : sample_id = {18: 18, 19: 19, 20: 20}
2026-05-29 12:53:58,522[18292] - OBS_Win - INFO - OBS_Win started
2026-05-29 12:53:58,522[18292] - RobotTest_AcidicPlatform - INFO - loading the sample from rack_id #18...
2026-05-29 12:54:42,891[18292] - RobotTest_AcidicPlatform - INFO - sample successfully loaded into the cell
2026-05-29 12:54:43,603[18292] - OBS_Win - INFO - OBS_Win stopped
2026-05-29 12:54:46,902[18292] - EC_Lab_Win11 - INFO - not in software yet
2026-05-29 12:54:47,265[18292] - EC_Lab_Win11 - INFO - attempting to open EC_Lab_Win11, trial 1 in 3 times...
2026-05-29 12:54:58,007[18292] - EC_Lab_Win11 - WARNING - cannot find ['save.png'] on screen
2026-05-29 12:55:01,214[18292] - EC_Lab_Win11 - WARNING - cannot find ['save.png'] on screen
2026-05-29 12:55:04,430[18292] - EC_Lab_Win11 - WARNING - cannot find ['save.png'] on screen
2026-05-29 12:56:45,393[4744] - RobotTest_AcidicPlatform - INFO - started a batch of test, with sample_rack_id : sample_id = {19: 19, 20: 20}
2026-05-29 12:56:58,666[4744] - OBS_Win - WARNING - cannot find ['OBS_start_record.png'] on screen
2026-05-29 12:57:01,950[4744] - OBS_Win - WARNING - cannot find ['OBS_start_record.png'] on screen
2026-05-29 12:57:05,221[4744] - OBS_Win - WARNING - cannot find ['OBS_start_record.png'] on screen
2026-05-29 12:57:08,486[4744] - OBS_Win - WARNING - cannot find ['OBS_start_record.png'] on screen
2026-05-29 12:57:11,742[4744] - OBS_Win - WARNING - cannot find ['OBS_start_record.png'] on screen
2026-05-29 12:57:14,998[4744] - OBS_Win - WARNING - cannot find ['OBS_start_record.png'] on screen
2026-05-29 12:57:18,265[4744] - OBS_Win - WARNING - cannot find ['OBS_start_record.png'] on screen
2026-05-29 12:57:21,569[4744] - OBS_Win - WARNING - cannot find ['OBS_start_record.png'] on screen
2026-05-29 12:57:24,832[4744] - OBS_Win - WARNING - cannot find ['OBS_start_record.png'] on screen
2026-05-29 12:57:28,089[4744] - OBS_Win - WARNING - cannot find ['OBS_start_record.png'] on screen
2026-05-29 12:57:31,364[4744] - OBS_Win - WARNING - cannot find ['OBS_start_record.png'] on screen
2026-05-29 12:57:34,690[4744] - OBS_Win - WARNING - cannot find ['OBS_start_record.png'] on screen
2026-05-29 12:57:37,942[4744] - OBS_Win - WARNING - cannot find ['OBS_start_record.png'] on screen
2026-05-29 12:57:41,193[4744] - OBS_Win - WARNING - cannot find ['OBS_start_record.png'] on screen
2026-05-29 12:57:44,446[4744] - OBS_Win - WARNING - cannot find ['OBS_start_record.png'] on screen
2026-05-29 12:57:47,703[4744] - OBS_Win - WARNING - cannot find ['OBS_start_record.png'] on screen
2026-05-29 12:57:50,971[4744] - OBS_Win - WARNING - cannot find ['OBS_start_record.png'] on screen
2026-05-29 12:57:54,208[4744] - OBS_Win - WARNING - cannot find ['OBS_start_record.png'] on screen
2026-05-29 12:57:57,461[4744] - OBS_Win - WARNING - cannot find ['OBS_start_record.png'] on screen
2026-05-29 12:58:00,727[4744] - OBS_Win - WARNING - cannot find ['OBS_start_record.png'] on screen
2026-05-29 12:58:03,993[4744] - OBS_Win - WARNING - cannot find ['OBS_start_record.png'] on screen
2026-05-29 12:58:07,265[4744] - OBS_Win - WARNING - cannot find ['OBS_start_record.png'] on screen
2026-05-29 12:58:10,524[4744] - OBS_Win - WARNING - cannot find ['OBS_start_record.png'] on screen
2026-05-29 12:58:13,790[4744] - OBS_Win - WARNING - cannot find ['OBS_start_record.png'] on screen
2026-05-29 12:58:17,152[4744] - OBS_Win - INFO - OBS_Win started
2026-05-29 12:58:17,152[4744] - RobotTest_AcidicPlatform - INFO - loading the sample from rack_id #19...
2026-05-29 12:59:02,478[4744] - RobotTest_AcidicPlatform - INFO - sample successfully loaded into the cell
2026-05-29 12:59:02,697[4744] - OBS_Win - INFO - not in software yet
2026-05-29 12:59:03,028[4744] - OBS_Win - INFO - attempting to open OBS_Win, trial 1 in 3 times...
2026-05-29 12:59:06,703[4744] - OBS_Win - INFO - OBS_Win stopped
2026-05-29 12:59:09,964[4744] - EC_Lab_Win11 - INFO - not in software yet
2026-05-29 12:59:10,336[4744] - EC_Lab_Win11 - INFO - attempting to open EC_Lab_Win11, trial 1 in 3 times...
2026-05-29 13:11:30,479[4744] - RobotTest_AcidicPlatform - INFO - human operating, fail to detect...
2026-05-29 13:11:41,290[4744] - EC_Lab_Win11 - INFO - not in software yet
2026-05-29 13:11:41,595[4744] - EC_Lab_Win11 - INFO - attempting to open EC_Lab_Win11, trial 1 in 3 times...
2026-05-29 13:11:44,836[4744] - EC_Lab_Win11 - INFO - not in software yet
2026-05-29 13:11:45,159[4744] - EC_Lab_Win11 - INFO - attempting to open EC_Lab_Win11, trial 2 in 3 times...
2026-05-29 13:19:04,746[4744] - RobotTest_AcidicPlatform - INFO - human operating, fail to detect...
2026-05-29 13:19:25,964[4744] - RobotTest_AcidicPlatform - INFO - human operating, fail to detect...
2026-05-29 13:36:14,396[4744] - EC_Lab_Win11 - INFO - test is complete
2026-05-29 13:36:14,396[4744] - RobotTest_AcidicPlatform - INFO - test pH12P7_ZerothGen_sample#19_2026-05-29_12-56-58 finished
2026-05-29 13:36:14,596[4744] - OBS_Win - INFO - not in software yet
2026-05-29 13:36:14,912[4744] - OBS_Win - INFO - attempting to open OBS_Win, trial 1 in 3 times...
2026-05-29 13:36:18,452[4744] - OBS_Win - INFO - OBS_Win started
2026-05-29 13:36:18,452[4744] - RobotTest_AcidicPlatform - INFO - unloading the sample to rack_id #19...
2026-05-29 13:37:20,127[4744] - RobotTest_AcidicPlatform - INFO - sample successfully unloaded from the cell
2026-05-29 13:37:23,691[4744] - OBS_Win - INFO - OBS_Win stopped
2026-05-29 13:37:24,099[4744] - OBS_Win - WARNING - cannot find ['OBS_start_record.png'] on screen
2026-05-29 13:37:27,430[4744] - OBS_Win - INFO - OBS_Win started
2026-05-29 13:37:27,430[4744] - RobotTest_AcidicPlatform - INFO - loading the sample from rack_id #20...
2026-05-29 13:38:07,494[4744] - RobotTest_AcidicPlatform - INFO - sample successfully loaded into the cell
2026-05-29 13:38:08,030[4744] - OBS_Win - INFO - OBS_Win stopped
2026-05-29 13:38:11,262[4744] - EC_Lab_Win11 - INFO - not in software yet
2026-05-29 13:38:11,587[4744] - EC_Lab_Win11 - INFO - attempting to open EC_Lab_Win11, trial 1 in 3 times...
2026-05-29 14:06:46,667[4744] - RobotTest_AcidicPlatform - INFO - human operating, fail to detect...
2026-05-29 14:06:56,671[4744] - RobotTest_AcidicPlatform - INFO - human operating, fail to detect...
2026-05-29 14:07:06,681[4744] - RobotTest_AcidicPlatform - INFO - human operating, fail to detect...
2026-05-29 14:15:31,166[4744] - EC_Lab_Win11 - INFO - test is complete
2026-05-29 14:15:31,166[4744] - RobotTest_AcidicPlatform - INFO - test pH12P7_ZerothGen_sample#20_2026-05-29_13-37-23 finished
2026-05-29 14:15:31,355[4744] - OBS_Win - INFO - not in software yet
2026-05-29 14:15:31,665[4744] - OBS_Win - INFO - attempting to open OBS_Win, trial 1 in 3 times...
2026-05-29 14:15:35,177[4744] - OBS_Win - INFO - OBS_Win started
2026-05-29 14:15:35,177[4744] - RobotTest_AcidicPlatform - INFO - unloading the sample to rack_id #20...
2026-05-29 14:16:37,123[4744] - RobotTest_AcidicPlatform - INFO - sample successfully unloaded from the cell
2026-05-29 14:16:40,706[4744] - OBS_Win - INFO - OBS_Win stopped
2026-05-29 15:41:33,183[4744] - RobotTest_AcidicPlatform - INFO - started a batch of test, with sample_rack_id : sample_id = {18: 18}
2026-05-29 15:41:39,665[4744] - OBS_Win - INFO - OBS_Win started
2026-05-29 15:41:39,665[4744] - RobotTest_AcidicPlatform - INFO - loading the sample from rack_id #18...
2026-05-29 15:42:24,125[4744] - RobotTest_AcidicPlatform - INFO - sample successfully loaded into the cell
2026-05-29 15:42:24,329[4744] - OBS_Win - INFO - not in software yet
2026-05-29 15:42:24,643[4744] - OBS_Win - INFO - attempting to open OBS_Win, trial 1 in 3 times...
2026-05-29 15:42:27,839[4744] - OBS_Win - INFO - not in software yet
2026-05-29 15:42:28,152[4744] - OBS_Win - INFO - attempting to open OBS_Win, trial 2 in 3 times...
2026-05-29 15:42:31,704[4744] - OBS_Win - INFO - OBS_Win stopped
2026-05-29 15:42:34,943[4744] - EC_Lab_Win11 - INFO - not in software yet
2026-05-29 15:42:35,251[4744] - EC_Lab_Win11 - INFO - attempting to open EC_Lab_Win11, trial 1 in 3 times...
2026-05-29 16:19:25,522[4744] - EC_Lab_Win11 - INFO - test is complete
2026-05-29 16:19:25,522[4744] - RobotTest_AcidicPlatform - INFO - test pH12P7_ZerothGen_sample#18_2026-05-29_15-41-38 finished
2026-05-29 16:19:25,710[4744] - OBS_Win - INFO - not in software yet
2026-05-29 16:19:26,021[4744] - OBS_Win - INFO - attempting to open OBS_Win, trial 1 in 3 times...
2026-05-29 16:19:29,549[4744] - OBS_Win - INFO - OBS_Win started
2026-05-29 16:19:29,549[4744] - RobotTest_AcidicPlatform - INFO - unloading the sample to rack_id #18...
2026-05-29 16:20:30,632[4744] - RobotTest_AcidicPlatform - INFO - sample successfully unloaded from the cell
2026-05-29 16:20:34,228[4744] - OBS_Win - INFO - OBS_Win stopped
