2026-02-17 17:07:23,815[31964] - RobotTest_AcidicPlatform - INFO - started a batch of test, with sample_rack_id : sample_id = {1: 1, 2: 2, 3: 3, 4: 4, 5: 5, 6: 6, 7: 7, 8: 8, 9: 9, 10: 10, 11: 11, 12: 12}
2026-02-17 17:07:29,823[31964] - OBS_Win - INFO - not in software yet
2026-02-17 17:07:30,137[31964] - OBS_Win - INFO - attempting to open OBS_Win, trial 1 in 3 times...
2026-02-17 17:07:33,357[31964] - OBS_Win - INFO - not in software yet
2026-02-17 17:07:33,669[31964] - OBS_Win - INFO - attempting to open OBS_Win, trial 2 in 3 times...
2026-02-17 17:07:36,880[31964] - OBS_Win - INFO - not in software yet
2026-02-17 17:07:37,169[31964] - OBS_Win - INFO - attempting to open OBS_Win, trial 3 in 3 times...
2026-02-17 17:07:40,379[31964] - OBS_Win - INFO - not in software yet
2026-02-17 17:07:40,379[31964] - OBS_Win - WARNING - failed to open OBS_Win
2026-02-17 17:07:40,379[31964] - RobotTest_AcidicPlatform - ERROR - failed to open OBS_Win
Traceback (most recent call last):
  File "C:\Users\li\PycharmProjects\catalyst\robotic_testing\common\robot_test.py", line 45, in wrapper
    return func(self, *args, **kwargs)
  File "C:\Users\li\PycharmProjects\catalyst\robotic_testing\common\robot_test.py", line 189, in run
    self.test_main_workflow(
  File "C:\Users\li\PycharmProjects\catalyst\robotic_testing\common\robot_test.py", line 280, in test_main_workflow
    self.camera.start()
  File "C:\Users\li\PycharmProjects\catalyst\software_control\software_control_base.py", line 137, in start
    self.open_software()
  File "C:\Users\li\PycharmProjects\catalyst\software_control\software_control_base.py", line 133, in open_software
    raise SystemError(f'failed to open {self.name}')
SystemError: failed to open OBS_Win
2026-02-17 17:09:15,880[27140] - RobotTest_AcidicPlatform - INFO - started a batch of test, with sample_rack_id : sample_id = {1: 1, 2: 2, 3: 3, 4: 4, 5: 5, 6: 6, 7: 7, 8: 8, 9: 9, 10: 10, 11: 11, 12: 12}
2026-02-17 17:09:26,037[27140] - OBS_Win - INFO - not in software yet
2026-02-17 17:09:26,358[27140] - OBS_Win - INFO - attempting to open OBS_Win, trial 1 in 3 times...
2026-02-17 17:09:29,926[27140] - OBS_Win - INFO - OBS_Win started
2026-02-17 17:09:29,926[27140] - RobotTest_AcidicPlatform - INFO - loading the sample from rack_id #1...
2026-02-17 17:10:09,028[27140] - RobotTest_AcidicPlatform - INFO - sample successfully loaded into the cell
2026-02-17 17:10:09,615[27140] - OBS_Win - INFO - OBS_Win stopped
2026-02-17 17:10:12,854[27140] - EC_Lab_Win11 - INFO - not in software yet
2026-02-17 17:10:13,145[27140] - EC_Lab_Win11 - INFO - attempting to open EC_Lab_Win11, trial 1 in 3 times...
2026-02-17 17:10:22,823[27140] - EC_Lab_Win11 - WARNING - cannot find ['save.png'] on screen
2026-02-17 17:10:26,022[27140] - EC_Lab_Win11 - WARNING - cannot find ['save.png'] on screen
2026-02-17 17:10:29,225[27140] - EC_Lab_Win11 - WARNING - cannot find ['save.png'] on screen
2026-02-17 17:10:32,428[27140] - EC_Lab_Win11 - WARNING - cannot find ['save.png'] on screen
2026-02-17 17:10:35,629[27140] - EC_Lab_Win11 - WARNING - cannot find ['save.png'] on screen
2026-02-17 17:10:38,828[27140] - EC_Lab_Win11 - WARNING - cannot find ['save.png'] on screen
2026-02-17 17:10:42,043[27140] - EC_Lab_Win11 - WARNING - cannot find ['save.png'] on screen
2026-02-17 17:13:00,681[27140] - RobotTest_AcidicPlatform - INFO - human operating, fail to detect...
2026-02-17 17:13:10,696[27140] - RobotTest_AcidicPlatform - INFO - human operating, fail to detect...
2026-02-17 17:13:20,702[27140] - RobotTest_AcidicPlatform - INFO - human operating, fail to detect...
2026-02-17 17:13:30,705[27140] - RobotTest_AcidicPlatform - INFO - human operating, fail to detect...
2026-02-17 17:13:40,708[27140] - RobotTest_AcidicPlatform - INFO - human operating, fail to detect...
2026-02-17 17:13:50,716[27140] - RobotTest_AcidicPlatform - INFO - human operating, fail to detect...
2026-02-17 17:14:00,717[27140] - RobotTest_AcidicPlatform - INFO - human operating, fail to detect...
2026-02-17 17:14:10,724[27140] - RobotTest_AcidicPlatform - INFO - human operating, fail to detect...
2026-02-17 17:14:20,725[27140] - RobotTest_AcidicPlatform - INFO - human operating, fail to detect...
2026-02-17 17:14:30,729[27140] - RobotTest_AcidicPlatform - INFO - human operating, fail to detect...
2026-02-17 17:14:40,731[27140] - RobotTest_AcidicPlatform - INFO - human operating, fail to detect...
2026-02-17 17:14:50,735[27140] - RobotTest_AcidicPlatform - INFO - human operating, fail to detect...
2026-02-17 17:15:00,748[27140] - RobotTest_AcidicPlatform - INFO - human operating, fail to detect...
2026-02-17 17:15:10,757[27140] - RobotTest_AcidicPlatform - INFO - human operating, fail to detect...
2026-02-17 17:15:20,766[27140] - RobotTest_AcidicPlatform - INFO - human operating, fail to detect...
2026-02-17 17:15:30,774[27140] - RobotTest_AcidicPlatform - INFO - human operating, fail to detect...
2026-02-17 17:15:40,786[27140] - RobotTest_AcidicPlatform - INFO - human operating, fail to detect...
2026-02-17 17:16:02,091[27140] - RobotTest_AcidicPlatform - INFO - human operating, fail to detect...
2026-02-17 17:16:12,099[27140] - RobotTest_AcidicPlatform - INFO - human operating, fail to detect...
2026-02-17 17:16:33,374[27140] - RobotTest_AcidicPlatform - INFO - human operating, fail to detect...
2026-02-17 17:16:43,383[27140] - RobotTest_AcidicPlatform - INFO - human operating, fail to detect...
2026-02-17 17:17:04,632[27140] - RobotTest_AcidicPlatform - INFO - human operating, fail to detect...
2026-02-17 17:17:14,647[27140] - RobotTest_AcidicPlatform - INFO - human operating, fail to detect...
2026-02-17 17:17:24,651[27140] - RobotTest_AcidicPlatform - INFO - human operating, fail to detect...
2026-02-17 17:17:34,665[27140] - RobotTest_AcidicPlatform - INFO - human operating, fail to detect...
2026-02-17 17:17:44,677[27140] - RobotTest_AcidicPlatform - INFO - human operating, fail to detect...
2026-02-17 17:17:54,689[27140] - RobotTest_AcidicPlatform - INFO - human operating, fail to detect...
2026-02-17 17:18:04,697[27140] - RobotTest_AcidicPlatform - INFO - human operating, fail to detect...
2026-02-17 17:18:14,704[27140] - RobotTest_AcidicPlatform - INFO - human operating, fail to detect...
2026-02-17 17:18:24,708[27140] - RobotTest_AcidicPlatform - INFO - human operating, fail to detect...
2026-02-17 17:18:34,723[27140] - RobotTest_AcidicPlatform - INFO - human operating, fail to detect...
2026-02-17 17:18:44,737[27140] - RobotTest_AcidicPlatform - INFO - human operating, fail to detect...
2026-02-17 17:18:54,748[27140] - RobotTest_AcidicPlatform - INFO - human operating, fail to detect...
2026-02-17 17:19:04,752[27140] - RobotTest_AcidicPlatform - INFO - human operating, fail to detect...
2026-02-17 17:19:14,762[27140] - RobotTest_AcidicPlatform - INFO - human operating, fail to detect...
2026-02-17 17:19:24,776[27140] - RobotTest_AcidicPlatform - INFO - human operating, fail to detect...
2026-02-17 17:25:34,689[27140] - RobotTest_AcidicPlatform - INFO - human operating, fail to detect...
2026-02-17 17:25:44,704[27140] - RobotTest_AcidicPlatform - INFO - human operating, fail to detect...
2026-02-17 17:26:05,971[27140] - RobotTest_AcidicPlatform - INFO - human operating, fail to detect...
2026-02-17 17:26:15,986[27140] - RobotTest_AcidicPlatform - INFO - human operating, fail to detect...
2026-02-17 17:27:56,099[27140] - RobotTest_AcidicPlatform - INFO - human operating, fail to detect...
2026-02-17 17:28:06,110[27140] - RobotTest_AcidicPlatform - INFO - human operating, fail to detect...
2026-02-17 17:28:16,966[27140] - EC_Lab_Win11 - INFO - not in software yet
2026-02-17 17:28:17,285[27140] - EC_Lab_Win11 - INFO - attempting to open EC_Lab_Win11, trial 1 in 3 times...
2026-02-17 17:30:57,179[27140] - RobotTest_AcidicPlatform - INFO - human operating, fail to detect...
2026-02-17 17:32:14,722[27140] - RobotTest_AcidicPlatform - INFO - human operating, fail to detect...
2026-02-17 17:32:47,268[27140] - RobotTest_AcidicPlatform - INFO - human operating, fail to detect...
2026-02-17 17:34:49,924[27140] - RobotTest_AcidicPlatform - INFO - human operating, fail to detect...
2026-02-17 17:38:22,880[27140] - RobotTest_AcidicPlatform - INFO - human operating, fail to detect...
2026-02-17 17:38:44,179[27140] - RobotTest_AcidicPlatform - INFO - human operating, fail to detect...
2026-02-17 17:38:54,193[27140] - RobotTest_AcidicPlatform - INFO - human operating, fail to detect...
2026-02-17 17:39:04,199[27140] - RobotTest_AcidicPlatform - INFO - human operating, fail to detect...
2026-02-17 17:39:14,215[27140] - RobotTest_AcidicPlatform - INFO - human operating, fail to detect...
2026-02-17 17:40:54,354[27140] - RobotTest_AcidicPlatform - INFO - human operating, fail to detect...
2026-02-17 17:41:04,358[27140] - RobotTest_AcidicPlatform - INFO - human operating, fail to detect...
2026-02-17 17:41:14,360[27140] - RobotTest_AcidicPlatform - INFO - human operating, fail to detect...
2026-02-17 17:41:24,368[27140] - RobotTest_AcidicPlatform - INFO - human operating, fail to detect...
2026-02-17 17:41:34,371[27140] - RobotTest_AcidicPlatform - INFO - human operating, fail to detect...
2026-02-17 17:41:44,383[27140] - RobotTest_AcidicPlatform - INFO - human operating, fail to detect...
2026-02-17 17:41:55,655[27140] - EC_Lab_Win11 - INFO - test is complete
2026-02-17 17:41:55,655[27140] - RobotTest_AcidicPlatform - INFO - test NanoRobot_sample#1_2026-02-17_17-09-25 finished
2026-02-17 17:41:55,858[27140] - OBS_Win - INFO - not in software yet
2026-02-17 17:41:56,178[27140] - OBS_Win - INFO - attempting to open OBS_Win, trial 1 in 3 times...
2026-02-17 17:41:59,629[27140] - OBS_Win - WARNING - cannot find ['OBS_start_record.png'] on screen
2026-02-17 17:42:02,848[27140] - OBS_Win - WARNING - cannot find ['OBS_start_record.png'] on screen
2026-02-17 17:42:06,107[27140] - OBS_Win - WARNING - cannot find ['OBS_start_record.png'] on screen
2026-02-17 17:42:09,348[27140] - OBS_Win - WARNING - cannot find ['OBS_start_record.png'] on screen
2026-02-17 17:42:12,575[27140] - OBS_Win - WARNING - cannot find ['OBS_start_record.png'] on screen
2026-02-17 17:42:15,786[27140] - OBS_Win - WARNING - cannot find ['OBS_start_record.png'] on screen
2026-02-17 17:42:19,015[27140] - OBS_Win - WARNING - cannot find ['OBS_start_record.png'] on screen
2026-02-17 17:42:22,228[27140] - OBS_Win - WARNING - cannot find ['OBS_start_record.png'] on screen
2026-02-17 17:42:25,428[27140] - OBS_Win - WARNING - cannot find ['OBS_start_record.png'] on screen
2026-02-17 17:42:28,633[27140] - OBS_Win - WARNING - cannot find ['OBS_start_record.png'] on screen
2026-02-17 17:42:31,859[27140] - OBS_Win - WARNING - cannot find ['OBS_start_record.png'] on screen
2026-02-17 17:42:35,077[27140] - OBS_Win - WARNING - cannot find ['OBS_start_record.png'] on screen
2026-02-17 17:42:38,294[27140] - OBS_Win - WARNING - cannot find ['OBS_start_record.png'] on screen
2026-02-17 17:42:41,515[27140] - OBS_Win - WARNING - cannot find ['OBS_start_record.png'] on screen
2026-02-17 17:42:44,744[27140] - OBS_Win - WARNING - cannot find ['OBS_start_record.png'] on screen
2026-02-17 17:42:47,959[27140] - OBS_Win - WARNING - cannot find ['OBS_start_record.png'] on screen
2026-02-17 17:42:51,175[27140] - OBS_Win - WARNING - cannot find ['OBS_start_record.png'] on screen
2026-02-17 17:42:54,401[27140] - OBS_Win - WARNING - cannot find ['OBS_start_record.png'] on screen
2026-02-17 17:42:57,624[27140] - OBS_Win - WARNING - cannot find ['OBS_start_record.png'] on screen
2026-02-17 17:43:00,833[27140] - OBS_Win - WARNING - cannot find ['OBS_start_record.png'] on screen
2026-02-17 17:43:04,035[27140] - OBS_Win - WARNING - cannot find ['OBS_start_record.png'] on screen
2026-02-17 17:43:07,256[27140] - OBS_Win - WARNING - cannot find ['OBS_start_record.png'] on screen
2026-02-17 17:43:10,481[27140] - OBS_Win - WARNING - cannot find ['OBS_start_record.png'] on screen
2026-02-17 17:43:13,696[27140] - OBS_Win - WARNING - cannot find ['OBS_start_record.png'] on screen
2026-02-17 17:43:16,897[27140] - OBS_Win - WARNING - cannot find ['OBS_start_record.png'] on screen
2026-02-17 17:43:20,121[27140] - OBS_Win - WARNING - cannot find ['OBS_start_record.png'] on screen
2026-02-17 17:43:23,367[27140] - OBS_Win - WARNING - cannot find ['OBS_start_record.png'] on screen
2026-02-17 17:43:26,585[27140] - OBS_Win - WARNING - cannot find ['OBS_start_record.png'] on screen
2026-02-17 17:43:29,807[27140] - OBS_Win - WARNING - cannot find ['OBS_start_record.png'] on screen
2026-02-17 17:43:33,035[27140] - OBS_Win - WARNING - cannot find ['OBS_start_record.png'] on screen
2026-02-17 17:43:36,257[27140] - OBS_Win - WARNING - cannot find ['OBS_start_record.png'] on screen
2026-02-17 17:43:39,483[27140] - OBS_Win - WARNING - cannot find ['OBS_start_record.png'] on screen
2026-02-17 17:43:42,704[27140] - OBS_Win - WARNING - cannot find ['OBS_start_record.png'] on screen
2026-02-17 17:43:45,921[27140] - OBS_Win - WARNING - cannot find ['OBS_start_record.png'] on screen
2026-02-17 17:43:49,161[27140] - OBS_Win - WARNING - cannot find ['OBS_start_record.png'] on screen
2026-02-17 17:43:52,392[27140] - OBS_Win - WARNING - cannot find ['OBS_start_record.png'] on screen
2026-02-17 17:43:55,618[27140] - OBS_Win - WARNING - cannot find ['OBS_start_record.png'] on screen
2026-02-17 17:43:58,840[27140] - OBS_Win - WARNING - cannot find ['OBS_start_record.png'] on screen
2026-02-17 17:44:02,066[27140] - OBS_Win - WARNING - cannot find ['OBS_start_record.png'] on screen
2026-02-17 17:44:05,294[27140] - OBS_Win - WARNING - cannot find ['OBS_start_record.png'] on screen
2026-02-17 17:44:08,505[27140] - OBS_Win - WARNING - cannot find ['OBS_start_record.png'] on screen
2026-02-17 17:44:11,726[27140] - OBS_Win - WARNING - cannot find ['OBS_start_record.png'] on screen
2026-02-17 17:44:14,953[27140] - OBS_Win - WARNING - cannot find ['OBS_start_record.png'] on screen
2026-02-17 17:44:18,169[27140] - OBS_Win - WARNING - cannot find ['OBS_start_record.png'] on screen
2026-02-17 17:44:21,400[27140] - OBS_Win - WARNING - cannot find ['OBS_start_record.png'] on screen
2026-02-17 17:44:24,619[27140] - OBS_Win - WARNING - cannot find ['OBS_start_record.png'] on screen
2026-02-17 17:44:27,858[27140] - OBS_Win - WARNING - cannot find ['OBS_start_record.png'] on screen
2026-02-17 17:44:31,078[27140] - OBS_Win - WARNING - cannot find ['OBS_start_record.png'] on screen
2026-02-17 17:44:34,296[27140] - OBS_Win - WARNING - cannot find ['OBS_start_record.png'] on screen
2026-02-17 17:44:37,507[27140] - OBS_Win - WARNING - cannot find ['OBS_start_record.png'] on screen
2026-02-17 17:44:40,728[27140] - OBS_Win - WARNING - cannot find ['OBS_start_record.png'] on screen
2026-02-17 17:44:43,947[27140] - OBS_Win - WARNING - cannot find ['OBS_start_record.png'] on screen
2026-02-17 17:44:47,164[27140] - OBS_Win - WARNING - cannot find ['OBS_start_record.png'] on screen
2026-02-17 17:44:50,419[27140] - OBS_Win - WARNING - cannot find ['OBS_start_record.png'] on screen
2026-02-17 17:44:53,647[27140] - OBS_Win - WARNING - cannot find ['OBS_start_record.png'] on screen
2026-02-17 17:44:56,867[27140] - OBS_Win - WARNING - cannot find ['OBS_start_record.png'] on screen
2026-02-17 17:45:00,248[27140] - OBS_Win - WARNING - cannot find ['OBS_start_record.png'] on screen
2026-02-17 17:45:03,509[27140] - OBS_Win - WARNING - cannot find ['OBS_start_record.png'] on screen
2026-02-17 17:45:06,725[27140] - OBS_Win - WARNING - cannot find ['OBS_start_record.png'] on screen
2026-02-17 17:45:09,943[27140] - OBS_Win - WARNING - cannot find ['OBS_start_record.png'] on screen
2026-02-17 17:45:13,172[27140] - OBS_Win - WARNING - cannot find ['OBS_start_record.png'] on screen
2026-02-17 17:45:16,386[27140] - OBS_Win - WARNING - cannot find ['OBS_start_record.png'] on screen
2026-02-17 17:45:19,623[27140] - OBS_Win - WARNING - cannot find ['OBS_start_record.png'] on screen
2026-02-17 17:45:22,842[27140] - OBS_Win - WARNING - cannot find ['OBS_start_record.png'] on screen
2026-02-17 17:45:26,060[27140] - OBS_Win - WARNING - cannot find ['OBS_start_record.png'] on screen
2026-02-17 17:45:29,283[27140] - OBS_Win - WARNING - cannot find ['OBS_start_record.png'] on screen
2026-02-17 17:45:32,507[27140] - OBS_Win - WARNING - cannot find ['OBS_start_record.png'] on screen
2026-02-17 17:45:35,721[27140] - OBS_Win - WARNING - cannot find ['OBS_start_record.png'] on screen
2026-02-17 17:45:38,934[27140] - OBS_Win - WARNING - cannot find ['OBS_start_record.png'] on screen
2026-02-17 17:45:42,170[27140] - OBS_Win - WARNING - cannot find ['OBS_start_record.png'] on screen
2026-02-17 17:45:45,374[27140] - OBS_Win - WARNING - cannot find ['OBS_start_record.png'] on screen
2026-02-17 17:45:48,573[27140] - OBS_Win - WARNING - cannot find ['OBS_start_record.png'] on screen
2026-02-17 17:45:51,803[27140] - OBS_Win - WARNING - cannot find ['OBS_start_record.png'] on screen
2026-02-17 17:45:55,016[27140] - OBS_Win - WARNING - cannot find ['OBS_start_record.png'] on screen
2026-02-17 17:45:58,219[27140] - OBS_Win - WARNING - cannot find ['OBS_start_record.png'] on screen
2026-02-17 17:46:01,422[27140] - OBS_Win - WARNING - cannot find ['OBS_start_record.png'] on screen
2026-02-17 17:46:04,627[27140] - OBS_Win - WARNING - cannot find ['OBS_start_record.png'] on screen
2026-02-17 17:46:07,843[27140] - OBS_Win - WARNING - cannot find ['OBS_start_record.png'] on screen
2026-02-17 17:46:11,051[27140] - OBS_Win - WARNING - cannot find ['OBS_start_record.png'] on screen
2026-02-17 17:46:14,268[27140] - OBS_Win - WARNING - cannot find ['OBS_start_record.png'] on screen
2026-02-17 17:46:17,491[27140] - OBS_Win - WARNING - cannot find ['OBS_start_record.png'] on screen
2026-02-17 17:46:20,709[27140] - OBS_Win - WARNING - cannot find ['OBS_start_record.png'] on screen
2026-02-17 17:46:23,940[27140] - OBS_Win - WARNING - cannot find ['OBS_start_record.png'] on screen
2026-02-17 17:46:27,169[27140] - OBS_Win - WARNING - cannot find ['OBS_start_record.png'] on screen
2026-02-17 17:46:30,389[27140] - OBS_Win - WARNING - cannot find ['OBS_start_record.png'] on screen
2026-02-17 17:46:33,607[27140] - OBS_Win - WARNING - cannot find ['OBS_start_record.png'] on screen
2026-02-17 17:46:36,809[27140] - OBS_Win - WARNING - cannot find ['OBS_start_record.png'] on screen
2026-02-17 17:46:40,014[27140] - OBS_Win - WARNING - cannot find ['OBS_start_record.png'] on screen
2026-02-17 17:46:43,234[27140] - OBS_Win - WARNING - cannot find ['OBS_start_record.png'] on screen
2026-02-17 17:46:46,454[27140] - OBS_Win - WARNING - cannot find ['OBS_start_record.png'] on screen
2026-02-17 17:46:49,670[27140] - OBS_Win - WARNING - cannot find ['OBS_start_record.png'] on screen
2026-02-17 17:46:52,875[27140] - OBS_Win - WARNING - cannot find ['OBS_start_record.png'] on screen
2026-02-17 17:46:56,099[27140] - OBS_Win - WARNING - cannot find ['OBS_start_record.png'] on screen
2026-02-17 17:46:59,316[27140] - OBS_Win - WARNING - cannot find ['OBS_start_record.png'] on screen
2026-02-17 17:47:02,541[27140] - OBS_Win - WARNING - cannot find ['OBS_start_record.png'] on screen
2026-02-17 17:47:05,752[27140] - OBS_Win - WARNING - cannot find ['OBS_start_record.png'] on screen
2026-02-17 17:47:08,962[27140] - OBS_Win - WARNING - cannot find ['OBS_start_record.png'] on screen
2026-02-17 17:47:12,179[27140] - OBS_Win - WARNING - cannot find ['OBS_start_record.png'] on screen
2026-02-17 17:47:15,374[27140] - OBS_Win - WARNING - cannot find ['OBS_start_record.png'] on screen
2026-02-17 17:47:18,583[27140] - OBS_Win - WARNING - cannot find ['OBS_start_record.png'] on screen
2026-02-17 17:47:21,585[27140] - OBS_Win - ERROR - 5 min timed out for finding ['OBS_start_record.png']
2026-02-17 17:47:21,585[27140] - RobotTest_AcidicPlatform - ERROR - 5 min timed out for finding ['OBS_start_record.png']
Traceback (most recent call last):
  File "C:\Users\li\PycharmProjects\catalyst\robotic_testing\common\robot_test.py", line 45, in wrapper
    return func(self, *args, **kwargs)
  File "C:\Users\li\PycharmProjects\catalyst\robotic_testing\common\robot_test.py", line 189, in run
    self.test_main_workflow(
  File "C:\Users\li\PycharmProjects\catalyst\robotic_testing\common\robot_test.py", line 300, in test_main_workflow
    self.camera.start()
  File "C:\Users\li\PycharmProjects\catalyst\software_control\software_control_base.py", line 138, in start
    self.click_button(self.icons_dict['start'])
  File "C:\Users\li\PycharmProjects\catalyst\software_control\software_control_base.py", line 75, in click_button
    raise SystemError(f'5 min timed out for finding {file_name_list}')
SystemError: 5 min timed out for finding ['OBS_start_record.png']
2026-02-17 18:01:15,383[8948] - RobotTest_AcidicPlatform - INFO - started a batch of test, with sample_rack_id : sample_id = {1: 1, 2: 2, 3: 3, 4: 4, 5: 5, 6: 6, 7: 7, 8: 8, 9: 9, 10: 10, 11: 11, 12: 12}
2026-02-17 18:01:21,538[8948] - OBS_Win - INFO - not in software yet
2026-02-17 18:01:21,844[8948] - OBS_Win - INFO - attempting to open OBS_Win, trial 1 in 3 times...
2026-02-17 18:01:25,375[8948] - OBS_Win - INFO - OBS_Win started
2026-02-17 18:01:25,375[8948] - RobotTest_AcidicPlatform - INFO - loading the sample from rack_id #1...
2026-02-17 18:02:04,387[8948] - RobotTest_AcidicPlatform - INFO - sample successfully loaded into the cell
2026-02-17 18:02:04,935[8948] - OBS_Win - INFO - OBS_Win stopped
2026-02-17 18:02:08,176[8948] - EC_Lab_Win11 - INFO - not in software yet
2026-02-17 18:02:08,466[8948] - EC_Lab_Win11 - INFO - attempting to open EC_Lab_Win11, trial 1 in 3 times...
2026-02-17 18:12:25,794[8948] - RobotTest_AcidicPlatform - INFO - human operating, fail to detect...
2026-02-17 18:12:35,806[8948] - RobotTest_AcidicPlatform - INFO - human operating, fail to detect...
2026-02-17 18:12:45,821[8948] - RobotTest_AcidicPlatform - INFO - human operating, fail to detect...
2026-02-17 18:14:59,949[8948] - RobotTest_AcidicPlatform - INFO - human operating, fail to detect...
2026-02-17 18:15:09,957[8948] - RobotTest_AcidicPlatform - INFO - human operating, fail to detect...
2026-02-17 18:15:19,969[8948] - RobotTest_AcidicPlatform - INFO - human operating, fail to detect...
2026-02-17 18:16:50,228[8948] - EC_Lab_Win11 - INFO - test is complete
2026-02-17 18:16:50,228[8948] - RobotTest_AcidicPlatform - INFO - test NanoRobot_sample#1_2026-02-17_18-01-21 finished
2026-02-17 18:16:50,431[8948] - OBS_Win - INFO - not in software yet
2026-02-17 18:16:50,754[8948] - OBS_Win - INFO - attempting to open OBS_Win, trial 1 in 3 times...
2026-02-17 18:16:54,182[8948] - OBS_Win - WARNING - cannot find ['OBS_start_record.png'] on screen
2026-02-17 18:16:57,405[8948] - OBS_Win - WARNING - cannot find ['OBS_start_record.png'] on screen
2026-02-17 18:17:00,624[8948] - OBS_Win - WARNING - cannot find ['OBS_start_record.png'] on screen
2026-02-17 18:17:03,842[8948] - OBS_Win - WARNING - cannot find ['OBS_start_record.png'] on screen
2026-02-17 18:17:07,071[8948] - OBS_Win - WARNING - cannot find ['OBS_start_record.png'] on screen
2026-02-17 18:17:10,317[8948] - OBS_Win - WARNING - cannot find ['OBS_start_record.png'] on screen
2026-02-17 18:17:13,538[8948] - OBS_Win - WARNING - cannot find ['OBS_start_record.png'] on screen
2026-02-17 18:17:16,774[8948] - OBS_Win - WARNING - cannot find ['OBS_start_record.png'] on screen
2026-02-17 18:17:19,996[8948] - OBS_Win - WARNING - cannot find ['OBS_start_record.png'] on screen
2026-02-17 18:17:23,211[8948] - OBS_Win - WARNING - cannot find ['OBS_start_record.png'] on screen
2026-02-17 18:17:26,436[8948] - OBS_Win - WARNING - cannot find ['OBS_start_record.png'] on screen
2026-02-17 18:17:29,653[8948] - OBS_Win - WARNING - cannot find ['OBS_start_record.png'] on screen
2026-02-17 18:17:32,875[8948] - OBS_Win - WARNING - cannot find ['OBS_start_record.png'] on screen
2026-02-17 18:17:36,095[8948] - OBS_Win - WARNING - cannot find ['OBS_start_record.png'] on screen
2026-02-17 18:17:39,331[8948] - OBS_Win - WARNING - cannot find ['OBS_start_record.png'] on screen
2026-02-17 18:17:42,572[8948] - OBS_Win - WARNING - cannot find ['OBS_start_record.png'] on screen
2026-02-17 18:17:45,802[8948] - OBS_Win - WARNING - cannot find ['OBS_start_record.png'] on screen
2026-02-17 18:17:49,023[8948] - OBS_Win - WARNING - cannot find ['OBS_start_record.png'] on screen
2026-02-17 18:17:52,255[8948] - OBS_Win - WARNING - cannot find ['OBS_start_record.png'] on screen
2026-02-17 18:17:55,479[8948] - OBS_Win - WARNING - cannot find ['OBS_start_record.png'] on screen
2026-02-17 18:17:58,702[8948] - OBS_Win - WARNING - cannot find ['OBS_start_record.png'] on screen
2026-02-17 18:18:01,936[8948] - OBS_Win - WARNING - cannot find ['OBS_start_record.png'] on screen
2026-02-17 18:18:05,154[8948] - OBS_Win - WARNING - cannot find ['OBS_start_record.png'] on screen
2026-02-17 18:18:08,373[8948] - OBS_Win - WARNING - cannot find ['OBS_start_record.png'] on screen
2026-02-17 18:18:11,599[8948] - OBS_Win - WARNING - cannot find ['OBS_start_record.png'] on screen
2026-02-17 18:18:14,814[8948] - OBS_Win - WARNING - cannot find ['OBS_start_record.png'] on screen
2026-02-17 18:18:18,052[8948] - OBS_Win - WARNING - cannot find ['OBS_start_record.png'] on screen
2026-02-17 18:18:21,273[8948] - OBS_Win - WARNING - cannot find ['OBS_start_record.png'] on screen
2026-02-17 18:18:24,512[8948] - OBS_Win - WARNING - cannot find ['OBS_start_record.png'] on screen
2026-02-17 18:18:27,745[8948] - OBS_Win - WARNING - cannot find ['OBS_start_record.png'] on screen
2026-02-17 18:18:30,965[8948] - OBS_Win - WARNING - cannot find ['OBS_start_record.png'] on screen
2026-02-17 18:18:34,181[8948] - OBS_Win - WARNING - cannot find ['OBS_start_record.png'] on screen
2026-02-17 18:18:37,402[8948] - OBS_Win - WARNING - cannot find ['OBS_start_record.png'] on screen
2026-02-17 18:18:40,628[8948] - OBS_Win - WARNING - cannot find ['OBS_start_record.png'] on screen
2026-02-17 18:18:43,842[8948] - OBS_Win - WARNING - cannot find ['OBS_start_record.png'] on screen
2026-02-17 18:18:47,068[8948] - OBS_Win - WARNING - cannot find ['OBS_start_record.png'] on screen
2026-02-17 18:18:50,307[8948] - OBS_Win - WARNING - cannot find ['OBS_start_record.png'] on screen
2026-02-17 18:18:53,519[8948] - OBS_Win - WARNING - cannot find ['OBS_start_record.png'] on screen
2026-02-17 18:18:56,740[8948] - OBS_Win - WARNING - cannot find ['OBS_start_record.png'] on screen
2026-02-17 18:18:59,971[8948] - OBS_Win - WARNING - cannot find ['OBS_start_record.png'] on screen
2026-02-17 18:19:03,196[8948] - OBS_Win - WARNING - cannot find ['OBS_start_record.png'] on screen
2026-02-17 18:19:06,432[8948] - OBS_Win - WARNING - cannot find ['OBS_start_record.png'] on screen
2026-02-17 18:19:09,649[8948] - OBS_Win - WARNING - cannot find ['OBS_start_record.png'] on screen
2026-02-17 18:19:12,871[8948] - OBS_Win - WARNING - cannot find ['OBS_start_record.png'] on screen
2026-02-17 18:19:16,092[8948] - OBS_Win - WARNING - cannot find ['OBS_start_record.png'] on screen
2026-02-17 18:19:19,330[8948] - OBS_Win - WARNING - cannot find ['OBS_start_record.png'] on screen
2026-02-17 18:19:22,583[8948] - OBS_Win - WARNING - cannot find ['OBS_start_record.png'] on screen
2026-02-17 18:19:25,803[8948] - OBS_Win - WARNING - cannot find ['OBS_start_record.png'] on screen
2026-02-17 18:19:29,017[8948] - OBS_Win - WARNING - cannot find ['OBS_start_record.png'] on screen
2026-02-17 18:19:32,241[8948] - OBS_Win - WARNING - cannot find ['OBS_start_record.png'] on screen
2026-02-17 18:19:35,455[8948] - OBS_Win - WARNING - cannot find ['OBS_start_record.png'] on screen
2026-02-17 18:19:38,684[8948] - OBS_Win - WARNING - cannot find ['OBS_start_record.png'] on screen
2026-02-17 18:19:41,916[8948] - OBS_Win - WARNING - cannot find ['OBS_start_record.png'] on screen
2026-02-17 18:19:45,141[8948] - OBS_Win - WARNING - cannot find ['OBS_start_record.png'] on screen
2026-02-17 18:19:48,353[8948] - OBS_Win - WARNING - cannot find ['OBS_start_record.png'] on screen
2026-02-17 18:19:51,568[8948] - OBS_Win - WARNING - cannot find ['OBS_start_record.png'] on screen
2026-02-17 18:19:54,791[8948] - OBS_Win - WARNING - cannot find ['OBS_start_record.png'] on screen
2026-02-17 18:19:58,009[8948] - OBS_Win - WARNING - cannot find ['OBS_start_record.png'] on screen
2026-02-17 18:20:01,233[8948] - OBS_Win - WARNING - cannot find ['OBS_start_record.png'] on screen
2026-02-17 18:20:04,448[8948] - OBS_Win - WARNING - cannot find ['OBS_start_record.png'] on screen
2026-02-17 18:20:07,653[8948] - OBS_Win - WARNING - cannot find ['OBS_start_record.png'] on screen
2026-02-17 18:20:10,861[8948] - OBS_Win - WARNING - cannot find ['OBS_start_record.png'] on screen
2026-02-17 18:20:14,102[8948] - OBS_Win - WARNING - cannot find ['OBS_start_record.png'] on screen
2026-02-17 18:20:17,315[8948] - OBS_Win - WARNING - cannot find ['OBS_start_record.png'] on screen
2026-02-17 18:20:20,532[8948] - OBS_Win - WARNING - cannot find ['OBS_start_record.png'] on screen
2026-02-17 18:20:23,764[8948] - OBS_Win - WARNING - cannot find ['OBS_start_record.png'] on screen
2026-02-17 18:20:26,978[8948] - OBS_Win - WARNING - cannot find ['OBS_start_record.png'] on screen
2026-02-17 18:20:30,189[8948] - OBS_Win - WARNING - cannot find ['OBS_start_record.png'] on screen
2026-02-17 18:20:33,397[8948] - OBS_Win - WARNING - cannot find ['OBS_start_record.png'] on screen
2026-02-17 18:20:36,616[8948] - OBS_Win - WARNING - cannot find ['OBS_start_record.png'] on screen
2026-02-17 18:20:39,846[8948] - OBS_Win - WARNING - cannot find ['OBS_start_record.png'] on screen
2026-02-17 18:20:43,072[8948] - OBS_Win - WARNING - cannot find ['OBS_start_record.png'] on screen
2026-02-17 18:20:46,294[8948] - OBS_Win - WARNING - cannot find ['OBS_start_record.png'] on screen
2026-02-17 18:20:49,512[8948] - OBS_Win - WARNING - cannot find ['OBS_start_record.png'] on screen
2026-02-17 18:20:52,734[8948] - OBS_Win - WARNING - cannot find ['OBS_start_record.png'] on screen
2026-02-17 18:20:55,953[8948] - OBS_Win - WARNING - cannot find ['OBS_start_record.png'] on screen
2026-02-17 18:20:59,173[8948] - OBS_Win - WARNING - cannot find ['OBS_start_record.png'] on screen
2026-02-17 18:21:02,397[8948] - OBS_Win - WARNING - cannot find ['OBS_start_record.png'] on screen
2026-02-17 18:21:05,632[8948] - OBS_Win - WARNING - cannot find ['OBS_start_record.png'] on screen
2026-02-17 18:21:08,849[8948] - OBS_Win - WARNING - cannot find ['OBS_start_record.png'] on screen
2026-02-17 18:21:12,056[8948] - OBS_Win - WARNING - cannot find ['OBS_start_record.png'] on screen
2026-02-17 18:21:15,288[8948] - OBS_Win - WARNING - cannot find ['OBS_start_record.png'] on screen
2026-02-17 18:21:18,513[8948] - OBS_Win - WARNING - cannot find ['OBS_start_record.png'] on screen
2026-02-17 18:21:21,728[8948] - OBS_Win - WARNING - cannot find ['OBS_start_record.png'] on screen
2026-02-17 18:21:24,949[8948] - OBS_Win - WARNING - cannot find ['OBS_start_record.png'] on screen
2026-02-17 18:21:28,167[8948] - OBS_Win - WARNING - cannot find ['OBS_start_record.png'] on screen
2026-02-17 18:21:31,389[8948] - OBS_Win - WARNING - cannot find ['OBS_start_record.png'] on screen
2026-02-17 18:21:34,606[8948] - OBS_Win - WARNING - cannot find ['OBS_start_record.png'] on screen
2026-02-17 18:21:37,827[8948] - OBS_Win - WARNING - cannot find ['OBS_start_record.png'] on screen
2026-02-17 18:21:41,044[8948] - OBS_Win - WARNING - cannot find ['OBS_start_record.png'] on screen
2026-02-17 18:21:44,272[8948] - OBS_Win - WARNING - cannot find ['OBS_start_record.png'] on screen
2026-02-17 18:21:47,499[8948] - OBS_Win - WARNING - cannot find ['OBS_start_record.png'] on screen
2026-02-17 18:21:50,738[8948] - OBS_Win - WARNING - cannot find ['OBS_start_record.png'] on screen
2026-02-17 18:21:53,994[8948] - OBS_Win - WARNING - cannot find ['OBS_start_record.png'] on screen
2026-02-17 18:21:57,219[8948] - OBS_Win - WARNING - cannot find ['OBS_start_record.png'] on screen
2026-02-17 18:22:00,437[8948] - OBS_Win - WARNING - cannot find ['OBS_start_record.png'] on screen
2026-02-17 18:22:03,673[8948] - OBS_Win - WARNING - cannot find ['OBS_start_record.png'] on screen
2026-02-17 18:22:06,896[8948] - OBS_Win - WARNING - cannot find ['OBS_start_record.png'] on screen
2026-02-17 18:22:10,110[8948] - OBS_Win - WARNING - cannot find ['OBS_start_record.png'] on screen
2026-02-17 18:22:13,338[8948] - OBS_Win - WARNING - cannot find ['OBS_start_record.png'] on screen
2026-02-17 18:22:16,348[8948] - OBS_Win - ERROR - 5 min timed out for finding ['OBS_start_record.png']
2026-02-17 18:22:16,348[8948] - RobotTest_AcidicPlatform - ERROR - 5 min timed out for finding ['OBS_start_record.png']
Traceback (most recent call last):
  File "C:\Users\li\PycharmProjects\catalyst\robotic_testing\common\robot_test.py", line 45, in wrapper
    return func(self, *args, **kwargs)
  File "C:\Users\li\PycharmProjects\catalyst\robotic_testing\common\robot_test.py", line 189, in run
    self.test_main_workflow(
  File "C:\Users\li\PycharmProjects\catalyst\robotic_testing\common\robot_test.py", line 300, in test_main_workflow
    self.camera.start()
  File "C:\Users\li\PycharmProjects\catalyst\software_control\software_control_base.py", line 138, in start
    self.click_button(self.icons_dict['start'])
  File "C:\Users\li\PycharmProjects\catalyst\software_control\software_control_base.py", line 75, in click_button
    raise SystemError(f'5 min timed out for finding {file_name_list}')
SystemError: 5 min timed out for finding ['OBS_start_record.png']
2026-02-17 18:27:52,434[9528] - RobotTest_AcidicPlatform - INFO - started a batch of test, with sample_rack_id : sample_id = {1: 1, 2: 2, 3: 3, 4: 4, 5: 5, 6: 6, 7: 7, 8: 8, 9: 9, 10: 10, 11: 11, 12: 12}
2026-02-17 18:27:58,441[9528] - OBS_Win - INFO - not in software yet
2026-02-17 18:27:58,771[9528] - OBS_Win - INFO - attempting to open OBS_Win, trial 1 in 3 times...
2026-02-17 18:28:02,213[9528] - OBS_Win - WARNING - cannot find ['OBS_start_record.png'] on screen
2026-02-17 18:28:05,433[9528] - OBS_Win - WARNING - cannot find ['OBS_start_record.png'] on screen
2026-02-17 18:28:08,652[9528] - OBS_Win - WARNING - cannot find ['OBS_start_record.png'] on screen
2026-02-17 18:28:11,874[9528] - OBS_Win - WARNING - cannot find ['OBS_start_record.png'] on screen
2026-02-17 18:28:15,126[9528] - OBS_Win - WARNING - cannot find ['OBS_start_record.png'] on screen
2026-02-17 18:28:18,346[9528] - OBS_Win - WARNING - cannot find ['OBS_start_record.png'] on screen
2026-02-17 18:28:21,570[9528] - OBS_Win - WARNING - cannot find ['OBS_start_record.png'] on screen
2026-02-17 18:28:24,788[9528] - OBS_Win - WARNING - cannot find ['OBS_start_record.png'] on screen
2026-02-17 18:28:28,007[9528] - OBS_Win - WARNING - cannot find ['OBS_start_record.png'] on screen
2026-02-17 18:28:31,217[9528] - OBS_Win - WARNING - cannot find ['OBS_start_record.png'] on screen
2026-02-17 18:28:49,776[6088] - RobotTest_AcidicPlatform - INFO - started a batch of test, with sample_rack_id : sample_id = {1: 1, 2: 2, 3: 3, 4: 4, 5: 5, 6: 6, 7: 7, 8: 8, 9: 9, 10: 10, 11: 11, 12: 12}
2026-02-17 18:28:59,934[6088] - OBS_Win - INFO - not in software yet
2026-02-17 18:29:00,267[6088] - OBS_Win - INFO - attempting to open OBS_Win, trial 1 in 3 times...
2026-02-17 18:29:03,775[6088] - OBS_Win - INFO - OBS_Win started
2026-02-17 18:29:03,776[6088] - RobotTest_AcidicPlatform - INFO - loading the sample from rack_id #1...
2026-02-17 18:29:42,765[6088] - RobotTest_AcidicPlatform - INFO - sample successfully loaded into the cell
2026-02-17 18:29:43,319[6088] - OBS_Win - INFO - OBS_Win stopped
2026-02-17 18:29:46,567[6088] - EC_Lab_Win11 - INFO - not in software yet
2026-02-17 18:29:46,896[6088] - EC_Lab_Win11 - INFO - attempting to open EC_Lab_Win11, trial 1 in 3 times...
2026-02-17 18:34:37,655[6088] - RobotTest_AcidicPlatform - INFO - human operating, fail to detect...
2026-02-17 18:43:05,511[3776] - RobotTest_AcidicPlatform - INFO - started a batch of test, with sample_rack_id : sample_id = {1: 1, 2: 2, 3: 3, 4: 4, 5: 5, 6: 6, 7: 7, 8: 8, 9: 9, 10: 10, 11: 11, 12: 12}
2026-02-17 18:43:11,540[3776] - OBS_Win - INFO - not in software yet
2026-02-17 18:43:11,838[3776] - OBS_Win - INFO - attempting to open OBS_Win, trial 1 in 3 times...
2026-02-17 18:43:15,365[3776] - OBS_Win - INFO - OBS_Win started
2026-02-17 18:43:15,365[3776] - RobotTest_AcidicPlatform - INFO - loading the sample from rack_id #1...
2026-02-17 18:43:54,410[3776] - RobotTest_AcidicPlatform - INFO - sample successfully loaded into the cell
2026-02-17 18:43:54,976[3776] - OBS_Win - INFO - OBS_Win stopped
2026-02-17 18:43:58,211[3776] - EC_Lab_Win11 - INFO - not in software yet
2026-02-17 18:43:58,504[3776] - EC_Lab_Win11 - INFO - attempting to open EC_Lab_Win11, trial 1 in 3 times...
2026-02-17 18:44:31,559[3776] - RobotTest_AcidicPlatform - INFO - human operating, fail to detect...
2026-02-17 18:44:41,561[3776] - RobotTest_AcidicPlatform - INFO - human operating, fail to detect...
2026-02-17 18:45:02,883[3776] - RobotTest_AcidicPlatform - INFO - human operating, fail to detect...
2026-02-17 18:48:24,602[3776] - EC_Lab_Win11 - INFO - not in software yet
2026-02-17 18:48:24,915[3776] - EC_Lab_Win11 - INFO - attempting to open EC_Lab_Win11, trial 1 in 3 times...
2026-02-17 18:48:28,143[3776] - EC_Lab_Win11 - INFO - not in software yet
2026-02-17 18:48:28,446[3776] - EC_Lab_Win11 - INFO - attempting to open EC_Lab_Win11, trial 2 in 3 times...
2026-02-17 18:49:50,478[3776] - EC_Lab_Win11 - INFO - test is complete
2026-02-17 18:49:50,478[3776] - RobotTest_AcidicPlatform - INFO - test NanoRobot_sample#1_2026-02-17_18-43-11 finished
2026-02-17 18:49:50,663[3776] - OBS_Win - INFO - not in software yet
2026-02-17 18:49:50,957[3776] - OBS_Win - INFO - attempting to open OBS_Win, trial 1 in 3 times...
2026-02-17 18:49:54,365[3776] - OBS_Win - WARNING - cannot find ['OBS_start_record.png'] on screen
2026-02-17 18:49:57,589[3776] - OBS_Win - WARNING - cannot find ['OBS_start_record.png'] on screen
2026-02-17 18:50:00,807[3776] - OBS_Win - WARNING - cannot find ['OBS_start_record.png'] on screen
2026-02-17 18:50:04,031[3776] - OBS_Win - WARNING - cannot find ['OBS_start_record.png'] on screen
2026-02-17 18:50:07,245[3776] - OBS_Win - WARNING - cannot find ['OBS_start_record.png'] on screen
2026-02-17 18:50:10,488[3776] - OBS_Win - WARNING - cannot find ['OBS_start_record.png'] on screen
2026-02-17 18:50:13,705[3776] - OBS_Win - WARNING - cannot find ['OBS_start_record.png'] on screen
2026-02-17 18:50:16,925[3776] - OBS_Win - WARNING - cannot find ['OBS_start_record.png'] on screen
2026-02-17 18:50:20,146[3776] - OBS_Win - WARNING - cannot find ['OBS_start_record.png'] on screen
2026-02-17 18:50:23,374[3776] - OBS_Win - WARNING - cannot find ['OBS_start_record.png'] on screen
2026-02-17 18:50:26,603[3776] - OBS_Win - WARNING - cannot find ['OBS_start_record.png'] on screen
2026-02-17 18:50:29,821[3776] - OBS_Win - WARNING - cannot find ['OBS_start_record.png'] on screen
2026-02-17 18:50:33,042[3776] - OBS_Win - WARNING - cannot find ['OBS_start_record.png'] on screen
2026-02-17 18:50:36,265[3776] - OBS_Win - WARNING - cannot find ['OBS_start_record.png'] on screen
2026-02-17 18:50:39,480[3776] - OBS_Win - WARNING - cannot find ['OBS_start_record.png'] on screen
2026-02-17 18:50:42,701[3776] - OBS_Win - WARNING - cannot find ['OBS_start_record.png'] on screen
2026-02-17 18:50:45,922[3776] - OBS_Win - WARNING - cannot find ['OBS_start_record.png'] on screen
2026-02-17 18:50:49,144[3776] - OBS_Win - WARNING - cannot find ['OBS_start_record.png'] on screen
2026-02-17 18:50:52,368[3776] - OBS_Win - WARNING - cannot find ['OBS_start_record.png'] on screen
2026-02-17 18:50:55,600[3776] - OBS_Win - WARNING - cannot find ['OBS_start_record.png'] on screen
2026-02-17 18:50:58,818[3776] - OBS_Win - WARNING - cannot find ['OBS_start_record.png'] on screen
2026-02-17 18:51:02,041[3776] - OBS_Win - WARNING - cannot find ['OBS_start_record.png'] on screen
2026-02-17 18:51:05,274[3776] - OBS_Win - WARNING - cannot find ['OBS_start_record.png'] on screen
2026-02-17 18:51:08,500[3776] - OBS_Win - WARNING - cannot find ['OBS_start_record.png'] on screen
2026-02-17 18:51:11,732[3776] - OBS_Win - WARNING - cannot find ['OBS_start_record.png'] on screen
2026-02-17 18:51:14,953[3776] - OBS_Win - WARNING - cannot find ['OBS_start_record.png'] on screen
2026-02-17 18:51:18,170[3776] - OBS_Win - WARNING - cannot find ['OBS_start_record.png'] on screen
2026-02-17 18:51:21,394[3776] - OBS_Win - WARNING - cannot find ['OBS_start_record.png'] on screen
2026-02-17 18:51:24,611[3776] - OBS_Win - WARNING - cannot find ['OBS_start_record.png'] on screen
2026-02-17 18:51:27,831[3776] - OBS_Win - WARNING - cannot find ['OBS_start_record.png'] on screen
2026-02-17 18:51:31,049[3776] - OBS_Win - WARNING - cannot find ['OBS_start_record.png'] on screen
2026-02-17 18:51:34,272[3776] - OBS_Win - WARNING - cannot find ['OBS_start_record.png'] on screen
2026-02-17 18:51:37,494[3776] - OBS_Win - WARNING - cannot find ['OBS_start_record.png'] on screen
2026-02-17 18:51:40,711[3776] - OBS_Win - WARNING - cannot find ['OBS_start_record.png'] on screen
2026-02-17 18:51:43,935[3776] - OBS_Win - WARNING - cannot find ['OBS_start_record.png'] on screen
2026-02-17 18:51:47,149[3776] - OBS_Win - WARNING - cannot find ['OBS_start_record.png'] on screen
2026-02-17 18:51:50,374[3776] - OBS_Win - WARNING - cannot find ['OBS_start_record.png'] on screen
2026-02-17 18:51:53,587[3776] - OBS_Win - WARNING - cannot find ['OBS_start_record.png'] on screen
2026-02-17 18:51:56,809[3776] - OBS_Win - WARNING - cannot find ['OBS_start_record.png'] on screen
2026-02-17 18:52:00,034[3776] - OBS_Win - WARNING - cannot find ['OBS_start_record.png'] on screen
2026-02-17 18:52:03,265[3776] - OBS_Win - WARNING - cannot find ['OBS_start_record.png'] on screen
2026-02-17 18:52:06,488[3776] - OBS_Win - WARNING - cannot find ['OBS_start_record.png'] on screen
2026-02-17 18:52:09,708[3776] - OBS_Win - WARNING - cannot find ['OBS_start_record.png'] on screen
2026-02-17 18:52:12,931[3776] - OBS_Win - WARNING - cannot find ['OBS_start_record.png'] on screen
2026-02-17 18:52:16,145[3776] - OBS_Win - WARNING - cannot find ['OBS_start_record.png'] on screen
2026-02-17 18:52:19,364[3776] - OBS_Win - WARNING - cannot find ['OBS_start_record.png'] on screen
2026-02-17 18:52:22,585[3776] - OBS_Win - WARNING - cannot find ['OBS_start_record.png'] on screen
2026-02-17 18:52:25,813[3776] - OBS_Win - WARNING - cannot find ['OBS_start_record.png'] on screen
2026-02-17 18:52:29,030[3776] - OBS_Win - WARNING - cannot find ['OBS_start_record.png'] on screen
2026-02-17 18:52:32,267[3776] - OBS_Win - WARNING - cannot find ['OBS_start_record.png'] on screen
2026-02-17 18:52:35,481[3776] - OBS_Win - WARNING - cannot find ['OBS_start_record.png'] on screen
2026-02-17 18:52:38,702[3776] - OBS_Win - WARNING - cannot find ['OBS_start_record.png'] on screen
2026-02-17 18:52:41,927[3776] - OBS_Win - WARNING - cannot find ['OBS_start_record.png'] on screen
2026-02-17 18:52:45,160[3776] - OBS_Win - WARNING - cannot find ['OBS_start_record.png'] on screen
2026-02-17 18:52:48,376[3776] - OBS_Win - WARNING - cannot find ['OBS_start_record.png'] on screen
2026-02-17 18:52:51,602[3776] - OBS_Win - WARNING - cannot find ['OBS_start_record.png'] on screen
2026-02-17 18:52:54,836[3776] - OBS_Win - WARNING - cannot find ['OBS_start_record.png'] on screen
2026-02-17 18:52:58,054[3776] - OBS_Win - WARNING - cannot find ['OBS_start_record.png'] on screen
2026-02-17 18:53:01,277[3776] - OBS_Win - WARNING - cannot find ['OBS_start_record.png'] on screen
2026-02-17 18:53:04,496[3776] - OBS_Win - WARNING - cannot find ['OBS_start_record.png'] on screen
2026-02-17 18:53:07,713[3776] - OBS_Win - WARNING - cannot find ['OBS_start_record.png'] on screen
2026-02-17 18:53:10,935[3776] - OBS_Win - WARNING - cannot find ['OBS_start_record.png'] on screen
2026-02-17 18:53:14,156[3776] - OBS_Win - WARNING - cannot find ['OBS_start_record.png'] on screen
2026-02-17 18:53:17,370[3776] - OBS_Win - WARNING - cannot find ['OBS_start_record.png'] on screen
2026-02-17 18:53:20,575[3776] - OBS_Win - WARNING - cannot find ['OBS_start_record.png'] on screen
2026-02-17 18:53:23,798[3776] - OBS_Win - WARNING - cannot find ['OBS_start_record.png'] on screen
2026-02-17 18:53:27,015[3776] - OBS_Win - WARNING - cannot find ['OBS_start_record.png'] on screen
2026-02-17 18:53:30,244[3776] - OBS_Win - WARNING - cannot find ['OBS_start_record.png'] on screen
2026-02-17 18:53:33,471[3776] - OBS_Win - WARNING - cannot find ['OBS_start_record.png'] on screen
2026-02-17 18:53:36,703[3776] - OBS_Win - WARNING - cannot find ['OBS_start_record.png'] on screen
2026-02-17 18:53:39,910[3776] - OBS_Win - WARNING - cannot find ['OBS_start_record.png'] on screen
2026-02-17 18:53:43,135[3776] - OBS_Win - WARNING - cannot find ['OBS_start_record.png'] on screen
2026-02-17 18:53:46,352[3776] - OBS_Win - WARNING - cannot find ['OBS_start_record.png'] on screen
2026-02-17 18:53:49,627[3776] - OBS_Win - WARNING - cannot find ['OBS_start_record.png'] on screen
2026-02-17 18:53:52,890[3776] - OBS_Win - WARNING - cannot find ['OBS_start_record.png'] on screen
2026-02-17 18:53:56,160[3776] - OBS_Win - WARNING - cannot find ['OBS_start_record.png'] on screen
2026-02-17 18:53:59,413[3776] - OBS_Win - WARNING - cannot find ['OBS_start_record.png'] on screen
2026-02-17 18:54:02,635[3776] - OBS_Win - WARNING - cannot find ['OBS_start_record.png'] on screen
2026-02-17 18:54:05,858[3776] - OBS_Win - WARNING - cannot find ['OBS_start_record.png'] on screen
2026-02-17 18:54:09,077[3776] - OBS_Win - WARNING - cannot find ['OBS_start_record.png'] on screen
2026-02-17 18:54:12,299[3776] - OBS_Win - WARNING - cannot find ['OBS_start_record.png'] on screen
2026-02-17 18:54:15,525[3776] - OBS_Win - WARNING - cannot find ['OBS_start_record.png'] on screen
2026-02-17 18:54:18,745[3776] - OBS_Win - WARNING - cannot find ['OBS_start_record.png'] on screen
2026-02-17 18:54:21,969[3776] - OBS_Win - WARNING - cannot find ['OBS_start_record.png'] on screen
2026-02-17 18:54:25,192[3776] - OBS_Win - WARNING - cannot find ['OBS_start_record.png'] on screen
2026-02-17 18:54:28,410[3776] - OBS_Win - WARNING - cannot find ['OBS_start_record.png'] on screen
2026-02-17 18:54:31,635[3776] - OBS_Win - WARNING - cannot find ['OBS_start_record.png'] on screen
2026-02-17 18:54:34,847[3776] - OBS_Win - WARNING - cannot find ['OBS_start_record.png'] on screen
2026-02-17 18:54:38,067[3776] - OBS_Win - WARNING - cannot find ['OBS_start_record.png'] on screen
2026-02-17 18:54:41,270[3776] - OBS_Win - WARNING - cannot find ['OBS_start_record.png'] on screen
2026-02-17 18:54:44,492[3776] - OBS_Win - WARNING - cannot find ['OBS_start_record.png'] on screen
2026-02-17 18:54:47,713[3776] - OBS_Win - WARNING - cannot find ['OBS_start_record.png'] on screen
2026-02-17 18:54:50,937[3776] - OBS_Win - WARNING - cannot find ['OBS_start_record.png'] on screen
2026-02-17 18:54:54,166[3776] - OBS_Win - WARNING - cannot find ['OBS_start_record.png'] on screen
2026-02-17 18:54:57,392[3776] - OBS_Win - WARNING - cannot find ['OBS_start_record.png'] on screen
2026-02-17 18:55:00,625[3776] - OBS_Win - WARNING - cannot find ['OBS_start_record.png'] on screen
2026-02-17 18:55:03,845[3776] - OBS_Win - WARNING - cannot find ['OBS_start_record.png'] on screen
2026-02-17 18:55:07,061[3776] - OBS_Win - WARNING - cannot find ['OBS_start_record.png'] on screen
2026-02-17 18:55:10,285[3776] - OBS_Win - WARNING - cannot find ['OBS_start_record.png'] on screen
2026-02-17 18:55:13,518[3776] - OBS_Win - WARNING - cannot find ['OBS_start_record.png'] on screen
2026-02-17 18:55:16,531[3776] - OBS_Win - ERROR - 5 min timed out for finding ['OBS_start_record.png']
2026-02-17 18:55:16,532[3776] - RobotTest_AcidicPlatform - ERROR - 5 min timed out for finding ['OBS_start_record.png']
Traceback (most recent call last):
  File "C:\Users\li\PycharmProjects\catalyst\robotic_testing\common\robot_test.py", line 45, in wrapper
    return func(self, *args, **kwargs)
  File "C:\Users\li\PycharmProjects\catalyst\robotic_testing\common\robot_test.py", line 189, in run
    self.test_main_workflow(
  File "C:\Users\li\PycharmProjects\catalyst\robotic_testing\common\robot_test.py", line 300, in test_main_workflow
    self.camera.start()
  File "C:\Users\li\PycharmProjects\catalyst\software_control\software_control_base.py", line 138, in start
    self.click_button(self.icons_dict['start'])
  File "C:\Users\li\PycharmProjects\catalyst\software_control\software_control_base.py", line 75, in click_button
    raise SystemError(f'5 min timed out for finding {file_name_list}')
SystemError: 5 min timed out for finding ['OBS_start_record.png']
2026-02-17 19:03:54,707[16028] - RobotTest_AcidicPlatform - INFO - started a batch of test, with sample_rack_id : sample_id = {1: 1, 2: 2, 3: 3, 4: 4, 5: 5, 6: 6, 7: 7, 8: 8, 9: 9, 10: 10, 11: 11, 12: 12}
2026-02-17 19:04:00,707[16028] - OBS_Win - INFO - not in software yet
2026-02-17 19:04:01,024[16028] - OBS_Win - INFO - attempting to open OBS_Win, trial 1 in 3 times...
2026-02-17 19:04:04,630[16028] - OBS_Win - INFO - OBS_Win started
2026-02-17 19:04:04,630[16028] - RobotTest_AcidicPlatform - INFO - loading the sample from rack_id #1...
2026-02-17 19:04:43,652[16028] - RobotTest_AcidicPlatform - INFO - sample successfully loaded into the cell
2026-02-17 19:04:44,298[16028] - OBS_Win - INFO - OBS_Win stopped
2026-02-17 19:04:47,559[16028] - EC_Lab_Win11 - INFO - not in software yet
2026-02-17 19:04:47,906[16028] - EC_Lab_Win11 - INFO - attempting to open EC_Lab_Win11, trial 1 in 3 times...
2026-02-17 19:05:20,979[16028] - RobotTest_AcidicPlatform - INFO - human operating, fail to detect...
2026-02-17 19:05:30,992[16028] - RobotTest_AcidicPlatform - INFO - human operating, fail to detect...
2026-02-17 19:09:27,506[16028] - EC_Lab_Win11 - INFO - test is complete
2026-02-17 19:09:27,506[16028] - RobotTest_AcidicPlatform - INFO - test NanoRobot_sample#1_2026-02-17_19-04-00 finished
2026-02-17 19:09:27,716[16028] - OBS_Win - INFO - not in software yet
2026-02-17 19:09:28,031[16028] - OBS_Win - INFO - attempting to open OBS_Win, trial 1 in 3 times...
2026-02-17 19:09:31,495[16028] - OBS_Win - WARNING - cannot find ['OBS_start_record.png'] on screen
2026-02-17 19:09:34,749[16028] - OBS_Win - WARNING - cannot find ['OBS_start_record.png'] on screen
2026-02-17 19:09:38,001[16028] - OBS_Win - WARNING - cannot find ['OBS_start_record.png'] on screen
2026-02-17 19:09:41,245[16028] - OBS_Win - WARNING - cannot find ['OBS_start_record.png'] on screen
2026-02-17 19:09:44,487[16028] - OBS_Win - WARNING - cannot find ['OBS_start_record.png'] on screen
2026-02-17 19:09:47,707[16028] - OBS_Win - WARNING - cannot find ['OBS_start_record.png'] on screen
2026-02-17 19:09:50,930[16028] - OBS_Win - WARNING - cannot find ['OBS_start_record.png'] on screen
2026-02-17 19:09:54,150[16028] - OBS_Win - WARNING - cannot find ['OBS_start_record.png'] on screen
2026-02-17 19:09:57,370[16028] - OBS_Win - WARNING - cannot find ['OBS_start_record.png'] on screen
2026-02-17 19:10:00,584[16028] - OBS_Win - WARNING - cannot find ['OBS_start_record.png'] on screen
2026-02-17 19:10:03,799[16028] - OBS_Win - WARNING - cannot find ['OBS_start_record.png'] on screen
2026-02-17 19:10:07,016[16028] - OBS_Win - WARNING - cannot find ['OBS_start_record.png'] on screen
2026-02-17 19:10:10,230[16028] - OBS_Win - WARNING - cannot find ['OBS_start_record.png'] on screen
2026-02-17 19:10:13,457[16028] - OBS_Win - WARNING - cannot find ['OBS_start_record.png'] on screen
2026-02-17 19:10:16,697[16028] - OBS_Win - WARNING - cannot find ['OBS_start_record.png'] on screen
2026-02-17 19:10:19,908[16028] - OBS_Win - WARNING - cannot find ['OBS_start_record.png'] on screen
2026-02-17 19:10:23,132[16028] - OBS_Win - WARNING - cannot find ['OBS_start_record.png'] on screen
2026-02-17 19:10:26,344[16028] - OBS_Win - WARNING - cannot find ['OBS_start_record.png'] on screen
2026-02-17 19:10:29,567[16028] - OBS_Win - WARNING - cannot find ['OBS_start_record.png'] on screen
2026-02-17 19:10:32,804[16028] - OBS_Win - WARNING - cannot find ['OBS_start_record.png'] on screen
2026-02-17 19:10:36,023[16028] - OBS_Win - WARNING - cannot find ['OBS_start_record.png'] on screen
2026-02-17 19:10:39,240[16028] - OBS_Win - WARNING - cannot find ['OBS_start_record.png'] on screen
2026-02-17 19:10:42,443[16028] - OBS_Win - WARNING - cannot find ['OBS_start_record.png'] on screen
2026-02-17 19:10:45,661[16028] - OBS_Win - WARNING - cannot find ['OBS_start_record.png'] on screen
2026-02-17 19:10:48,884[16028] - OBS_Win - WARNING - cannot find ['OBS_start_record.png'] on screen
2026-02-17 19:10:52,110[16028] - OBS_Win - WARNING - cannot find ['OBS_start_record.png'] on screen
2026-02-17 19:10:55,328[16028] - OBS_Win - WARNING - cannot find ['OBS_start_record.png'] on screen
2026-02-17 19:10:58,541[16028] - OBS_Win - WARNING - cannot find ['OBS_start_record.png'] on screen
2026-02-17 19:11:01,767[16028] - OBS_Win - WARNING - cannot find ['OBS_start_record.png'] on screen
2026-02-17 19:11:04,984[16028] - OBS_Win - WARNING - cannot find ['OBS_start_record.png'] on screen
2026-02-17 19:11:08,185[16028] - OBS_Win - WARNING - cannot find ['OBS_start_record.png'] on screen
2026-02-17 19:11:11,406[16028] - OBS_Win - WARNING - cannot find ['OBS_start_record.png'] on screen
2026-02-17 19:11:14,610[16028] - OBS_Win - WARNING - cannot find ['OBS_start_record.png'] on screen
2026-02-17 19:11:17,829[16028] - OBS_Win - WARNING - cannot find ['OBS_start_record.png'] on screen
2026-02-17 19:11:21,052[16028] - OBS_Win - WARNING - cannot find ['OBS_start_record.png'] on screen
2026-02-17 19:11:24,269[16028] - OBS_Win - WARNING - cannot find ['OBS_start_record.png'] on screen
2026-02-17 19:11:27,490[16028] - OBS_Win - WARNING - cannot find ['OBS_start_record.png'] on screen
2026-02-17 19:11:30,710[16028] - OBS_Win - WARNING - cannot find ['OBS_start_record.png'] on screen
2026-02-17 19:11:33,924[16028] - OBS_Win - WARNING - cannot find ['OBS_start_record.png'] on screen
2026-02-17 19:11:37,135[16028] - OBS_Win - WARNING - cannot find ['OBS_start_record.png'] on screen
2026-02-17 19:11:40,363[16028] - OBS_Win - WARNING - cannot find ['OBS_start_record.png'] on screen
2026-02-17 19:11:43,568[16028] - OBS_Win - WARNING - cannot find ['OBS_start_record.png'] on screen
2026-02-17 19:11:46,776[16028] - OBS_Win - WARNING - cannot find ['OBS_start_record.png'] on screen
2026-02-17 19:11:49,993[16028] - OBS_Win - WARNING - cannot find ['OBS_start_record.png'] on screen
2026-02-17 19:11:53,212[16028] - OBS_Win - WARNING - cannot find ['OBS_start_record.png'] on screen
2026-02-17 19:11:56,432[16028] - OBS_Win - WARNING - cannot find ['OBS_start_record.png'] on screen
2026-02-17 19:11:59,639[16028] - OBS_Win - WARNING - cannot find ['OBS_start_record.png'] on screen
2026-02-17 19:12:02,856[16028] - OBS_Win - WARNING - cannot find ['OBS_start_record.png'] on screen
2026-02-17 19:12:06,076[16028] - OBS_Win - WARNING - cannot find ['OBS_start_record.png'] on screen
2026-02-17 19:12:09,300[16028] - OBS_Win - WARNING - cannot find ['OBS_start_record.png'] on screen
2026-02-17 19:12:12,518[16028] - OBS_Win - WARNING - cannot find ['OBS_start_record.png'] on screen
2026-02-17 19:12:15,744[16028] - OBS_Win - WARNING - cannot find ['OBS_start_record.png'] on screen
2026-02-17 19:12:18,964[16028] - OBS_Win - WARNING - cannot find ['OBS_start_record.png'] on screen
2026-02-17 19:12:22,180[16028] - OBS_Win - WARNING - cannot find ['OBS_start_record.png'] on screen
2026-02-17 19:12:25,412[16028] - OBS_Win - WARNING - cannot find ['OBS_start_record.png'] on screen
2026-02-17 19:12:28,646[16028] - OBS_Win - WARNING - cannot find ['OBS_start_record.png'] on screen
2026-02-17 19:12:31,896[16028] - OBS_Win - WARNING - cannot find ['OBS_start_record.png'] on screen
2026-02-17 19:12:35,119[16028] - OBS_Win - WARNING - cannot find ['OBS_start_record.png'] on screen
2026-02-17 19:12:38,345[16028] - OBS_Win - WARNING - cannot find ['OBS_start_record.png'] on screen
2026-02-17 19:12:41,561[16028] - OBS_Win - WARNING - cannot find ['OBS_start_record.png'] on screen
2026-02-17 19:12:44,783[16028] - OBS_Win - WARNING - cannot find ['OBS_start_record.png'] on screen
2026-02-17 19:12:48,005[16028] - OBS_Win - WARNING - cannot find ['OBS_start_record.png'] on screen
2026-02-17 19:12:51,206[16028] - OBS_Win - WARNING - cannot find ['OBS_start_record.png'] on screen
2026-02-17 19:12:54,424[16028] - OBS_Win - WARNING - cannot find ['OBS_start_record.png'] on screen
2026-02-17 19:12:57,626[16028] - OBS_Win - WARNING - cannot find ['OBS_start_record.png'] on screen
2026-02-17 19:13:00,837[16028] - OBS_Win - WARNING - cannot find ['OBS_start_record.png'] on screen
2026-02-17 19:13:04,055[16028] - OBS_Win - WARNING - cannot find ['OBS_start_record.png'] on screen
2026-02-17 19:13:07,271[16028] - OBS_Win - WARNING - cannot find ['OBS_start_record.png'] on screen
2026-02-17 19:13:10,473[16028] - OBS_Win - WARNING - cannot find ['OBS_start_record.png'] on screen
2026-02-17 19:13:13,680[16028] - OBS_Win - WARNING - cannot find ['OBS_start_record.png'] on screen
2026-02-17 19:13:16,899[16028] - OBS_Win - WARNING - cannot find ['OBS_start_record.png'] on screen
2026-02-17 19:13:20,117[16028] - OBS_Win - WARNING - cannot find ['OBS_start_record.png'] on screen
2026-02-17 19:13:23,340[16028] - OBS_Win - WARNING - cannot find ['OBS_start_record.png'] on screen
2026-02-17 19:13:26,561[16028] - OBS_Win - WARNING - cannot find ['OBS_start_record.png'] on screen
2026-02-17 19:13:29,776[16028] - OBS_Win - WARNING - cannot find ['OBS_start_record.png'] on screen
2026-02-17 19:13:32,979[16028] - OBS_Win - WARNING - cannot find ['OBS_start_record.png'] on screen
2026-02-17 19:13:36,187[16028] - OBS_Win - WARNING - cannot find ['OBS_start_record.png'] on screen
2026-02-17 19:13:39,418[16028] - OBS_Win - WARNING - cannot find ['OBS_start_record.png'] on screen
2026-02-17 19:13:42,623[16028] - OBS_Win - WARNING - cannot find ['OBS_start_record.png'] on screen
2026-02-17 19:13:45,842[16028] - OBS_Win - WARNING - cannot find ['OBS_start_record.png'] on screen
2026-02-17 19:13:49,068[16028] - OBS_Win - WARNING - cannot find ['OBS_start_record.png'] on screen
2026-02-17 19:13:52,287[16028] - OBS_Win - WARNING - cannot find ['OBS_start_record.png'] on screen
2026-02-17 19:13:55,503[16028] - OBS_Win - WARNING - cannot find ['OBS_start_record.png'] on screen
2026-02-17 19:13:58,706[16028] - OBS_Win - WARNING - cannot find ['OBS_start_record.png'] on screen
2026-02-17 19:14:01,930[16028] - OBS_Win - WARNING - cannot find ['OBS_start_record.png'] on screen
2026-02-17 19:14:05,146[16028] - OBS_Win - WARNING - cannot find ['OBS_start_record.png'] on screen
2026-02-17 19:14:08,370[16028] - OBS_Win - WARNING - cannot find ['OBS_start_record.png'] on screen
2026-02-17 19:14:11,600[16028] - OBS_Win - WARNING - cannot find ['OBS_start_record.png'] on screen
2026-02-17 19:14:14,806[16028] - OBS_Win - WARNING - cannot find ['OBS_start_record.png'] on screen
2026-02-17 19:14:18,032[16028] - OBS_Win - WARNING - cannot find ['OBS_start_record.png'] on screen
2026-02-17 19:14:21,245[16028] - OBS_Win - WARNING - cannot find ['OBS_start_record.png'] on screen
2026-02-17 19:14:24,469[16028] - OBS_Win - WARNING - cannot find ['OBS_start_record.png'] on screen
2026-02-17 19:14:27,711[16028] - OBS_Win - WARNING - cannot find ['OBS_start_record.png'] on screen
2026-02-17 19:14:30,934[16028] - OBS_Win - WARNING - cannot find ['OBS_start_record.png'] on screen
2026-02-17 19:14:34,161[16028] - OBS_Win - WARNING - cannot find ['OBS_start_record.png'] on screen
2026-02-17 19:14:37,378[16028] - OBS_Win - WARNING - cannot find ['OBS_start_record.png'] on screen
2026-02-17 19:14:40,600[16028] - OBS_Win - WARNING - cannot find ['OBS_start_record.png'] on screen
2026-02-17 19:14:43,821[16028] - OBS_Win - WARNING - cannot find ['OBS_start_record.png'] on screen
2026-02-17 19:14:47,041[16028] - OBS_Win - WARNING - cannot find ['OBS_start_record.png'] on screen
2026-02-17 19:14:50,258[16028] - OBS_Win - WARNING - cannot find ['OBS_start_record.png'] on screen
2026-02-17 19:14:53,272[16028] - OBS_Win - ERROR - 5 min timed out for finding ['OBS_start_record.png']
2026-02-17 19:14:53,272[16028] - RobotTest_AcidicPlatform - ERROR - 5 min timed out for finding ['OBS_start_record.png']
Traceback (most recent call last):
  File "C:\Users\li\PycharmProjects\catalyst\robotic_testing\common\robot_test.py", line 45, in wrapper
    return func(self, *args, **kwargs)
  File "C:\Users\li\PycharmProjects\catalyst\robotic_testing\common\robot_test.py", line 189, in run
    self.test_main_workflow(
  File "C:\Users\li\PycharmProjects\catalyst\robotic_testing\common\robot_test.py", line 300, in test_main_workflow
    self.camera.start()
  File "C:\Users\li\PycharmProjects\catalyst\software_control\software_control_base.py", line 138, in start
    self.click_button(self.icons_dict['start'])
  File "C:\Users\li\PycharmProjects\catalyst\software_control\software_control_base.py", line 75, in click_button
    raise SystemError(f'5 min timed out for finding {file_name_list}')
SystemError: 5 min timed out for finding ['OBS_start_record.png']
2026-02-17 20:30:54,187[1312] - RobotTest_AcidicPlatform - INFO - started a batch of test, with sample_rack_id : sample_id = {2: 2, 3: 3, 4: 4, 5: 5, 6: 6, 7: 7, 8: 8, 9: 9, 10: 10, 11: 11, 12: 12}
2026-02-17 20:31:06,316[1312] - OBS_Win - INFO - not in software yet
2026-02-17 20:31:06,638[1312] - OBS_Win - INFO - attempting to open OBS_Win, trial 1 in 3 times...
2026-02-17 20:31:10,256[1312] - OBS_Win - INFO - OBS_Win started
2026-02-17 20:31:10,256[1312] - RobotTest_AcidicPlatform - INFO - loading the sample from rack_id #2...
2026-02-17 20:31:49,437[1312] - RobotTest_AcidicPlatform - INFO - sample successfully loaded into the cell
2026-02-17 20:31:50,098[1312] - OBS_Win - INFO - OBS_Win stopped
2026-02-17 20:31:53,351[1312] - EC_Lab_Win11 - INFO - not in software yet
2026-02-17 20:31:53,682[1312] - EC_Lab_Win11 - INFO - attempting to open EC_Lab_Win11, trial 1 in 3 times...
2026-02-17 20:32:26,755[1312] - RobotTest_AcidicPlatform - INFO - human operating, fail to detect...
2026-02-17 20:32:37,565[1312] - EC_Lab_Win11 - INFO - not in software yet
2026-02-17 20:32:37,865[1312] - EC_Lab_Win11 - INFO - attempting to open EC_Lab_Win11, trial 1 in 3 times...
2026-02-17 20:32:41,092[1312] - EC_Lab_Win11 - INFO - not in software yet
2026-02-17 20:32:41,401[1312] - EC_Lab_Win11 - INFO - attempting to open EC_Lab_Win11, trial 2 in 3 times...
2026-02-17 20:40:57,547[1312] - EC_Lab_Win11 - INFO - not in software yet
2026-02-17 20:40:57,846[1312] - EC_Lab_Win11 - INFO - attempting to open EC_Lab_Win11, trial 1 in 3 times...
2026-02-17 20:41:01,074[1312] - EC_Lab_Win11 - INFO - not in software yet
2026-02-17 20:41:01,395[1312] - EC_Lab_Win11 - INFO - attempting to open EC_Lab_Win11, trial 2 in 3 times...
2026-02-17 20:44:48,813[1312] - EC_Lab_Win11 - INFO - not in software yet
2026-02-17 20:44:49,115[1312] - EC_Lab_Win11 - INFO - attempting to open EC_Lab_Win11, trial 1 in 3 times...
2026-02-17 20:44:52,340[1312] - EC_Lab_Win11 - INFO - not in software yet
2026-02-17 20:44:52,637[1312] - EC_Lab_Win11 - INFO - attempting to open EC_Lab_Win11, trial 2 in 3 times...
2026-02-17 20:53:42,443[1312] - EC_Lab_Win11 - INFO - not in software yet
2026-02-17 20:53:42,754[1312] - EC_Lab_Win11 - INFO - attempting to open EC_Lab_Win11, trial 1 in 3 times...
2026-02-17 20:53:45,991[1312] - EC_Lab_Win11 - INFO - not in software yet
2026-02-17 20:53:46,303[1312] - EC_Lab_Win11 - INFO - attempting to open EC_Lab_Win11, trial 2 in 3 times...
2026-02-17 21:05:24,095[1312] - EC_Lab_Win11 - INFO - not in software yet
2026-02-17 21:05:24,391[1312] - EC_Lab_Win11 - INFO - attempting to open EC_Lab_Win11, trial 1 in 3 times...
2026-02-17 21:05:27,620[1312] - EC_Lab_Win11 - INFO - not in software yet
2026-02-17 21:05:27,918[1312] - EC_Lab_Win11 - INFO - attempting to open EC_Lab_Win11, trial 2 in 3 times...
2026-02-17 21:12:47,964[1312] - EC_Lab_Win11 - INFO - not in software yet
2026-02-17 21:12:48,280[1312] - EC_Lab_Win11 - INFO - attempting to open EC_Lab_Win11, trial 1 in 3 times...
2026-02-17 21:12:51,513[1312] - EC_Lab_Win11 - INFO - not in software yet
2026-02-17 21:12:51,813[1312] - EC_Lab_Win11 - INFO - attempting to open EC_Lab_Win11, trial 2 in 3 times...
2026-02-17 21:12:55,415[1312] - EC_Lab_Win11 - INFO - test is complete
2026-02-17 21:12:55,415[1312] - RobotTest_AcidicPlatform - INFO - test NanoRobot_sample#2_2026-02-17_20-31-06 finished
2026-02-17 21:12:55,601[1312] - OBS_Win - INFO - not in software yet
2026-02-17 21:12:55,895[1312] - OBS_Win - INFO - attempting to open OBS_Win, trial 1 in 3 times...
2026-02-17 21:12:59,424[1312] - OBS_Win - INFO - OBS_Win started
2026-02-17 21:12:59,424[1312] - RobotTest_AcidicPlatform - INFO - unloading the sample to rack_id #2...
2026-02-17 21:13:57,973[1312] - RobotTest_AcidicPlatform - INFO - sample successfully unloaded from the cell
2026-02-17 21:14:01,517[1312] - OBS_Win - INFO - OBS_Win stopped
2026-02-17 21:14:01,930[1312] - OBS_Win - WARNING - cannot find ['OBS_start_record.png'] on screen
2026-02-17 21:14:05,258[1312] - OBS_Win - INFO - OBS_Win started
2026-02-17 21:14:05,258[1312] - RobotTest_AcidicPlatform - INFO - loading the sample from rack_id #3...
2026-02-17 21:14:38,389[1312] - RobotTest_AcidicPlatform - INFO - sample successfully loaded into the cell
2026-02-17 21:14:38,920[1312] - OBS_Win - INFO - OBS_Win stopped
2026-02-17 21:14:42,143[1312] - EC_Lab_Win11 - INFO - not in software yet
2026-02-17 21:14:42,444[1312] - EC_Lab_Win11 - INFO - attempting to open EC_Lab_Win11, trial 1 in 3 times...
2026-02-17 21:30:11,706[1312] - RobotTest_AcidicPlatform - INFO - human operating, fail to detect...
2026-02-17 21:30:22,541[1312] - EC_Lab_Win11 - INFO - not in software yet
2026-02-17 21:30:22,835[1312] - EC_Lab_Win11 - INFO - attempting to open EC_Lab_Win11, trial 1 in 3 times...
2026-02-17 21:30:26,065[1312] - EC_Lab_Win11 - INFO - not in software yet
2026-02-17 21:30:26,384[1312] - EC_Lab_Win11 - INFO - attempting to open EC_Lab_Win11, trial 2 in 3 times...
2026-02-17 21:51:35,807[1312] - EC_Lab_Win11 - INFO - not in software yet
2026-02-17 21:51:36,111[1312] - EC_Lab_Win11 - INFO - attempting to open EC_Lab_Win11, trial 1 in 3 times...
2026-02-17 21:51:39,336[1312] - EC_Lab_Win11 - INFO - not in software yet
2026-02-17 21:51:39,631[1312] - EC_Lab_Win11 - INFO - attempting to open EC_Lab_Win11, trial 2 in 3 times...
2026-02-17 21:55:38,636[1312] - EC_Lab_Win11 - INFO - test is complete
2026-02-17 21:55:38,636[1312] - RobotTest_AcidicPlatform - INFO - test NanoRobot_sample#3_2026-02-17_21-14-01 finished
2026-02-17 21:55:38,826[1312] - OBS_Win - INFO - not in software yet
2026-02-17 21:55:39,142[1312] - OBS_Win - INFO - attempting to open OBS_Win, trial 1 in 3 times...
2026-02-17 21:55:42,667[1312] - OBS_Win - INFO - OBS_Win started
2026-02-17 21:55:42,667[1312] - RobotTest_AcidicPlatform - INFO - unloading the sample to rack_id #3...
2026-02-17 21:56:40,762[1312] - RobotTest_AcidicPlatform - INFO - sample successfully unloaded from the cell
2026-02-17 21:56:44,320[1312] - OBS_Win - INFO - OBS_Win stopped
2026-02-17 21:56:44,729[1312] - OBS_Win - WARNING - cannot find ['OBS_start_record.png'] on screen
2026-02-17 21:56:48,041[1312] - OBS_Win - INFO - OBS_Win started
2026-02-17 21:56:48,041[1312] - RobotTest_AcidicPlatform - INFO - loading the sample from rack_id #4...
2026-02-17 21:57:21,409[1312] - RobotTest_AcidicPlatform - INFO - sample successfully loaded into the cell
2026-02-17 21:57:21,928[1312] - OBS_Win - INFO - OBS_Win stopped
2026-02-17 21:57:25,145[1312] - EC_Lab_Win11 - INFO - not in software yet
2026-02-17 21:57:25,436[1312] - EC_Lab_Win11 - INFO - attempting to open EC_Lab_Win11, trial 1 in 3 times...
2026-02-17 22:38:19,559[1312] - EC_Lab_Win11 - INFO - test is complete
2026-02-17 22:38:19,559[1312] - RobotTest_AcidicPlatform - INFO - test NanoRobot_sample#4_2026-02-17_21-56-44 finished
2026-02-17 22:38:19,745[1312] - OBS_Win - INFO - not in software yet
2026-02-17 22:38:20,059[1312] - OBS_Win - INFO - attempting to open OBS_Win, trial 1 in 3 times...
2026-02-17 22:38:23,592[1312] - OBS_Win - INFO - OBS_Win started
2026-02-17 22:38:23,592[1312] - RobotTest_AcidicPlatform - INFO - unloading the sample to rack_id #4...
2026-02-17 22:39:21,152[1312] - RobotTest_AcidicPlatform - INFO - sample successfully unloaded from the cell
2026-02-17 22:39:24,703[1312] - OBS_Win - INFO - OBS_Win stopped
2026-02-17 22:39:25,105[1312] - OBS_Win - WARNING - cannot find ['OBS_start_record.png'] on screen
2026-02-17 22:39:28,411[1312] - OBS_Win - INFO - OBS_Win started
2026-02-17 22:39:28,411[1312] - RobotTest_AcidicPlatform - INFO - loading the sample from rack_id #5...
2026-02-17 22:40:02,386[1312] - RobotTest_AcidicPlatform - INFO - sample successfully loaded into the cell
2026-02-17 22:40:02,953[1312] - OBS_Win - INFO - OBS_Win stopped
2026-02-17 22:40:06,181[1312] - EC_Lab_Win11 - INFO - not in software yet
2026-02-17 22:40:06,475[1312] - EC_Lab_Win11 - INFO - attempting to open EC_Lab_Win11, trial 1 in 3 times...
2026-02-17 23:21:00,540[1312] - EC_Lab_Win11 - INFO - test is complete
2026-02-17 23:21:00,540[1312] - RobotTest_AcidicPlatform - INFO - test NanoRobot_sample#5_2026-02-17_22-39-24 finished
2026-02-17 23:21:00,731[1312] - OBS_Win - INFO - not in software yet
2026-02-17 23:21:01,043[1312] - OBS_Win - INFO - attempting to open OBS_Win, trial 1 in 3 times...
2026-02-17 23:21:04,584[1312] - OBS_Win - INFO - OBS_Win started
2026-02-17 23:21:04,584[1312] - RobotTest_AcidicPlatform - INFO - unloading the sample to rack_id #5...
2026-02-17 23:22:01,873[1312] - RobotTest_AcidicPlatform - INFO - sample successfully unloaded from the cell
2026-02-17 23:22:05,381[1312] - OBS_Win - INFO - OBS_Win stopped
2026-02-17 23:22:05,793[1312] - OBS_Win - WARNING - cannot find ['OBS_start_record.png'] on screen
2026-02-17 23:22:09,097[1312] - OBS_Win - INFO - OBS_Win started
2026-02-17 23:22:09,097[1312] - RobotTest_AcidicPlatform - INFO - loading the sample from rack_id #6...
2026-02-17 23:22:43,812[1312] - RobotTest_AcidicPlatform - INFO - sample successfully loaded into the cell
2026-02-17 23:22:44,316[1312] - OBS_Win - INFO - OBS_Win stopped
2026-02-17 23:22:47,549[1312] - EC_Lab_Win11 - INFO - not in software yet
2026-02-17 23:22:47,843[1312] - EC_Lab_Win11 - INFO - attempting to open EC_Lab_Win11, trial 1 in 3 times...
2026-02-18 00:03:42,628[1312] - EC_Lab_Win11 - INFO - test is complete
2026-02-18 00:03:42,629[1312] - RobotTest_AcidicPlatform - INFO - test NanoRobot_sample#6_2026-02-17_23-22-05 finished
2026-02-18 00:03:42,816[1312] - OBS_Win - INFO - not in software yet
2026-02-18 00:03:43,118[1312] - OBS_Win - INFO - attempting to open OBS_Win, trial 1 in 3 times...
2026-02-18 00:03:46,654[1312] - OBS_Win - INFO - OBS_Win started
2026-02-18 00:03:46,654[1312] - RobotTest_AcidicPlatform - INFO - unloading the sample to rack_id #6...
2026-02-18 00:04:43,423[1312] - RobotTest_AcidicPlatform - INFO - sample successfully unloaded from the cell
2026-02-18 00:04:47,014[1312] - OBS_Win - INFO - OBS_Win stopped
2026-02-18 00:04:47,413[1312] - OBS_Win - WARNING - cannot find ['OBS_start_record.png'] on screen
2026-02-18 00:04:50,736[1312] - OBS_Win - INFO - OBS_Win started
2026-02-18 00:04:50,736[1312] - RobotTest_AcidicPlatform - INFO - loading the sample from rack_id #7...
2026-02-18 00:05:25,501[1312] - RobotTest_AcidicPlatform - INFO - sample successfully loaded into the cell
2026-02-18 00:05:26,036[1312] - OBS_Win - INFO - OBS_Win stopped
2026-02-18 00:05:29,254[1312] - EC_Lab_Win11 - INFO - not in software yet
2026-02-18 00:05:29,540[1312] - EC_Lab_Win11 - INFO - attempting to open EC_Lab_Win11, trial 1 in 3 times...
2026-02-18 00:46:23,682[1312] - EC_Lab_Win11 - INFO - test is complete
2026-02-18 00:46:23,683[1312] - RobotTest_AcidicPlatform - INFO - test NanoRobot_sample#7_2026-02-18_00-04-47 finished
2026-02-18 00:46:23,871[1312] - OBS_Win - INFO - not in software yet
2026-02-18 00:46:24,185[1312] - OBS_Win - INFO - attempting to open OBS_Win, trial 1 in 3 times...
2026-02-18 00:46:27,721[1312] - OBS_Win - INFO - OBS_Win started
2026-02-18 00:46:27,721[1312] - RobotTest_AcidicPlatform - INFO - unloading the sample to rack_id #7...
2026-02-18 00:47:24,376[1312] - RobotTest_AcidicPlatform - INFO - sample successfully unloaded from the cell
2026-02-18 00:47:27,909[1312] - OBS_Win - INFO - OBS_Win stopped
2026-02-18 00:47:28,314[1312] - OBS_Win - WARNING - cannot find ['OBS_start_record.png'] on screen
2026-02-18 00:47:31,621[1312] - OBS_Win - INFO - OBS_Win started
2026-02-18 00:47:31,621[1312] - RobotTest_AcidicPlatform - INFO - loading the sample from rack_id #8...
2026-02-18 00:48:06,908[1312] - RobotTest_AcidicPlatform - INFO - sample successfully loaded into the cell
2026-02-18 00:48:07,456[1312] - OBS_Win - INFO - OBS_Win stopped
2026-02-18 00:48:10,688[1312] - EC_Lab_Win11 - INFO - not in software yet
2026-02-18 00:48:10,989[1312] - EC_Lab_Win11 - INFO - attempting to open EC_Lab_Win11, trial 1 in 3 times...
2026-02-18 01:29:05,188[1312] - EC_Lab_Win11 - INFO - test is complete
2026-02-18 01:29:05,188[1312] - RobotTest_AcidicPlatform - INFO - test NanoRobot_sample#8_2026-02-18_00-47-27 finished
2026-02-18 01:29:05,373[1312] - OBS_Win - INFO - not in software yet
2026-02-18 01:29:05,671[1312] - OBS_Win - INFO - attempting to open OBS_Win, trial 1 in 3 times...
2026-02-18 01:29:09,198[1312] - OBS_Win - INFO - OBS_Win started
2026-02-18 01:29:09,198[1312] - RobotTest_AcidicPlatform - INFO - unloading the sample to rack_id #8...
2026-02-18 01:30:06,367[1312] - RobotTest_AcidicPlatform - INFO - sample successfully unloaded from the cell
2026-02-18 01:30:09,928[1312] - OBS_Win - INFO - OBS_Win stopped
2026-02-18 01:30:10,337[1312] - OBS_Win - WARNING - cannot find ['OBS_start_record.png'] on screen
2026-02-18 01:30:13,668[1312] - OBS_Win - INFO - OBS_Win started
2026-02-18 01:30:13,668[1312] - RobotTest_AcidicPlatform - INFO - loading the sample from rack_id #9...
2026-02-18 01:30:49,336[1312] - RobotTest_AcidicPlatform - INFO - sample successfully loaded into the cell
2026-02-18 01:30:49,842[1312] - OBS_Win - INFO - OBS_Win stopped
2026-02-18 01:30:53,075[1312] - EC_Lab_Win11 - INFO - not in software yet
2026-02-18 01:30:53,375[1312] - EC_Lab_Win11 - INFO - attempting to open EC_Lab_Win11, trial 1 in 3 times...
2026-02-18 02:11:47,777[1312] - EC_Lab_Win11 - INFO - test is complete
2026-02-18 02:11:47,777[1312] - RobotTest_AcidicPlatform - INFO - test NanoRobot_sample#9_2026-02-18_01-30-09 finished
2026-02-18 02:11:47,977[1312] - OBS_Win - INFO - not in software yet
2026-02-18 02:11:48,291[1312] - OBS_Win - INFO - attempting to open OBS_Win, trial 1 in 3 times...
2026-02-18 02:11:51,814[1312] - OBS_Win - INFO - OBS_Win started
2026-02-18 02:11:51,814[1312] - RobotTest_AcidicPlatform - INFO - unloading the sample to rack_id #9...
2026-02-18 02:12:49,386[1312] - RobotTest_AcidicPlatform - INFO - sample successfully unloaded from the cell
2026-02-18 02:12:52,918[1312] - OBS_Win - INFO - OBS_Win stopped
2026-02-18 02:12:53,322[1312] - OBS_Win - WARNING - cannot find ['OBS_start_record.png'] on screen
2026-02-18 02:12:56,644[1312] - OBS_Win - INFO - OBS_Win started
2026-02-18 02:12:56,644[1312] - RobotTest_AcidicPlatform - INFO - loading the sample from rack_id #10...
2026-02-18 02:13:32,816[1312] - RobotTest_AcidicPlatform - INFO - sample successfully loaded into the cell
2026-02-18 02:13:33,349[1312] - OBS_Win - INFO - OBS_Win stopped
2026-02-18 02:13:36,582[1312] - EC_Lab_Win11 - INFO - not in software yet
2026-02-18 02:13:36,889[1312] - EC_Lab_Win11 - INFO - attempting to open EC_Lab_Win11, trial 1 in 3 times...
2026-02-18 02:54:31,296[1312] - EC_Lab_Win11 - INFO - test is complete
2026-02-18 02:54:31,296[1312] - RobotTest_AcidicPlatform - INFO - test NanoRobot_sample#10_2026-02-18_02-12-52 finished
2026-02-18 02:54:31,482[1312] - OBS_Win - INFO - not in software yet
2026-02-18 02:54:31,842[1312] - OBS_Win - INFO - attempting to open OBS_Win, trial 1 in 3 times...
2026-02-18 02:54:35,377[1312] - OBS_Win - INFO - OBS_Win started
2026-02-18 02:54:35,377[1312] - RobotTest_AcidicPlatform - INFO - unloading the sample to rack_id #10...
2026-02-18 02:55:33,377[1312] - RobotTest_AcidicPlatform - INFO - sample successfully unloaded from the cell
2026-02-18 02:55:36,939[1312] - OBS_Win - INFO - OBS_Win stopped
2026-02-18 02:55:37,346[1312] - OBS_Win - WARNING - cannot find ['OBS_start_record.png'] on screen
2026-02-18 02:55:40,647[1312] - OBS_Win - INFO - OBS_Win started
2026-02-18 02:55:40,647[1312] - RobotTest_AcidicPlatform - INFO - loading the sample from rack_id #11...
2026-02-18 02:56:17,384[1312] - RobotTest_AcidicPlatform - INFO - sample successfully loaded into the cell
2026-02-18 02:56:17,918[1312] - OBS_Win - INFO - OBS_Win stopped
2026-02-18 02:56:21,157[1312] - EC_Lab_Win11 - INFO - not in software yet
2026-02-18 02:56:21,450[1312] - EC_Lab_Win11 - INFO - attempting to open EC_Lab_Win11, trial 1 in 3 times...
2026-02-18 03:37:15,417[1312] - EC_Lab_Win11 - INFO - test is complete
2026-02-18 03:37:15,417[1312] - RobotTest_AcidicPlatform - INFO - test NanoRobot_sample#11_2026-02-18_02-55-36 finished
2026-02-18 03:37:15,604[1312] - OBS_Win - INFO - not in software yet
2026-02-18 03:37:15,906[1312] - OBS_Win - INFO - attempting to open OBS_Win, trial 1 in 3 times...
2026-02-18 03:37:19,442[1312] - OBS_Win - INFO - OBS_Win started
2026-02-18 03:37:19,442[1312] - RobotTest_AcidicPlatform - INFO - unloading the sample to rack_id #11...
2026-02-18 03:38:17,750[1312] - RobotTest_AcidicPlatform - INFO - sample successfully unloaded from the cell
2026-02-18 03:38:21,307[1312] - OBS_Win - INFO - OBS_Win stopped
2026-02-18 03:38:21,759[1312] - OBS_Win - WARNING - cannot find ['OBS_start_record.png'] on screen
2026-02-18 03:38:25,079[1312] - OBS_Win - INFO - OBS_Win started
2026-02-18 03:38:25,079[1312] - RobotTest_AcidicPlatform - INFO - loading the sample from rack_id #12...
2026-02-18 03:39:02,221[1312] - RobotTest_AcidicPlatform - INFO - sample successfully loaded into the cell
2026-02-18 03:39:02,758[1312] - OBS_Win - INFO - OBS_Win stopped
2026-02-18 03:39:05,996[1312] - EC_Lab_Win11 - INFO - not in software yet
2026-02-18 03:39:06,288[1312] - EC_Lab_Win11 - INFO - attempting to open EC_Lab_Win11, trial 1 in 3 times...
2026-02-18 04:20:00,259[1312] - EC_Lab_Win11 - INFO - test is complete
2026-02-18 04:20:00,260[1312] - RobotTest_AcidicPlatform - INFO - test NanoRobot_sample#12_2026-02-18_03-38-21 finished
2026-02-18 04:20:00,443[1312] - OBS_Win - INFO - not in software yet
2026-02-18 04:20:00,762[1312] - OBS_Win - INFO - attempting to open OBS_Win, trial 1 in 3 times...
2026-02-18 04:20:04,270[1312] - OBS_Win - INFO - OBS_Win started
2026-02-18 04:20:04,270[1312] - RobotTest_AcidicPlatform - INFO - unloading the sample to rack_id #12...
2026-02-18 04:21:03,121[1312] - RobotTest_AcidicPlatform - INFO - sample successfully unloaded from the cell
2026-02-18 04:21:06,694[1312] - OBS_Win - INFO - OBS_Win stopped
2026-02-18 14:32:44,675[10780] - RobotTest_AcidicPlatform - INFO - started a batch of test, with sample_rack_id : sample_id = {1: 1, 2: 2, 3: 3, 4: 4, 5: 5, 6: 6, 7: 7, 8: 8, 9: 9, 10: 10, 11: 11, 12: 12}
2026-02-18 14:32:50,704[10780] - OBS_Win - INFO - not in software yet
2026-02-18 14:32:51,006[10780] - OBS_Win - INFO - attempting to open OBS_Win, trial 1 in 3 times...
2026-02-18 14:32:54,529[10780] - OBS_Win - INFO - OBS_Win started
2026-02-18 14:32:54,529[10780] - RobotTest_AcidicPlatform - INFO - loading the sample from rack_id #1...
2026-02-18 14:33:33,687[10780] - RobotTest_AcidicPlatform - INFO - sample successfully loaded into the cell
2026-02-18 14:33:34,223[10780] - OBS_Win - INFO - OBS_Win stopped
2026-02-18 14:33:37,465[10780] - EC_Lab_Win11 - INFO - not in software yet
2026-02-18 14:33:37,775[10780] - EC_Lab_Win11 - INFO - attempting to open EC_Lab_Win11, trial 1 in 3 times...
2026-02-18 14:52:18,107[10780] - RobotTest_AcidicPlatform - INFO - human operating, fail to detect...
2026-02-18 14:53:53,844[10460] - RobotTest_AcidicPlatform - INFO - started a batch of test, with sample_rack_id : sample_id = {1: 1, 2: 2, 3: 3, 4: 4, 5: 5, 6: 6, 7: 7, 8: 8, 9: 9, 10: 10, 11: 11, 12: 12}
2026-02-18 14:54:06,009[10460] - OBS_Win - INFO - not in software yet
2026-02-18 14:54:06,349[10460] - OBS_Win - INFO - attempting to open OBS_Win, trial 1 in 3 times...
2026-02-18 14:54:09,882[10460] - OBS_Win - INFO - OBS_Win started
2026-02-18 14:54:09,882[10460] - RobotTest_AcidicPlatform - INFO - loading the sample from rack_id #1...
2026-02-18 14:54:48,930[10460] - RobotTest_AcidicPlatform - INFO - sample successfully loaded into the cell
2026-02-18 14:54:49,500[10460] - OBS_Win - INFO - OBS_Win stopped
2026-02-18 14:54:52,731[10460] - EC_Lab_Win11 - INFO - not in software yet
2026-02-18 14:54:53,027[10460] - EC_Lab_Win11 - INFO - attempting to open EC_Lab_Win11, trial 1 in 3 times...
2026-02-18 14:55:26,036[10460] - RobotTest_AcidicPlatform - INFO - human operating, fail to detect...
2026-02-18 14:55:36,039[10460] - RobotTest_AcidicPlatform - INFO - human operating, fail to detect...
2026-02-18 14:55:46,043[10460] - RobotTest_AcidicPlatform - INFO - human operating, fail to detect...
2026-02-18 15:03:00,035[7488] - RobotTest_AcidicPlatform - INFO - started a batch of test, with sample_rack_id : sample_id = {1: 1, 2: 2, 3: 3, 4: 4, 5: 5, 6: 6, 7: 7, 8: 8, 9: 9, 10: 10, 11: 11, 12: 12}
2026-02-18 15:03:14,675[7488] - OBS_Win - INFO - not in software yet
2026-02-18 15:03:14,986[7488] - OBS_Win - INFO - attempting to open OBS_Win, trial 1 in 3 times...
2026-02-18 15:03:18,510[7488] - OBS_Win - INFO - OBS_Win started
2026-02-18 15:03:18,510[7488] - RobotTest_AcidicPlatform - INFO - loading the sample from rack_id #1...
2026-02-18 15:03:57,494[7488] - RobotTest_AcidicPlatform - INFO - sample successfully loaded into the cell
2026-02-18 15:03:58,059[7488] - OBS_Win - INFO - OBS_Win stopped
2026-02-18 15:04:01,300[7488] - EC_Lab_Win11 - INFO - not in software yet
2026-02-18 15:04:01,611[7488] - EC_Lab_Win11 - INFO - attempting to open EC_Lab_Win11, trial 1 in 3 times...
2026-02-18 15:09:04,980[7488] - EC_Lab_Win11 - INFO - test is complete
2026-02-18 15:09:04,980[7488] - RobotTest_AcidicPlatform - INFO - test NanoRobot_sample#1_2026-02-18_15-03-14 finished
2026-02-18 15:09:05,168[7488] - OBS_Win - INFO - not in software yet
2026-02-18 15:09:05,481[7488] - OBS_Win - INFO - attempting to open OBS_Win, trial 1 in 3 times...
2026-02-18 15:09:09,014[7488] - OBS_Win - INFO - OBS_Win started
2026-02-18 15:09:09,014[7488] - RobotTest_AcidicPlatform - INFO - unloading the sample to rack_id #1...
2026-02-18 15:10:08,027[7488] - RobotTest_AcidicPlatform - INFO - sample successfully unloaded from the cell
2026-02-18 15:10:11,601[7488] - OBS_Win - INFO - OBS_Win stopped
2026-02-18 15:10:12,017[7488] - OBS_Win - WARNING - cannot find ['OBS_start_record.png'] on screen
2026-02-18 15:10:15,318[7488] - OBS_Win - INFO - OBS_Win started
2026-02-18 15:10:15,318[7488] - RobotTest_AcidicPlatform - INFO - loading the sample from rack_id #2...
2026-02-18 15:24:14,676[15024] - RobotTest_AcidicPlatform - INFO - started a batch of test, with sample_rack_id : sample_id = {2: 2, 3: 3, 4: 4, 5: 5, 6: 6, 7: 7, 8: 8, 9: 9, 10: 10, 11: 11, 12: 12, 13: 13}
2026-02-18 15:24:14,680[15024] - RobotTest_AcidicPlatform - ERROR - Cannot go home, unload sample first!
Traceback (most recent call last):
  File "C:\Users\li\PycharmProjects\catalyst\robotic_testing\common\robot_test.py", line 45, in wrapper
    return func(self, *args, **kwargs)
  File "C:\Users\li\PycharmProjects\catalyst\robotic_testing\common\robot_test.py", line 182, in run
    self.robot_warming_up()
  File "C:\Users\li\PycharmProjects\catalyst\robotic_testing\common\robot_test.py", line 312, in robot_warming_up
    self.arm.home()
  File "C:\Users\li\PycharmProjects\catalyst\robotic_testing\common\robotic_arms\xarm6\xarm6.py", line 11, in home
    raise SystemError('Cannot go home, unload sample first!')
SystemError: Cannot go home, unload sample first!
2026-02-18 15:28:00,602[3780] - RobotTest_AcidicPlatform - INFO - started a batch of test, with sample_rack_id : sample_id = {2: 2, 3: 3, 4: 4, 5: 5, 6: 6, 7: 7, 8: 8, 9: 9, 10: 10, 11: 11, 12: 12, 13: 13}
2026-02-18 15:28:06,649[3780] - OBS_Win - INFO - not in software yet
2026-02-18 15:28:06,980[3780] - OBS_Win - INFO - attempting to open OBS_Win, trial 1 in 3 times...
2026-02-18 15:28:10,523[3780] - OBS_Win - INFO - OBS_Win started
2026-02-18 15:28:10,523[3780] - RobotTest_AcidicPlatform - INFO - loading the sample from rack_id #2...
2026-02-18 15:28:49,659[3780] - RobotTest_AcidicPlatform - INFO - sample successfully loaded into the cell
2026-02-18 15:28:50,224[3780] - OBS_Win - INFO - OBS_Win stopped
2026-02-18 15:28:53,470[3780] - EC_Lab_Win11 - INFO - not in software yet
2026-02-18 15:28:53,784[3780] - EC_Lab_Win11 - INFO - attempting to open EC_Lab_Win11, trial 1 in 3 times...
2026-02-18 15:36:45,610[3780] - RobotTest_AcidicPlatform - INFO - human operating, fail to detect...
2026-02-18 15:36:55,623[3780] - RobotTest_AcidicPlatform - INFO - human operating, fail to detect...
2026-02-18 16:09:55,600[3780] - EC_Lab_Win11 - INFO - test is complete
2026-02-18 16:09:55,601[3780] - RobotTest_AcidicPlatform - INFO - test NanoRobot_sample#2_2026-02-18_15-28-06 finished
2026-02-18 16:09:55,802[3780] - OBS_Win - INFO - not in software yet
2026-02-18 16:09:56,133[3780] - OBS_Win - INFO - attempting to open OBS_Win, trial 1 in 3 times...
2026-02-18 16:09:59,702[3780] - OBS_Win - INFO - OBS_Win started
2026-02-18 16:09:59,702[3780] - RobotTest_AcidicPlatform - INFO - unloading the sample to rack_id #2...
2026-02-18 16:10:58,241[3780] - RobotTest_AcidicPlatform - INFO - sample successfully unloaded from the cell
2026-02-18 16:11:01,802[3780] - OBS_Win - INFO - OBS_Win stopped
2026-02-18 16:11:02,241[3780] - OBS_Win - WARNING - cannot find ['OBS_start_record.png'] on screen
2026-02-18 16:11:05,563[3780] - OBS_Win - INFO - OBS_Win started
2026-02-18 16:11:05,563[3780] - RobotTest_AcidicPlatform - INFO - loading the sample from rack_id #3...
2026-02-18 16:11:38,568[3780] - RobotTest_AcidicPlatform - INFO - sample successfully loaded into the cell
2026-02-18 16:11:39,118[3780] - OBS_Win - INFO - OBS_Win stopped
2026-02-18 16:11:42,364[3780] - EC_Lab_Win11 - INFO - not in software yet
2026-02-18 16:11:42,677[3780] - EC_Lab_Win11 - INFO - attempting to open EC_Lab_Win11, trial 1 in 3 times...
2026-02-18 16:12:15,784[3780] - RobotTest_AcidicPlatform - INFO - human operating, fail to detect...
2026-02-18 16:15:15,412[3780] - EC_Lab_Win11 - INFO - not in software yet
2026-02-18 16:15:15,721[3780] - EC_Lab_Win11 - INFO - attempting to open EC_Lab_Win11, trial 1 in 3 times...
2026-02-18 16:15:18,955[3780] - EC_Lab_Win11 - INFO - not in software yet
2026-02-18 16:15:19,285[3780] - EC_Lab_Win11 - INFO - attempting to open EC_Lab_Win11, trial 2 in 3 times...
2026-02-18 16:25:52,789[3780] - EC_Lab_Win11 - INFO - not in software yet
2026-02-18 16:25:53,116[3780] - EC_Lab_Win11 - INFO - attempting to open EC_Lab_Win11, trial 1 in 3 times...
2026-02-18 16:25:56,346[3780] - EC_Lab_Win11 - INFO - not in software yet
2026-02-18 16:25:56,658[3780] - EC_Lab_Win11 - INFO - attempting to open EC_Lab_Win11, trial 2 in 3 times...
2026-02-18 16:40:12,215[3780] - EC_Lab_Win11 - INFO - not in software yet
2026-02-18 16:40:12,526[3780] - EC_Lab_Win11 - INFO - attempting to open EC_Lab_Win11, trial 1 in 3 times...
2026-02-18 16:40:15,762[3780] - EC_Lab_Win11 - INFO - not in software yet
2026-02-18 16:40:16,079[3780] - EC_Lab_Win11 - INFO - attempting to open EC_Lab_Win11, trial 2 in 3 times...
2026-02-18 16:57:41,843[3780] - EC_Lab_Win11 - INFO - test is complete
2026-02-18 16:57:41,843[3780] - RobotTest_AcidicPlatform - INFO - test NanoRobot_sample#3_2026-02-18_16-11-01 finished
2026-02-18 16:57:42,046[3780] - OBS_Win - INFO - not in software yet
2026-02-18 16:57:42,388[3780] - OBS_Win - INFO - attempting to open OBS_Win, trial 1 in 3 times...
2026-02-18 16:57:45,922[3780] - OBS_Win - INFO - OBS_Win started
2026-02-18 16:57:45,922[3780] - RobotTest_AcidicPlatform - INFO - unloading the sample to rack_id #3...
2026-02-18 16:58:44,028[3780] - RobotTest_AcidicPlatform - INFO - sample successfully unloaded from the cell
2026-02-18 16:58:47,569[3780] - OBS_Win - INFO - OBS_Win stopped
2026-02-18 16:58:47,974[3780] - OBS_Win - WARNING - cannot find ['OBS_start_record.png'] on screen
2026-02-18 16:58:51,287[3780] - OBS_Win - INFO - OBS_Win started
2026-02-18 16:58:51,287[3780] - RobotTest_AcidicPlatform - INFO - loading the sample from rack_id #4...
2026-02-18 16:59:24,764[3780] - RobotTest_AcidicPlatform - INFO - sample successfully loaded into the cell
2026-02-18 16:59:25,284[3780] - OBS_Win - INFO - OBS_Win stopped
2026-02-18 16:59:28,515[3780] - EC_Lab_Win11 - INFO - not in software yet
2026-02-18 16:59:28,824[3780] - EC_Lab_Win11 - INFO - attempting to open EC_Lab_Win11, trial 1 in 3 times...
2026-02-18 17:03:13,075[3780] - EC_Lab_Win11 - INFO - not in software yet
2026-02-18 17:03:13,379[3780] - EC_Lab_Win11 - INFO - attempting to open EC_Lab_Win11, trial 1 in 3 times...
2026-02-18 17:03:16,605[3780] - EC_Lab_Win11 - INFO - not in software yet
2026-02-18 17:03:16,906[3780] - EC_Lab_Win11 - INFO - attempting to open EC_Lab_Win11, trial 2 in 3 times...
2026-02-18 17:14:21,440[3780] - EC_Lab_Win11 - INFO - not in software yet
2026-02-18 17:14:21,754[3780] - EC_Lab_Win11 - INFO - attempting to open EC_Lab_Win11, trial 1 in 3 times...
2026-02-18 17:14:24,989[3780] - EC_Lab_Win11 - INFO - not in software yet
2026-02-18 17:14:25,309[3780] - EC_Lab_Win11 - INFO - attempting to open EC_Lab_Win11, trial 2 in 3 times...
2026-02-18 17:18:57,564[3780] - EC_Lab_Win11 - INFO - not in software yet
2026-02-18 17:18:57,887[3780] - EC_Lab_Win11 - INFO - attempting to open EC_Lab_Win11, trial 1 in 3 times...
2026-02-18 17:19:01,130[3780] - EC_Lab_Win11 - INFO - not in software yet
2026-02-18 17:19:01,454[3780] - EC_Lab_Win11 - INFO - attempting to open EC_Lab_Win11, trial 2 in 3 times...
2026-02-18 17:32:20,652[3780] - EC_Lab_Win11 - INFO - not in software yet
2026-02-18 17:32:20,955[3780] - EC_Lab_Win11 - INFO - attempting to open EC_Lab_Win11, trial 1 in 3 times...
2026-02-18 17:32:24,179[3780] - EC_Lab_Win11 - INFO - not in software yet
2026-02-18 17:32:24,495[3780] - EC_Lab_Win11 - INFO - attempting to open EC_Lab_Win11, trial 2 in 3 times...
2026-02-18 17:35:27,117[3780] - EC_Lab_Win11 - INFO - not in software yet
2026-02-18 17:35:27,416[3780] - EC_Lab_Win11 - INFO - attempting to open EC_Lab_Win11, trial 1 in 3 times...
2026-02-18 17:35:30,650[3780] - EC_Lab_Win11 - INFO - not in software yet
2026-02-18 17:35:30,974[3780] - EC_Lab_Win11 - INFO - attempting to open EC_Lab_Win11, trial 2 in 3 times...
2026-02-18 17:43:03,099[3780] - EC_Lab_Win11 - INFO - not in software yet
2026-02-18 17:43:03,388[3780] - EC_Lab_Win11 - INFO - attempting to open EC_Lab_Win11, trial 1 in 3 times...
2026-02-18 17:43:06,614[3780] - EC_Lab_Win11 - INFO - not in software yet
2026-02-18 17:43:06,907[3780] - EC_Lab_Win11 - INFO - attempting to open EC_Lab_Win11, trial 2 in 3 times...
2026-02-18 17:45:24,954[3780] - EC_Lab_Win11 - INFO - test is complete
2026-02-18 17:45:24,954[3780] - RobotTest_AcidicPlatform - INFO - test NanoRobot_sample#4_2026-02-18_16-58-47 finished
2026-02-18 17:45:25,163[3780] - OBS_Win - INFO - not in software yet
2026-02-18 17:45:25,465[3780] - OBS_Win - INFO - attempting to open OBS_Win, trial 1 in 3 times...
2026-02-18 17:45:28,987[3780] - OBS_Win - INFO - OBS_Win started
2026-02-18 17:45:28,987[3780] - RobotTest_AcidicPlatform - INFO - unloading the sample to rack_id #4...
2026-02-18 17:46:26,694[3780] - RobotTest_AcidicPlatform - INFO - sample successfully unloaded from the cell
2026-02-18 17:46:30,239[3780] - OBS_Win - INFO - OBS_Win stopped
2026-02-18 17:46:30,639[3780] - OBS_Win - WARNING - cannot find ['OBS_start_record.png'] on screen
2026-02-18 17:46:33,966[3780] - OBS_Win - INFO - OBS_Win started
2026-02-18 17:46:33,966[3780] - RobotTest_AcidicPlatform - INFO - loading the sample from rack_id #5...
2026-02-18 17:47:07,988[3780] - RobotTest_AcidicPlatform - INFO - sample successfully loaded into the cell
2026-02-18 17:47:08,526[3780] - OBS_Win - INFO - OBS_Win stopped
2026-02-18 17:47:11,765[3780] - EC_Lab_Win11 - INFO - not in software yet
2026-02-18 17:47:12,072[3780] - EC_Lab_Win11 - INFO - attempting to open EC_Lab_Win11, trial 1 in 3 times...
2026-02-18 18:26:15,250[3780] - EC_Lab_Win11 - INFO - test is complete
2026-02-18 18:26:15,250[3780] - RobotTest_AcidicPlatform - INFO - test NanoRobot_sample#5_2026-02-18_17-46-30 finished
2026-02-18 18:26:15,454[3780] - OBS_Win - INFO - not in software yet
2026-02-18 18:26:15,767[3780] - OBS_Win - INFO - attempting to open OBS_Win, trial 1 in 3 times...
2026-02-18 18:26:19,293[3780] - OBS_Win - INFO - OBS_Win started
2026-02-18 18:26:19,294[3780] - RobotTest_AcidicPlatform - INFO - unloading the sample to rack_id #5...
2026-02-18 18:27:16,556[3780] - RobotTest_AcidicPlatform - INFO - sample successfully unloaded from the cell
2026-02-18 18:27:20,100[3780] - OBS_Win - INFO - OBS_Win stopped
2026-02-18 18:27:20,533[3780] - OBS_Win - WARNING - cannot find ['OBS_start_record.png'] on screen
2026-02-18 18:27:23,862[3780] - OBS_Win - INFO - OBS_Win started
2026-02-18 18:27:23,862[3780] - RobotTest_AcidicPlatform - INFO - loading the sample from rack_id #6...
2026-02-18 18:27:58,318[3780] - RobotTest_AcidicPlatform - INFO - sample successfully loaded into the cell
2026-02-18 18:27:58,855[3780] - OBS_Win - INFO - OBS_Win stopped
2026-02-18 18:28:02,091[3780] - EC_Lab_Win11 - INFO - not in software yet
2026-02-18 18:28:02,402[3780] - EC_Lab_Win11 - INFO - attempting to open EC_Lab_Win11, trial 1 in 3 times...
2026-02-18 19:12:52,194[3780] - EC_Lab_Win11 - INFO - not in software yet
2026-02-18 19:12:52,496[3780] - EC_Lab_Win11 - INFO - attempting to open EC_Lab_Win11, trial 1 in 3 times...
2026-02-18 19:12:55,738[3780] - EC_Lab_Win11 - INFO - not in software yet
2026-02-18 19:12:56,056[3780] - EC_Lab_Win11 - INFO - attempting to open EC_Lab_Win11, trial 2 in 3 times...
2026-02-18 19:13:55,698[3780] - EC_Lab_Win11 - INFO - test is complete
2026-02-18 19:13:55,698[3780] - RobotTest_AcidicPlatform - INFO - test NanoRobot_sample#6_2026-02-18_18-27-20 finished
2026-02-18 19:13:55,885[3780] - OBS_Win - INFO - not in software yet
2026-02-18 19:13:56,198[3780] - OBS_Win - INFO - attempting to open OBS_Win, trial 1 in 3 times...
2026-02-18 19:13:59,726[3780] - OBS_Win - INFO - OBS_Win started
2026-02-18 19:13:59,727[3780] - RobotTest_AcidicPlatform - INFO - unloading the sample to rack_id #6...
2026-02-18 19:14:56,477[3780] - RobotTest_AcidicPlatform - INFO - sample successfully unloaded from the cell
2026-02-18 19:15:00,039[3780] - OBS_Win - INFO - OBS_Win stopped
2026-02-18 19:15:00,467[3780] - OBS_Win - WARNING - cannot find ['OBS_start_record.png'] on screen
2026-02-18 19:15:03,789[3780] - OBS_Win - INFO - OBS_Win started
2026-02-18 19:15:03,789[3780] - RobotTest_AcidicPlatform - INFO - loading the sample from rack_id #7...
2026-02-18 19:15:38,782[3780] - RobotTest_AcidicPlatform - INFO - sample successfully loaded into the cell
2026-02-18 19:15:39,319[3780] - OBS_Win - INFO - OBS_Win stopped
2026-02-18 19:15:42,556[3780] - EC_Lab_Win11 - INFO - not in software yet
2026-02-18 19:15:42,854[3780] - EC_Lab_Win11 - INFO - attempting to open EC_Lab_Win11, trial 1 in 3 times...
2026-02-18 20:01:39,987[3780] - EC_Lab_Win11 - INFO - test is complete
2026-02-18 20:01:39,987[3780] - RobotTest_AcidicPlatform - INFO - test NanoRobot_sample#7_2026-02-18_19-15-00 finished
2026-02-18 20:01:40,173[3780] - OBS_Win - INFO - not in software yet
2026-02-18 20:01:40,510[3780] - OBS_Win - INFO - attempting to open OBS_Win, trial 1 in 3 times...
2026-02-18 20:01:44,032[3780] - OBS_Win - INFO - OBS_Win started
2026-02-18 20:01:44,032[3780] - RobotTest_AcidicPlatform - INFO - unloading the sample to rack_id #7...
2026-02-18 20:02:40,658[3780] - RobotTest_AcidicPlatform - INFO - sample successfully unloaded from the cell
2026-02-18 20:02:44,211[3780] - OBS_Win - INFO - OBS_Win stopped
2026-02-18 20:02:44,623[3780] - OBS_Win - WARNING - cannot find ['OBS_start_record.png'] on screen
2026-02-18 20:02:47,950[3780] - OBS_Win - INFO - OBS_Win started
2026-02-18 20:02:47,950[3780] - RobotTest_AcidicPlatform - INFO - loading the sample from rack_id #8...
2026-02-18 20:03:23,180[3780] - RobotTest_AcidicPlatform - INFO - sample successfully loaded into the cell
2026-02-18 20:03:23,714[3780] - OBS_Win - INFO - OBS_Win stopped
2026-02-18 20:03:26,944[3780] - EC_Lab_Win11 - INFO - not in software yet
2026-02-18 20:03:27,238[3780] - EC_Lab_Win11 - INFO - attempting to open EC_Lab_Win11, trial 1 in 3 times...
2026-02-18 20:16:09,395[3780] - EC_Lab_Win11 - INFO - not in software yet
2026-02-18 20:16:09,703[3780] - EC_Lab_Win11 - INFO - attempting to open EC_Lab_Win11, trial 1 in 3 times...
2026-02-18 20:16:12,941[3780] - EC_Lab_Win11 - INFO - not in software yet
2026-02-18 20:16:13,248[3780] - EC_Lab_Win11 - INFO - attempting to open EC_Lab_Win11, trial 2 in 3 times...
2026-02-18 20:49:20,306[3780] - EC_Lab_Win11 - INFO - test is complete
2026-02-18 20:49:20,306[3780] - RobotTest_AcidicPlatform - INFO - test NanoRobot_sample#8_2026-02-18_20-02-44 finished
2026-02-18 20:49:20,509[3780] - OBS_Win - INFO - not in software yet
2026-02-18 20:49:20,850[3780] - OBS_Win - INFO - attempting to open OBS_Win, trial 1 in 3 times...
2026-02-18 20:49:24,372[3780] - OBS_Win - INFO - OBS_Win started
2026-02-18 20:49:24,372[3780] - RobotTest_AcidicPlatform - INFO - unloading the sample to rack_id #8...
2026-02-18 20:50:21,469[3780] - RobotTest_AcidicPlatform - INFO - sample successfully unloaded from the cell
2026-02-18 20:50:25,008[3780] - OBS_Win - INFO - OBS_Win stopped
2026-02-18 20:50:25,439[3780] - OBS_Win - WARNING - cannot find ['OBS_start_record.png'] on screen
2026-02-18 20:50:28,766[3780] - OBS_Win - INFO - OBS_Win started
2026-02-18 20:50:28,766[3780] - RobotTest_AcidicPlatform - INFO - loading the sample from rack_id #9...
2026-02-18 20:51:04,539[3780] - RobotTest_AcidicPlatform - INFO - sample successfully loaded into the cell
2026-02-18 20:51:05,056[3780] - OBS_Win - INFO - OBS_Win stopped
2026-02-18 20:51:08,280[3780] - EC_Lab_Win11 - INFO - not in software yet
2026-02-18 20:51:08,572[3780] - EC_Lab_Win11 - INFO - attempting to open EC_Lab_Win11, trial 1 in 3 times...
2026-02-18 21:10:45,429[3780] - EC_Lab_Win11 - INFO - not in software yet
2026-02-18 21:10:45,736[3780] - EC_Lab_Win11 - INFO - attempting to open EC_Lab_Win11, trial 1 in 3 times...
2026-02-18 21:10:48,975[3780] - EC_Lab_Win11 - INFO - not in software yet
2026-02-18 21:10:49,288[3780] - EC_Lab_Win11 - INFO - attempting to open EC_Lab_Win11, trial 2 in 3 times...
2026-02-18 21:27:29,979[3780] - EC_Lab_Win11 - INFO - not in software yet
2026-02-18 21:27:30,289[3780] - EC_Lab_Win11 - INFO - attempting to open EC_Lab_Win11, trial 1 in 3 times...
2026-02-18 21:27:33,524[3780] - EC_Lab_Win11 - INFO - not in software yet
2026-02-18 21:27:33,827[3780] - EC_Lab_Win11 - INFO - attempting to open EC_Lab_Win11, trial 2 in 3 times...
2026-02-18 21:37:08,962[3780] - EC_Lab_Win11 - INFO - test is complete
2026-02-18 21:37:08,962[3780] - RobotTest_AcidicPlatform - INFO - test NanoRobot_sample#9_2026-02-18_20-50-25 finished
2026-02-18 21:37:09,148[3780] - OBS_Win - INFO - not in software yet
2026-02-18 21:37:09,448[3780] - OBS_Win - INFO - attempting to open OBS_Win, trial 1 in 3 times...
2026-02-18 21:37:12,975[3780] - OBS_Win - INFO - OBS_Win started
2026-02-18 21:37:12,975[3780] - RobotTest_AcidicPlatform - INFO - unloading the sample to rack_id #9...
2026-02-18 21:38:10,436[3780] - RobotTest_AcidicPlatform - INFO - sample successfully unloaded from the cell
2026-02-18 21:38:13,989[3780] - OBS_Win - INFO - OBS_Win stopped
2026-02-18 21:38:14,422[3780] - OBS_Win - WARNING - cannot find ['OBS_start_record.png'] on screen
2026-02-18 21:38:17,743[3780] - OBS_Win - INFO - OBS_Win started
2026-02-18 21:38:17,743[3780] - RobotTest_AcidicPlatform - INFO - loading the sample from rack_id #10...
2026-02-18 21:38:53,937[3780] - RobotTest_AcidicPlatform - INFO - sample successfully loaded into the cell
2026-02-18 21:38:54,442[3780] - OBS_Win - INFO - OBS_Win stopped
2026-02-18 21:38:57,674[3780] - EC_Lab_Win11 - INFO - not in software yet
2026-02-18 21:38:57,980[3780] - EC_Lab_Win11 - INFO - attempting to open EC_Lab_Win11, trial 1 in 3 times...
2026-02-18 22:24:55,553[3780] - EC_Lab_Win11 - INFO - test is complete
2026-02-18 22:24:55,554[3780] - RobotTest_AcidicPlatform - INFO - test NanoRobot_sample#10_2026-02-18_21-38-13 finished
2026-02-18 22:24:55,739[3780] - OBS_Win - INFO - not in software yet
2026-02-18 22:24:56,067[3780] - OBS_Win - INFO - attempting to open OBS_Win, trial 1 in 3 times...
2026-02-18 22:24:59,591[3780] - OBS_Win - INFO - OBS_Win started
2026-02-18 22:24:59,591[3780] - RobotTest_AcidicPlatform - INFO - unloading the sample to rack_id #10...
2026-02-18 22:25:57,568[3780] - RobotTest_AcidicPlatform - INFO - sample successfully unloaded from the cell
2026-02-18 22:26:01,120[3780] - OBS_Win - INFO - OBS_Win stopped
2026-02-18 22:26:01,524[3780] - OBS_Win - WARNING - cannot find ['OBS_start_record.png'] on screen
2026-02-18 22:26:04,843[3780] - OBS_Win - INFO - OBS_Win started
2026-02-18 22:26:04,843[3780] - RobotTest_AcidicPlatform - INFO - loading the sample from rack_id #11...
2026-02-18 22:26:41,473[3780] - RobotTest_AcidicPlatform - INFO - sample successfully loaded into the cell
2026-02-18 22:26:42,006[3780] - OBS_Win - INFO - OBS_Win stopped
2026-02-18 22:26:45,234[3780] - EC_Lab_Win11 - INFO - not in software yet
2026-02-18 22:26:45,536[3780] - EC_Lab_Win11 - INFO - attempting to open EC_Lab_Win11, trial 1 in 3 times...
2026-02-18 23:12:43,260[3780] - EC_Lab_Win11 - INFO - test is complete
2026-02-18 23:12:43,261[3780] - RobotTest_AcidicPlatform - INFO - test NanoRobot_sample#11_2026-02-18_22-26-01 finished
2026-02-18 23:12:43,448[3780] - OBS_Win - INFO - not in software yet
2026-02-18 23:12:43,778[3780] - OBS_Win - INFO - attempting to open OBS_Win, trial 1 in 3 times...
2026-02-18 23:12:47,310[3780] - OBS_Win - INFO - OBS_Win started
2026-02-18 23:12:47,310[3780] - RobotTest_AcidicPlatform - INFO - unloading the sample to rack_id #11...
2026-02-18 23:13:45,635[3780] - RobotTest_AcidicPlatform - INFO - sample successfully unloaded from the cell
2026-02-18 23:13:49,174[3780] - OBS_Win - INFO - OBS_Win stopped
2026-02-18 23:13:49,591[3780] - OBS_Win - WARNING - cannot find ['OBS_start_record.png'] on screen
2026-02-18 23:13:52,919[3780] - OBS_Win - INFO - OBS_Win started
2026-02-18 23:13:52,919[3780] - RobotTest_AcidicPlatform - INFO - loading the sample from rack_id #12...
2026-02-18 23:14:30,106[3780] - RobotTest_AcidicPlatform - INFO - sample successfully loaded into the cell
2026-02-18 23:14:30,628[3780] - OBS_Win - INFO - OBS_Win stopped
2026-02-18 23:14:33,871[3780] - EC_Lab_Win11 - INFO - not in software yet
2026-02-18 23:14:34,176[3780] - EC_Lab_Win11 - INFO - attempting to open EC_Lab_Win11, trial 1 in 3 times...
2026-02-19 00:00:32,203[3780] - EC_Lab_Win11 - INFO - test is complete
2026-02-19 00:00:32,203[3780] - RobotTest_AcidicPlatform - INFO - test NanoRobot_sample#12_2026-02-18_23-13-49 finished
2026-02-19 00:00:32,399[3780] - OBS_Win - INFO - not in software yet
2026-02-19 00:00:32,718[3780] - OBS_Win - INFO - attempting to open OBS_Win, trial 1 in 3 times...
2026-02-19 00:00:36,257[3780] - OBS_Win - INFO - OBS_Win started
2026-02-19 00:00:36,257[3780] - RobotTest_AcidicPlatform - INFO - unloading the sample to rack_id #12...
2026-02-19 00:01:35,202[3780] - RobotTest_AcidicPlatform - INFO - sample successfully unloaded from the cell
2026-02-19 00:01:38,744[3780] - OBS_Win - INFO - OBS_Win stopped
2026-02-19 00:01:39,162[3780] - OBS_Win - WARNING - cannot find ['OBS_start_record.png'] on screen
2026-02-19 00:01:42,485[3780] - OBS_Win - INFO - OBS_Win started
2026-02-19 00:01:42,485[3780] - RobotTest_AcidicPlatform - INFO - loading the sample from rack_id #13...
2026-02-19 00:02:19,949[3780] - RobotTest_AcidicPlatform - INFO - sample successfully loaded into the cell
2026-02-19 00:02:20,503[3780] - OBS_Win - INFO - OBS_Win stopped
2026-02-19 00:02:23,732[3780] - EC_Lab_Win11 - INFO - not in software yet
2026-02-19 00:02:24,028[3780] - EC_Lab_Win11 - INFO - attempting to open EC_Lab_Win11, trial 1 in 3 times...
2026-02-19 00:48:21,883[3780] - EC_Lab_Win11 - INFO - test is complete
2026-02-19 00:48:21,883[3780] - RobotTest_AcidicPlatform - INFO - test NanoRobot_sample#13_2026-02-19_00-01-38 finished
2026-02-19 00:48:22,069[3780] - OBS_Win - INFO - not in software yet
2026-02-19 00:48:22,371[3780] - OBS_Win - INFO - attempting to open OBS_Win, trial 1 in 3 times...
2026-02-19 00:48:25,894[3780] - OBS_Win - INFO - OBS_Win started
2026-02-19 00:48:25,894[3780] - RobotTest_AcidicPlatform - INFO - unloading the sample to rack_id #13...
2026-02-19 00:49:25,081[3780] - RobotTest_AcidicPlatform - INFO - sample successfully unloaded from the cell
2026-02-19 00:49:28,623[3780] - OBS_Win - INFO - OBS_Win stopped
2026-02-19 20:54:09,500[1732] - RobotTest_AcidicPlatform - INFO - started a batch of test, with sample_rack_id : sample_id = {1: 1, 2: 2, 3: 3, 4: 4, 5: 5, 6: 6, 7: 7, 8: 8, 9: 9, 10: 10, 11: 11, 12: 12, 13: 13, 14: 14, 15: 15, 16: 16}
2026-02-19 20:54:15,510[1732] - OBS_Win - INFO - not in software yet
2026-02-19 20:54:15,844[1732] - OBS_Win - INFO - attempting to open OBS_Win, trial 1 in 3 times...
2026-02-19 20:54:19,386[1732] - OBS_Win - INFO - OBS_Win started
2026-02-19 20:54:19,386[1732] - RobotTest_AcidicPlatform - INFO - loading the sample from rack_id #1...
2026-02-19 20:54:58,522[1732] - RobotTest_AcidicPlatform - INFO - sample successfully loaded into the cell
2026-02-19 20:54:59,103[1732] - OBS_Win - INFO - OBS_Win stopped
2026-02-19 20:55:02,340[1732] - EC_Lab_Win11 - INFO - not in software yet
2026-02-19 20:55:02,647[1732] - EC_Lab_Win11 - INFO - attempting to open EC_Lab_Win11, trial 1 in 3 times...
2026-02-19 21:31:17,815[1732] - EC_Lab_Win11 - INFO - not in software yet
2026-02-19 21:31:18,117[1732] - EC_Lab_Win11 - INFO - attempting to open EC_Lab_Win11, trial 1 in 3 times...
2026-02-19 21:31:21,363[1732] - EC_Lab_Win11 - INFO - not in software yet
2026-02-19 21:31:21,681[1732] - EC_Lab_Win11 - INFO - attempting to open EC_Lab_Win11, trial 2 in 3 times...
2026-02-19 21:40:57,053[1732] - EC_Lab_Win11 - INFO - test is complete
2026-02-19 21:40:57,053[1732] - RobotTest_AcidicPlatform - INFO - test NanoRobot_sample#1_2026-02-19_20-54-15 finished
2026-02-19 21:40:57,235[1732] - OBS_Win - INFO - not in software yet
2026-02-19 21:40:57,557[1732] - OBS_Win - INFO - attempting to open OBS_Win, trial 1 in 3 times...
2026-02-19 21:41:01,078[1732] - OBS_Win - INFO - OBS_Win started
2026-02-19 21:41:01,078[1732] - RobotTest_AcidicPlatform - INFO - unloading the sample to rack_id #1...
2026-02-19 21:42:00,003[1732] - RobotTest_AcidicPlatform - INFO - sample successfully unloaded from the cell
2026-02-19 21:42:03,566[1732] - OBS_Win - INFO - OBS_Win stopped
2026-02-19 21:42:03,970[1732] - OBS_Win - WARNING - cannot find ['OBS_start_record.png'] on screen
2026-02-19 21:42:07,293[1732] - OBS_Win - INFO - OBS_Win started
2026-02-19 21:42:07,293[1732] - RobotTest_AcidicPlatform - INFO - loading the sample from rack_id #2...
2026-02-19 21:42:40,023[1732] - RobotTest_AcidicPlatform - INFO - sample successfully loaded into the cell
2026-02-19 21:42:40,558[1732] - OBS_Win - INFO - OBS_Win stopped
2026-02-19 21:42:43,775[1732] - EC_Lab_Win11 - INFO - not in software yet
2026-02-19 21:42:44,064[1732] - EC_Lab_Win11 - INFO - attempting to open EC_Lab_Win11, trial 1 in 3 times...
2026-02-19 22:28:41,624[1732] - EC_Lab_Win11 - INFO - test is complete
2026-02-19 22:28:41,624[1732] - RobotTest_AcidicPlatform - INFO - test NanoRobot_sample#2_2026-02-19_21-42-03 finished
2026-02-19 22:28:41,807[1732] - OBS_Win - INFO - not in software yet
2026-02-19 22:28:42,122[1732] - OBS_Win - INFO - attempting to open OBS_Win, trial 1 in 3 times...
2026-02-19 22:28:45,658[1732] - OBS_Win - INFO - OBS_Win started
2026-02-19 22:28:45,658[1732] - RobotTest_AcidicPlatform - INFO - unloading the sample to rack_id #2...
2026-02-19 22:29:44,130[1732] - RobotTest_AcidicPlatform - INFO - sample successfully unloaded from the cell
2026-02-19 22:29:47,707[1732] - OBS_Win - INFO - OBS_Win stopped
2026-02-19 22:29:48,129[1732] - OBS_Win - WARNING - cannot find ['OBS_start_record.png'] on screen
2026-02-19 22:29:51,448[1732] - OBS_Win - INFO - OBS_Win started
2026-02-19 22:29:51,448[1732] - RobotTest_AcidicPlatform - INFO - loading the sample from rack_id #3...
2026-02-19 22:30:24,676[1732] - RobotTest_AcidicPlatform - INFO - sample successfully loaded into the cell
2026-02-19 22:30:25,211[1732] - OBS_Win - INFO - OBS_Win stopped
2026-02-19 22:30:28,446[1732] - EC_Lab_Win11 - INFO - not in software yet
2026-02-19 22:30:28,740[1732] - EC_Lab_Win11 - INFO - attempting to open EC_Lab_Win11, trial 1 in 3 times...
2026-02-19 23:16:25,714[1732] - EC_Lab_Win11 - INFO - test is complete
2026-02-19 23:16:25,714[1732] - RobotTest_AcidicPlatform - INFO - test NanoRobot_sample#3_2026-02-19_22-29-47 finished
2026-02-19 23:16:25,914[1732] - OBS_Win - INFO - not in software yet
2026-02-19 23:16:26,261[1732] - OBS_Win - INFO - attempting to open OBS_Win, trial 1 in 3 times...
2026-02-19 23:16:29,785[1732] - OBS_Win - INFO - OBS_Win started
2026-02-19 23:16:29,785[1732] - RobotTest_AcidicPlatform - INFO - unloading the sample to rack_id #3...
2026-02-19 23:17:27,893[1732] - RobotTest_AcidicPlatform - INFO - sample successfully unloaded from the cell
2026-02-19 23:17:31,452[1732] - OBS_Win - INFO - OBS_Win stopped
2026-02-19 23:17:31,888[1732] - OBS_Win - WARNING - cannot find ['OBS_start_record.png'] on screen
2026-02-19 23:17:35,212[1732] - OBS_Win - INFO - OBS_Win started
2026-02-19 23:17:35,212[1732] - RobotTest_AcidicPlatform - INFO - loading the sample from rack_id #4...
2026-02-19 23:18:08,577[1732] - RobotTest_AcidicPlatform - INFO - sample successfully loaded into the cell
2026-02-19 23:18:09,127[1732] - OBS_Win - INFO - OBS_Win stopped
2026-02-19 23:18:12,364[1732] - EC_Lab_Win11 - INFO - not in software yet
2026-02-19 23:18:12,661[1732] - EC_Lab_Win11 - INFO - attempting to open EC_Lab_Win11, trial 1 in 3 times...
2026-02-20 00:04:09,532[1732] - EC_Lab_Win11 - INFO - test is complete
2026-02-20 00:04:09,532[1732] - RobotTest_AcidicPlatform - INFO - test NanoRobot_sample#4_2026-02-19_23-17-31 finished
2026-02-20 00:04:09,719[1732] - OBS_Win - INFO - not in software yet
2026-02-20 00:04:10,030[1732] - OBS_Win - INFO - attempting to open OBS_Win, trial 1 in 3 times...
2026-02-20 00:04:13,561[1732] - OBS_Win - INFO - OBS_Win started
2026-02-20 00:04:13,561[1732] - RobotTest_AcidicPlatform - INFO - unloading the sample to rack_id #4...
2026-02-20 00:05:11,318[1732] - RobotTest_AcidicPlatform - INFO - sample successfully unloaded from the cell
2026-02-20 00:05:14,894[1732] - OBS_Win - INFO - OBS_Win stopped
2026-02-20 00:05:15,303[1732] - OBS_Win - WARNING - cannot find ['OBS_start_record.png'] on screen
2026-02-20 00:05:18,644[1732] - OBS_Win - INFO - OBS_Win started
2026-02-20 00:05:18,644[1732] - RobotTest_AcidicPlatform - INFO - loading the sample from rack_id #5...
2026-02-20 00:05:52,758[1732] - RobotTest_AcidicPlatform - INFO - sample successfully loaded into the cell
2026-02-20 00:05:53,276[1732] - OBS_Win - INFO - OBS_Win stopped
2026-02-20 00:05:56,506[1732] - EC_Lab_Win11 - INFO - not in software yet
2026-02-20 00:05:56,809[1732] - EC_Lab_Win11 - INFO - attempting to open EC_Lab_Win11, trial 1 in 3 times...
2026-02-20 00:51:53,921[1732] - EC_Lab_Win11 - INFO - test is complete
2026-02-20 00:51:53,921[1732] - RobotTest_AcidicPlatform - INFO - test NanoRobot_sample#5_2026-02-20_00-05-14 finished
2026-02-20 00:51:54,108[1732] - OBS_Win - INFO - not in software yet
2026-02-20 00:51:54,435[1732] - OBS_Win - INFO - attempting to open OBS_Win, trial 1 in 3 times...
2026-02-20 00:51:57,946[1732] - OBS_Win - INFO - OBS_Win started
2026-02-20 00:51:57,946[1732] - RobotTest_AcidicPlatform - INFO - unloading the sample to rack_id #5...
2026-02-20 00:52:55,275[1732] - RobotTest_AcidicPlatform - INFO - sample successfully unloaded from the cell
2026-02-20 00:52:58,835[1732] - OBS_Win - INFO - OBS_Win stopped
2026-02-20 00:52:59,235[1732] - OBS_Win - WARNING - cannot find ['OBS_start_record.png'] on screen
2026-02-20 00:53:02,555[1732] - OBS_Win - INFO - OBS_Win started
2026-02-20 00:53:02,555[1732] - RobotTest_AcidicPlatform - INFO - loading the sample from rack_id #6...
2026-02-20 00:53:37,098[1732] - RobotTest_AcidicPlatform - INFO - sample successfully loaded into the cell
2026-02-20 00:53:37,634[1732] - OBS_Win - INFO - OBS_Win stopped
2026-02-20 00:53:40,859[1732] - EC_Lab_Win11 - INFO - not in software yet
2026-02-20 00:53:41,165[1732] - EC_Lab_Win11 - INFO - attempting to open EC_Lab_Win11, trial 1 in 3 times...
2026-02-20 01:39:38,442[1732] - EC_Lab_Win11 - INFO - test is complete
2026-02-20 01:39:38,442[1732] - RobotTest_AcidicPlatform - INFO - test NanoRobot_sample#6_2026-02-20_00-52-58 finished
2026-02-20 01:39:38,626[1732] - OBS_Win - INFO - not in software yet
2026-02-20 01:39:38,937[1732] - OBS_Win - INFO - attempting to open OBS_Win, trial 1 in 3 times...
2026-02-20 01:39:42,473[1732] - OBS_Win - INFO - OBS_Win started
2026-02-20 01:39:42,473[1732] - RobotTest_AcidicPlatform - INFO - unloading the sample to rack_id #6...
2026-02-20 01:40:39,274[1732] - RobotTest_AcidicPlatform - INFO - sample successfully unloaded from the cell
2026-02-20 01:40:42,814[1732] - OBS_Win - INFO - OBS_Win stopped
2026-02-20 01:40:43,229[1732] - OBS_Win - WARNING - cannot find ['OBS_start_record.png'] on screen
2026-02-20 01:40:46,548[1732] - OBS_Win - INFO - OBS_Win started
2026-02-20 01:40:46,548[1732] - RobotTest_AcidicPlatform - INFO - loading the sample from rack_id #7...
2026-02-20 01:41:21,446[1732] - RobotTest_AcidicPlatform - INFO - sample successfully loaded into the cell
2026-02-20 01:41:21,994[1732] - OBS_Win - INFO - OBS_Win stopped
2026-02-20 01:41:25,232[1732] - EC_Lab_Win11 - INFO - not in software yet
2026-02-20 01:41:25,538[1732] - EC_Lab_Win11 - INFO - attempting to open EC_Lab_Win11, trial 1 in 3 times...
2026-02-20 02:20:28,197[1732] - EC_Lab_Win11 - INFO - test is complete
2026-02-20 02:20:28,197[1732] - RobotTest_AcidicPlatform - INFO - test NanoRobot_sample#7_2026-02-20_01-40-42 finished
2026-02-20 02:20:28,385[1732] - OBS_Win - INFO - not in software yet
2026-02-20 02:20:28,686[1732] - OBS_Win - INFO - attempting to open OBS_Win, trial 1 in 3 times...
2026-02-20 02:20:32,213[1732] - OBS_Win - INFO - OBS_Win started
2026-02-20 02:20:32,213[1732] - RobotTest_AcidicPlatform - INFO - unloading the sample to rack_id #7...
2026-02-20 02:21:28,840[1732] - RobotTest_AcidicPlatform - INFO - sample successfully unloaded from the cell
2026-02-20 02:21:32,405[1732] - OBS_Win - INFO - OBS_Win stopped
2026-02-20 02:21:32,830[1732] - OBS_Win - WARNING - cannot find ['OBS_start_record.png'] on screen
2026-02-20 02:21:36,133[1732] - OBS_Win - INFO - OBS_Win started
2026-02-20 02:21:36,133[1732] - RobotTest_AcidicPlatform - INFO - loading the sample from rack_id #8...
2026-02-20 02:22:11,582[1732] - RobotTest_AcidicPlatform - INFO - sample successfully loaded into the cell
2026-02-20 02:22:12,118[1732] - OBS_Win - INFO - OBS_Win stopped
2026-02-20 02:22:15,362[1732] - EC_Lab_Win11 - INFO - not in software yet
2026-02-20 02:22:15,669[1732] - EC_Lab_Win11 - INFO - attempting to open EC_Lab_Win11, trial 1 in 3 times...
2026-02-20 03:08:13,035[1732] - EC_Lab_Win11 - INFO - test is complete
2026-02-20 03:08:13,036[1732] - RobotTest_AcidicPlatform - INFO - test NanoRobot_sample#8_2026-02-20_02-21-32 finished
2026-02-20 03:08:13,229[1732] - OBS_Win - INFO - not in software yet
2026-02-20 03:08:13,553[1732] - OBS_Win - INFO - attempting to open OBS_Win, trial 1 in 3 times...
2026-02-20 03:08:17,091[1732] - OBS_Win - INFO - OBS_Win started
2026-02-20 03:08:17,091[1732] - RobotTest_AcidicPlatform - INFO - unloading the sample to rack_id #8...
2026-02-20 03:09:14,214[1732] - RobotTest_AcidicPlatform - INFO - sample successfully unloaded from the cell
2026-02-20 03:09:17,745[1732] - OBS_Win - INFO - OBS_Win stopped
2026-02-20 03:09:18,155[1732] - OBS_Win - WARNING - cannot find ['OBS_start_record.png'] on screen
2026-02-20 03:09:21,492[1732] - OBS_Win - INFO - OBS_Win started
2026-02-20 03:09:21,492[1732] - RobotTest_AcidicPlatform - INFO - loading the sample from rack_id #9...
2026-02-20 03:09:57,328[1732] - RobotTest_AcidicPlatform - INFO - sample successfully loaded into the cell
2026-02-20 03:09:57,882[1732] - OBS_Win - INFO - OBS_Win stopped
2026-02-20 03:10:01,111[1732] - EC_Lab_Win11 - INFO - not in software yet
2026-02-20 03:10:01,409[1732] - EC_Lab_Win11 - INFO - attempting to open EC_Lab_Win11, trial 1 in 3 times...
2026-02-20 03:55:58,376[1732] - EC_Lab_Win11 - INFO - test is complete
2026-02-20 03:55:58,376[1732] - RobotTest_AcidicPlatform - INFO - test NanoRobot_sample#9_2026-02-20_03-09-17 finished
2026-02-20 03:55:58,562[1732] - OBS_Win - INFO - not in software yet
2026-02-20 03:55:58,876[1732] - OBS_Win - INFO - attempting to open OBS_Win, trial 1 in 3 times...
2026-02-20 03:56:02,400[1732] - OBS_Win - INFO - OBS_Win started
2026-02-20 03:56:02,400[1732] - RobotTest_AcidicPlatform - INFO - unloading the sample to rack_id #9...
2026-02-20 03:56:59,963[1732] - RobotTest_AcidicPlatform - INFO - sample successfully unloaded from the cell
2026-02-20 03:57:03,504[1732] - OBS_Win - INFO - OBS_Win stopped
2026-02-20 03:57:03,914[1732] - OBS_Win - WARNING - cannot find ['OBS_start_record.png'] on screen
2026-02-20 03:57:07,240[1732] - OBS_Win - INFO - OBS_Win started
2026-02-20 03:57:07,240[1732] - RobotTest_AcidicPlatform - INFO - loading the sample from rack_id #10...
2026-02-20 03:57:43,419[1732] - RobotTest_AcidicPlatform - INFO - sample successfully loaded into the cell
2026-02-20 03:57:43,950[1732] - OBS_Win - INFO - OBS_Win stopped
2026-02-20 03:57:47,184[1732] - EC_Lab_Win11 - INFO - not in software yet
2026-02-20 03:57:47,477[1732] - EC_Lab_Win11 - INFO - attempting to open EC_Lab_Win11, trial 1 in 3 times...
2026-02-20 04:43:44,785[1732] - EC_Lab_Win11 - INFO - test is complete
2026-02-20 04:43:44,785[1732] - RobotTest_AcidicPlatform - INFO - test NanoRobot_sample#10_2026-02-20_03-57-03 finished
2026-02-20 04:43:44,979[1732] - OBS_Win - INFO - not in software yet
2026-02-20 04:43:45,294[1732] - OBS_Win - INFO - attempting to open OBS_Win, trial 1 in 3 times...
2026-02-20 04:43:48,830[1732] - OBS_Win - INFO - OBS_Win started
2026-02-20 04:43:48,830[1732] - RobotTest_AcidicPlatform - INFO - unloading the sample to rack_id #10...
2026-02-20 04:44:46,874[1732] - RobotTest_AcidicPlatform - INFO - sample successfully unloaded from the cell
2026-02-20 04:44:50,449[1732] - OBS_Win - INFO - OBS_Win stopped
2026-02-20 04:44:50,885[1732] - OBS_Win - WARNING - cannot find ['OBS_start_record.png'] on screen
2026-02-20 04:44:54,211[1732] - OBS_Win - INFO - OBS_Win started
2026-02-20 04:44:54,211[1732] - RobotTest_AcidicPlatform - INFO - loading the sample from rack_id #11...
2026-02-20 04:45:30,733[1732] - RobotTest_AcidicPlatform - INFO - sample successfully loaded into the cell
2026-02-20 04:45:31,281[1732] - OBS_Win - INFO - OBS_Win stopped
2026-02-20 04:45:34,512[1732] - EC_Lab_Win11 - INFO - not in software yet
2026-02-20 04:45:34,815[1732] - EC_Lab_Win11 - INFO - attempting to open EC_Lab_Win11, trial 1 in 3 times...
2026-02-20 05:31:32,194[1732] - EC_Lab_Win11 - INFO - test is complete
2026-02-20 05:31:32,194[1732] - RobotTest_AcidicPlatform - INFO - test NanoRobot_sample#11_2026-02-20_04-44-50 finished
2026-02-20 05:31:32,378[1732] - OBS_Win - INFO - not in software yet
2026-02-20 05:31:32,693[1732] - OBS_Win - INFO - attempting to open OBS_Win, trial 1 in 3 times...
2026-02-20 05:31:36,226[1732] - OBS_Win - INFO - OBS_Win started
2026-02-20 05:31:36,226[1732] - RobotTest_AcidicPlatform - INFO - unloading the sample to rack_id #11...
2026-02-20 05:32:34,516[1732] - RobotTest_AcidicPlatform - INFO - sample successfully unloaded from the cell
2026-02-20 05:32:38,057[1732] - OBS_Win - INFO - OBS_Win stopped
2026-02-20 05:32:38,462[1732] - OBS_Win - WARNING - cannot find ['OBS_start_record.png'] on screen
2026-02-20 05:32:41,795[1732] - OBS_Win - INFO - OBS_Win started
2026-02-20 05:32:41,795[1732] - RobotTest_AcidicPlatform - INFO - loading the sample from rack_id #12...
2026-02-20 05:33:18,907[1732] - RobotTest_AcidicPlatform - INFO - sample successfully loaded into the cell
2026-02-20 05:33:19,441[1732] - OBS_Win - INFO - OBS_Win stopped
2026-02-20 05:33:22,671[1732] - EC_Lab_Win11 - INFO - not in software yet
2026-02-20 05:33:22,964[1732] - EC_Lab_Win11 - INFO - attempting to open EC_Lab_Win11, trial 1 in 3 times...
2026-02-20 06:19:20,267[1732] - EC_Lab_Win11 - INFO - test is complete
2026-02-20 06:19:20,268[1732] - RobotTest_AcidicPlatform - INFO - test NanoRobot_sample#12_2026-02-20_05-32-38 finished
2026-02-20 06:19:20,450[1732] - OBS_Win - INFO - not in software yet
2026-02-20 06:19:20,756[1732] - OBS_Win - INFO - attempting to open OBS_Win, trial 1 in 3 times...
2026-02-20 06:19:24,280[1732] - OBS_Win - INFO - OBS_Win started
2026-02-20 06:19:24,280[1732] - RobotTest_AcidicPlatform - INFO - unloading the sample to rack_id #12...
2026-02-20 06:20:23,211[1732] - RobotTest_AcidicPlatform - INFO - sample successfully unloaded from the cell
2026-02-20 06:20:26,766[1732] - OBS_Win - INFO - OBS_Win stopped
2026-02-20 06:20:27,184[1732] - OBS_Win - WARNING - cannot find ['OBS_start_record.png'] on screen
2026-02-20 06:20:30,502[1732] - OBS_Win - INFO - OBS_Win started
2026-02-20 06:20:30,502[1732] - RobotTest_AcidicPlatform - INFO - loading the sample from rack_id #13...
2026-02-20 06:21:08,032[1732] - RobotTest_AcidicPlatform - INFO - sample successfully loaded into the cell
2026-02-20 06:21:08,551[1732] - OBS_Win - INFO - OBS_Win stopped
2026-02-20 06:21:11,796[1732] - EC_Lab_Win11 - INFO - not in software yet
2026-02-20 06:21:12,084[1732] - EC_Lab_Win11 - INFO - attempting to open EC_Lab_Win11, trial 1 in 3 times...
2026-02-20 07:07:09,475[1732] - EC_Lab_Win11 - INFO - test is complete
2026-02-20 07:07:09,476[1732] - RobotTest_AcidicPlatform - INFO - test NanoRobot_sample#13_2026-02-20_06-20-26 finished
2026-02-20 07:07:09,662[1732] - OBS_Win - INFO - not in software yet
2026-02-20 07:07:09,967[1732] - OBS_Win - INFO - attempting to open OBS_Win, trial 1 in 3 times...
2026-02-20 07:07:13,502[1732] - OBS_Win - INFO - OBS_Win started
2026-02-20 07:07:13,502[1732] - RobotTest_AcidicPlatform - INFO - unloading the sample to rack_id #13...
2026-02-20 07:08:12,817[1732] - RobotTest_AcidicPlatform - INFO - sample successfully unloaded from the cell
2026-02-20 07:08:16,394[1732] - OBS_Win - INFO - OBS_Win stopped
2026-02-20 07:08:16,818[1732] - OBS_Win - WARNING - cannot find ['OBS_start_record.png'] on screen
2026-02-20 07:08:20,132[1732] - OBS_Win - INFO - OBS_Win started
2026-02-20 07:08:20,132[1732] - RobotTest_AcidicPlatform - INFO - loading the sample from rack_id #14...
2026-02-20 07:08:57,998[1732] - RobotTest_AcidicPlatform - INFO - sample successfully loaded into the cell
2026-02-20 07:08:58,532[1732] - OBS_Win - INFO - OBS_Win stopped
2026-02-20 07:09:01,777[1732] - EC_Lab_Win11 - INFO - not in software yet
2026-02-20 07:09:02,096[1732] - EC_Lab_Win11 - INFO - attempting to open EC_Lab_Win11, trial 1 in 3 times...
2026-02-20 07:54:59,434[1732] - EC_Lab_Win11 - INFO - test is complete
2026-02-20 07:54:59,434[1732] - RobotTest_AcidicPlatform - INFO - test NanoRobot_sample#14_2026-02-20_07-08-16 finished
2026-02-20 07:54:59,624[1732] - OBS_Win - INFO - not in software yet
2026-02-20 07:54:59,928[1732] - OBS_Win - INFO - attempting to open OBS_Win, trial 1 in 3 times...
2026-02-20 07:55:03,448[1732] - OBS_Win - INFO - OBS_Win started
2026-02-20 07:55:03,448[1732] - RobotTest_AcidicPlatform - INFO - unloading the sample to rack_id #14...
2026-02-20 07:56:03,282[1732] - RobotTest_AcidicPlatform - INFO - sample successfully unloaded from the cell
2026-02-20 07:56:06,825[1732] - OBS_Win - INFO - OBS_Win stopped
2026-02-20 07:56:07,262[1732] - OBS_Win - WARNING - cannot find ['OBS_start_record.png'] on screen
2026-02-20 07:56:10,578[1732] - OBS_Win - INFO - OBS_Win started
2026-02-20 07:56:10,578[1732] - RobotTest_AcidicPlatform - INFO - loading the sample from rack_id #15...
2026-02-20 07:56:48,781[1732] - RobotTest_AcidicPlatform - INFO - sample successfully loaded into the cell
2026-02-20 07:56:49,318[1732] - OBS_Win - INFO - OBS_Win stopped
2026-02-20 07:56:52,536[1732] - EC_Lab_Win11 - INFO - not in software yet
2026-02-20 07:56:52,823[1732] - EC_Lab_Win11 - INFO - attempting to open EC_Lab_Win11, trial 1 in 3 times...
2026-02-20 08:42:50,182[1732] - EC_Lab_Win11 - INFO - test is complete
2026-02-20 08:42:50,182[1732] - RobotTest_AcidicPlatform - INFO - test NanoRobot_sample#15_2026-02-20_07-56-06 finished
2026-02-20 08:42:50,366[1732] - OBS_Win - INFO - not in software yet
2026-02-20 08:42:50,680[1732] - OBS_Win - INFO - attempting to open OBS_Win, trial 1 in 3 times...
2026-02-20 08:42:54,216[1732] - OBS_Win - INFO - OBS_Win started
2026-02-20 08:42:54,216[1732] - RobotTest_AcidicPlatform - INFO - unloading the sample to rack_id #15...
2026-02-20 08:43:54,267[1732] - RobotTest_AcidicPlatform - INFO - sample successfully unloaded from the cell
2026-02-20 08:43:57,830[1732] - OBS_Win - INFO - OBS_Win stopped
2026-02-20 08:43:58,237[1732] - OBS_Win - WARNING - cannot find ['OBS_start_record.png'] on screen
2026-02-20 08:44:01,562[1732] - OBS_Win - INFO - OBS_Win started
2026-02-20 08:44:01,562[1732] - RobotTest_AcidicPlatform - INFO - loading the sample from rack_id #16...
2026-02-20 08:44:40,371[1732] - RobotTest_AcidicPlatform - INFO - sample successfully loaded into the cell
2026-02-20 08:44:40,918[1732] - OBS_Win - INFO - OBS_Win stopped
2026-02-20 08:44:44,148[1732] - EC_Lab_Win11 - INFO - not in software yet
2026-02-20 08:44:44,465[1732] - EC_Lab_Win11 - INFO - attempting to open EC_Lab_Win11, trial 1 in 3 times...
2026-02-20 08:53:31,613[1732] - EC_Lab_Win11 - INFO - not in software yet
2026-02-20 08:53:31,911[1732] - EC_Lab_Win11 - INFO - attempting to open EC_Lab_Win11, trial 1 in 3 times...
2026-02-20 08:53:35,139[1732] - EC_Lab_Win11 - INFO - not in software yet
2026-02-20 08:53:35,434[1732] - EC_Lab_Win11 - INFO - attempting to open EC_Lab_Win11, trial 2 in 3 times...
2026-02-20 09:30:37,871[1732] - EC_Lab_Win11 - INFO - test is complete
2026-02-20 09:30:37,872[1732] - RobotTest_AcidicPlatform - INFO - test NanoRobot_sample#16_2026-02-20_08-43-57 finished
2026-02-20 09:30:38,059[1732] - OBS_Win - INFO - not in software yet
2026-02-20 09:30:38,390[1732] - OBS_Win - INFO - attempting to open OBS_Win, trial 1 in 3 times...
2026-02-20 09:30:41,911[1732] - OBS_Win - INFO - OBS_Win started
2026-02-20 09:30:41,911[1732] - RobotTest_AcidicPlatform - INFO - unloading the sample to rack_id #16...
2026-02-20 09:31:42,319[1732] - RobotTest_AcidicPlatform - INFO - sample successfully unloaded from the cell
2026-02-20 09:31:45,884[1732] - OBS_Win - INFO - OBS_Win stopped
2026-02-20 14:43:51,233[9460] - RobotTest_AcidicPlatform - INFO - started a batch of test, with sample_rack_id : sample_id = {1: 1, 2: 2, 3: 3, 4: 4, 5: 5, 6: 6, 7: 7, 8: 8, 9: 9, 10: 10, 11: 11, 12: 12, 13: 13, 14: 14, 15: 15, 16: 16}
2026-02-20 14:43:57,256[9460] - OBS_Win - INFO - not in software yet
2026-02-20 14:43:57,597[9460] - OBS_Win - INFO - attempting to open OBS_Win, trial 1 in 3 times...
2026-02-20 14:44:01,149[9460] - OBS_Win - INFO - OBS_Win started
2026-02-20 14:44:01,149[9460] - RobotTest_AcidicPlatform - INFO - loading the sample from rack_id #1...
2026-02-20 14:44:40,297[9460] - RobotTest_AcidicPlatform - INFO - sample successfully loaded into the cell
2026-02-20 14:44:40,880[9460] - OBS_Win - INFO - OBS_Win stopped
2026-02-20 14:44:44,128[9460] - EC_Lab_Win11 - INFO - not in software yet
2026-02-20 14:44:44,444[9460] - EC_Lab_Win11 - INFO - attempting to open EC_Lab_Win11, trial 1 in 3 times...
2026-02-20 14:45:39,896[9460] - RobotTest_AcidicPlatform - INFO - human operating, fail to detect...
2026-02-20 14:45:49,902[9460] - RobotTest_AcidicPlatform - INFO - human operating, fail to detect...
2026-02-20 15:30:40,353[9460] - EC_Lab_Win11 - INFO - test is complete
2026-02-20 15:30:40,353[9460] - RobotTest_AcidicPlatform - INFO - test NanoRobot_sample#1_2026-02-20_14-43-57 finished
2026-02-20 15:30:40,537[9460] - OBS_Win - INFO - not in software yet
2026-02-20 15:30:40,845[9460] - OBS_Win - INFO - attempting to open OBS_Win, trial 1 in 3 times...
2026-02-20 15:30:44,376[9460] - OBS_Win - INFO - OBS_Win started
2026-02-20 15:30:44,376[9460] - RobotTest_AcidicPlatform - INFO - unloading the sample to rack_id #1...
2026-02-20 15:31:43,283[9460] - RobotTest_AcidicPlatform - INFO - sample successfully unloaded from the cell
2026-02-20 15:31:46,820[9460] - OBS_Win - INFO - OBS_Win stopped
2026-02-20 15:31:47,226[9460] - OBS_Win - WARNING - cannot find ['OBS_start_record.png'] on screen
2026-02-20 15:31:50,550[9460] - OBS_Win - INFO - OBS_Win started
2026-02-20 15:31:50,550[9460] - RobotTest_AcidicPlatform - INFO - loading the sample from rack_id #2...
2026-02-20 15:32:23,244[9460] - RobotTest_AcidicPlatform - INFO - sample successfully loaded into the cell
2026-02-20 15:32:23,781[9460] - OBS_Win - INFO - OBS_Win stopped
2026-02-20 15:32:27,009[9460] - EC_Lab_Win11 - INFO - not in software yet
2026-02-20 15:32:27,315[9460] - EC_Lab_Win11 - INFO - attempting to open EC_Lab_Win11, trial 1 in 3 times...
2026-02-20 15:56:10,115[9460] - RobotTest_AcidicPlatform - INFO - human operating, fail to detect...
2026-02-20 15:56:20,123[9460] - RobotTest_AcidicPlatform - INFO - human operating, fail to detect...
2026-02-20 15:56:30,134[9460] - RobotTest_AcidicPlatform - INFO - human operating, fail to detect...
2026-02-20 15:56:40,936[9460] - EC_Lab_Win11 - INFO - not in software yet
2026-02-20 15:56:41,241[9460] - EC_Lab_Win11 - INFO - attempting to open EC_Lab_Win11, trial 1 in 3 times...
2026-02-20 15:56:44,480[9460] - EC_Lab_Win11 - INFO - not in software yet
2026-02-20 15:56:44,794[9460] - EC_Lab_Win11 - INFO - attempting to open EC_Lab_Win11, trial 2 in 3 times...
2026-02-20 16:13:14,743[9460] - EC_Lab_Win11 - INFO - not in software yet
2026-02-20 16:13:15,046[9460] - EC_Lab_Win11 - INFO - attempting to open EC_Lab_Win11, trial 1 in 3 times...
2026-02-20 16:13:18,268[9460] - EC_Lab_Win11 - INFO - not in software yet
2026-02-20 16:13:18,583[9460] - EC_Lab_Win11 - INFO - attempting to open EC_Lab_Win11, trial 2 in 3 times...
2026-02-20 16:18:24,862[9460] - EC_Lab_Win11 - INFO - test is complete
2026-02-20 16:18:24,862[9460] - RobotTest_AcidicPlatform - INFO - test NanoRobot_sample#2_2026-02-20_15-31-46 finished
2026-02-20 16:18:25,060[9460] - OBS_Win - INFO - not in software yet
2026-02-20 16:18:25,362[9460] - OBS_Win - INFO - attempting to open OBS_Win, trial 1 in 3 times...
2026-02-20 16:18:28,898[9460] - OBS_Win - INFO - OBS_Win started
2026-02-20 16:18:28,898[9460] - RobotTest_AcidicPlatform - INFO - unloading the sample to rack_id #2...
2026-02-20 16:19:27,372[9460] - RobotTest_AcidicPlatform - INFO - sample successfully unloaded from the cell
2026-02-20 16:19:30,894[9460] - OBS_Win - INFO - OBS_Win stopped
2026-02-20 16:19:31,310[9460] - OBS_Win - WARNING - cannot find ['OBS_start_record.png'] on screen
2026-02-20 16:19:34,632[9460] - OBS_Win - INFO - OBS_Win started
2026-02-20 16:19:34,632[9460] - RobotTest_AcidicPlatform - INFO - loading the sample from rack_id #3...
2026-02-20 16:20:07,913[9460] - RobotTest_AcidicPlatform - INFO - sample successfully loaded into the cell
2026-02-20 16:20:08,433[9460] - OBS_Win - INFO - OBS_Win stopped
2026-02-20 16:20:11,667[9460] - EC_Lab_Win11 - INFO - not in software yet
2026-02-20 16:20:11,969[9460] - EC_Lab_Win11 - INFO - attempting to open EC_Lab_Win11, trial 1 in 3 times...
2026-02-20 17:06:10,196[9460] - EC_Lab_Win11 - INFO - test is complete
2026-02-20 17:06:10,196[9460] - RobotTest_AcidicPlatform - INFO - test NanoRobot_sample#3_2026-02-20_16-19-30 finished
2026-02-20 17:06:10,386[9460] - OBS_Win - INFO - not in software yet
2026-02-20 17:06:10,695[9460] - OBS_Win - INFO - attempting to open OBS_Win, trial 1 in 3 times...
2026-02-20 17:06:14,206[9460] - OBS_Win - INFO - OBS_Win started
2026-02-20 17:06:14,206[9460] - RobotTest_AcidicPlatform - INFO - unloading the sample to rack_id #3...
2026-02-20 17:07:12,296[9460] - RobotTest_AcidicPlatform - INFO - sample successfully unloaded from the cell
2026-02-20 17:07:15,520[9460] - OBS_Win - INFO - not in software yet
2026-02-20 17:07:15,835[9460] - OBS_Win - INFO - attempting to open OBS_Win, trial 1 in 3 times...
2026-02-20 17:07:19,040[9460] - OBS_Win - INFO - not in software yet
2026-02-20 17:07:19,352[9460] - OBS_Win - INFO - attempting to open OBS_Win, trial 2 in 3 times...
2026-02-20 17:07:22,918[9460] - OBS_Win - INFO - OBS_Win stopped
2026-02-20 17:07:23,322[9460] - OBS_Win - WARNING - cannot find ['OBS_start_record.png'] on screen
2026-02-20 17:07:26,648[9460] - OBS_Win - INFO - OBS_Win started
2026-02-20 17:07:26,648[9460] - RobotTest_AcidicPlatform - INFO - loading the sample from rack_id #4...
2026-02-20 17:08:00,011[9460] - RobotTest_AcidicPlatform - INFO - sample successfully loaded into the cell
2026-02-20 17:08:00,561[9460] - OBS_Win - INFO - OBS_Win stopped
2026-02-20 17:08:03,794[9460] - EC_Lab_Win11 - INFO - not in software yet
2026-02-20 17:08:04,095[9460] - EC_Lab_Win11 - INFO - attempting to open EC_Lab_Win11, trial 1 in 3 times...
2026-02-20 17:09:22,784[9460] - EC_Lab_Win11 - INFO - not in software yet
2026-02-20 17:09:23,085[9460] - EC_Lab_Win11 - INFO - attempting to open EC_Lab_Win11, trial 1 in 3 times...
2026-02-20 17:09:26,326[9460] - EC_Lab_Win11 - INFO - not in software yet
2026-02-20 17:09:26,636[9460] - EC_Lab_Win11 - INFO - attempting to open EC_Lab_Win11, trial 2 in 3 times...
2026-02-20 17:30:47,560[9460] - EC_Lab_Win11 - INFO - not in software yet
2026-02-20 17:30:47,865[9460] - EC_Lab_Win11 - INFO - attempting to open EC_Lab_Win11, trial 1 in 3 times...
2026-02-20 17:30:51,092[9460] - EC_Lab_Win11 - INFO - not in software yet
2026-02-20 17:30:51,424[9460] - EC_Lab_Win11 - INFO - attempting to open EC_Lab_Win11, trial 2 in 3 times...
2026-02-20 17:54:04,643[9460] - EC_Lab_Win11 - INFO - test is complete
2026-02-20 17:54:04,644[9460] - RobotTest_AcidicPlatform - INFO - test NanoRobot_sample#4_2026-02-20_17-07-22 finished
2026-02-20 17:54:04,834[9460] - OBS_Win - INFO - not in software yet
2026-02-20 17:54:05,154[9460] - OBS_Win - INFO - attempting to open OBS_Win, trial 1 in 3 times...
2026-02-20 17:54:08,681[9460] - OBS_Win - INFO - OBS_Win started
2026-02-20 17:54:08,681[9460] - RobotTest_AcidicPlatform - INFO - unloading the sample to rack_id #4...
2026-02-20 17:55:06,259[9460] - RobotTest_AcidicPlatform - INFO - sample successfully unloaded from the cell
2026-02-20 17:55:09,821[9460] - OBS_Win - INFO - OBS_Win stopped
2026-02-20 17:55:10,231[9460] - OBS_Win - WARNING - cannot find ['OBS_start_record.png'] on screen
2026-02-20 17:55:13,534[9460] - OBS_Win - INFO - OBS_Win started
2026-02-20 17:55:13,534[9460] - RobotTest_AcidicPlatform - INFO - loading the sample from rack_id #5...
2026-02-20 17:55:47,575[9460] - RobotTest_AcidicPlatform - INFO - sample successfully loaded into the cell
2026-02-20 17:55:48,097[9460] - OBS_Win - INFO - OBS_Win stopped
2026-02-20 17:55:51,317[9460] - EC_Lab_Win11 - INFO - not in software yet
2026-02-20 17:55:51,621[9460] - EC_Lab_Win11 - INFO - attempting to open EC_Lab_Win11, trial 1 in 3 times...
2026-02-20 18:41:49,081[9460] - EC_Lab_Win11 - INFO - test is complete
2026-02-20 18:41:49,081[9460] - RobotTest_AcidicPlatform - INFO - test NanoRobot_sample#5_2026-02-20_17-55-09 finished
2026-02-20 18:41:49,272[9460] - OBS_Win - INFO - not in software yet
2026-02-20 18:41:49,612[9460] - OBS_Win - INFO - attempting to open OBS_Win, trial 1 in 3 times...
2026-02-20 18:41:53,127[9460] - OBS_Win - INFO - OBS_Win started
2026-02-20 18:41:53,127[9460] - RobotTest_AcidicPlatform - INFO - unloading the sample to rack_id #5...
2026-02-20 18:42:50,303[9460] - RobotTest_AcidicPlatform - INFO - sample successfully unloaded from the cell
2026-02-20 18:42:53,845[9460] - OBS_Win - INFO - OBS_Win stopped
2026-02-20 18:42:54,259[9460] - OBS_Win - WARNING - cannot find ['OBS_start_record.png'] on screen
2026-02-20 18:42:57,568[9460] - OBS_Win - INFO - OBS_Win started
2026-02-20 18:42:57,568[9460] - RobotTest_AcidicPlatform - INFO - loading the sample from rack_id #6...
2026-02-20 18:43:32,211[9460] - RobotTest_AcidicPlatform - INFO - sample successfully loaded into the cell
2026-02-20 18:43:32,732[9460] - OBS_Win - INFO - OBS_Win stopped
2026-02-20 18:43:35,981[9460] - EC_Lab_Win11 - INFO - not in software yet
2026-02-20 18:43:36,282[9460] - EC_Lab_Win11 - INFO - attempting to open EC_Lab_Win11, trial 1 in 3 times...
2026-02-20 19:29:34,076[9460] - EC_Lab_Win11 - INFO - test is complete
2026-02-20 19:29:34,076[9460] - RobotTest_AcidicPlatform - INFO - test NanoRobot_sample#6_2026-02-20_18-42-53 finished
2026-02-20 19:29:34,275[9460] - OBS_Win - INFO - not in software yet
2026-02-20 19:29:34,577[9460] - OBS_Win - INFO - attempting to open OBS_Win, trial 1 in 3 times...
2026-02-20 19:29:38,101[9460] - OBS_Win - INFO - OBS_Win started
2026-02-20 19:29:38,101[9460] - RobotTest_AcidicPlatform - INFO - unloading the sample to rack_id #6...
2026-02-20 19:30:34,841[9460] - RobotTest_AcidicPlatform - INFO - sample successfully unloaded from the cell
2026-02-20 19:30:38,403[9460] - OBS_Win - INFO - OBS_Win stopped
2026-02-20 19:30:38,828[9460] - OBS_Win - WARNING - cannot find ['OBS_start_record.png'] on screen
2026-02-20 19:30:42,155[9460] - OBS_Win - INFO - OBS_Win started
2026-02-20 19:30:42,155[9460] - RobotTest_AcidicPlatform - INFO - loading the sample from rack_id #7...
2026-02-20 19:31:17,112[9460] - RobotTest_AcidicPlatform - INFO - sample successfully loaded into the cell
2026-02-20 19:31:17,662[9460] - OBS_Win - INFO - OBS_Win stopped
2026-02-20 19:31:20,878[9460] - EC_Lab_Win11 - INFO - not in software yet
2026-02-20 19:31:21,183[9460] - EC_Lab_Win11 - INFO - attempting to open EC_Lab_Win11, trial 1 in 3 times...
2026-02-20 20:17:18,761[9460] - EC_Lab_Win11 - INFO - test is complete
2026-02-20 20:17:18,761[9460] - RobotTest_AcidicPlatform - INFO - test NanoRobot_sample#7_2026-02-20_19-30-38 finished
2026-02-20 20:17:18,946[9460] - OBS_Win - INFO - not in software yet
2026-02-20 20:17:19,249[9460] - OBS_Win - INFO - attempting to open OBS_Win, trial 1 in 3 times...
2026-02-20 20:17:22,782[9460] - OBS_Win - INFO - OBS_Win started
2026-02-20 20:17:22,782[9460] - RobotTest_AcidicPlatform - INFO - unloading the sample to rack_id #7...
2026-02-20 20:18:19,366[9460] - RobotTest_AcidicPlatform - INFO - sample successfully unloaded from the cell
2026-02-20 20:18:22,932[9460] - OBS_Win - INFO - OBS_Win stopped
2026-02-20 20:18:23,364[9460] - OBS_Win - WARNING - cannot find ['OBS_start_record.png'] on screen
2026-02-20 20:18:26,682[9460] - OBS_Win - INFO - OBS_Win started
2026-02-20 20:18:26,682[9460] - RobotTest_AcidicPlatform - INFO - loading the sample from rack_id #8...
2026-02-20 20:19:01,972[9460] - RobotTest_AcidicPlatform - INFO - sample successfully loaded into the cell
2026-02-20 20:19:02,508[9460] - OBS_Win - INFO - OBS_Win stopped
2026-02-20 20:19:05,752[9460] - EC_Lab_Win11 - INFO - not in software yet
2026-02-20 20:19:06,043[9460] - EC_Lab_Win11 - INFO - attempting to open EC_Lab_Win11, trial 1 in 3 times...
2026-02-20 21:05:03,459[9460] - EC_Lab_Win11 - INFO - test is complete
2026-02-20 21:05:03,459[9460] - RobotTest_AcidicPlatform - INFO - test NanoRobot_sample#8_2026-02-20_20-18-22 finished
2026-02-20 21:05:03,654[9460] - OBS_Win - INFO - not in software yet
2026-02-20 21:05:03,962[9460] - OBS_Win - INFO - attempting to open OBS_Win, trial 1 in 3 times...
2026-02-20 21:05:07,496[9460] - OBS_Win - INFO - OBS_Win started
2026-02-20 21:05:07,496[9460] - RobotTest_AcidicPlatform - INFO - unloading the sample to rack_id #8...
2026-02-20 21:06:04,446[9460] - RobotTest_AcidicPlatform - INFO - sample successfully unloaded from the cell
2026-02-20 21:06:08,023[9460] - OBS_Win - INFO - OBS_Win stopped
2026-02-20 21:06:08,436[9460] - OBS_Win - WARNING - cannot find ['OBS_start_record.png'] on screen
2026-02-20 21:06:11,759[9460] - OBS_Win - INFO - OBS_Win started
2026-02-20 21:06:11,759[9460] - RobotTest_AcidicPlatform - INFO - loading the sample from rack_id #9...
2026-02-20 21:06:47,535[9460] - RobotTest_AcidicPlatform - INFO - sample successfully loaded into the cell
2026-02-20 21:06:48,085[9460] - OBS_Win - INFO - OBS_Win stopped
2026-02-20 21:06:51,312[9460] - EC_Lab_Win11 - INFO - not in software yet
2026-02-20 21:06:51,623[9460] - EC_Lab_Win11 - INFO - attempting to open EC_Lab_Win11, trial 1 in 3 times...
2026-02-20 21:52:49,037[9460] - EC_Lab_Win11 - INFO - test is complete
2026-02-20 21:52:49,037[9460] - RobotTest_AcidicPlatform - INFO - test NanoRobot_sample#9_2026-02-20_21-06-08 finished
2026-02-20 21:52:49,229[9460] - OBS_Win - INFO - not in software yet
2026-02-20 21:52:49,543[9460] - OBS_Win - INFO - attempting to open OBS_Win, trial 1 in 3 times...
2026-02-20 21:52:53,070[9460] - OBS_Win - INFO - OBS_Win started
2026-02-20 21:52:53,070[9460] - RobotTest_AcidicPlatform - INFO - unloading the sample to rack_id #9...
2026-02-20 21:53:50,572[9460] - RobotTest_AcidicPlatform - INFO - sample successfully unloaded from the cell
2026-02-20 21:53:54,114[9460] - OBS_Win - INFO - OBS_Win stopped
2026-02-20 21:53:54,528[9460] - OBS_Win - WARNING - cannot find ['OBS_start_record.png'] on screen
2026-02-20 21:53:57,841[9460] - OBS_Win - INFO - OBS_Win started
2026-02-20 21:53:57,841[9460] - RobotTest_AcidicPlatform - INFO - loading the sample from rack_id #10...
2026-02-20 21:54:34,006[9460] - RobotTest_AcidicPlatform - INFO - sample successfully loaded into the cell
2026-02-20 21:54:34,540[9460] - OBS_Win - INFO - OBS_Win stopped
2026-02-20 21:54:37,767[9460] - EC_Lab_Win11 - INFO - not in software yet
2026-02-20 21:54:38,079[9460] - EC_Lab_Win11 - INFO - attempting to open EC_Lab_Win11, trial 1 in 3 times...
2026-02-20 22:40:35,450[9460] - EC_Lab_Win11 - INFO - test is complete
2026-02-20 22:40:35,451[9460] - RobotTest_AcidicPlatform - INFO - test NanoRobot_sample#10_2026-02-20_21-53-54 finished
2026-02-20 22:40:35,654[9460] - OBS_Win - INFO - not in software yet
2026-02-20 22:40:35,965[9460] - OBS_Win - INFO - attempting to open OBS_Win, trial 1 in 3 times...
2026-02-20 22:40:39,495[9460] - OBS_Win - INFO - OBS_Win started
2026-02-20 22:40:39,495[9460] - RobotTest_AcidicPlatform - INFO - unloading the sample to rack_id #10...
2026-02-20 22:41:37,479[9460] - RobotTest_AcidicPlatform - INFO - sample successfully unloaded from the cell
2026-02-20 22:41:41,040[9460] - OBS_Win - INFO - OBS_Win stopped
2026-02-20 22:41:41,468[9460] - OBS_Win - WARNING - cannot find ['OBS_start_record.png'] on screen
2026-02-20 22:41:44,789[9460] - OBS_Win - INFO - OBS_Win started
2026-02-20 22:41:44,789[9460] - RobotTest_AcidicPlatform - INFO - loading the sample from rack_id #11...
2026-02-20 22:42:21,370[9460] - RobotTest_AcidicPlatform - INFO - sample successfully loaded into the cell
2026-02-20 22:42:21,923[9460] - OBS_Win - INFO - OBS_Win stopped
2026-02-20 22:42:25,157[9460] - EC_Lab_Win11 - INFO - not in software yet
2026-02-20 22:42:25,459[9460] - EC_Lab_Win11 - INFO - attempting to open EC_Lab_Win11, trial 1 in 3 times...
2026-02-20 23:28:22,400[9460] - EC_Lab_Win11 - INFO - test is complete
2026-02-20 23:28:22,400[9460] - RobotTest_AcidicPlatform - INFO - test NanoRobot_sample#11_2026-02-20_22-41-41 finished
2026-02-20 23:28:22,591[9460] - OBS_Win - INFO - not in software yet
2026-02-20 23:28:22,922[9460] - OBS_Win - INFO - attempting to open OBS_Win, trial 1 in 3 times...
2026-02-20 23:28:26,429[9460] - OBS_Win - INFO - OBS_Win started
2026-02-20 23:28:26,429[9460] - RobotTest_AcidicPlatform - INFO - unloading the sample to rack_id #11...
2026-02-20 23:29:24,754[9460] - RobotTest_AcidicPlatform - INFO - sample successfully unloaded from the cell
2026-02-20 23:29:28,318[9460] - OBS_Win - INFO - OBS_Win stopped
2026-02-20 23:29:28,738[9460] - OBS_Win - WARNING - cannot find ['OBS_start_record.png'] on screen
2026-02-20 23:29:32,069[9460] - OBS_Win - INFO - OBS_Win started
2026-02-20 23:29:32,069[9460] - RobotTest_AcidicPlatform - INFO - loading the sample from rack_id #12...
2026-02-20 23:30:09,206[9460] - RobotTest_AcidicPlatform - INFO - sample successfully loaded into the cell
2026-02-20 23:30:09,725[9460] - OBS_Win - INFO - OBS_Win stopped
2026-02-20 23:30:12,965[9460] - EC_Lab_Win11 - INFO - not in software yet
2026-02-20 23:30:13,254[9460] - EC_Lab_Win11 - INFO - attempting to open EC_Lab_Win11, trial 1 in 3 times...
2026-02-21 00:16:10,979[9460] - EC_Lab_Win11 - INFO - test is complete
2026-02-21 00:16:10,979[9460] - RobotTest_AcidicPlatform - INFO - test NanoRobot_sample#12_2026-02-20_23-29-28 finished
2026-02-21 00:16:11,164[9460] - OBS_Win - INFO - not in software yet
2026-02-21 00:16:11,466[9460] - OBS_Win - INFO - attempting to open OBS_Win, trial 1 in 3 times...
2026-02-21 00:16:14,996[9460] - OBS_Win - INFO - OBS_Win started
2026-02-21 00:16:14,996[9460] - RobotTest_AcidicPlatform - INFO - unloading the sample to rack_id #12...
2026-02-21 00:17:13,834[9460] - RobotTest_AcidicPlatform - INFO - sample successfully unloaded from the cell
2026-02-21 00:17:17,377[9460] - OBS_Win - INFO - OBS_Win stopped
2026-02-21 00:17:17,790[9460] - OBS_Win - WARNING - cannot find ['OBS_start_record.png'] on screen
2026-02-21 00:17:21,109[9460] - OBS_Win - INFO - OBS_Win started
2026-02-21 00:17:21,109[9460] - RobotTest_AcidicPlatform - INFO - loading the sample from rack_id #13...
2026-02-21 00:17:58,637[9460] - RobotTest_AcidicPlatform - INFO - sample successfully loaded into the cell
2026-02-21 00:17:59,185[9460] - OBS_Win - INFO - OBS_Win stopped
2026-02-21 00:18:02,423[9460] - EC_Lab_Win11 - INFO - not in software yet
2026-02-21 00:18:02,720[9460] - EC_Lab_Win11 - INFO - attempting to open EC_Lab_Win11, trial 1 in 3 times...
2026-02-21 01:04:00,489[9460] - EC_Lab_Win11 - INFO - test is complete
2026-02-21 01:04:00,489[9460] - RobotTest_AcidicPlatform - INFO - test NanoRobot_sample#13_2026-02-21_00-17-17 finished
2026-02-21 01:04:00,694[9460] - OBS_Win - INFO - not in software yet
2026-02-21 01:04:01,016[9460] - OBS_Win - INFO - attempting to open OBS_Win, trial 1 in 3 times...
2026-02-21 01:04:04,589[9460] - OBS_Win - INFO - OBS_Win started
2026-02-21 01:04:04,589[9460] - RobotTest_AcidicPlatform - INFO - unloading the sample to rack_id #13...
2026-02-21 01:05:03,851[9460] - RobotTest_AcidicPlatform - INFO - sample successfully unloaded from the cell
2026-02-21 01:05:07,475[9460] - OBS_Win - INFO - OBS_Win stopped
2026-02-21 01:05:07,927[9460] - OBS_Win - WARNING - cannot find ['OBS_start_record.png'] on screen
2026-02-21 01:05:11,245[9460] - OBS_Win - INFO - OBS_Win started
2026-02-21 01:05:11,245[9460] - RobotTest_AcidicPlatform - INFO - loading the sample from rack_id #14...
2026-02-21 01:05:49,187[9460] - RobotTest_AcidicPlatform - INFO - sample successfully loaded into the cell
2026-02-21 01:05:49,816[9460] - OBS_Win - INFO - OBS_Win stopped
2026-02-21 01:05:53,060[9460] - EC_Lab_Win11 - INFO - not in software yet
2026-02-21 01:05:53,385[9460] - EC_Lab_Win11 - INFO - attempting to open EC_Lab_Win11, trial 1 in 3 times...
2026-02-21 01:51:53,818[9460] - EC_Lab_Win11 - INFO - test is complete
2026-02-21 01:51:53,818[9460] - RobotTest_AcidicPlatform - INFO - test NanoRobot_sample#14_2026-02-21_01-05-07 finished
2026-02-21 01:51:54,003[9460] - OBS_Win - INFO - not in software yet
2026-02-21 01:51:54,307[9460] - OBS_Win - INFO - attempting to open OBS_Win, trial 1 in 3 times...
2026-02-21 01:51:57,843[9460] - OBS_Win - INFO - OBS_Win started
2026-02-21 01:51:57,843[9460] - RobotTest_AcidicPlatform - INFO - unloading the sample to rack_id #14...
2026-02-21 01:52:57,383[9460] - RobotTest_AcidicPlatform - INFO - sample successfully unloaded from the cell
2026-02-21 01:53:00,912[9460] - OBS_Win - INFO - OBS_Win stopped
2026-02-21 01:53:01,332[9460] - OBS_Win - WARNING - cannot find ['OBS_start_record.png'] on screen
2026-02-21 01:53:04,659[9460] - OBS_Win - INFO - OBS_Win started
2026-02-21 01:53:04,659[9460] - RobotTest_AcidicPlatform - INFO - loading the sample from rack_id #15...
2026-02-21 01:53:43,040[9460] - RobotTest_AcidicPlatform - INFO - sample successfully loaded into the cell
2026-02-21 01:53:43,573[9460] - OBS_Win - INFO - OBS_Win stopped
2026-02-21 01:53:46,797[9460] - EC_Lab_Win11 - INFO - not in software yet
2026-02-21 01:53:47,093[9460] - EC_Lab_Win11 - INFO - attempting to open EC_Lab_Win11, trial 1 in 3 times...
2026-02-21 02:39:44,629[9460] - EC_Lab_Win11 - INFO - test is complete
2026-02-21 02:39:44,629[9460] - RobotTest_AcidicPlatform - INFO - test NanoRobot_sample#15_2026-02-21_01-53-00 finished
2026-02-21 02:39:44,819[9460] - OBS_Win - INFO - not in software yet
2026-02-21 02:39:45,137[9460] - OBS_Win - INFO - attempting to open OBS_Win, trial 1 in 3 times...
2026-02-21 02:39:48,659[9460] - OBS_Win - INFO - OBS_Win started
2026-02-21 02:39:48,659[9460] - RobotTest_AcidicPlatform - INFO - unloading the sample to rack_id #15...
2026-02-21 02:40:48,619[9460] - RobotTest_AcidicPlatform - INFO - sample successfully unloaded from the cell
2026-02-21 02:40:52,182[9460] - OBS_Win - INFO - OBS_Win stopped
2026-02-21 02:40:52,605[9460] - OBS_Win - WARNING - cannot find ['OBS_start_record.png'] on screen
2026-02-21 02:40:55,930[9460] - OBS_Win - INFO - OBS_Win started
2026-02-21 02:40:55,930[9460] - RobotTest_AcidicPlatform - INFO - loading the sample from rack_id #16...
2026-02-21 02:41:34,558[9460] - RobotTest_AcidicPlatform - INFO - sample successfully loaded into the cell
2026-02-21 02:41:35,077[9460] - OBS_Win - INFO - OBS_Win stopped
2026-02-21 02:41:38,306[9460] - EC_Lab_Win11 - INFO - not in software yet
2026-02-21 02:41:38,611[9460] - EC_Lab_Win11 - INFO - attempting to open EC_Lab_Win11, trial 1 in 3 times...
2026-02-21 03:27:36,533[9460] - EC_Lab_Win11 - INFO - test is complete
2026-02-21 03:27:36,533[9460] - RobotTest_AcidicPlatform - INFO - test NanoRobot_sample#16_2026-02-21_02-40-52 finished
2026-02-21 03:27:36,737[9460] - OBS_Win - INFO - not in software yet
2026-02-21 03:27:37,063[9460] - OBS_Win - INFO - attempting to open OBS_Win, trial 1 in 3 times...
2026-02-21 03:27:40,605[9460] - OBS_Win - INFO - OBS_Win started
2026-02-21 03:27:40,605[9460] - RobotTest_AcidicPlatform - INFO - unloading the sample to rack_id #16...
2026-02-21 03:28:40,963[9460] - RobotTest_AcidicPlatform - INFO - sample successfully unloaded from the cell
2026-02-21 03:28:44,541[9460] - OBS_Win - INFO - OBS_Win stopped
2026-02-21 21:46:57,709[15176] - RobotTest_AcidicPlatform - INFO - started a batch of test, with sample_rack_id : sample_id = {1: 1, 2: 2, 3: 3, 4: 4, 5: 5, 6: 6, 7: 7, 8: 8, 9: 9, 10: 10, 11: 11, 12: 12, 13: 13, 14: 14, 15: 15, 16: 16}
2026-02-21 21:47:03,744[15176] - OBS_Win - INFO - not in software yet
2026-02-21 21:47:04,086[15176] - OBS_Win - INFO - attempting to open OBS_Win, trial 1 in 3 times...
2026-02-21 21:47:07,656[15176] - OBS_Win - INFO - OBS_Win started
2026-02-21 21:47:07,656[15176] - RobotTest_AcidicPlatform - INFO - loading the sample from rack_id #1...
2026-02-21 21:47:46,746[15176] - RobotTest_AcidicPlatform - INFO - sample successfully loaded into the cell
2026-02-21 21:47:47,327[15176] - OBS_Win - INFO - OBS_Win stopped
2026-02-21 21:47:50,571[15176] - EC_Lab_Win11 - INFO - not in software yet
2026-02-21 21:47:50,871[15176] - EC_Lab_Win11 - INFO - attempting to open EC_Lab_Win11, trial 1 in 3 times...
2026-02-21 21:52:08,967[15176] - RobotTest_AcidicPlatform - INFO - human operating, fail to detect...
2026-02-21 21:52:18,967[15176] - RobotTest_AcidicPlatform - INFO - human operating, fail to detect...
2026-02-21 21:52:29,815[15176] - EC_Lab_Win11 - INFO - not in software yet
2026-02-21 21:52:30,145[15176] - EC_Lab_Win11 - INFO - attempting to open EC_Lab_Win11, trial 1 in 3 times...
2026-02-21 21:52:43,818[15176] - RobotTest_AcidicPlatform - INFO - human operating, fail to detect...
2026-02-21 22:02:05,225[15176] - RobotTest_AcidicPlatform - INFO - human operating, fail to detect...
2026-02-21 22:48:14,528[15176] - EC_Lab_Win11 - INFO - test is complete
2026-02-21 22:48:14,528[15176] - RobotTest_AcidicPlatform - INFO - test NanoRobot_sample#1_2026-02-21_21-47-03 finished
2026-02-21 22:48:14,715[15176] - OBS_Win - INFO - not in software yet
2026-02-21 22:48:15,010[15176] - OBS_Win - INFO - attempting to open OBS_Win, trial 1 in 3 times...
2026-02-21 22:48:18,550[15176] - OBS_Win - INFO - OBS_Win started
2026-02-21 22:48:18,550[15176] - RobotTest_AcidicPlatform - INFO - unloading the sample to rack_id #1...
2026-02-21 22:49:17,383[15176] - RobotTest_AcidicPlatform - INFO - sample successfully unloaded from the cell
2026-02-21 22:49:20,925[15176] - OBS_Win - INFO - OBS_Win stopped
2026-02-21 22:49:21,333[15176] - OBS_Win - WARNING - cannot find ['OBS_start_record.png'] on screen
2026-02-21 22:49:24,662[15176] - OBS_Win - INFO - OBS_Win started
2026-02-21 22:49:24,662[15176] - RobotTest_AcidicPlatform - INFO - loading the sample from rack_id #2...
2026-02-21 22:49:57,544[15176] - RobotTest_AcidicPlatform - INFO - sample successfully loaded into the cell
2026-02-21 22:49:58,081[15176] - OBS_Win - INFO - OBS_Win stopped
2026-02-21 22:50:01,320[15176] - EC_Lab_Win11 - INFO - not in software yet
2026-02-21 22:50:01,615[15176] - EC_Lab_Win11 - INFO - attempting to open EC_Lab_Win11, trial 1 in 3 times...
2026-02-21 23:50:21,294[15176] - EC_Lab_Win11 - INFO - test is complete
2026-02-21 23:50:21,294[15176] - RobotTest_AcidicPlatform - INFO - test NanoRobot_sample#2_2026-02-21_22-49-20 finished
2026-02-21 23:50:21,482[15176] - OBS_Win - INFO - not in software yet
2026-02-21 23:50:21,834[15176] - OBS_Win - INFO - attempting to open OBS_Win, trial 1 in 3 times...
2026-02-21 23:50:25,358[15176] - OBS_Win - INFO - OBS_Win started
2026-02-21 23:50:25,358[15176] - RobotTest_AcidicPlatform - INFO - unloading the sample to rack_id #2...
2026-02-21 23:51:23,891[15176] - RobotTest_AcidicPlatform - INFO - sample successfully unloaded from the cell
2026-02-21 23:51:27,445[15176] - OBS_Win - INFO - OBS_Win stopped
2026-02-21 23:51:27,855[15176] - OBS_Win - WARNING - cannot find ['OBS_start_record.png'] on screen
2026-02-21 23:51:31,177[15176] - OBS_Win - INFO - OBS_Win started
2026-02-21 23:51:31,177[15176] - RobotTest_AcidicPlatform - INFO - loading the sample from rack_id #3...
2026-02-21 23:52:04,365[15176] - RobotTest_AcidicPlatform - INFO - sample successfully loaded into the cell
2026-02-21 23:52:04,899[15176] - OBS_Win - INFO - OBS_Win stopped
2026-02-21 23:52:08,135[15176] - EC_Lab_Win11 - INFO - not in software yet
2026-02-21 23:52:08,433[15176] - EC_Lab_Win11 - INFO - attempting to open EC_Lab_Win11, trial 1 in 3 times...
2026-02-22 00:52:28,127[15176] - EC_Lab_Win11 - INFO - test is complete
2026-02-22 00:52:28,128[15176] - RobotTest_AcidicPlatform - INFO - test NanoRobot_sample#3_2026-02-21_23-51-27 finished
2026-02-22 00:52:28,314[15176] - OBS_Win - INFO - not in software yet
2026-02-22 00:52:28,629[15176] - OBS_Win - INFO - attempting to open OBS_Win, trial 1 in 3 times...
2026-02-22 00:52:32,153[15176] - OBS_Win - INFO - OBS_Win started
2026-02-22 00:52:32,153[15176] - RobotTest_AcidicPlatform - INFO - unloading the sample to rack_id #3...
2026-02-22 00:53:30,043[15176] - RobotTest_AcidicPlatform - INFO - sample successfully unloaded from the cell
2026-02-22 00:53:33,605[15176] - OBS_Win - INFO - OBS_Win stopped
2026-02-22 00:53:34,040[15176] - OBS_Win - WARNING - cannot find ['OBS_start_record.png'] on screen
2026-02-22 00:53:37,369[15176] - OBS_Win - INFO - OBS_Win started
2026-02-22 00:53:37,369[15176] - RobotTest_AcidicPlatform - INFO - loading the sample from rack_id #4...
2026-02-22 00:54:10,916[15176] - RobotTest_AcidicPlatform - INFO - sample successfully loaded into the cell
2026-02-22 00:54:11,448[15176] - OBS_Win - INFO - OBS_Win stopped
2026-02-22 00:54:14,685[15176] - EC_Lab_Win11 - INFO - not in software yet
2026-02-22 00:54:14,992[15176] - EC_Lab_Win11 - INFO - attempting to open EC_Lab_Win11, trial 1 in 3 times...
2026-02-22 01:54:35,303[15176] - EC_Lab_Win11 - INFO - test is complete
2026-02-22 01:54:35,303[15176] - RobotTest_AcidicPlatform - INFO - test NanoRobot_sample#4_2026-02-22_00-53-33 finished
2026-02-22 01:54:35,515[15176] - OBS_Win - INFO - not in software yet
2026-02-22 01:54:35,835[15176] - OBS_Win - INFO - attempting to open OBS_Win, trial 1 in 3 times...
2026-02-22 01:54:39,369[15176] - OBS_Win - INFO - OBS_Win started
2026-02-22 01:54:39,369[15176] - RobotTest_AcidicPlatform - INFO - unloading the sample to rack_id #4...
2026-02-22 01:55:36,838[15176] - RobotTest_AcidicPlatform - INFO - sample successfully unloaded from the cell
2026-02-22 01:55:40,345[15176] - OBS_Win - INFO - OBS_Win stopped
2026-02-22 01:55:40,759[15176] - OBS_Win - WARNING - cannot find ['OBS_start_record.png'] on screen
2026-02-22 01:55:44,085[15176] - OBS_Win - INFO - OBS_Win started
2026-02-22 01:55:44,085[15176] - RobotTest_AcidicPlatform - INFO - loading the sample from rack_id #5...
2026-02-22 01:56:18,069[15176] - RobotTest_AcidicPlatform - INFO - sample successfully loaded into the cell
2026-02-22 01:56:18,606[15176] - OBS_Win - INFO - OBS_Win stopped
2026-02-22 01:56:21,846[15176] - EC_Lab_Win11 - INFO - not in software yet
2026-02-22 01:56:22,138[15176] - EC_Lab_Win11 - INFO - attempting to open EC_Lab_Win11, trial 1 in 3 times...
2026-02-22 02:56:41,585[15176] - EC_Lab_Win11 - INFO - test is complete
2026-02-22 02:56:41,585[15176] - RobotTest_AcidicPlatform - INFO - test NanoRobot_sample#5_2026-02-22_01-55-40 finished
2026-02-22 02:56:41,776[15176] - OBS_Win - INFO - not in software yet
2026-02-22 02:56:42,088[15176] - OBS_Win - INFO - attempting to open OBS_Win, trial 1 in 3 times...
2026-02-22 02:56:45,610[15176] - OBS_Win - INFO - OBS_Win started
2026-02-22 02:56:45,610[15176] - RobotTest_AcidicPlatform - INFO - unloading the sample to rack_id #5...
2026-02-22 02:57:42,799[15176] - RobotTest_AcidicPlatform - INFO - sample successfully unloaded from the cell
2026-02-22 02:57:46,356[15176] - OBS_Win - INFO - OBS_Win stopped
2026-02-22 02:57:46,778[15176] - OBS_Win - WARNING - cannot find ['OBS_start_record.png'] on screen
2026-02-22 02:57:50,103[15176] - OBS_Win - INFO - OBS_Win started
2026-02-22 02:57:50,103[15176] - RobotTest_AcidicPlatform - INFO - loading the sample from rack_id #6...
2026-02-22 02:58:24,608[15176] - RobotTest_AcidicPlatform - INFO - sample successfully loaded into the cell
2026-02-22 02:58:25,127[15176] - OBS_Win - INFO - OBS_Win stopped
2026-02-22 02:58:28,361[15176] - EC_Lab_Win11 - INFO - not in software yet
2026-02-22 02:58:28,668[15176] - EC_Lab_Win11 - INFO - attempting to open EC_Lab_Win11, trial 1 in 3 times...
2026-02-22 03:58:48,113[15176] - EC_Lab_Win11 - INFO - test is complete
2026-02-22 03:58:48,114[15176] - RobotTest_AcidicPlatform - INFO - test NanoRobot_sample#6_2026-02-22_02-57-46 finished
2026-02-22 03:58:48,317[15176] - OBS_Win - INFO - not in software yet
2026-02-22 03:58:48,611[15176] - OBS_Win - INFO - attempting to open OBS_Win, trial 1 in 3 times...
2026-02-22 03:58:52,134[15176] - OBS_Win - INFO - OBS_Win started
2026-02-22 03:58:52,134[15176] - RobotTest_AcidicPlatform - INFO - unloading the sample to rack_id #6...
2026-02-22 03:59:48,757[15176] - RobotTest_AcidicPlatform - INFO - sample successfully unloaded from the cell
2026-02-22 03:59:52,279[15176] - OBS_Win - INFO - OBS_Win stopped
2026-02-22 03:59:52,691[15176] - OBS_Win - WARNING - cannot find ['OBS_start_record.png'] on screen
2026-02-22 03:59:56,017[15176] - OBS_Win - INFO - OBS_Win started
2026-02-22 03:59:56,017[15176] - RobotTest_AcidicPlatform - INFO - loading the sample from rack_id #7...
2026-02-22 04:00:30,992[15176] - RobotTest_AcidicPlatform - INFO - sample successfully loaded into the cell
2026-02-22 04:00:31,525[15176] - OBS_Win - INFO - OBS_Win stopped
2026-02-22 04:00:34,760[15176] - EC_Lab_Win11 - INFO - not in software yet
2026-02-22 04:00:35,054[15176] - EC_Lab_Win11 - INFO - attempting to open EC_Lab_Win11, trial 1 in 3 times...
2026-02-22 05:00:54,782[15176] - EC_Lab_Win11 - INFO - test is complete
2026-02-22 05:00:54,782[15176] - RobotTest_AcidicPlatform - INFO - test NanoRobot_sample#7_2026-02-22_03-59-52 finished
2026-02-22 05:00:54,967[15176] - OBS_Win - INFO - not in software yet
2026-02-22 05:00:55,288[15176] - OBS_Win - INFO - attempting to open OBS_Win, trial 1 in 3 times...
2026-02-22 05:00:58,812[15176] - OBS_Win - INFO - OBS_Win started
2026-02-22 05:00:58,812[15176] - RobotTest_AcidicPlatform - INFO - unloading the sample to rack_id #7...
2026-02-22 05:01:55,498[15176] - RobotTest_AcidicPlatform - INFO - sample successfully unloaded from the cell
2026-02-22 05:01:59,041[15176] - OBS_Win - INFO - OBS_Win stopped
2026-02-22 05:01:59,457[15176] - OBS_Win - WARNING - cannot find ['OBS_start_record.png'] on screen
2026-02-22 05:02:02,788[15176] - OBS_Win - INFO - OBS_Win started
2026-02-22 05:02:02,788[15176] - RobotTest_AcidicPlatform - INFO - loading the sample from rack_id #8...
2026-02-22 05:02:38,188[15176] - RobotTest_AcidicPlatform - INFO - sample successfully loaded into the cell
2026-02-22 05:02:38,708[15176] - OBS_Win - INFO - OBS_Win stopped
2026-02-22 05:02:41,941[15176] - EC_Lab_Win11 - INFO - not in software yet
2026-02-22 05:02:42,233[15176] - EC_Lab_Win11 - INFO - attempting to open EC_Lab_Win11, trial 1 in 3 times...
2026-02-22 06:03:01,711[15176] - EC_Lab_Win11 - INFO - test is complete
2026-02-22 06:03:01,711[15176] - RobotTest_AcidicPlatform - INFO - test NanoRobot_sample#8_2026-02-22_05-01-59 finished
2026-02-22 06:03:01,897[15176] - OBS_Win - INFO - not in software yet
2026-02-22 06:03:02,210[15176] - OBS_Win - INFO - attempting to open OBS_Win, trial 1 in 3 times...
2026-02-22 06:03:05,724[15176] - OBS_Win - INFO - OBS_Win started
2026-02-22 06:03:05,724[15176] - RobotTest_AcidicPlatform - INFO - unloading the sample to rack_id #8...
2026-02-22 06:04:02,737[15176] - RobotTest_AcidicPlatform - INFO - sample successfully unloaded from the cell
2026-02-22 06:04:06,293[15176] - OBS_Win - INFO - OBS_Win stopped
2026-02-22 06:04:06,721[15176] - OBS_Win - WARNING - cannot find ['OBS_start_record.png'] on screen
2026-02-22 06:04:10,042[15176] - OBS_Win - INFO - OBS_Win started
2026-02-22 06:04:10,042[15176] - RobotTest_AcidicPlatform - INFO - loading the sample from rack_id #9...
2026-02-22 06:04:45,692[15176] - RobotTest_AcidicPlatform - INFO - sample successfully loaded into the cell
2026-02-22 06:04:46,247[15176] - OBS_Win - INFO - OBS_Win stopped
2026-02-22 06:04:49,473[15176] - EC_Lab_Win11 - INFO - not in software yet
2026-02-22 06:04:49,804[15176] - EC_Lab_Win11 - INFO - attempting to open EC_Lab_Win11, trial 1 in 3 times...
2026-02-22 07:04:02,470[15176] - EC_Lab_Win11 - INFO - test is complete
2026-02-22 07:04:02,470[15176] - RobotTest_AcidicPlatform - INFO - test NanoRobot_sample#9_2026-02-22_06-04-06 finished
2026-02-22 07:04:02,666[15176] - OBS_Win - INFO - not in software yet
2026-02-22 07:04:02,992[15176] - OBS_Win - INFO - attempting to open OBS_Win, trial 1 in 3 times...
2026-02-22 07:04:06,513[15176] - OBS_Win - INFO - OBS_Win started
2026-02-22 07:04:06,513[15176] - RobotTest_AcidicPlatform - INFO - unloading the sample to rack_id #9...
2026-02-22 07:05:03,954[15176] - RobotTest_AcidicPlatform - INFO - sample successfully unloaded from the cell
2026-02-22 07:05:07,506[15176] - OBS_Win - INFO - OBS_Win stopped
2026-02-22 07:05:07,932[15176] - OBS_Win - WARNING - cannot find ['OBS_start_record.png'] on screen
2026-02-22 07:05:11,267[15176] - OBS_Win - INFO - OBS_Win started
2026-02-22 07:05:11,267[15176] - RobotTest_AcidicPlatform - INFO - loading the sample from rack_id #10...
2026-02-22 07:05:47,419[15176] - RobotTest_AcidicPlatform - INFO - sample successfully loaded into the cell
2026-02-22 07:05:47,985[15176] - OBS_Win - INFO - OBS_Win stopped
2026-02-22 07:05:51,221[15176] - EC_Lab_Win11 - INFO - not in software yet
2026-02-22 07:05:51,510[15176] - EC_Lab_Win11 - INFO - attempting to open EC_Lab_Win11, trial 1 in 3 times...
2026-02-22 08:06:11,161[15176] - EC_Lab_Win11 - INFO - test is complete
2026-02-22 08:06:11,162[15176] - RobotTest_AcidicPlatform - INFO - test NanoRobot_sample#10_2026-02-22_07-05-07 finished
2026-02-22 08:06:11,346[15176] - OBS_Win - INFO - not in software yet
2026-02-22 08:06:11,649[15176] - OBS_Win - INFO - attempting to open OBS_Win, trial 1 in 3 times...
2026-02-22 08:06:15,191[15176] - OBS_Win - INFO - OBS_Win started
2026-02-22 08:06:15,191[15176] - RobotTest_AcidicPlatform - INFO - unloading the sample to rack_id #10...
2026-02-22 08:07:13,063[15176] - RobotTest_AcidicPlatform - INFO - sample successfully unloaded from the cell
2026-02-22 08:07:16,630[15176] - OBS_Win - INFO - OBS_Win stopped
2026-02-22 08:07:17,059[15176] - OBS_Win - WARNING - cannot find ['OBS_start_record.png'] on screen
2026-02-22 08:07:20,377[15176] - OBS_Win - INFO - OBS_Win started
2026-02-22 08:07:20,377[15176] - RobotTest_AcidicPlatform - INFO - loading the sample from rack_id #11...
2026-02-22 08:07:56,735[15176] - RobotTest_AcidicPlatform - INFO - sample successfully loaded into the cell
2026-02-22 08:07:57,243[15176] - OBS_Win - INFO - OBS_Win stopped
2026-02-22 08:08:00,471[15176] - EC_Lab_Win11 - INFO - not in software yet
2026-02-22 08:08:00,770[15176] - EC_Lab_Win11 - INFO - attempting to open EC_Lab_Win11, trial 1 in 3 times...
2026-02-22 09:08:20,527[15176] - EC_Lab_Win11 - INFO - test is complete
2026-02-22 09:08:20,527[15176] - RobotTest_AcidicPlatform - INFO - test NanoRobot_sample#11_2026-02-22_08-07-16 finished
2026-02-22 09:08:20,715[15176] - OBS_Win - INFO - not in software yet
2026-02-22 09:08:21,043[15176] - OBS_Win - INFO - attempting to open OBS_Win, trial 1 in 3 times...
2026-02-22 09:08:24,557[15176] - OBS_Win - INFO - OBS_Win started
2026-02-22 09:08:24,557[15176] - RobotTest_AcidicPlatform - INFO - unloading the sample to rack_id #11...
2026-02-22 09:09:22,728[15176] - RobotTest_AcidicPlatform - INFO - sample successfully unloaded from the cell
2026-02-22 09:09:26,287[15176] - OBS_Win - INFO - OBS_Win stopped
2026-02-22 09:09:26,701[15176] - OBS_Win - WARNING - cannot find ['OBS_start_record.png'] on screen
2026-02-22 09:09:30,020[15176] - OBS_Win - INFO - OBS_Win started
2026-02-22 09:09:30,020[15176] - RobotTest_AcidicPlatform - INFO - loading the sample from rack_id #12...
2026-02-22 09:10:07,180[15176] - RobotTest_AcidicPlatform - INFO - sample successfully loaded into the cell
2026-02-22 09:10:07,729[15176] - OBS_Win - INFO - OBS_Win stopped
2026-02-22 09:10:10,956[15176] - EC_Lab_Win11 - INFO - not in software yet
2026-02-22 09:10:11,256[15176] - EC_Lab_Win11 - INFO - attempting to open EC_Lab_Win11, trial 1 in 3 times...
2026-02-22 10:10:30,594[15176] - EC_Lab_Win11 - INFO - test is complete
2026-02-22 10:10:30,594[15176] - RobotTest_AcidicPlatform - INFO - test NanoRobot_sample#12_2026-02-22_09-09-26 finished
2026-02-22 10:10:30,783[15176] - OBS_Win - INFO - not in software yet
2026-02-22 10:10:31,095[15176] - OBS_Win - INFO - attempting to open OBS_Win, trial 1 in 3 times...
2026-02-22 10:10:34,640[15176] - OBS_Win - INFO - OBS_Win started
2026-02-22 10:10:34,640[15176] - RobotTest_AcidicPlatform - INFO - unloading the sample to rack_id #12...
2026-02-22 10:11:33,426[15176] - RobotTest_AcidicPlatform - INFO - sample successfully unloaded from the cell
2026-02-22 10:11:36,991[15176] - OBS_Win - INFO - OBS_Win stopped
2026-02-22 10:11:37,417[15176] - OBS_Win - WARNING - cannot find ['OBS_start_record.png'] on screen
2026-02-22 10:11:40,733[15176] - OBS_Win - INFO - OBS_Win started
2026-02-22 10:11:40,733[15176] - RobotTest_AcidicPlatform - INFO - loading the sample from rack_id #13...
2026-02-22 10:12:18,183[15176] - RobotTest_AcidicPlatform - INFO - sample successfully loaded into the cell
2026-02-22 10:12:18,703[15176] - OBS_Win - INFO - OBS_Win stopped
2026-02-22 10:12:21,924[15176] - EC_Lab_Win11 - INFO - not in software yet
2026-02-22 10:12:22,224[15176] - EC_Lab_Win11 - INFO - attempting to open EC_Lab_Win11, trial 1 in 3 times...
2026-02-22 11:12:41,512[15176] - EC_Lab_Win11 - INFO - test is complete
2026-02-22 11:12:41,512[15176] - RobotTest_AcidicPlatform - INFO - test NanoRobot_sample#13_2026-02-22_10-11-36 finished
2026-02-22 11:12:41,703[15176] - OBS_Win - INFO - not in software yet
2026-02-22 11:12:42,021[15176] - OBS_Win - INFO - attempting to open OBS_Win, trial 1 in 3 times...
2026-02-22 11:12:45,545[15176] - OBS_Win - INFO - OBS_Win started
2026-02-22 11:12:45,546[15176] - RobotTest_AcidicPlatform - INFO - unloading the sample to rack_id #13...
2026-02-22 11:13:44,832[15176] - RobotTest_AcidicPlatform - INFO - sample successfully unloaded from the cell
2026-02-22 11:13:48,390[15176] - OBS_Win - INFO - OBS_Win stopped
2026-02-22 11:13:48,820[15176] - OBS_Win - WARNING - cannot find ['OBS_start_record.png'] on screen
2026-02-22 11:13:52,137[15176] - OBS_Win - INFO - OBS_Win started
2026-02-22 11:13:52,137[15176] - RobotTest_AcidicPlatform - INFO - loading the sample from rack_id #14...
2026-02-22 11:14:30,121[15176] - RobotTest_AcidicPlatform - INFO - sample successfully loaded into the cell
2026-02-22 11:14:30,656[15176] - OBS_Win - INFO - OBS_Win stopped
2026-02-22 11:14:33,896[15176] - EC_Lab_Win11 - INFO - not in software yet
2026-02-22 11:14:34,206[15176] - EC_Lab_Win11 - INFO - attempting to open EC_Lab_Win11, trial 1 in 3 times...
2026-02-22 12:14:53,463[15176] - EC_Lab_Win11 - INFO - test is complete
2026-02-22 12:14:53,463[15176] - RobotTest_AcidicPlatform - INFO - test NanoRobot_sample#14_2026-02-22_11-13-48 finished
2026-02-22 12:14:53,655[15176] - OBS_Win - INFO - not in software yet
2026-02-22 12:14:53,992[15176] - OBS_Win - INFO - attempting to open OBS_Win, trial 1 in 3 times...
2026-02-22 12:14:57,516[15176] - OBS_Win - INFO - OBS_Win started
2026-02-22 12:14:57,517[15176] - RobotTest_AcidicPlatform - INFO - unloading the sample to rack_id #14...
2026-02-22 12:15:57,222[15176] - RobotTest_AcidicPlatform - INFO - sample successfully unloaded from the cell
2026-02-22 12:16:00,781[15176] - OBS_Win - INFO - OBS_Win stopped
2026-02-22 12:16:01,194[15176] - OBS_Win - WARNING - cannot find ['OBS_start_record.png'] on screen
2026-02-22 12:16:04,515[15176] - OBS_Win - INFO - OBS_Win started
2026-02-22 12:16:04,515[15176] - RobotTest_AcidicPlatform - INFO - loading the sample from rack_id #15...
2026-02-22 12:16:42,850[15176] - RobotTest_AcidicPlatform - INFO - sample successfully loaded into the cell
2026-02-22 12:16:43,374[15176] - OBS_Win - INFO - OBS_Win stopped
2026-02-22 12:16:46,599[15176] - EC_Lab_Win11 - INFO - not in software yet
2026-02-22 12:16:46,885[15176] - EC_Lab_Win11 - INFO - attempting to open EC_Lab_Win11, trial 1 in 3 times...
2026-02-22 13:17:05,986[15176] - EC_Lab_Win11 - INFO - test is complete
2026-02-22 13:17:05,986[15176] - RobotTest_AcidicPlatform - INFO - test NanoRobot_sample#15_2026-02-22_12-16-00 finished
2026-02-22 13:17:06,172[15176] - OBS_Win - INFO - not in software yet
2026-02-22 13:17:06,468[15176] - OBS_Win - INFO - attempting to open OBS_Win, trial 1 in 3 times...
2026-02-22 13:17:09,994[15176] - OBS_Win - INFO - OBS_Win started
2026-02-22 13:17:09,994[15176] - RobotTest_AcidicPlatform - INFO - unloading the sample to rack_id #15...
2026-02-22 13:18:09,897[15176] - RobotTest_AcidicPlatform - INFO - sample successfully unloaded from the cell
2026-02-22 13:18:13,458[15176] - OBS_Win - INFO - OBS_Win stopped
2026-02-22 13:18:13,876[15176] - OBS_Win - WARNING - cannot find ['OBS_start_record.png'] on screen
2026-02-22 13:18:17,197[15176] - OBS_Win - INFO - OBS_Win started
2026-02-22 13:18:17,197[15176] - RobotTest_AcidicPlatform - INFO - loading the sample from rack_id #16...
2026-02-22 13:18:55,976[15176] - RobotTest_AcidicPlatform - INFO - sample successfully loaded into the cell
2026-02-22 13:18:56,509[15176] - OBS_Win - INFO - OBS_Win stopped
2026-02-22 13:18:59,732[15176] - EC_Lab_Win11 - INFO - not in software yet
2026-02-22 13:19:00,022[15176] - EC_Lab_Win11 - INFO - attempting to open EC_Lab_Win11, trial 1 in 3 times...
2026-02-22 14:19:19,094[15176] - EC_Lab_Win11 - INFO - test is complete
2026-02-22 14:19:19,094[15176] - RobotTest_AcidicPlatform - INFO - test NanoRobot_sample#16_2026-02-22_13-18-13 finished
2026-02-22 14:19:19,289[15176] - OBS_Win - INFO - not in software yet
2026-02-22 14:19:19,586[15176] - OBS_Win - INFO - attempting to open OBS_Win, trial 1 in 3 times...
2026-02-22 14:19:23,108[15176] - OBS_Win - INFO - OBS_Win started
2026-02-22 14:19:23,108[15176] - RobotTest_AcidicPlatform - INFO - unloading the sample to rack_id #16...
2026-02-22 14:20:23,580[15176] - RobotTest_AcidicPlatform - INFO - sample successfully unloaded from the cell
2026-02-22 14:20:27,149[15176] - OBS_Win - INFO - OBS_Win stopped
2026-03-07 17:33:35,191[21148] - RobotTest_AcidicPlatform - INFO - started a batch of test, with sample_rack_id : sample_id = {1: 1, 2: 2, 3: 3, 4: 4, 5: 5, 6: 6, 7: 7, 8: 8, 9: 9, 10: 10, 11: 11, 12: 12, 13: 13, 14: 14, 15: 15, 16: 16}
2026-03-07 17:33:41,179[21148] - OBS_Win - INFO - not in software yet
2026-03-07 17:33:41,481[21148] - OBS_Win - INFO - attempting to open OBS_Win, trial 1 in 3 times...
2026-03-07 17:33:45,022[21148] - OBS_Win - INFO - OBS_Win started
2026-03-07 17:33:45,022[21148] - RobotTest_AcidicPlatform - INFO - loading the sample from rack_id #1...
2026-03-07 17:34:24,152[21148] - RobotTest_AcidicPlatform - INFO - sample successfully loaded into the cell
2026-03-07 17:34:24,717[21148] - OBS_Win - INFO - OBS_Win stopped
2026-03-07 17:34:27,954[21148] - EC_Lab_Win11 - INFO - not in software yet
2026-03-07 17:34:28,286[21148] - EC_Lab_Win11 - INFO - attempting to open EC_Lab_Win11, trial 1 in 3 times...
2026-03-07 17:34:37,981[21148] - EC_Lab_Win11 - WARNING - cannot find ['save.png'] on screen
2026-03-07 17:34:41,188[21148] - EC_Lab_Win11 - WARNING - cannot find ['save.png'] on screen
2026-03-07 17:34:44,387[21148] - EC_Lab_Win11 - WARNING - cannot find ['save.png'] on screen
2026-03-07 17:34:47,589[21148] - EC_Lab_Win11 - WARNING - cannot find ['save.png'] on screen
2026-03-07 17:34:50,795[21148] - EC_Lab_Win11 - WARNING - cannot find ['save.png'] on screen
2026-03-07 17:34:53,981[21148] - EC_Lab_Win11 - WARNING - cannot find ['save.png'] on screen
2026-03-07 17:34:57,183[21148] - EC_Lab_Win11 - WARNING - cannot find ['save.png'] on screen
2026-03-07 17:35:00,385[21148] - EC_Lab_Win11 - WARNING - cannot find ['save.png'] on screen
2026-03-07 17:35:03,591[21148] - EC_Lab_Win11 - WARNING - cannot find ['save.png'] on screen
2026-03-07 17:39:21,568[6336] - RobotTest_AcidicPlatform - INFO - started a batch of test, with sample_rack_id : sample_id = {1: 1, 2: 2, 3: 3, 4: 4, 5: 5, 6: 6, 7: 7, 8: 8, 9: 9, 10: 10, 11: 11, 12: 12, 13: 13, 14: 14, 15: 15, 16: 16}
2026-03-07 17:39:21,568[6336] - RobotTest_AcidicPlatform - INFO - started a batch of test, with sample_rack_id : sample_id = {1: 1, 2: 2, 3: 3, 4: 4, 5: 5, 6: 6, 7: 7, 8: 8, 9: 9, 10: 10, 11: 11, 12: 12, 13: 13, 14: 14, 15: 15, 16: 16}
2026-03-07 17:39:27,578[6336] - OBS_Win - INFO - not in software yet
2026-03-07 17:39:27,578[6336] - OBS_Win - INFO - not in software yet
2026-03-07 17:39:27,890[6336] - OBS_Win - INFO - attempting to open OBS_Win, trial 1 in 3 times...
2026-03-07 17:39:27,890[6336] - OBS_Win - INFO - attempting to open OBS_Win, trial 1 in 3 times...
2026-03-07 17:39:31,411[6336] - OBS_Win - INFO - OBS_Win started
2026-03-07 17:39:31,411[6336] - OBS_Win - INFO - OBS_Win started
2026-03-07 17:39:31,411[6336] - RobotTest_AcidicPlatform - INFO - loading the sample from rack_id #1...
2026-03-07 17:39:31,411[6336] - RobotTest_AcidicPlatform - INFO - loading the sample from rack_id #1...
2026-03-07 17:40:10,543[6336] - RobotTest_AcidicPlatform - INFO - sample successfully loaded into the cell
2026-03-07 17:40:10,543[6336] - RobotTest_AcidicPlatform - INFO - sample successfully loaded into the cell
2026-03-07 17:40:11,093[6336] - OBS_Win - INFO - OBS_Win stopped
2026-03-07 17:40:11,093[6336] - OBS_Win - INFO - OBS_Win stopped
2026-03-07 17:40:14,315[6336] - EC_Lab_Win11 - INFO - not in software yet
2026-03-07 17:40:14,315[6336] - EC_Lab_Win11 - INFO - not in software yet
2026-03-07 17:40:14,629[6336] - EC_Lab_Win11 - INFO - attempting to open EC_Lab_Win11, trial 1 in 3 times...
2026-03-07 17:40:14,629[6336] - EC_Lab_Win11 - INFO - attempting to open EC_Lab_Win11, trial 1 in 3 times...
2026-03-07 17:40:24,377[6336] - EC_Lab_Win11 - WARNING - cannot find ['save.png'] on screen
2026-03-07 17:40:24,377[6336] - EC_Lab_Win11 - WARNING - cannot find ['save.png'] on screen
2026-03-07 17:40:27,580[6336] - EC_Lab_Win11 - WARNING - cannot find ['save.png'] on screen
2026-03-07 17:40:27,580[6336] - EC_Lab_Win11 - WARNING - cannot find ['save.png'] on screen
2026-03-07 17:40:30,780[6336] - EC_Lab_Win11 - WARNING - cannot find ['save.png'] on screen
2026-03-07 17:40:30,780[6336] - EC_Lab_Win11 - WARNING - cannot find ['save.png'] on screen
2026-03-07 17:40:33,984[6336] - EC_Lab_Win11 - WARNING - cannot find ['save.png'] on screen
2026-03-07 17:40:33,984[6336] - EC_Lab_Win11 - WARNING - cannot find ['save.png'] on screen
2026-03-07 17:40:37,171[6336] - EC_Lab_Win11 - WARNING - cannot find ['save.png'] on screen
2026-03-07 17:40:37,171[6336] - EC_Lab_Win11 - WARNING - cannot find ['save.png'] on screen
2026-03-07 17:40:40,374[6336] - EC_Lab_Win11 - WARNING - cannot find ['save.png'] on screen
2026-03-07 17:40:40,374[6336] - EC_Lab_Win11 - WARNING - cannot find ['save.png'] on screen
2026-03-07 17:40:43,578[6336] - EC_Lab_Win11 - WARNING - cannot find ['save.png'] on screen
2026-03-07 17:40:43,578[6336] - EC_Lab_Win11 - WARNING - cannot find ['save.png'] on screen
2026-03-07 17:40:46,782[6336] - EC_Lab_Win11 - WARNING - cannot find ['save.png'] on screen
2026-03-07 17:40:46,782[6336] - EC_Lab_Win11 - WARNING - cannot find ['save.png'] on screen
2026-03-07 17:40:49,985[6336] - EC_Lab_Win11 - WARNING - cannot find ['save.png'] on screen
2026-03-07 17:40:49,985[6336] - EC_Lab_Win11 - WARNING - cannot find ['save.png'] on screen
2026-03-07 17:40:53,193[6336] - EC_Lab_Win11 - WARNING - cannot find ['save.png'] on screen
2026-03-07 17:40:53,193[6336] - EC_Lab_Win11 - WARNING - cannot find ['save.png'] on screen
2026-03-07 17:40:56,398[6336] - EC_Lab_Win11 - WARNING - cannot find ['save.png'] on screen
2026-03-07 17:40:56,398[6336] - EC_Lab_Win11 - WARNING - cannot find ['save.png'] on screen
2026-03-07 17:40:59,614[6336] - EC_Lab_Win11 - WARNING - cannot find ['save.png'] on screen
2026-03-07 17:40:59,614[6336] - EC_Lab_Win11 - WARNING - cannot find ['save.png'] on screen
2026-03-07 17:43:11,630[20752] - RobotTest_AcidicPlatform - INFO - started a batch of test, with sample_rack_id : sample_id = {1: 1, 2: 2, 3: 3, 4: 4, 5: 5, 6: 6, 7: 7, 8: 8, 9: 9, 10: 10, 11: 11, 12: 12, 13: 13, 14: 14, 15: 15, 16: 16}
2026-03-07 17:43:17,628[20752] - OBS_Win - INFO - not in software yet
2026-03-07 17:43:17,927[20752] - OBS_Win - INFO - attempting to open OBS_Win, trial 1 in 3 times...
2026-03-07 17:43:21,460[20752] - OBS_Win - INFO - OBS_Win started
2026-03-07 17:43:21,460[20752] - RobotTest_AcidicPlatform - INFO - loading the sample from rack_id #1...
2026-03-07 17:44:00,536[20752] - RobotTest_AcidicPlatform - INFO - sample successfully loaded into the cell
2026-03-07 17:44:01,104[20752] - OBS_Win - INFO - OBS_Win stopped
2026-03-07 17:44:04,341[20752] - EC_Lab_Win11 - INFO - not in software yet
2026-03-07 17:44:04,634[20752] - EC_Lab_Win11 - INFO - attempting to open EC_Lab_Win11, trial 1 in 3 times...
2026-03-07 17:44:14,337[20752] - EC_Lab_Win11 - WARNING - cannot find ['save.png'] on screen
2026-03-07 17:44:17,541[20752] - EC_Lab_Win11 - WARNING - cannot find ['save.png'] on screen
2026-03-07 17:44:20,743[20752] - EC_Lab_Win11 - WARNING - cannot find ['save.png'] on screen
2026-03-07 17:44:23,952[20752] - EC_Lab_Win11 - WARNING - cannot find ['save.png'] on screen
2026-03-07 17:44:27,166[20752] - EC_Lab_Win11 - WARNING - cannot find ['save.png'] on screen
2026-03-07 17:44:30,373[20752] - EC_Lab_Win11 - WARNING - cannot find ['save.png'] on screen
2026-03-07 17:44:33,586[20752] - EC_Lab_Win11 - WARNING - cannot find ['save.png'] on screen
2026-03-07 17:44:36,798[20752] - EC_Lab_Win11 - WARNING - cannot find ['save.png'] on screen
2026-03-07 17:49:13,682[13528] - RobotTest_AcidicPlatform - INFO - started a batch of test, with sample_rack_id : sample_id = {1: 1, 2: 2, 3: 3, 4: 4, 5: 5, 6: 6, 7: 7, 8: 8, 9: 9, 10: 10, 11: 11, 12: 12, 13: 13, 14: 14, 15: 15, 16: 16}
2026-03-07 17:49:19,737[13528] - OBS_Win - INFO - not in software yet
2026-03-07 17:49:20,059[13528] - OBS_Win - INFO - attempting to open OBS_Win, trial 1 in 3 times...
2026-03-07 17:49:23,641[13528] - OBS_Win - INFO - OBS_Win started
2026-03-07 17:49:23,641[13528] - RobotTest_AcidicPlatform - INFO - loading the sample from rack_id #1...
2026-03-07 17:50:02,883[13528] - RobotTest_AcidicPlatform - INFO - sample successfully loaded into the cell
2026-03-07 17:50:03,434[13528] - OBS_Win - INFO - OBS_Win stopped
2026-03-07 17:50:06,669[13528] - EC_Lab_Win11 - INFO - not in software yet
2026-03-07 17:50:06,998[13528] - EC_Lab_Win11 - INFO - attempting to open EC_Lab_Win11, trial 1 in 3 times...
2026-03-07 17:50:16,698[13528] - EC_Lab_Win11 - WARNING - cannot find ['save.png'] on screen
2026-03-07 17:50:19,904[13528] - EC_Lab_Win11 - WARNING - cannot find ['save.png'] on screen
2026-03-07 17:50:23,096[13528] - EC_Lab_Win11 - WARNING - cannot find ['save.png'] on screen
2026-03-07 17:50:26,307[13528] - EC_Lab_Win11 - WARNING - cannot find ['save.png'] on screen
2026-03-07 17:50:29,507[13528] - EC_Lab_Win11 - WARNING - cannot find ['save.png'] on screen
2026-03-07 17:56:09,113[13076] - RobotTest_AcidicPlatform - INFO - started a batch of test, with sample_rack_id : sample_id = {1: 1, 2: 2, 3: 3, 4: 4, 5: 5, 6: 6, 7: 7, 8: 8, 9: 9, 10: 10, 11: 11, 12: 12, 13: 13, 14: 14, 15: 15, 16: 16}
2026-03-07 17:56:15,132[13076] - OBS_Win - INFO - not in software yet
2026-03-07 17:56:15,437[13076] - OBS_Win - INFO - attempting to open OBS_Win, trial 1 in 3 times...
2026-03-07 17:56:18,982[13076] - OBS_Win - INFO - OBS_Win started
2026-03-07 17:56:18,982[13076] - RobotTest_AcidicPlatform - INFO - loading the sample from rack_id #1...
2026-03-07 17:56:58,010[13076] - RobotTest_AcidicPlatform - INFO - sample successfully loaded into the cell
2026-03-07 17:56:58,566[13076] - OBS_Win - INFO - OBS_Win stopped
2026-03-07 17:57:01,808[13076] - EC_Lab_Win11 - INFO - not in software yet
2026-03-07 17:57:02,120[13076] - EC_Lab_Win11 - INFO - attempting to open EC_Lab_Win11, trial 1 in 3 times...
2026-03-07 18:57:24,231[13076] - EC_Lab_Win11 - INFO - test is complete
2026-03-07 18:57:24,232[13076] - RobotTest_AcidicPlatform - INFO - test NanoRobot_sample#1_2026-03-07_17-56-14 finished
2026-03-07 18:57:24,421[13076] - OBS_Win - INFO - not in software yet
2026-03-07 18:57:24,722[13076] - OBS_Win - INFO - attempting to open OBS_Win, trial 1 in 3 times...
2026-03-07 18:57:28,246[13076] - OBS_Win - INFO - OBS_Win started
2026-03-07 18:57:28,246[13076] - RobotTest_AcidicPlatform - INFO - unloading the sample to rack_id #1...
2026-03-07 18:58:27,158[13076] - RobotTest_AcidicPlatform - INFO - sample successfully unloaded from the cell
2026-03-07 18:58:30,720[13076] - OBS_Win - INFO - OBS_Win stopped
2026-03-07 18:58:31,122[13076] - OBS_Win - WARNING - cannot find ['OBS_start_record.png'] on screen
2026-03-07 18:58:34,442[13076] - OBS_Win - INFO - OBS_Win started
2026-03-07 18:58:34,442[13076] - RobotTest_AcidicPlatform - INFO - loading the sample from rack_id #2...
2026-03-07 18:59:07,055[13076] - RobotTest_AcidicPlatform - INFO - sample successfully loaded into the cell
2026-03-07 18:59:07,591[13076] - OBS_Win - INFO - OBS_Win stopped
2026-03-07 18:59:10,839[13076] - EC_Lab_Win11 - INFO - not in software yet
2026-03-07 18:59:11,141[13076] - EC_Lab_Win11 - INFO - attempting to open EC_Lab_Win11, trial 1 in 3 times...
2026-03-07 19:56:44,965[13076] - EC_Lab_Win11 - INFO - test is complete
2026-03-07 19:56:44,965[13076] - RobotTest_AcidicPlatform - INFO - test NanoRobot_sample#2_2026-03-07_18-58-30 finished
2026-03-07 19:56:45,150[13076] - OBS_Win - INFO - not in software yet
2026-03-07 19:56:45,462[13076] - OBS_Win - INFO - attempting to open OBS_Win, trial 1 in 3 times...
2026-03-07 19:56:48,984[13076] - OBS_Win - INFO - OBS_Win started
2026-03-07 19:56:48,984[13076] - RobotTest_AcidicPlatform - INFO - unloading the sample to rack_id #2...
2026-03-07 19:57:47,378[13076] - RobotTest_AcidicPlatform - INFO - sample successfully unloaded from the cell
2026-03-07 19:57:50,938[13076] - OBS_Win - INFO - OBS_Win stopped
2026-03-07 19:57:51,354[13076] - OBS_Win - WARNING - cannot find ['OBS_start_record.png'] on screen
2026-03-07 19:57:54,692[13076] - OBS_Win - INFO - OBS_Win started
2026-03-07 19:57:54,692[13076] - RobotTest_AcidicPlatform - INFO - loading the sample from rack_id #3...
2026-03-07 19:58:27,960[13076] - RobotTest_AcidicPlatform - INFO - sample successfully loaded into the cell
2026-03-07 19:58:28,496[13076] - OBS_Win - INFO - OBS_Win stopped
2026-03-07 19:58:31,725[13076] - EC_Lab_Win11 - INFO - not in software yet
2026-03-07 19:58:32,038[13076] - EC_Lab_Win11 - INFO - attempting to open EC_Lab_Win11, trial 1 in 3 times...
2026-03-07 20:58:51,946[13076] - EC_Lab_Win11 - INFO - test is complete
2026-03-07 20:58:51,946[13076] - RobotTest_AcidicPlatform - INFO - test NanoRobot_sample#3_2026-03-07_19-57-50 finished
2026-03-07 20:58:52,129[13076] - OBS_Win - INFO - not in software yet
2026-03-07 20:58:52,442[13076] - OBS_Win - INFO - attempting to open OBS_Win, trial 1 in 3 times...
2026-03-07 20:58:55,979[13076] - OBS_Win - INFO - OBS_Win started
2026-03-07 20:58:55,979[13076] - RobotTest_AcidicPlatform - INFO - unloading the sample to rack_id #3...
2026-03-07 20:59:53,997[13076] - RobotTest_AcidicPlatform - INFO - sample successfully unloaded from the cell
2026-03-07 20:59:57,576[13076] - OBS_Win - INFO - OBS_Win stopped
2026-03-07 20:59:57,995[13076] - OBS_Win - WARNING - cannot find ['OBS_start_record.png'] on screen
2026-03-07 21:00:01,300[13076] - OBS_Win - INFO - OBS_Win started
2026-03-07 21:00:01,300[13076] - RobotTest_AcidicPlatform - INFO - loading the sample from rack_id #4...
2026-03-07 21:00:34,737[13076] - RobotTest_AcidicPlatform - INFO - sample successfully loaded into the cell
2026-03-07 21:00:35,299[13076] - OBS_Win - INFO - OBS_Win stopped
2026-03-07 21:00:38,535[13076] - EC_Lab_Win11 - INFO - not in software yet
2026-03-07 21:00:38,830[13076] - EC_Lab_Win11 - INFO - attempting to open EC_Lab_Win11, trial 1 in 3 times...
2026-03-07 22:00:59,476[13076] - EC_Lab_Win11 - INFO - test is complete
2026-03-07 22:00:59,477[13076] - RobotTest_AcidicPlatform - INFO - test NanoRobot_sample#4_2026-03-07_20-59-57 finished
2026-03-07 22:00:59,675[13076] - OBS_Win - INFO - not in software yet
2026-03-07 22:00:59,981[13076] - OBS_Win - INFO - attempting to open OBS_Win, trial 1 in 3 times...
2026-03-07 22:01:03,518[13076] - OBS_Win - INFO - OBS_Win started
2026-03-07 22:01:03,519[13076] - RobotTest_AcidicPlatform - INFO - unloading the sample to rack_id #4...
2026-03-07 22:02:01,074[13076] - RobotTest_AcidicPlatform - INFO - sample successfully unloaded from the cell
2026-03-07 22:02:04,648[13076] - OBS_Win - INFO - OBS_Win stopped
2026-03-07 22:02:05,054[13076] - OBS_Win - WARNING - cannot find ['OBS_start_record.png'] on screen
2026-03-07 22:02:08,372[13076] - OBS_Win - INFO - OBS_Win started
2026-03-07 22:02:08,372[13076] - RobotTest_AcidicPlatform - INFO - loading the sample from rack_id #5...
2026-03-07 22:02:42,429[13076] - RobotTest_AcidicPlatform - INFO - sample successfully loaded into the cell
2026-03-07 22:02:42,993[13076] - OBS_Win - INFO - OBS_Win stopped
2026-03-07 22:02:46,238[13076] - EC_Lab_Win11 - INFO - not in software yet
2026-03-07 22:02:46,550[13076] - EC_Lab_Win11 - INFO - attempting to open EC_Lab_Win11, trial 1 in 3 times...
2026-03-07 22:57:08,692[13076] - EC_Lab_Win11 - INFO - test is complete
2026-03-07 22:57:08,693[13076] - RobotTest_AcidicPlatform - INFO - test NanoRobot_sample#5_2026-03-07_22-02-04 finished
2026-03-07 22:57:08,879[13076] - OBS_Win - INFO - not in software yet
2026-03-07 22:57:09,169[13076] - OBS_Win - INFO - attempting to open OBS_Win, trial 1 in 3 times...
2026-03-07 22:57:12,692[13076] - OBS_Win - INFO - OBS_Win started
2026-03-07 22:57:12,692[13076] - RobotTest_AcidicPlatform - INFO - unloading the sample to rack_id #5...
2026-03-07 22:58:09,892[13076] - RobotTest_AcidicPlatform - INFO - sample successfully unloaded from the cell
2026-03-07 22:58:13,480[13076] - OBS_Win - INFO - OBS_Win stopped
2026-03-07 22:58:13,905[13076] - OBS_Win - WARNING - cannot find ['OBS_start_record.png'] on screen
2026-03-07 22:58:17,222[13076] - OBS_Win - INFO - OBS_Win started
2026-03-07 22:58:17,222[13076] - RobotTest_AcidicPlatform - INFO - loading the sample from rack_id #6...
2026-03-07 22:58:51,542[13076] - RobotTest_AcidicPlatform - INFO - sample successfully loaded into the cell
2026-03-07 22:58:52,078[13076] - OBS_Win - INFO - OBS_Win stopped
2026-03-07 22:58:55,311[13076] - EC_Lab_Win11 - INFO - not in software yet
2026-03-07 22:58:55,616[13076] - EC_Lab_Win11 - INFO - attempting to open EC_Lab_Win11, trial 1 in 3 times...
2026-03-07 23:59:16,506[13076] - EC_Lab_Win11 - INFO - test is complete
2026-03-07 23:59:16,506[13076] - RobotTest_AcidicPlatform - INFO - test NanoRobot_sample#6_2026-03-07_22-58-13 finished
2026-03-07 23:59:16,693[13076] - OBS_Win - INFO - not in software yet
2026-03-07 23:59:17,020[13076] - OBS_Win - INFO - attempting to open OBS_Win, trial 1 in 3 times...
2026-03-07 23:59:20,543[13076] - OBS_Win - INFO - OBS_Win started
2026-03-07 23:59:20,543[13076] - RobotTest_AcidicPlatform - INFO - unloading the sample to rack_id #6...
2026-03-08 00:00:17,218[13076] - RobotTest_AcidicPlatform - INFO - sample successfully unloaded from the cell
2026-03-08 00:00:20,788[13076] - OBS_Win - INFO - OBS_Win stopped
2026-03-08 00:00:21,187[13076] - OBS_Win - WARNING - cannot find ['OBS_start_record.png'] on screen
2026-03-08 00:00:24,515[13076] - OBS_Win - INFO - OBS_Win started
2026-03-08 00:00:24,515[13076] - RobotTest_AcidicPlatform - INFO - loading the sample from rack_id #7...
2026-03-08 00:00:59,338[13076] - RobotTest_AcidicPlatform - INFO - sample successfully loaded into the cell
2026-03-08 00:00:59,890[13076] - OBS_Win - INFO - OBS_Win stopped
2026-03-08 00:01:03,130[13076] - EC_Lab_Win11 - INFO - not in software yet
2026-03-08 00:01:03,419[13076] - EC_Lab_Win11 - INFO - attempting to open EC_Lab_Win11, trial 1 in 3 times...
2026-03-09 09:55:22,687[13076] - RobotTest_AcidicPlatform - INFO - human operating, fail to detect...
2026-03-09 09:55:32,693[13076] - RobotTest_AcidicPlatform - INFO - human operating, fail to detect...
2026-03-09 09:55:42,698[13076] - RobotTest_AcidicPlatform - INFO - human operating, fail to detect...
2026-03-09 09:55:52,710[13076] - RobotTest_AcidicPlatform - INFO - human operating, fail to detect...
2026-03-09 09:56:36,326[13076] - RobotTest_AcidicPlatform - INFO - human operating, fail to detect...
2026-03-09 09:56:46,338[13076] - RobotTest_AcidicPlatform - INFO - human operating, fail to detect...
2026-03-09 10:33:32,086[13076] - RobotTest_AcidicPlatform - INFO - human operating, fail to detect...
2026-03-09 10:33:42,092[13076] - RobotTest_AcidicPlatform - INFO - human operating, fail to detect...
2026-03-09 10:34:04,613[13076] - EC_Lab_Win11 - INFO - not in software yet
2026-03-09 10:34:04,908[13076] - EC_Lab_Win11 - INFO - attempting to open EC_Lab_Win11, trial 1 in 3 times...
2026-03-09 10:34:08,138[13076] - EC_Lab_Win11 - INFO - not in software yet
2026-03-09 10:34:08,437[13076] - EC_Lab_Win11 - INFO - attempting to open EC_Lab_Win11, trial 2 in 3 times...
2026-03-09 10:34:22,093[13076] - RobotTest_AcidicPlatform - INFO - human operating, fail to detect...
2026-03-09 10:34:32,095[13076] - RobotTest_AcidicPlatform - INFO - human operating, fail to detect...
2026-03-09 10:34:42,110[13076] - RobotTest_AcidicPlatform - INFO - human operating, fail to detect...
2026-03-09 10:34:52,119[13076] - RobotTest_AcidicPlatform - INFO - human operating, fail to detect...
2026-03-09 10:35:02,125[13076] - RobotTest_AcidicPlatform - INFO - human operating, fail to detect...
2026-03-09 10:35:12,140[13076] - RobotTest_AcidicPlatform - INFO - human operating, fail to detect...
2026-03-09 10:35:22,148[13076] - RobotTest_AcidicPlatform - INFO - human operating, fail to detect...
2026-03-09 10:35:32,156[13076] - RobotTest_AcidicPlatform - INFO - human operating, fail to detect...
2026-03-09 10:35:42,161[13076] - RobotTest_AcidicPlatform - INFO - human operating, fail to detect...
2026-03-09 10:35:52,967[13076] - EC_Lab_Win11 - INFO - not in software yet
2026-03-09 10:35:53,280[13076] - EC_Lab_Win11 - INFO - attempting to open EC_Lab_Win11, trial 1 in 3 times...
2026-03-09 10:35:56,492[13076] - EC_Lab_Win11 - INFO - not in software yet
2026-03-09 10:35:56,800[13076] - EC_Lab_Win11 - INFO - attempting to open EC_Lab_Win11, trial 2 in 3 times...
2026-03-09 11:07:10,128[13076] - EC_Lab_Win11 - INFO - channel 1 is not open
2026-03-09 11:07:11,863[13076] - EC_Lab_Win11 - WARNING - cannot find ['channel_1_in.png', 'channel_1_in_ox.png', 'channel_1_in_red.png', 'channel_1_in_relax.png', 'channel_1_out.png', 'channel_1_out_ox.png', 'channel_1_out_red.png', 'channel_1_out_relax.png'] on screen
2026-03-09 11:07:16,534[13076] - EC_Lab_Win11 - WARNING - cannot find ['channel_1_in.png', 'channel_1_in_ox.png', 'channel_1_in_red.png', 'channel_1_in_relax.png', 'channel_1_out.png', 'channel_1_out_ox.png', 'channel_1_out_red.png', 'channel_1_out_relax.png'] on screen
2026-03-09 11:07:21,003[13076] - EC_Lab_Win11 - WARNING - cannot find ['channel_1_in.png', 'channel_1_in_ox.png', 'channel_1_in_red.png', 'channel_1_in_relax.png', 'channel_1_out.png', 'channel_1_out_ox.png', 'channel_1_out_red.png', 'channel_1_out_relax.png'] on screen
2026-03-09 11:07:25,474[13076] - EC_Lab_Win11 - WARNING - cannot find ['channel_1_in.png', 'channel_1_in_ox.png', 'channel_1_in_red.png', 'channel_1_in_relax.png', 'channel_1_out.png', 'channel_1_out_ox.png', 'channel_1_out_red.png', 'channel_1_out_relax.png'] on screen
2026-03-09 11:07:29,963[13076] - EC_Lab_Win11 - WARNING - cannot find ['channel_1_in.png', 'channel_1_in_ox.png', 'channel_1_in_red.png', 'channel_1_in_relax.png', 'channel_1_out.png', 'channel_1_out_ox.png', 'channel_1_out_red.png', 'channel_1_out_relax.png'] on screen
2026-03-09 11:07:34,450[13076] - EC_Lab_Win11 - WARNING - cannot find ['channel_1_in.png', 'channel_1_in_ox.png', 'channel_1_in_red.png', 'channel_1_in_relax.png', 'channel_1_out.png', 'channel_1_out_ox.png', 'channel_1_out_red.png', 'channel_1_out_relax.png'] on screen
2026-03-09 11:07:38,923[13076] - EC_Lab_Win11 - WARNING - cannot find ['channel_1_in.png', 'channel_1_in_ox.png', 'channel_1_in_red.png', 'channel_1_in_relax.png', 'channel_1_out.png', 'channel_1_out_ox.png', 'channel_1_out_red.png', 'channel_1_out_relax.png'] on screen
2026-03-09 11:07:43,393[13076] - EC_Lab_Win11 - WARNING - cannot find ['channel_1_in.png', 'channel_1_in_ox.png', 'channel_1_in_red.png', 'channel_1_in_relax.png', 'channel_1_out.png', 'channel_1_out_ox.png', 'channel_1_out_red.png', 'channel_1_out_relax.png'] on screen
2026-03-09 11:07:47,878[13076] - EC_Lab_Win11 - WARNING - cannot find ['channel_1_in.png', 'channel_1_in_ox.png', 'channel_1_in_red.png', 'channel_1_in_relax.png', 'channel_1_out.png', 'channel_1_out_ox.png', 'channel_1_out_red.png', 'channel_1_out_relax.png'] on screen
2026-03-09 11:07:52,368[13076] - EC_Lab_Win11 - WARNING - cannot find ['channel_1_in.png', 'channel_1_in_ox.png', 'channel_1_in_red.png', 'channel_1_in_relax.png', 'channel_1_out.png', 'channel_1_out_ox.png', 'channel_1_out_red.png', 'channel_1_out_relax.png'] on screen
2026-03-09 11:07:56,855[13076] - EC_Lab_Win11 - WARNING - cannot find ['channel_1_in.png', 'channel_1_in_ox.png', 'channel_1_in_red.png', 'channel_1_in_relax.png', 'channel_1_out.png', 'channel_1_out_ox.png', 'channel_1_out_red.png', 'channel_1_out_relax.png'] on screen
2026-03-09 11:08:01,325[13076] - EC_Lab_Win11 - WARNING - cannot find ['channel_1_in.png', 'channel_1_in_ox.png', 'channel_1_in_red.png', 'channel_1_in_relax.png', 'channel_1_out.png', 'channel_1_out_ox.png', 'channel_1_out_red.png', 'channel_1_out_relax.png'] on screen
2026-03-09 11:08:05,814[13076] - EC_Lab_Win11 - WARNING - cannot find ['channel_1_in.png', 'channel_1_in_ox.png', 'channel_1_in_red.png', 'channel_1_in_relax.png', 'channel_1_out.png', 'channel_1_out_ox.png', 'channel_1_out_red.png', 'channel_1_out_relax.png'] on screen
2026-03-09 11:08:10,311[13076] - EC_Lab_Win11 - WARNING - cannot find ['channel_1_in.png', 'channel_1_in_ox.png', 'channel_1_in_red.png', 'channel_1_in_relax.png', 'channel_1_out.png', 'channel_1_out_ox.png', 'channel_1_out_red.png', 'channel_1_out_relax.png'] on screen
2026-03-09 11:08:14,788[13076] - EC_Lab_Win11 - WARNING - cannot find ['channel_1_in.png', 'channel_1_in_ox.png', 'channel_1_in_red.png', 'channel_1_in_relax.png', 'channel_1_out.png', 'channel_1_out_ox.png', 'channel_1_out_red.png', 'channel_1_out_relax.png'] on screen
2026-03-09 11:08:19,313[13076] - EC_Lab_Win11 - WARNING - cannot find ['channel_1_in.png', 'channel_1_in_ox.png', 'channel_1_in_red.png', 'channel_1_in_relax.png', 'channel_1_out.png', 'channel_1_out_ox.png', 'channel_1_out_red.png', 'channel_1_out_relax.png'] on screen
2026-03-09 11:08:23,847[13076] - EC_Lab_Win11 - WARNING - cannot find ['channel_1_in.png', 'channel_1_in_ox.png', 'channel_1_in_red.png', 'channel_1_in_relax.png', 'channel_1_out.png', 'channel_1_out_ox.png', 'channel_1_out_red.png', 'channel_1_out_relax.png'] on screen
2026-03-09 11:08:28,317[13076] - EC_Lab_Win11 - WARNING - cannot find ['channel_1_in.png', 'channel_1_in_ox.png', 'channel_1_in_red.png', 'channel_1_in_relax.png', 'channel_1_out.png', 'channel_1_out_ox.png', 'channel_1_out_red.png', 'channel_1_out_relax.png'] on screen
2026-03-09 11:08:32,829[13076] - EC_Lab_Win11 - WARNING - cannot find ['channel_1_in.png', 'channel_1_in_ox.png', 'channel_1_in_red.png', 'channel_1_in_relax.png', 'channel_1_out.png', 'channel_1_out_ox.png', 'channel_1_out_red.png', 'channel_1_out_relax.png'] on screen
2026-03-09 11:08:37,363[13076] - EC_Lab_Win11 - WARNING - cannot find ['channel_1_in.png', 'channel_1_in_ox.png', 'channel_1_in_red.png', 'channel_1_in_relax.png', 'channel_1_out.png', 'channel_1_out_ox.png', 'channel_1_out_red.png', 'channel_1_out_relax.png'] on screen
2026-03-09 11:08:41,850[13076] - EC_Lab_Win11 - WARNING - cannot find ['channel_1_in.png', 'channel_1_in_ox.png', 'channel_1_in_red.png', 'channel_1_in_relax.png', 'channel_1_out.png', 'channel_1_out_ox.png', 'channel_1_out_red.png', 'channel_1_out_relax.png'] on screen
2026-03-09 11:08:46,337[13076] - EC_Lab_Win11 - WARNING - cannot find ['channel_1_in.png', 'channel_1_in_ox.png', 'channel_1_in_red.png', 'channel_1_in_relax.png', 'channel_1_out.png', 'channel_1_out_ox.png', 'channel_1_out_red.png', 'channel_1_out_relax.png'] on screen
2026-03-09 11:08:50,828[13076] - EC_Lab_Win11 - WARNING - cannot find ['channel_1_in.png', 'channel_1_in_ox.png', 'channel_1_in_red.png', 'channel_1_in_relax.png', 'channel_1_out.png', 'channel_1_out_ox.png', 'channel_1_out_red.png', 'channel_1_out_relax.png'] on screen
2026-03-09 11:08:55,312[13076] - EC_Lab_Win11 - WARNING - cannot find ['channel_1_in.png', 'channel_1_in_ox.png', 'channel_1_in_red.png', 'channel_1_in_relax.png', 'channel_1_out.png', 'channel_1_out_ox.png', 'channel_1_out_red.png', 'channel_1_out_relax.png'] on screen
2026-03-09 11:08:59,784[13076] - EC_Lab_Win11 - WARNING - cannot find ['channel_1_in.png', 'channel_1_in_ox.png', 'channel_1_in_red.png', 'channel_1_in_relax.png', 'channel_1_out.png', 'channel_1_out_ox.png', 'channel_1_out_red.png', 'channel_1_out_relax.png'] on screen
2026-03-09 11:09:04,253[13076] - EC_Lab_Win11 - WARNING - cannot find ['channel_1_in.png', 'channel_1_in_ox.png', 'channel_1_in_red.png', 'channel_1_in_relax.png', 'channel_1_out.png', 'channel_1_out_ox.png', 'channel_1_out_red.png', 'channel_1_out_relax.png'] on screen
2026-03-09 11:09:08,743[13076] - EC_Lab_Win11 - WARNING - cannot find ['channel_1_in.png', 'channel_1_in_ox.png', 'channel_1_in_red.png', 'channel_1_in_relax.png', 'channel_1_out.png', 'channel_1_out_ox.png', 'channel_1_out_red.png', 'channel_1_out_relax.png'] on screen
2026-03-09 11:09:13,229[13076] - EC_Lab_Win11 - WARNING - cannot find ['channel_1_in.png', 'channel_1_in_ox.png', 'channel_1_in_red.png', 'channel_1_in_relax.png', 'channel_1_out.png', 'channel_1_out_ox.png', 'channel_1_out_red.png', 'channel_1_out_relax.png'] on screen
2026-03-09 11:09:17,704[13076] - EC_Lab_Win11 - WARNING - cannot find ['channel_1_in.png', 'channel_1_in_ox.png', 'channel_1_in_red.png', 'channel_1_in_relax.png', 'channel_1_out.png', 'channel_1_out_ox.png', 'channel_1_out_red.png', 'channel_1_out_relax.png'] on screen
2026-03-09 11:09:22,226[13076] - EC_Lab_Win11 - WARNING - cannot find ['channel_1_in.png', 'channel_1_in_ox.png', 'channel_1_in_red.png', 'channel_1_in_relax.png', 'channel_1_out.png', 'channel_1_out_ox.png', 'channel_1_out_red.png', 'channel_1_out_relax.png'] on screen
2026-03-09 11:09:26,692[13076] - EC_Lab_Win11 - WARNING - cannot find ['channel_1_in.png', 'channel_1_in_ox.png', 'channel_1_in_red.png', 'channel_1_in_relax.png', 'channel_1_out.png', 'channel_1_out_ox.png', 'channel_1_out_red.png', 'channel_1_out_relax.png'] on screen
2026-03-09 11:09:31,163[13076] - EC_Lab_Win11 - WARNING - cannot find ['channel_1_in.png', 'channel_1_in_ox.png', 'channel_1_in_red.png', 'channel_1_in_relax.png', 'channel_1_out.png', 'channel_1_out_ox.png', 'channel_1_out_red.png', 'channel_1_out_relax.png'] on screen
2026-03-09 11:09:35,651[13076] - EC_Lab_Win11 - WARNING - cannot find ['channel_1_in.png', 'channel_1_in_ox.png', 'channel_1_in_red.png', 'channel_1_in_relax.png', 'channel_1_out.png', 'channel_1_out_ox.png', 'channel_1_out_red.png', 'channel_1_out_relax.png'] on screen
2026-03-09 11:09:40,173[13076] - EC_Lab_Win11 - WARNING - cannot find ['channel_1_in.png', 'channel_1_in_ox.png', 'channel_1_in_red.png', 'channel_1_in_relax.png', 'channel_1_out.png', 'channel_1_out_ox.png', 'channel_1_out_red.png', 'channel_1_out_relax.png'] on screen
2026-03-09 11:09:44,646[13076] - EC_Lab_Win11 - WARNING - cannot find ['channel_1_in.png', 'channel_1_in_ox.png', 'channel_1_in_red.png', 'channel_1_in_relax.png', 'channel_1_out.png', 'channel_1_out_ox.png', 'channel_1_out_red.png', 'channel_1_out_relax.png'] on screen
2026-03-09 11:09:49,131[13076] - EC_Lab_Win11 - WARNING - cannot find ['channel_1_in.png', 'channel_1_in_ox.png', 'channel_1_in_red.png', 'channel_1_in_relax.png', 'channel_1_out.png', 'channel_1_out_ox.png', 'channel_1_out_red.png', 'channel_1_out_relax.png'] on screen
2026-03-09 11:09:53,605[13076] - EC_Lab_Win11 - WARNING - cannot find ['channel_1_in.png', 'channel_1_in_ox.png', 'channel_1_in_red.png', 'channel_1_in_relax.png', 'channel_1_out.png', 'channel_1_out_ox.png', 'channel_1_out_red.png', 'channel_1_out_relax.png'] on screen
2026-03-09 11:09:58,109[13076] - EC_Lab_Win11 - WARNING - cannot find ['channel_1_in.png', 'channel_1_in_ox.png', 'channel_1_in_red.png', 'channel_1_in_relax.png', 'channel_1_out.png', 'channel_1_out_ox.png', 'channel_1_out_red.png', 'channel_1_out_relax.png'] on screen
2026-03-09 11:10:02,626[13076] - EC_Lab_Win11 - WARNING - cannot find ['channel_1_in.png', 'channel_1_in_ox.png', 'channel_1_in_red.png', 'channel_1_in_relax.png', 'channel_1_out.png', 'channel_1_out_ox.png', 'channel_1_out_red.png', 'channel_1_out_relax.png'] on screen
2026-03-09 11:10:07,102[13076] - EC_Lab_Win11 - WARNING - cannot find ['channel_1_in.png', 'channel_1_in_ox.png', 'channel_1_in_red.png', 'channel_1_in_relax.png', 'channel_1_out.png', 'channel_1_out_ox.png', 'channel_1_out_red.png', 'channel_1_out_relax.png'] on screen
2026-03-09 11:10:11,570[13076] - EC_Lab_Win11 - WARNING - cannot find ['channel_1_in.png', 'channel_1_in_ox.png', 'channel_1_in_red.png', 'channel_1_in_relax.png', 'channel_1_out.png', 'channel_1_out_ox.png', 'channel_1_out_red.png', 'channel_1_out_relax.png'] on screen
2026-03-09 11:10:16,042[13076] - EC_Lab_Win11 - WARNING - cannot find ['channel_1_in.png', 'channel_1_in_ox.png', 'channel_1_in_red.png', 'channel_1_in_relax.png', 'channel_1_out.png', 'channel_1_out_ox.png', 'channel_1_out_red.png', 'channel_1_out_relax.png'] on screen
2026-03-09 11:10:20,534[13076] - EC_Lab_Win11 - WARNING - cannot find ['channel_1_in.png', 'channel_1_in_ox.png', 'channel_1_in_red.png', 'channel_1_in_relax.png', 'channel_1_out.png', 'channel_1_out_ox.png', 'channel_1_out_red.png', 'channel_1_out_relax.png'] on screen
2026-03-09 11:10:25,035[13076] - EC_Lab_Win11 - WARNING - cannot find ['channel_1_in.png', 'channel_1_in_ox.png', 'channel_1_in_red.png', 'channel_1_in_relax.png', 'channel_1_out.png', 'channel_1_out_ox.png', 'channel_1_out_red.png', 'channel_1_out_relax.png'] on screen
2026-03-09 11:10:29,538[13076] - EC_Lab_Win11 - WARNING - cannot find ['channel_1_in.png', 'channel_1_in_ox.png', 'channel_1_in_red.png', 'channel_1_in_relax.png', 'channel_1_out.png', 'channel_1_out_ox.png', 'channel_1_out_red.png', 'channel_1_out_relax.png'] on screen
2026-03-09 11:10:34,030[13076] - EC_Lab_Win11 - WARNING - cannot find ['channel_1_in.png', 'channel_1_in_ox.png', 'channel_1_in_red.png', 'channel_1_in_relax.png', 'channel_1_out.png', 'channel_1_out_ox.png', 'channel_1_out_red.png', 'channel_1_out_relax.png'] on screen
2026-03-09 11:10:38,515[13076] - EC_Lab_Win11 - WARNING - cannot find ['channel_1_in.png', 'channel_1_in_ox.png', 'channel_1_in_red.png', 'channel_1_in_relax.png', 'channel_1_out.png', 'channel_1_out_ox.png', 'channel_1_out_red.png', 'channel_1_out_relax.png'] on screen
2026-03-09 11:10:43,005[13076] - EC_Lab_Win11 - WARNING - cannot find ['channel_1_in.png', 'channel_1_in_ox.png', 'channel_1_in_red.png', 'channel_1_in_relax.png', 'channel_1_out.png', 'channel_1_out_ox.png', 'channel_1_out_red.png', 'channel_1_out_relax.png'] on screen
2026-03-09 11:10:47,476[13076] - EC_Lab_Win11 - WARNING - cannot find ['channel_1_in.png', 'channel_1_in_ox.png', 'channel_1_in_red.png', 'channel_1_in_relax.png', 'channel_1_out.png', 'channel_1_out_ox.png', 'channel_1_out_red.png', 'channel_1_out_relax.png'] on screen
2026-03-09 11:10:51,947[13076] - EC_Lab_Win11 - WARNING - cannot find ['channel_1_in.png', 'channel_1_in_ox.png', 'channel_1_in_red.png', 'channel_1_in_relax.png', 'channel_1_out.png', 'channel_1_out_ox.png', 'channel_1_out_red.png', 'channel_1_out_relax.png'] on screen
2026-03-09 11:10:56,434[13076] - EC_Lab_Win11 - WARNING - cannot find ['channel_1_in.png', 'channel_1_in_ox.png', 'channel_1_in_red.png', 'channel_1_in_relax.png', 'channel_1_out.png', 'channel_1_out_ox.png', 'channel_1_out_red.png', 'channel_1_out_relax.png'] on screen
2026-03-09 11:11:00,906[13076] - EC_Lab_Win11 - WARNING - cannot find ['channel_1_in.png', 'channel_1_in_ox.png', 'channel_1_in_red.png', 'channel_1_in_relax.png', 'channel_1_out.png', 'channel_1_out_ox.png', 'channel_1_out_red.png', 'channel_1_out_relax.png'] on screen
2026-03-09 11:11:05,373[13076] - EC_Lab_Win11 - WARNING - cannot find ['channel_1_in.png', 'channel_1_in_ox.png', 'channel_1_in_red.png', 'channel_1_in_relax.png', 'channel_1_out.png', 'channel_1_out_ox.png', 'channel_1_out_red.png', 'channel_1_out_relax.png'] on screen
2026-03-09 11:11:09,862[13076] - EC_Lab_Win11 - WARNING - cannot find ['channel_1_in.png', 'channel_1_in_ox.png', 'channel_1_in_red.png', 'channel_1_in_relax.png', 'channel_1_out.png', 'channel_1_out_ox.png', 'channel_1_out_red.png', 'channel_1_out_relax.png'] on screen
2026-03-09 11:11:14,334[13076] - EC_Lab_Win11 - WARNING - cannot find ['channel_1_in.png', 'channel_1_in_ox.png', 'channel_1_in_red.png', 'channel_1_in_relax.png', 'channel_1_out.png', 'channel_1_out_ox.png', 'channel_1_out_red.png', 'channel_1_out_relax.png'] on screen
2026-03-09 11:11:18,855[13076] - EC_Lab_Win11 - WARNING - cannot find ['channel_1_in.png', 'channel_1_in_ox.png', 'channel_1_in_red.png', 'channel_1_in_relax.png', 'channel_1_out.png', 'channel_1_out_ox.png', 'channel_1_out_red.png', 'channel_1_out_relax.png'] on screen
2026-03-09 11:11:23,330[13076] - EC_Lab_Win11 - WARNING - cannot find ['channel_1_in.png', 'channel_1_in_ox.png', 'channel_1_in_red.png', 'channel_1_in_relax.png', 'channel_1_out.png', 'channel_1_out_ox.png', 'channel_1_out_red.png', 'channel_1_out_relax.png'] on screen
2026-03-09 11:11:27,798[13076] - EC_Lab_Win11 - WARNING - cannot find ['channel_1_in.png', 'channel_1_in_ox.png', 'channel_1_in_red.png', 'channel_1_in_relax.png', 'channel_1_out.png', 'channel_1_out_ox.png', 'channel_1_out_red.png', 'channel_1_out_relax.png'] on screen
2026-03-09 11:11:32,268[13076] - EC_Lab_Win11 - WARNING - cannot find ['channel_1_in.png', 'channel_1_in_ox.png', 'channel_1_in_red.png', 'channel_1_in_relax.png', 'channel_1_out.png', 'channel_1_out_ox.png', 'channel_1_out_red.png', 'channel_1_out_relax.png'] on screen
2026-03-09 11:11:36,740[13076] - EC_Lab_Win11 - WARNING - cannot find ['channel_1_in.png', 'channel_1_in_ox.png', 'channel_1_in_red.png', 'channel_1_in_relax.png', 'channel_1_out.png', 'channel_1_out_ox.png', 'channel_1_out_red.png', 'channel_1_out_relax.png'] on screen
2026-03-09 11:11:41,229[13076] - EC_Lab_Win11 - WARNING - cannot find ['channel_1_in.png', 'channel_1_in_ox.png', 'channel_1_in_red.png', 'channel_1_in_relax.png', 'channel_1_out.png', 'channel_1_out_ox.png', 'channel_1_out_red.png', 'channel_1_out_relax.png'] on screen
2026-03-09 11:11:45,715[13076] - EC_Lab_Win11 - WARNING - cannot find ['channel_1_in.png', 'channel_1_in_ox.png', 'channel_1_in_red.png', 'channel_1_in_relax.png', 'channel_1_out.png', 'channel_1_out_ox.png', 'channel_1_out_red.png', 'channel_1_out_relax.png'] on screen
2026-03-09 11:11:50,238[13076] - EC_Lab_Win11 - WARNING - cannot find ['channel_1_in.png', 'channel_1_in_ox.png', 'channel_1_in_red.png', 'channel_1_in_relax.png', 'channel_1_out.png', 'channel_1_out_ox.png', 'channel_1_out_red.png', 'channel_1_out_relax.png'] on screen
2026-03-09 11:11:54,728[13076] - EC_Lab_Win11 - WARNING - cannot find ['channel_1_in.png', 'channel_1_in_ox.png', 'channel_1_in_red.png', 'channel_1_in_relax.png', 'channel_1_out.png', 'channel_1_out_ox.png', 'channel_1_out_red.png', 'channel_1_out_relax.png'] on screen
2026-03-09 11:11:59,211[13076] - EC_Lab_Win11 - WARNING - cannot find ['channel_1_in.png', 'channel_1_in_ox.png', 'channel_1_in_red.png', 'channel_1_in_relax.png', 'channel_1_out.png', 'channel_1_out_ox.png', 'channel_1_out_red.png', 'channel_1_out_relax.png'] on screen
2026-03-09 11:12:03,683[13076] - EC_Lab_Win11 - WARNING - cannot find ['channel_1_in.png', 'channel_1_in_ox.png', 'channel_1_in_red.png', 'channel_1_in_relax.png', 'channel_1_out.png', 'channel_1_out_ox.png', 'channel_1_out_red.png', 'channel_1_out_relax.png'] on screen
2026-03-09 11:12:08,154[13076] - EC_Lab_Win11 - WARNING - cannot find ['channel_1_in.png', 'channel_1_in_ox.png', 'channel_1_in_red.png', 'channel_1_in_relax.png', 'channel_1_out.png', 'channel_1_out_ox.png', 'channel_1_out_red.png', 'channel_1_out_relax.png'] on screen
2026-03-09 11:12:12,624[13076] - EC_Lab_Win11 - WARNING - cannot find ['channel_1_in.png', 'channel_1_in_ox.png', 'channel_1_in_red.png', 'channel_1_in_relax.png', 'channel_1_out.png', 'channel_1_out_ox.png', 'channel_1_out_red.png', 'channel_1_out_relax.png'] on screen
2026-03-09 11:12:17,099[13076] - EC_Lab_Win11 - WARNING - cannot find ['channel_1_in.png', 'channel_1_in_ox.png', 'channel_1_in_red.png', 'channel_1_in_relax.png', 'channel_1_out.png', 'channel_1_out_ox.png', 'channel_1_out_red.png', 'channel_1_out_relax.png'] on screen
2026-03-09 11:12:21,617[13076] - EC_Lab_Win11 - WARNING - cannot find ['channel_1_in.png', 'channel_1_in_ox.png', 'channel_1_in_red.png', 'channel_1_in_relax.png', 'channel_1_out.png', 'channel_1_out_ox.png', 'channel_1_out_red.png', 'channel_1_out_relax.png'] on screen
2026-03-09 11:12:26,122[13076] - EC_Lab_Win11 - WARNING - cannot find ['channel_1_in.png', 'channel_1_in_ox.png', 'channel_1_in_red.png', 'channel_1_in_relax.png', 'channel_1_out.png', 'channel_1_out_ox.png', 'channel_1_out_red.png', 'channel_1_out_relax.png'] on screen
2026-03-09 11:12:30,592[13076] - EC_Lab_Win11 - WARNING - cannot find ['channel_1_in.png', 'channel_1_in_ox.png', 'channel_1_in_red.png', 'channel_1_in_relax.png', 'channel_1_out.png', 'channel_1_out_ox.png', 'channel_1_out_red.png', 'channel_1_out_relax.png'] on screen
2026-03-09 11:12:35,062[13076] - EC_Lab_Win11 - WARNING - cannot find ['channel_1_in.png', 'channel_1_in_ox.png', 'channel_1_in_red.png', 'channel_1_in_relax.png', 'channel_1_out.png', 'channel_1_out_ox.png', 'channel_1_out_red.png', 'channel_1_out_relax.png'] on screen
2026-03-09 11:12:39,552[13076] - EC_Lab_Win11 - WARNING - cannot find ['channel_1_in.png', 'channel_1_in_ox.png', 'channel_1_in_red.png', 'channel_1_in_relax.png', 'channel_1_out.png', 'channel_1_out_ox.png', 'channel_1_out_red.png', 'channel_1_out_relax.png'] on screen
2026-03-09 11:12:44,039[13076] - EC_Lab_Win11 - WARNING - cannot find ['channel_1_in.png', 'channel_1_in_ox.png', 'channel_1_in_red.png', 'channel_1_in_relax.png', 'channel_1_out.png', 'channel_1_out_ox.png', 'channel_1_out_red.png', 'channel_1_out_relax.png'] on screen
2026-03-09 11:12:48,512[13076] - EC_Lab_Win11 - WARNING - cannot find ['channel_1_in.png', 'channel_1_in_ox.png', 'channel_1_in_red.png', 'channel_1_in_relax.png', 'channel_1_out.png', 'channel_1_out_ox.png', 'channel_1_out_red.png', 'channel_1_out_relax.png'] on screen
2026-03-09 11:12:52,981[13076] - EC_Lab_Win11 - WARNING - cannot find ['channel_1_in.png', 'channel_1_in_ox.png', 'channel_1_in_red.png', 'channel_1_in_relax.png', 'channel_1_out.png', 'channel_1_out_ox.png', 'channel_1_out_red.png', 'channel_1_out_relax.png'] on screen
2026-03-09 11:12:57,478[13076] - EC_Lab_Win11 - WARNING - cannot find ['channel_1_in.png', 'channel_1_in_ox.png', 'channel_1_in_red.png', 'channel_1_in_relax.png', 'channel_1_out.png', 'channel_1_out_ox.png', 'channel_1_out_red.png', 'channel_1_out_relax.png'] on screen
2026-03-09 11:13:01,961[13076] - EC_Lab_Win11 - WARNING - cannot find ['channel_1_in.png', 'channel_1_in_ox.png', 'channel_1_in_red.png', 'channel_1_in_relax.png', 'channel_1_out.png', 'channel_1_out_ox.png', 'channel_1_out_red.png', 'channel_1_out_relax.png'] on screen
2026-03-09 11:13:06,430[13076] - EC_Lab_Win11 - WARNING - cannot find ['channel_1_in.png', 'channel_1_in_ox.png', 'channel_1_in_red.png', 'channel_1_in_relax.png', 'channel_1_out.png', 'channel_1_out_ox.png', 'channel_1_out_red.png', 'channel_1_out_relax.png'] on screen
2026-03-09 11:13:10,904[13076] - EC_Lab_Win11 - WARNING - cannot find ['channel_1_in.png', 'channel_1_in_ox.png', 'channel_1_in_red.png', 'channel_1_in_relax.png', 'channel_1_out.png', 'channel_1_out_ox.png', 'channel_1_out_red.png', 'channel_1_out_relax.png'] on screen
2026-03-09 11:13:15,410[13076] - EC_Lab_Win11 - WARNING - cannot find ['channel_1_in.png', 'channel_1_in_ox.png', 'channel_1_in_red.png', 'channel_1_in_relax.png', 'channel_1_out.png', 'channel_1_out_ox.png', 'channel_1_out_red.png', 'channel_1_out_relax.png'] on screen
2026-03-09 11:13:19,893[13076] - EC_Lab_Win11 - WARNING - cannot find ['channel_1_in.png', 'channel_1_in_ox.png', 'channel_1_in_red.png', 'channel_1_in_relax.png', 'channel_1_out.png', 'channel_1_out_ox.png', 'channel_1_out_red.png', 'channel_1_out_relax.png'] on screen
2026-03-09 11:13:24,363[13076] - EC_Lab_Win11 - WARNING - cannot find ['channel_1_in.png', 'channel_1_in_ox.png', 'channel_1_in_red.png', 'channel_1_in_relax.png', 'channel_1_out.png', 'channel_1_out_ox.png', 'channel_1_out_red.png', 'channel_1_out_relax.png'] on screen
2026-03-09 11:13:28,852[13076] - EC_Lab_Win11 - WARNING - cannot find ['channel_1_in.png', 'channel_1_in_ox.png', 'channel_1_in_red.png', 'channel_1_in_relax.png', 'channel_1_out.png', 'channel_1_out_ox.png', 'channel_1_out_red.png', 'channel_1_out_relax.png'] on screen
2026-03-09 11:13:33,325[13076] - EC_Lab_Win11 - WARNING - cannot find ['channel_1_in.png', 'channel_1_in_ox.png', 'channel_1_in_red.png', 'channel_1_in_relax.png', 'channel_1_out.png', 'channel_1_out_ox.png', 'channel_1_out_red.png', 'channel_1_out_relax.png'] on screen
2026-03-09 11:13:37,796[13076] - EC_Lab_Win11 - WARNING - cannot find ['channel_1_in.png', 'channel_1_in_ox.png', 'channel_1_in_red.png', 'channel_1_in_relax.png', 'channel_1_out.png', 'channel_1_out_ox.png', 'channel_1_out_red.png', 'channel_1_out_relax.png'] on screen
2026-03-09 11:13:42,283[13076] - EC_Lab_Win11 - WARNING - cannot find ['channel_1_in.png', 'channel_1_in_ox.png', 'channel_1_in_red.png', 'channel_1_in_relax.png', 'channel_1_out.png', 'channel_1_out_ox.png', 'channel_1_out_red.png', 'channel_1_out_relax.png'] on screen
2026-03-09 11:13:46,773[13076] - EC_Lab_Win11 - WARNING - cannot find ['channel_1_in.png', 'channel_1_in_ox.png', 'channel_1_in_red.png', 'channel_1_in_relax.png', 'channel_1_out.png', 'channel_1_out_ox.png', 'channel_1_out_red.png', 'channel_1_out_relax.png'] on screen
2026-03-09 11:13:51,241[13076] - EC_Lab_Win11 - WARNING - cannot find ['channel_1_in.png', 'channel_1_in_ox.png', 'channel_1_in_red.png', 'channel_1_in_relax.png', 'channel_1_out.png', 'channel_1_out_ox.png', 'channel_1_out_red.png', 'channel_1_out_relax.png'] on screen
2026-03-09 11:13:55,730[13076] - EC_Lab_Win11 - WARNING - cannot find ['channel_1_in.png', 'channel_1_in_ox.png', 'channel_1_in_red.png', 'channel_1_in_relax.png', 'channel_1_out.png', 'channel_1_out_ox.png', 'channel_1_out_red.png', 'channel_1_out_relax.png'] on screen
2026-03-09 11:14:00,221[13076] - EC_Lab_Win11 - WARNING - cannot find ['channel_1_in.png', 'channel_1_in_ox.png', 'channel_1_in_red.png', 'channel_1_in_relax.png', 'channel_1_out.png', 'channel_1_out_ox.png', 'channel_1_out_red.png', 'channel_1_out_relax.png'] on screen
2026-03-09 11:14:04,719[13076] - EC_Lab_Win11 - WARNING - cannot find ['channel_1_in.png', 'channel_1_in_ox.png', 'channel_1_in_red.png', 'channel_1_in_relax.png', 'channel_1_out.png', 'channel_1_out_ox.png', 'channel_1_out_red.png', 'channel_1_out_relax.png'] on screen
2026-03-09 11:14:09,208[13076] - EC_Lab_Win11 - WARNING - cannot find ['channel_1_in.png', 'channel_1_in_ox.png', 'channel_1_in_red.png', 'channel_1_in_relax.png', 'channel_1_out.png', 'channel_1_out_ox.png', 'channel_1_out_red.png', 'channel_1_out_relax.png'] on screen
2026-03-09 11:14:13,683[13076] - EC_Lab_Win11 - WARNING - cannot find ['channel_1_in.png', 'channel_1_in_ox.png', 'channel_1_in_red.png', 'channel_1_in_relax.png', 'channel_1_out.png', 'channel_1_out_ox.png', 'channel_1_out_red.png', 'channel_1_out_relax.png'] on screen
2026-03-09 11:14:18,175[13076] - EC_Lab_Win11 - WARNING - cannot find ['channel_1_in.png', 'channel_1_in_ox.png', 'channel_1_in_red.png', 'channel_1_in_relax.png', 'channel_1_out.png', 'channel_1_out_ox.png', 'channel_1_out_red.png', 'channel_1_out_relax.png'] on screen
2026-03-09 11:14:22,666[13076] - EC_Lab_Win11 - WARNING - cannot find ['channel_1_in.png', 'channel_1_in_ox.png', 'channel_1_in_red.png', 'channel_1_in_relax.png', 'channel_1_out.png', 'channel_1_out_ox.png', 'channel_1_out_red.png', 'channel_1_out_relax.png'] on screen
2026-03-09 11:14:27,160[13076] - EC_Lab_Win11 - WARNING - cannot find ['channel_1_in.png', 'channel_1_in_ox.png', 'channel_1_in_red.png', 'channel_1_in_relax.png', 'channel_1_out.png', 'channel_1_out_ox.png', 'channel_1_out_red.png', 'channel_1_out_relax.png'] on screen
2026-03-09 11:14:31,649[13076] - EC_Lab_Win11 - WARNING - cannot find ['channel_1_in.png', 'channel_1_in_ox.png', 'channel_1_in_red.png', 'channel_1_in_relax.png', 'channel_1_out.png', 'channel_1_out_ox.png', 'channel_1_out_red.png', 'channel_1_out_relax.png'] on screen
2026-03-09 11:14:36,176[13076] - EC_Lab_Win11 - WARNING - cannot find ['channel_1_in.png', 'channel_1_in_ox.png', 'channel_1_in_red.png', 'channel_1_in_relax.png', 'channel_1_out.png', 'channel_1_out_ox.png', 'channel_1_out_red.png', 'channel_1_out_relax.png'] on screen
2026-03-09 11:14:39,193[13076] - EC_Lab_Win11 - ERROR - 5 min timed out for finding ['channel_1_in.png', 'channel_1_in_ox.png', 'channel_1_in_red.png', 'channel_1_in_relax.png', 'channel_1_out.png', 'channel_1_out_ox.png', 'channel_1_out_red.png', 'channel_1_out_relax.png']
2026-03-09 11:14:39,193[13076] - RobotTest_AcidicPlatform - ERROR - 5 min timed out for finding ['channel_1_in.png', 'channel_1_in_ox.png', 'channel_1_in_red.png', 'channel_1_in_relax.png', 'channel_1_out.png', 'channel_1_out_ox.png', 'channel_1_out_red.png', 'channel_1_out_relax.png']
Traceback (most recent call last):
  File "C:\Users\li\PycharmProjects\catalyst\robotic_testing\common\robot_test.py", line 45, in wrapper
    return func(self, *args, **kwargs)
  File "C:\Users\li\PycharmProjects\catalyst\robotic_testing\common\robot_test.py", line 189, in run
    self.test_main_workflow(
  File "C:\Users\li\PycharmProjects\catalyst\robotic_testing\common\robot_test.py", line 296, in test_main_workflow
    self.check_test_finished()
  File "C:\Users\li\PycharmProjects\catalyst\robotic_testing\common\robot_test.py", line 328, in check_test_finished
    self.ec_lab.open_channel()
  File "C:\Users\li\PycharmProjects\catalyst\software_control\software_control.py", line 618, in open_channel
    self.click_button(self.icons_dict[f'channel_{self.channel_id}_buttons'])
  File "C:\Users\li\PycharmProjects\catalyst\software_control\software_control_base.py", line 75, in click_button
    raise SystemError(f'5 min timed out for finding {file_name_list}')
SystemError: 5 min timed out for finding ['channel_1_in.png', 'channel_1_in_ox.png', 'channel_1_in_red.png', 'channel_1_in_relax.png', 'channel_1_out.png', 'channel_1_out_ox.png', 'channel_1_out_red.png', 'channel_1_out_relax.png']
2026-03-09 15:43:44,295[5752] - RobotTest_AcidicPlatform - INFO - started a batch of test, with sample_rack_id : sample_id = {1: 8, 2: 9, 3: 10, 4: 11, 5: 12, 6: 13, 7: 14, 8: 15, 9: 16}
2026-03-09 15:43:50,315[5752] - OBS_Win - INFO - not in software yet
2026-03-09 15:43:50,642[5752] - OBS_Win - INFO - attempting to open OBS_Win, trial 1 in 3 times...
2026-03-09 15:43:54,182[5752] - OBS_Win - INFO - OBS_Win started
2026-03-09 15:43:54,182[5752] - RobotTest_AcidicPlatform - INFO - loading the sample from rack_id #1...
2026-03-09 15:46:12,532[10580] - RobotTest_AcidicPlatform - INFO - started a batch of test, with sample_rack_id : sample_id = {8: 8, 9: 9, 10: 10, 11: 11, 12: 12, 13: 13, 14: 14, 15: 15, 16: 16}
2026-03-09 15:46:18,550[10580] - OBS_Win - INFO - not in software yet
2026-03-09 15:46:18,875[10580] - OBS_Win - INFO - attempting to open OBS_Win, trial 1 in 3 times...
2026-03-09 15:46:22,320[10580] - OBS_Win - WARNING - cannot find ['OBS_start_record.png'] on screen
2026-03-09 15:46:25,548[10580] - OBS_Win - WARNING - cannot find ['OBS_start_record.png'] on screen
2026-03-09 15:46:28,780[10580] - OBS_Win - WARNING - cannot find ['OBS_start_record.png'] on screen
2026-03-09 15:46:32,003[10580] - OBS_Win - WARNING - cannot find ['OBS_start_record.png'] on screen
2026-03-09 15:46:35,218[10580] - OBS_Win - WARNING - cannot find ['OBS_start_record.png'] on screen
2026-03-09 15:46:38,438[10580] - OBS_Win - WARNING - cannot find ['OBS_start_record.png'] on screen
2026-03-09 15:46:41,658[10580] - OBS_Win - WARNING - cannot find ['OBS_start_record.png'] on screen
2026-03-09 15:46:44,893[10580] - OBS_Win - WARNING - cannot find ['OBS_start_record.png'] on screen
2026-03-09 15:46:48,115[10580] - OBS_Win - WARNING - cannot find ['OBS_start_record.png'] on screen
2026-03-09 15:46:51,333[10580] - OBS_Win - WARNING - cannot find ['OBS_start_record.png'] on screen
2026-03-09 15:46:54,557[10580] - OBS_Win - WARNING - cannot find ['OBS_start_record.png'] on screen
2026-03-09 15:46:57,795[10580] - OBS_Win - WARNING - cannot find ['OBS_start_record.png'] on screen
2026-03-09 15:47:01,028[10580] - OBS_Win - WARNING - cannot find ['OBS_start_record.png'] on screen
2026-03-09 15:47:04,249[10580] - OBS_Win - WARNING - cannot find ['OBS_start_record.png'] on screen
2026-03-09 15:47:07,478[10580] - OBS_Win - WARNING - cannot find ['OBS_start_record.png'] on screen
2026-03-09 15:47:31,905[15308] - RobotTest_AcidicPlatform - INFO - started a batch of test, with sample_rack_id : sample_id = {8: 8, 9: 9, 10: 10, 11: 11, 12: 12, 13: 13, 14: 14, 15: 15, 16: 16}
2026-03-09 15:47:42,050[15308] - OBS_Win - INFO - not in software yet
2026-03-09 15:47:42,360[15308] - OBS_Win - INFO - attempting to open OBS_Win, trial 1 in 3 times...
2026-03-09 15:47:45,893[15308] - OBS_Win - INFO - OBS_Win started
2026-03-09 15:47:45,893[15308] - RobotTest_AcidicPlatform - INFO - loading the sample from rack_id #8...
2026-03-09 15:48:24,903[15308] - RobotTest_AcidicPlatform - INFO - sample successfully loaded into the cell
2026-03-09 15:48:25,452[15308] - OBS_Win - INFO - OBS_Win stopped
2026-03-09 15:48:28,675[15308] - EC_Lab_Win11 - INFO - not in software yet
2026-03-09 15:48:28,987[15308] - EC_Lab_Win11 - INFO - attempting to open EC_Lab_Win11, trial 1 in 3 times...
2026-03-09 16:48:42,716[15308] - EC_Lab_Win11 - INFO - test is complete
2026-03-09 16:48:42,717[15308] - RobotTest_AcidicPlatform - INFO - test NanoRobot_sample#8_2026-03-09_15-47-41 finished
2026-03-09 16:48:42,917[15308] - OBS_Win - INFO - not in software yet
2026-03-09 16:48:43,236[15308] - OBS_Win - INFO - attempting to open OBS_Win, trial 1 in 3 times...
2026-03-09 16:48:46,761[15308] - OBS_Win - INFO - OBS_Win started
2026-03-09 16:48:46,761[15308] - RobotTest_AcidicPlatform - INFO - unloading the sample to rack_id #8...
2026-03-09 16:49:43,757[15308] - RobotTest_AcidicPlatform - INFO - sample successfully unloaded from the cell
2026-03-09 16:49:47,316[15308] - OBS_Win - INFO - OBS_Win stopped
2026-03-09 16:49:47,722[15308] - OBS_Win - WARNING - cannot find ['OBS_start_record.png'] on screen
2026-03-09 16:49:51,055[15308] - OBS_Win - INFO - OBS_Win started
2026-03-09 16:49:51,055[15308] - RobotTest_AcidicPlatform - INFO - loading the sample from rack_id #9...
2026-03-09 16:50:26,930[15308] - RobotTest_AcidicPlatform - INFO - sample successfully loaded into the cell
2026-03-09 16:50:27,448[15308] - OBS_Win - INFO - OBS_Win stopped
2026-03-09 16:50:30,678[15308] - EC_Lab_Win11 - INFO - not in software yet
2026-03-09 16:50:30,973[15308] - EC_Lab_Win11 - INFO - attempting to open EC_Lab_Win11, trial 1 in 3 times...
2026-03-09 17:33:41,970[15308] - EC_Lab_Win11 - INFO - not in software yet
2026-03-09 17:33:42,297[15308] - EC_Lab_Win11 - INFO - attempting to open EC_Lab_Win11, trial 1 in 3 times...
2026-03-09 17:33:45,535[15308] - EC_Lab_Win11 - INFO - not in software yet
2026-03-09 17:33:45,840[15308] - EC_Lab_Win11 - INFO - attempting to open EC_Lab_Win11, trial 2 in 3 times...
2026-03-09 17:50:50,085[15308] - EC_Lab_Win11 - INFO - test is complete
2026-03-09 17:50:50,085[15308] - RobotTest_AcidicPlatform - INFO - test NanoRobot_sample#9_2026-03-09_16-49-47 finished
2026-03-09 17:50:50,270[15308] - OBS_Win - INFO - not in software yet
2026-03-09 17:50:50,568[15308] - OBS_Win - INFO - attempting to open OBS_Win, trial 1 in 3 times...
2026-03-09 17:50:54,090[15308] - OBS_Win - INFO - OBS_Win started
2026-03-09 17:50:54,090[15308] - RobotTest_AcidicPlatform - INFO - unloading the sample to rack_id #9...
2026-03-09 17:51:51,543[15308] - RobotTest_AcidicPlatform - INFO - sample successfully unloaded from the cell
2026-03-09 17:51:55,109[15308] - OBS_Win - INFO - OBS_Win stopped
2026-03-09 17:51:55,535[15308] - OBS_Win - WARNING - cannot find ['OBS_start_record.png'] on screen
2026-03-09 17:51:58,866[15308] - OBS_Win - INFO - OBS_Win started
2026-03-09 17:51:58,866[15308] - RobotTest_AcidicPlatform - INFO - loading the sample from rack_id #10...
2026-03-09 17:52:35,111[15308] - RobotTest_AcidicPlatform - INFO - sample successfully loaded into the cell
2026-03-09 17:52:35,647[15308] - OBS_Win - INFO - OBS_Win stopped
2026-03-09 17:52:38,875[15308] - EC_Lab_Win11 - INFO - not in software yet
2026-03-09 17:52:39,161[15308] - EC_Lab_Win11 - INFO - attempting to open EC_Lab_Win11, trial 1 in 3 times...
2026-03-09 18:52:52,022[15308] - EC_Lab_Win11 - INFO - test is complete
2026-03-09 18:52:52,022[15308] - RobotTest_AcidicPlatform - INFO - test NanoRobot_sample#10_2026-03-09_17-51-55 finished
2026-03-09 18:52:52,232[15308] - OBS_Win - INFO - not in software yet
2026-03-09 18:52:52,556[15308] - OBS_Win - INFO - attempting to open OBS_Win, trial 1 in 3 times...
2026-03-09 18:52:56,077[15308] - OBS_Win - INFO - OBS_Win started
2026-03-09 18:52:56,077[15308] - RobotTest_AcidicPlatform - INFO - unloading the sample to rack_id #10...
2026-03-09 18:53:53,916[15308] - RobotTest_AcidicPlatform - INFO - sample successfully unloaded from the cell
2026-03-09 18:53:57,482[15308] - OBS_Win - INFO - OBS_Win stopped
2026-03-09 18:53:57,886[15308] - OBS_Win - WARNING - cannot find ['OBS_start_record.png'] on screen
2026-03-09 18:54:01,193[15308] - OBS_Win - INFO - OBS_Win started
2026-03-09 18:54:01,193[15308] - RobotTest_AcidicPlatform - INFO - loading the sample from rack_id #11...
2026-03-09 18:54:37,773[15308] - RobotTest_AcidicPlatform - INFO - sample successfully loaded into the cell
2026-03-09 18:54:38,308[15308] - OBS_Win - INFO - OBS_Win stopped
2026-03-09 18:54:41,535[15308] - EC_Lab_Win11 - INFO - not in software yet
2026-03-09 18:54:41,833[15308] - EC_Lab_Win11 - INFO - attempting to open EC_Lab_Win11, trial 1 in 3 times...
2026-03-09 19:55:04,626[15308] - EC_Lab_Win11 - INFO - test is complete
2026-03-09 19:55:04,627[15308] - RobotTest_AcidicPlatform - INFO - test NanoRobot_sample#11_2026-03-09_18-53-57 finished
2026-03-09 19:55:04,812[15308] - OBS_Win - INFO - not in software yet
2026-03-09 19:55:05,131[15308] - OBS_Win - INFO - attempting to open OBS_Win, trial 1 in 3 times...
2026-03-09 19:55:08,653[15308] - OBS_Win - INFO - OBS_Win started
2026-03-09 19:55:08,653[15308] - RobotTest_AcidicPlatform - INFO - unloading the sample to rack_id #11...
2026-03-09 19:56:06,896[15308] - RobotTest_AcidicPlatform - INFO - sample successfully unloaded from the cell
2026-03-09 19:56:10,417[15308] - OBS_Win - INFO - OBS_Win stopped
2026-03-09 19:56:10,824[15308] - OBS_Win - WARNING - cannot find ['OBS_start_record.png'] on screen
2026-03-09 19:56:14,142[15308] - OBS_Win - INFO - OBS_Win started
2026-03-09 19:56:14,142[15308] - RobotTest_AcidicPlatform - INFO - loading the sample from rack_id #12...
2026-03-09 19:56:51,299[15308] - RobotTest_AcidicPlatform - INFO - sample successfully loaded into the cell
2026-03-09 19:56:51,801[15308] - OBS_Win - INFO - OBS_Win stopped
2026-03-09 19:56:55,019[15308] - EC_Lab_Win11 - INFO - not in software yet
2026-03-09 19:56:55,309[15308] - EC_Lab_Win11 - INFO - attempting to open EC_Lab_Win11, trial 1 in 3 times...
2026-03-09 20:57:18,176[15308] - EC_Lab_Win11 - INFO - test is complete
2026-03-09 20:57:18,177[15308] - RobotTest_AcidicPlatform - INFO - test NanoRobot_sample#12_2026-03-09_19-56-10 finished
2026-03-09 20:57:18,365[15308] - OBS_Win - INFO - not in software yet
2026-03-09 20:57:18,684[15308] - OBS_Win - INFO - attempting to open OBS_Win, trial 1 in 3 times...
2026-03-09 20:57:22,209[15308] - OBS_Win - INFO - OBS_Win started
2026-03-09 20:57:22,209[15308] - RobotTest_AcidicPlatform - INFO - unloading the sample to rack_id #12...
2026-03-09 20:58:20,995[15308] - RobotTest_AcidicPlatform - INFO - sample successfully unloaded from the cell
2026-03-09 20:58:24,540[15308] - OBS_Win - INFO - OBS_Win stopped
2026-03-09 20:58:24,964[15308] - OBS_Win - WARNING - cannot find ['OBS_start_record.png'] on screen
2026-03-09 20:58:28,293[15308] - OBS_Win - INFO - OBS_Win started
2026-03-09 20:58:28,293[15308] - RobotTest_AcidicPlatform - INFO - loading the sample from rack_id #13...
2026-03-09 20:59:05,734[15308] - RobotTest_AcidicPlatform - INFO - sample successfully loaded into the cell
2026-03-09 20:59:06,270[15308] - OBS_Win - INFO - OBS_Win stopped
2026-03-09 20:59:09,505[15308] - EC_Lab_Win11 - INFO - not in software yet
2026-03-09 20:59:09,802[15308] - EC_Lab_Win11 - INFO - attempting to open EC_Lab_Win11, trial 1 in 3 times...
2026-03-09 21:59:33,266[15308] - EC_Lab_Win11 - INFO - test is complete
2026-03-09 21:59:33,266[15308] - RobotTest_AcidicPlatform - INFO - test NanoRobot_sample#13_2026-03-09_20-58-24 finished
2026-03-09 21:59:33,467[15308] - OBS_Win - INFO - not in software yet
2026-03-09 21:59:33,799[15308] - OBS_Win - INFO - attempting to open OBS_Win, trial 1 in 3 times...
2026-03-09 21:59:37,320[15308] - OBS_Win - INFO - OBS_Win started
2026-03-09 21:59:37,320[15308] - RobotTest_AcidicPlatform - INFO - unloading the sample to rack_id #13...
2026-03-09 22:00:36,452[15308] - RobotTest_AcidicPlatform - INFO - sample successfully unloaded from the cell
2026-03-09 22:00:40,015[15308] - OBS_Win - INFO - OBS_Win stopped
2026-03-09 22:00:40,432[15308] - OBS_Win - WARNING - cannot find ['OBS_start_record.png'] on screen
2026-03-09 22:00:43,759[15308] - OBS_Win - INFO - OBS_Win started
2026-03-09 22:00:43,759[15308] - RobotTest_AcidicPlatform - INFO - loading the sample from rack_id #14...
2026-03-09 22:01:21,487[15308] - RobotTest_AcidicPlatform - INFO - sample successfully loaded into the cell
2026-03-09 22:01:22,019[15308] - OBS_Win - INFO - OBS_Win stopped
2026-03-09 22:01:25,240[15308] - EC_Lab_Win11 - INFO - not in software yet
2026-03-09 22:01:25,529[15308] - EC_Lab_Win11 - INFO - attempting to open EC_Lab_Win11, trial 1 in 3 times...
2026-03-09 22:18:26,239[15308] - EC_Lab_Win11 - INFO - not in software yet
2026-03-09 22:18:26,553[15308] - EC_Lab_Win11 - INFO - attempting to open EC_Lab_Win11, trial 1 in 3 times...
2026-03-09 22:18:29,798[15308] - EC_Lab_Win11 - INFO - not in software yet
2026-03-09 22:18:30,133[15308] - EC_Lab_Win11 - INFO - attempting to open EC_Lab_Win11, trial 2 in 3 times...
2026-03-09 23:01:43,964[15308] - EC_Lab_Win11 - INFO - test is complete
2026-03-09 23:01:43,964[15308] - RobotTest_AcidicPlatform - INFO - test NanoRobot_sample#14_2026-03-09_22-00-40 finished
2026-03-09 23:01:44,153[15308] - OBS_Win - INFO - not in software yet
2026-03-09 23:01:44,488[15308] - OBS_Win - INFO - attempting to open OBS_Win, trial 1 in 3 times...
2026-03-09 23:01:48,034[15308] - OBS_Win - INFO - OBS_Win started
2026-03-09 23:01:48,034[15308] - RobotTest_AcidicPlatform - INFO - unloading the sample to rack_id #14...
2026-03-09 23:02:47,530[15308] - RobotTest_AcidicPlatform - INFO - sample successfully unloaded from the cell
2026-03-09 23:02:51,107[15308] - OBS_Win - INFO - OBS_Win stopped
2026-03-09 23:02:51,548[15308] - OBS_Win - WARNING - cannot find ['OBS_start_record.png'] on screen
2026-03-09 23:02:54,870[15308] - OBS_Win - INFO - OBS_Win started
2026-03-09 23:02:54,870[15308] - RobotTest_AcidicPlatform - INFO - loading the sample from rack_id #15...
2026-03-09 23:03:33,011[15308] - RobotTest_AcidicPlatform - INFO - sample successfully loaded into the cell
2026-03-09 23:03:33,560[15308] - OBS_Win - INFO - OBS_Win stopped
2026-03-09 23:03:36,789[15308] - EC_Lab_Win11 - INFO - not in software yet
2026-03-09 23:03:37,086[15308] - EC_Lab_Win11 - INFO - attempting to open EC_Lab_Win11, trial 1 in 3 times...
2026-03-10 00:03:50,711[15308] - EC_Lab_Win11 - INFO - test is complete
2026-03-10 00:03:50,712[15308] - RobotTest_AcidicPlatform - INFO - test NanoRobot_sample#15_2026-03-09_23-02-51 finished
2026-03-10 00:03:50,916[15308] - OBS_Win - INFO - not in software yet
2026-03-10 00:03:51,240[15308] - OBS_Win - INFO - attempting to open OBS_Win, trial 1 in 3 times...
2026-03-10 00:03:54,772[15308] - OBS_Win - INFO - OBS_Win started
2026-03-10 00:03:54,772[15308] - RobotTest_AcidicPlatform - INFO - unloading the sample to rack_id #15...
2026-03-10 00:04:54,643[15308] - RobotTest_AcidicPlatform - INFO - sample successfully unloaded from the cell
2026-03-10 00:04:58,203[15308] - OBS_Win - INFO - OBS_Win stopped
2026-03-10 00:04:58,613[15308] - OBS_Win - WARNING - cannot find ['OBS_start_record.png'] on screen
2026-03-10 00:05:01,930[15308] - OBS_Win - INFO - OBS_Win started
2026-03-10 00:05:01,930[15308] - RobotTest_AcidicPlatform - INFO - loading the sample from rack_id #16...
2026-03-10 00:05:40,561[15308] - RobotTest_AcidicPlatform - INFO - sample successfully loaded into the cell
2026-03-10 00:05:41,097[15308] - OBS_Win - INFO - OBS_Win stopped
2026-03-10 00:05:44,338[15308] - EC_Lab_Win11 - INFO - not in software yet
2026-03-10 00:05:44,646[15308] - EC_Lab_Win11 - INFO - attempting to open EC_Lab_Win11, trial 1 in 3 times...
2026-03-10 01:05:57,521[15308] - EC_Lab_Win11 - INFO - test is complete
2026-03-10 01:05:57,521[15308] - RobotTest_AcidicPlatform - INFO - test NanoRobot_sample#16_2026-03-10_00-04-58 finished
2026-03-10 01:05:57,722[15308] - OBS_Win - INFO - not in software yet
2026-03-10 01:05:58,048[15308] - OBS_Win - INFO - attempting to open OBS_Win, trial 1 in 3 times...
2026-03-10 01:06:01,570[15308] - OBS_Win - INFO - OBS_Win started
2026-03-10 01:06:01,570[15308] - RobotTest_AcidicPlatform - INFO - unloading the sample to rack_id #16...
2026-03-10 01:07:01,942[15308] - RobotTest_AcidicPlatform - INFO - sample successfully unloaded from the cell
2026-03-10 01:07:05,538[15308] - OBS_Win - INFO - OBS_Win stopped
2026-03-16 18:54:23,857[7864] - RobotTest_AcidicPlatform - INFO - started a batch of test, with sample_rack_id : sample_id = {0: 0, 1: 1, 2: 2, 3: 3, 4: 4, 5: 5, 6: 6, 7: 7, 8: 8, 9: 9, 10: 10, 11: 11, 12: 12, 13: 13, 14: 14, 15: 15, 16: 16}
2026-03-16 18:54:31,456[7864] - OBS_Win - INFO - not in software yet
2026-03-16 18:54:31,756[7864] - OBS_Win - INFO - attempting to open OBS_Win, trial 1 in 3 times...
2026-03-16 18:54:35,282[7864] - OBS_Win - INFO - OBS_Win started
2026-03-16 18:54:35,282[7864] - RobotTest_AcidicPlatform - INFO - loading the sample from rack_id #0...
2026-03-16 18:55:06,797[7864] - RobotTest_AcidicPlatform - INFO - sample successfully loaded into the cell
2026-03-16 18:55:07,237[7864] - OBS_Win - WARNING - cannot find ['OBS_stop_record.png'] on screen
2026-03-16 18:55:10,445[7864] - OBS_Win - WARNING - cannot find ['OBS_stop_record.png'] on screen
2026-03-16 18:55:13,651[7864] - OBS_Win - WARNING - cannot find ['OBS_stop_record.png'] on screen
2026-03-16 18:56:45,152[4272] - RobotTest_AcidicPlatform - INFO - started a batch of test, with sample_rack_id : sample_id = {0: 0, 1: 1, 2: 2, 3: 3, 4: 4, 5: 5, 6: 6, 7: 7, 8: 8, 9: 9, 10: 10, 11: 11, 12: 12, 13: 13, 14: 14, 15: 15, 16: 16}
2026-03-16 18:56:45,156[4272] - RobotTest_AcidicPlatform - ERROR - Cannot go home, unload sample first!
Traceback (most recent call last):
  File "C:\Users\li\PycharmProjects\catalyst\robotic_testing\common\robot_test.py", line 45, in wrapper
    return func(self, *args, **kwargs)
  File "C:\Users\li\PycharmProjects\catalyst\robotic_testing\common\robot_test.py", line 182, in run
    self.robot_warming_up()
  File "C:\Users\li\PycharmProjects\catalyst\robotic_testing\common\robot_test.py", line 312, in robot_warming_up
    self.arm.home()
  File "C:\Users\li\PycharmProjects\catalyst\robotic_testing\common\robotic_arms\xarm6\xarm6.py", line 11, in home
    raise SystemError('Cannot go home, unload sample first!')
SystemError: Cannot go home, unload sample first!
2026-03-16 18:58:34,037[18164] - RobotTest_AcidicPlatform - INFO - started a batch of test, with sample_rack_id : sample_id = {0: 0, 1: 1, 2: 2, 3: 3, 4: 4, 5: 5, 6: 6, 7: 7, 8: 8, 9: 9, 10: 10, 11: 11, 12: 12, 13: 13, 14: 14, 15: 15, 16: 16}
2026-03-16 18:58:41,146[18164] - OBS_Win - INFO - not in software yet
2026-03-16 18:58:41,482[18164] - OBS_Win - INFO - attempting to open OBS_Win, trial 1 in 3 times...
2026-03-16 18:58:44,988[18164] - OBS_Win - INFO - OBS_Win started
2026-03-16 18:58:44,988[18164] - RobotTest_AcidicPlatform - INFO - loading the sample from rack_id #0...
2026-03-16 19:02:21,321[15788] - RobotTest_AcidicPlatform - INFO - started a batch of test, with sample_rack_id : sample_id = {0: 0, 1: 1, 2: 2, 3: 3, 4: 4, 5: 5, 6: 6, 7: 7, 8: 8, 9: 9, 10: 10, 11: 11, 12: 12, 13: 13, 14: 14, 15: 15, 16: 16}
2026-03-16 19:02:30,337[15788] - OBS_Win - INFO - not in software yet
2026-03-16 19:02:30,689[15788] - OBS_Win - INFO - attempting to open OBS_Win, trial 1 in 3 times...
2026-03-16 19:02:34,273[15788] - OBS_Win - INFO - OBS_Win started
2026-03-16 19:02:34,273[15788] - RobotTest_AcidicPlatform - INFO - loading the sample from rack_id #0...
2026-03-16 19:03:05,808[15788] - RobotTest_AcidicPlatform - INFO - sample successfully loaded into the cell
2026-03-16 19:03:06,359[15788] - OBS_Win - INFO - OBS_Win stopped
2026-03-16 19:03:09,608[15788] - EC_Lab_Win11 - INFO - not in software yet
2026-03-16 19:03:09,922[15788] - EC_Lab_Win11 - INFO - attempting to open EC_Lab_Win11, trial 1 in 3 times...
2026-03-16 19:03:19,658[15788] - EC_Lab_Win11 - WARNING - cannot find ['save.png'] on screen
2026-03-16 19:07:14,517[14588] - RobotTest_AcidicPlatform - INFO - started a batch of test, with sample_rack_id : sample_id = {0: 0, 1: 1, 2: 2, 3: 3, 4: 4, 5: 5, 6: 6, 7: 7, 8: 8, 9: 9, 10: 10, 11: 11, 12: 12, 13: 13, 14: 14, 15: 15, 16: 16}
2026-03-16 19:07:20,640[14588] - OBS_Win - INFO - not in software yet
2026-03-16 19:07:20,947[14588] - OBS_Win - INFO - attempting to open OBS_Win, trial 1 in 3 times...
2026-03-16 19:07:24,509[14588] - OBS_Win - INFO - OBS_Win started
2026-03-16 19:07:24,509[14588] - RobotTest_AcidicPlatform - INFO - loading the sample from rack_id #0...
2026-03-16 19:07:55,992[14588] - RobotTest_AcidicPlatform - INFO - sample successfully loaded into the cell
2026-03-16 19:07:56,199[14588] - OBS_Win - INFO - not in software yet
2026-03-16 19:07:56,512[14588] - OBS_Win - INFO - attempting to open OBS_Win, trial 1 in 3 times...
2026-03-16 19:07:59,936[14588] - OBS_Win - WARNING - cannot find ['OBS_stop_record.png'] on screen
2026-03-16 19:08:03,162[14588] - OBS_Win - WARNING - cannot find ['OBS_stop_record.png'] on screen
2026-03-16 19:08:06,383[14588] - OBS_Win - WARNING - cannot find ['OBS_stop_record.png'] on screen
2026-03-16 19:08:09,603[14588] - OBS_Win - WARNING - cannot find ['OBS_stop_record.png'] on screen
2026-03-16 19:08:12,852[14588] - OBS_Win - WARNING - cannot find ['OBS_stop_record.png'] on screen
2026-03-16 19:08:16,064[14588] - OBS_Win - WARNING - cannot find ['OBS_stop_record.png'] on screen
2026-03-16 19:08:19,301[14588] - OBS_Win - WARNING - cannot find ['OBS_stop_record.png'] on screen
2026-03-16 19:12:05,748[13368] - RobotTest_AcidicPlatform - INFO - started a batch of test, with sample_rack_id : sample_id = {0: 0, 1: 1, 2: 2, 3: 3, 4: 4, 5: 5, 6: 6, 7: 7, 8: 8, 9: 9, 10: 10, 11: 11, 12: 12, 13: 13, 14: 14, 15: 15, 16: 16}
2026-03-16 19:12:12,171[13368] - OBS_Win - INFO - not in software yet
2026-03-16 19:12:12,655[13368] - OBS_Win - INFO - attempting to open OBS_Win, trial 1 in 3 times...
2026-03-16 19:12:16,394[13368] - OBS_Win - INFO - OBS_Win started
2026-03-16 19:12:16,394[13368] - RobotTest_AcidicPlatform - INFO - loading the sample from rack_id #0...
2026-03-16 19:12:47,864[13368] - RobotTest_AcidicPlatform - INFO - sample successfully loaded into the cell
2026-03-16 19:12:48,427[13368] - OBS_Win - INFO - OBS_Win stopped
2026-03-16 19:12:51,666[13368] - EC_Lab_Win11 - INFO - not in software yet
2026-03-16 19:12:51,989[13368] - EC_Lab_Win11 - INFO - attempting to open EC_Lab_Win11, trial 1 in 3 times...
2026-03-16 19:13:01,738[13368] - EC_Lab_Win11 - WARNING - cannot find ['save.png'] on screen
2026-03-16 19:13:04,947[13368] - EC_Lab_Win11 - WARNING - cannot find ['save.png'] on screen
2026-03-16 19:13:08,171[13368] - EC_Lab_Win11 - WARNING - cannot find ['save.png'] on screen
2026-03-16 19:13:11,375[13368] - EC_Lab_Win11 - WARNING - cannot find ['save.png'] on screen
2026-03-16 19:13:14,587[13368] - EC_Lab_Win11 - WARNING - cannot find ['save.png'] on screen
2026-03-16 19:13:17,788[13368] - EC_Lab_Win11 - WARNING - cannot find ['save.png'] on screen
2026-03-16 19:13:21,010[13368] - EC_Lab_Win11 - WARNING - cannot find ['save.png'] on screen
2026-03-16 19:13:24,229[13368] - EC_Lab_Win11 - WARNING - cannot find ['save.png'] on screen
2026-03-16 19:13:27,432[13368] - EC_Lab_Win11 - WARNING - cannot find ['save.png'] on screen
2026-03-16 19:13:30,659[13368] - EC_Lab_Win11 - WARNING - cannot find ['save.png'] on screen
2026-03-16 19:13:33,857[13368] - EC_Lab_Win11 - WARNING - cannot find ['save.png'] on screen
2026-03-16 19:13:37,066[13368] - EC_Lab_Win11 - WARNING - cannot find ['save.png'] on screen
2026-03-16 19:13:40,285[13368] - EC_Lab_Win11 - WARNING - cannot find ['save.png'] on screen
2026-03-16 19:13:43,486[13368] - EC_Lab_Win11 - WARNING - cannot find ['save.png'] on screen
2026-03-16 19:13:46,743[13368] - EC_Lab_Win11 - WARNING - cannot find ['save.png'] on screen
2026-03-16 19:13:49,961[13368] - EC_Lab_Win11 - WARNING - cannot find ['save.png'] on screen
2026-03-16 19:13:53,180[13368] - EC_Lab_Win11 - WARNING - cannot find ['save.png'] on screen
2026-03-16 19:13:56,376[13368] - EC_Lab_Win11 - WARNING - cannot find ['save.png'] on screen
2026-03-16 19:13:59,595[13368] - EC_Lab_Win11 - WARNING - cannot find ['save.png'] on screen
2026-03-16 19:14:02,802[13368] - EC_Lab_Win11 - WARNING - cannot find ['save.png'] on screen
2026-03-16 19:18:42,058[16780] - RobotTest_AcidicPlatform - INFO - started a batch of test, with sample_rack_id : sample_id = {0: 0, 1: 1, 2: 2, 3: 3, 4: 4, 5: 5, 6: 6, 7: 7, 8: 8, 9: 9, 10: 10, 11: 11, 12: 12, 13: 13, 14: 14, 15: 15, 16: 16}
2026-03-16 19:18:48,038[16780] - OBS_Win - INFO - not in software yet
2026-03-16 19:18:48,353[16780] - OBS_Win - INFO - attempting to open OBS_Win, trial 1 in 3 times...
2026-03-16 19:18:51,887[16780] - OBS_Win - INFO - OBS_Win started
2026-03-16 19:18:51,887[16780] - RobotTest_AcidicPlatform - INFO - loading the sample from rack_id #0...
2026-03-16 19:19:23,345[16780] - RobotTest_AcidicPlatform - INFO - sample successfully loaded into the cell
2026-03-16 19:19:23,882[16780] - OBS_Win - INFO - OBS_Win stopped
2026-03-16 19:19:27,114[16780] - EC_Lab_Win11 - INFO - not in software yet
2026-03-16 19:19:27,404[16780] - EC_Lab_Win11 - INFO - attempting to open EC_Lab_Win11, trial 1 in 3 times...
2026-03-16 19:19:31,055[16780] - EC_Lab_Win11 - WARNING - cannot find ['start.png'] on screen
2026-03-16 19:19:40,394[16780] - EC_Lab_Win11 - WARNING - cannot find ['save.png'] on screen
2026-03-16 19:19:43,584[16780] - EC_Lab_Win11 - WARNING - cannot find ['save.png'] on screen
2026-03-16 19:19:46,787[16780] - EC_Lab_Win11 - WARNING - cannot find ['save.png'] on screen
2026-03-16 19:19:49,989[16780] - EC_Lab_Win11 - WARNING - cannot find ['save.png'] on screen
2026-03-16 19:19:53,184[16780] - EC_Lab_Win11 - WARNING - cannot find ['save.png'] on screen
2026-03-16 19:19:56,393[16780] - EC_Lab_Win11 - WARNING - cannot find ['save.png'] on screen
2026-03-16 19:19:59,599[16780] - EC_Lab_Win11 - WARNING - cannot find ['save.png'] on screen
2026-03-16 19:20:02,784[16780] - EC_Lab_Win11 - WARNING - cannot find ['save.png'] on screen
2026-03-16 19:20:05,986[16780] - EC_Lab_Win11 - WARNING - cannot find ['save.png'] on screen
2026-03-16 19:20:09,177[16780] - EC_Lab_Win11 - WARNING - cannot find ['save.png'] on screen
2026-03-16 19:20:12,381[16780] - EC_Lab_Win11 - WARNING - cannot find ['save.png'] on screen
2026-03-16 19:20:15,579[16780] - EC_Lab_Win11 - WARNING - cannot find ['save.png'] on screen
2026-03-16 19:20:18,774[16780] - EC_Lab_Win11 - WARNING - cannot find ['save.png'] on screen
2026-03-16 19:23:04,272[9084] - RobotTest_AcidicPlatform - INFO - started a batch of test, with sample_rack_id : sample_id = {0: 0, 1: 1, 2: 2, 3: 3, 4: 4, 5: 5, 6: 6, 7: 7, 8: 8, 9: 9, 10: 10, 11: 11, 12: 12, 13: 13, 14: 14, 15: 15, 16: 16}
2026-03-16 19:23:10,304[9084] - OBS_Win - INFO - not in software yet
2026-03-16 19:23:10,610[9084] - OBS_Win - INFO - attempting to open OBS_Win, trial 1 in 3 times...
2026-03-16 19:23:14,242[9084] - OBS_Win - INFO - OBS_Win started
2026-03-16 19:23:14,242[9084] - RobotTest_AcidicPlatform - INFO - loading the sample from rack_id #0...
2026-03-16 19:23:53,348[9084] - RobotTest_AcidicPlatform - INFO - sample successfully loaded into the cell
2026-03-16 19:23:53,564[9084] - OBS_Win - INFO - not in software yet
2026-03-16 19:23:53,883[9084] - OBS_Win - INFO - attempting to open OBS_Win, trial 1 in 3 times...
2026-03-16 19:23:57,095[9084] - OBS_Win - INFO - not in software yet
2026-03-16 19:23:57,409[9084] - OBS_Win - INFO - attempting to open OBS_Win, trial 2 in 3 times...
2026-03-16 19:24:00,940[9084] - OBS_Win - INFO - OBS_Win stopped
2026-03-16 19:24:04,175[9084] - EC_Lab_Win11 - INFO - not in software yet
2026-03-16 19:24:04,487[9084] - EC_Lab_Win11 - INFO - attempting to open EC_Lab_Win11, trial 1 in 3 times...
2026-03-16 19:24:38,725[9084] - EC_Lab_Win11 - INFO - test is complete
2026-03-16 19:24:38,725[9084] - RobotTest_AcidicPlatform - INFO - test NanoRobot_sample#0_2026-03-16_19-23-10 finished
2026-03-16 19:24:38,916[9084] - OBS_Win - INFO - not in software yet
2026-03-16 19:24:39,236[9084] - OBS_Win - INFO - attempting to open OBS_Win, trial 1 in 3 times...
2026-03-16 19:24:42,773[9084] - OBS_Win - INFO - OBS_Win started
2026-03-16 19:24:42,773[9084] - RobotTest_AcidicPlatform - INFO - unloading the sample to rack_id #0...
2026-03-16 19:25:42,050[9084] - RobotTest_AcidicPlatform - INFO - sample successfully unloaded from the cell
2026-03-16 19:25:45,603[9084] - OBS_Win - INFO - OBS_Win stopped
2026-03-16 19:25:46,009[9084] - OBS_Win - WARNING - cannot find ['OBS_start_record.png'] on screen
2026-03-16 19:25:49,359[9084] - OBS_Win - INFO - OBS_Win started
2026-03-16 19:25:49,359[9084] - RobotTest_AcidicPlatform - INFO - loading the sample from rack_id #1...
2026-03-16 19:27:16,607[16776] - RobotTest_AcidicPlatform - INFO - started a batch of test, with sample_rack_id : sample_id = {1: 1, 2: 2, 3: 3, 4: 4, 5: 5, 6: 6, 7: 7, 8: 8, 9: 9, 10: 10, 11: 11, 12: 12, 13: 13, 14: 14, 15: 15, 16: 16}
2026-03-16 19:27:22,653[16776] - OBS_Win - INFO - not in software yet
2026-03-16 19:27:22,976[16776] - OBS_Win - INFO - attempting to open OBS_Win, trial 1 in 3 times...
2026-03-16 19:27:26,534[16776] - OBS_Win - INFO - OBS_Win started
2026-03-16 19:27:26,534[16776] - RobotTest_AcidicPlatform - INFO - loading the sample from rack_id #1...
2026-03-16 19:28:05,587[16776] - RobotTest_AcidicPlatform - INFO - sample successfully loaded into the cell
2026-03-16 19:28:06,151[16776] - OBS_Win - INFO - OBS_Win stopped
2026-03-16 19:28:09,383[16776] - EC_Lab_Win11 - INFO - not in software yet
2026-03-16 19:28:09,682[16776] - EC_Lab_Win11 - INFO - attempting to open EC_Lab_Win11, trial 1 in 3 times...
2026-03-16 19:29:38,803[16776] - RobotTest_AcidicPlatform - INFO - human operating, fail to detect...
2026-03-16 20:01:59,165[5580] - RobotTest_AcidicPlatform - INFO - started a batch of test, with sample_rack_id : sample_id = {1: 1, 2: 2, 3: 3, 4: 4, 5: 5, 6: 6, 7: 7, 8: 8, 9: 9, 10: 10, 11: 11, 12: 12, 13: 13, 14: 14, 15: 15, 16: 16}
2026-03-16 20:02:05,193[5580] - OBS_Win - INFO - not in software yet
2026-03-16 20:02:05,491[5580] - OBS_Win - INFO - attempting to open OBS_Win, trial 1 in 3 times...
2026-03-16 20:02:09,022[5580] - OBS_Win - INFO - OBS_Win started
2026-03-16 20:02:09,022[5580] - RobotTest_AcidicPlatform - INFO - loading the sample from rack_id #1...
2026-03-16 20:02:47,950[5580] - RobotTest_AcidicPlatform - INFO - sample successfully loaded into the cell
2026-03-16 20:02:48,519[5580] - OBS_Win - INFO - OBS_Win stopped
2026-03-16 20:02:51,744[5580] - EC_Lab_Win11 - INFO - not in software yet
2026-03-16 20:02:52,059[5580] - EC_Lab_Win11 - INFO - attempting to open EC_Lab_Win11, trial 1 in 3 times...
2026-03-16 20:03:25,126[5580] - RobotTest_AcidicPlatform - INFO - human operating, fail to detect...
2026-03-16 20:03:35,127[5580] - RobotTest_AcidicPlatform - INFO - human operating, fail to detect...
2026-03-16 20:03:45,135[5580] - RobotTest_AcidicPlatform - INFO - human operating, fail to detect...
2026-03-16 20:03:55,144[5580] - RobotTest_AcidicPlatform - INFO - human operating, fail to detect...
2026-03-16 20:04:05,146[5580] - RobotTest_AcidicPlatform - INFO - human operating, fail to detect...
2026-03-16 20:04:15,147[5580] - RobotTest_AcidicPlatform - INFO - human operating, fail to detect...
2026-03-16 20:09:09,247[16808] - RobotTest_AcidicPlatform - INFO - started a batch of test, with sample_rack_id : sample_id = {1: 1, 2: 2, 3: 3, 4: 4, 5: 5, 6: 6, 7: 7, 8: 8, 9: 9, 10: 10, 11: 11, 12: 12, 13: 13, 14: 14, 15: 15, 16: 16}
2026-03-16 20:09:15,267[16808] - OBS_Win - INFO - not in software yet
2026-03-16 20:09:15,563[16808] - OBS_Win - INFO - attempting to open OBS_Win, trial 1 in 3 times...
2026-03-16 20:09:19,085[16808] - OBS_Win - INFO - OBS_Win started
2026-03-16 20:09:19,085[16808] - RobotTest_AcidicPlatform - INFO - loading the sample from rack_id #1...
2026-03-16 20:09:58,096[16808] - RobotTest_AcidicPlatform - INFO - sample successfully loaded into the cell
2026-03-16 20:09:58,662[16808] - OBS_Win - INFO - OBS_Win stopped
2026-03-16 20:10:01,905[16808] - EC_Lab_Win11 - INFO - not in software yet
2026-03-16 20:10:02,213[16808] - EC_Lab_Win11 - INFO - attempting to open EC_Lab_Win11, trial 1 in 3 times...
2026-03-16 20:41:25,963[16808] - EC_Lab_Win11 - INFO - test is complete
2026-03-16 20:41:25,963[16808] - RobotTest_AcidicPlatform - INFO - test NanoRobot_sample#1_2026-03-16_20-09-15 finished
2026-03-16 20:41:26,148[16808] - OBS_Win - INFO - not in software yet
2026-03-16 20:41:26,458[16808] - OBS_Win - INFO - attempting to open OBS_Win, trial 1 in 3 times...
2026-03-16 20:41:29,992[16808] - OBS_Win - INFO - OBS_Win started
2026-03-16 20:41:29,992[16808] - RobotTest_AcidicPlatform - INFO - unloading the sample to rack_id #1...
2026-03-16 20:42:28,851[16808] - RobotTest_AcidicPlatform - INFO - sample successfully unloaded from the cell
2026-03-16 20:42:32,409[16808] - OBS_Win - INFO - OBS_Win stopped
2026-03-16 20:42:32,830[16808] - OBS_Win - WARNING - cannot find ['OBS_start_record.png'] on screen
2026-03-16 20:42:36,163[16808] - OBS_Win - INFO - OBS_Win started
2026-03-16 20:42:36,163[16808] - RobotTest_AcidicPlatform - INFO - loading the sample from rack_id #2...
2026-03-16 20:43:08,983[16808] - RobotTest_AcidicPlatform - INFO - sample successfully loaded into the cell
2026-03-16 20:43:09,517[16808] - OBS_Win - INFO - OBS_Win stopped
2026-03-16 20:43:12,743[16808] - EC_Lab_Win11 - INFO - not in software yet
2026-03-16 20:43:13,054[16808] - EC_Lab_Win11 - INFO - attempting to open EC_Lab_Win11, trial 1 in 3 times...
2026-03-16 21:14:36,880[16808] - EC_Lab_Win11 - INFO - test is complete
2026-03-16 21:14:36,880[16808] - RobotTest_AcidicPlatform - INFO - test NanoRobot_sample#2_2026-03-16_20-42-32 finished
2026-03-16 21:14:37,065[16808] - OBS_Win - INFO - not in software yet
2026-03-16 21:14:37,402[16808] - OBS_Win - INFO - attempting to open OBS_Win, trial 1 in 3 times...
2026-03-16 21:14:40,930[16808] - OBS_Win - INFO - OBS_Win started
2026-03-16 21:14:40,930[16808] - RobotTest_AcidicPlatform - INFO - unloading the sample to rack_id #2...
2026-03-16 21:15:39,388[16808] - RobotTest_AcidicPlatform - INFO - sample successfully unloaded from the cell
2026-03-16 21:15:42,981[16808] - OBS_Win - INFO - OBS_Win stopped
2026-03-16 21:15:43,457[16808] - OBS_Win - WARNING - cannot find ['OBS_start_record.png'] on screen
2026-03-16 21:15:46,799[16808] - OBS_Win - INFO - OBS_Win started
2026-03-16 21:15:46,799[16808] - RobotTest_AcidicPlatform - INFO - loading the sample from rack_id #3...
2026-03-16 21:16:19,908[16808] - RobotTest_AcidicPlatform - INFO - sample successfully loaded into the cell
2026-03-16 21:16:20,456[16808] - OBS_Win - INFO - OBS_Win stopped
2026-03-16 21:16:23,695[16808] - EC_Lab_Win11 - INFO - not in software yet
2026-03-16 21:16:24,002[16808] - EC_Lab_Win11 - INFO - attempting to open EC_Lab_Win11, trial 1 in 3 times...
2026-03-16 21:35:26,309[16808] - RobotTest_AcidicPlatform - INFO - human operating, fail to detect...
2026-03-16 21:35:36,313[16808] - RobotTest_AcidicPlatform - INFO - human operating, fail to detect...
2026-03-16 21:35:46,328[16808] - RobotTest_AcidicPlatform - INFO - human operating, fail to detect...
2026-03-16 21:47:55,653[16808] - EC_Lab_Win11 - INFO - test is complete
2026-03-16 21:47:55,654[16808] - RobotTest_AcidicPlatform - INFO - test NanoRobot_sample#3_2026-03-16_21-15-42 finished
2026-03-16 21:47:55,843[16808] - OBS_Win - INFO - not in software yet
2026-03-16 21:47:56,157[16808] - OBS_Win - INFO - attempting to open OBS_Win, trial 1 in 3 times...
2026-03-16 21:47:59,778[16808] - OBS_Win - INFO - OBS_Win started
2026-03-16 21:47:59,778[16808] - RobotTest_AcidicPlatform - INFO - unloading the sample to rack_id #3...
2026-03-16 21:48:57,789[16808] - RobotTest_AcidicPlatform - INFO - sample successfully unloaded from the cell
2026-03-16 21:49:01,455[16808] - OBS_Win - INFO - OBS_Win stopped
2026-03-16 21:49:01,974[16808] - OBS_Win - WARNING - cannot find ['OBS_start_record.png'] on screen
2026-03-16 21:49:05,316[16808] - OBS_Win - INFO - OBS_Win started
2026-03-16 21:49:05,316[16808] - RobotTest_AcidicPlatform - INFO - loading the sample from rack_id #4...
2026-03-16 21:49:39,040[16808] - RobotTest_AcidicPlatform - INFO - sample successfully loaded into the cell
2026-03-16 21:49:39,640[16808] - OBS_Win - INFO - OBS_Win stopped
2026-03-16 21:49:42,897[16808] - EC_Lab_Win11 - INFO - not in software yet
2026-03-16 21:49:43,231[16808] - EC_Lab_Win11 - INFO - attempting to open EC_Lab_Win11, trial 1 in 3 times...
2026-03-16 21:50:17,068[16808] - EC_Lab_Win11 - INFO - not in software yet
2026-03-16 21:50:17,373[16808] - EC_Lab_Win11 - INFO - attempting to open EC_Lab_Win11, trial 1 in 3 times...
2026-03-16 21:50:20,616[16808] - EC_Lab_Win11 - INFO - not in software yet
2026-03-16 21:50:20,922[16808] - EC_Lab_Win11 - INFO - attempting to open EC_Lab_Win11, trial 2 in 3 times...
2026-03-16 22:21:13,261[16808] - EC_Lab_Win11 - INFO - test is complete
2026-03-16 22:21:13,261[16808] - RobotTest_AcidicPlatform - INFO - test NanoRobot_sample#4_2026-03-16_21-49-01 finished
2026-03-16 22:21:13,446[16808] - OBS_Win - INFO - not in software yet
2026-03-16 22:21:13,772[16808] - OBS_Win - INFO - attempting to open OBS_Win, trial 1 in 3 times...
2026-03-16 22:21:17,306[16808] - OBS_Win - INFO - OBS_Win started
2026-03-16 22:21:17,306[16808] - RobotTest_AcidicPlatform - INFO - unloading the sample to rack_id #4...
2026-03-16 22:22:14,923[16808] - RobotTest_AcidicPlatform - INFO - sample successfully unloaded from the cell
2026-03-16 22:22:18,464[16808] - OBS_Win - INFO - OBS_Win stopped
2026-03-16 22:22:18,880[16808] - OBS_Win - WARNING - cannot find ['OBS_start_record.png'] on screen
2026-03-16 22:22:22,213[16808] - OBS_Win - INFO - OBS_Win started
2026-03-16 22:22:22,213[16808] - RobotTest_AcidicPlatform - INFO - loading the sample from rack_id #5...
2026-03-16 22:22:56,060[16808] - RobotTest_AcidicPlatform - INFO - sample successfully loaded into the cell
2026-03-16 22:22:56,596[16808] - OBS_Win - INFO - OBS_Win stopped
2026-03-16 22:22:59,816[16808] - EC_Lab_Win11 - INFO - not in software yet
2026-03-16 22:23:00,116[16808] - EC_Lab_Win11 - INFO - attempting to open EC_Lab_Win11, trial 1 in 3 times...
2026-03-16 22:54:23,379[16808] - EC_Lab_Win11 - INFO - test is complete
2026-03-16 22:54:23,380[16808] - RobotTest_AcidicPlatform - INFO - test NanoRobot_sample#5_2026-03-16_22-22-18 finished
2026-03-16 22:54:23,584[16808] - OBS_Win - INFO - not in software yet
2026-03-16 22:54:23,910[16808] - OBS_Win - INFO - attempting to open OBS_Win, trial 1 in 3 times...
2026-03-16 22:54:27,460[16808] - OBS_Win - INFO - OBS_Win started
2026-03-16 22:54:27,460[16808] - RobotTest_AcidicPlatform - INFO - unloading the sample to rack_id #5...
2026-03-16 22:55:24,743[16808] - RobotTest_AcidicPlatform - INFO - sample successfully unloaded from the cell
2026-03-16 22:55:28,267[16808] - OBS_Win - INFO - OBS_Win stopped
2026-03-16 22:55:28,702[16808] - OBS_Win - WARNING - cannot find ['OBS_start_record.png'] on screen
2026-03-16 22:55:32,033[16808] - OBS_Win - INFO - OBS_Win started
2026-03-16 22:55:32,033[16808] - RobotTest_AcidicPlatform - INFO - loading the sample from rack_id #6...
2026-03-16 22:56:06,511[16808] - RobotTest_AcidicPlatform - INFO - sample successfully loaded into the cell
2026-03-16 22:56:07,046[16808] - OBS_Win - INFO - OBS_Win stopped
2026-03-16 22:56:10,264[16808] - EC_Lab_Win11 - INFO - not in software yet
2026-03-16 22:56:10,566[16808] - EC_Lab_Win11 - INFO - attempting to open EC_Lab_Win11, trial 1 in 3 times...
2026-03-16 23:27:34,226[16808] - EC_Lab_Win11 - INFO - test is complete
2026-03-16 23:27:34,227[16808] - RobotTest_AcidicPlatform - INFO - test NanoRobot_sample#6_2026-03-16_22-55-28 finished
2026-03-16 23:27:34,415[16808] - OBS_Win - INFO - not in software yet
2026-03-16 23:27:34,751[16808] - OBS_Win - INFO - attempting to open OBS_Win, trial 1 in 3 times...
2026-03-16 23:27:38,315[16808] - OBS_Win - INFO - OBS_Win started
2026-03-16 23:27:38,315[16808] - RobotTest_AcidicPlatform - INFO - unloading the sample to rack_id #6...
2026-03-16 23:28:34,988[16808] - RobotTest_AcidicPlatform - INFO - sample successfully unloaded from the cell
2026-03-16 23:28:38,550[16808] - OBS_Win - INFO - OBS_Win stopped
2026-03-16 23:28:38,992[16808] - OBS_Win - WARNING - cannot find ['OBS_start_record.png'] on screen
2026-03-16 23:28:42,317[16808] - OBS_Win - INFO - OBS_Win started
2026-03-16 23:28:42,317[16808] - RobotTest_AcidicPlatform - INFO - loading the sample from rack_id #7...
2026-03-16 23:29:17,214[16808] - RobotTest_AcidicPlatform - INFO - sample successfully loaded into the cell
2026-03-16 23:29:17,763[16808] - OBS_Win - INFO - OBS_Win stopped
2026-03-16 23:29:20,996[16808] - EC_Lab_Win11 - INFO - not in software yet
2026-03-16 23:29:21,288[16808] - EC_Lab_Win11 - INFO - attempting to open EC_Lab_Win11, trial 1 in 3 times...
2026-03-17 00:00:44,639[16808] - EC_Lab_Win11 - INFO - test is complete
2026-03-17 00:00:44,639[16808] - RobotTest_AcidicPlatform - INFO - test NanoRobot_sample#7_2026-03-16_23-28-38 finished
2026-03-17 00:00:44,825[16808] - OBS_Win - INFO - not in software yet
2026-03-17 00:00:45,128[16808] - OBS_Win - INFO - attempting to open OBS_Win, trial 1 in 3 times...
2026-03-17 00:00:48,658[16808] - OBS_Win - INFO - OBS_Win started
2026-03-17 00:00:48,658[16808] - RobotTest_AcidicPlatform - INFO - unloading the sample to rack_id #7...
2026-03-17 00:01:45,205[16808] - RobotTest_AcidicPlatform - INFO - sample successfully unloaded from the cell
2026-03-17 00:01:48,782[16808] - OBS_Win - INFO - OBS_Win stopped
2026-03-17 00:01:49,210[16808] - OBS_Win - WARNING - cannot find ['OBS_start_record.png'] on screen
2026-03-17 00:01:52,536[16808] - OBS_Win - INFO - OBS_Win started
2026-03-17 00:01:52,536[16808] - RobotTest_AcidicPlatform - INFO - loading the sample from rack_id #8...
2026-03-17 00:02:27,875[16808] - RobotTest_AcidicPlatform - INFO - sample successfully loaded into the cell
2026-03-17 00:02:28,411[16808] - OBS_Win - INFO - OBS_Win stopped
2026-03-17 00:02:31,647[16808] - EC_Lab_Win11 - INFO - not in software yet
2026-03-17 00:02:31,948[16808] - EC_Lab_Win11 - INFO - attempting to open EC_Lab_Win11, trial 1 in 3 times...
2026-03-17 00:33:55,021[16808] - EC_Lab_Win11 - INFO - test is complete
2026-03-17 00:33:55,022[16808] - RobotTest_AcidicPlatform - INFO - test NanoRobot_sample#8_2026-03-17_00-01-48 finished
2026-03-17 00:33:55,214[16808] - OBS_Win - INFO - not in software yet
2026-03-17 00:33:55,536[16808] - OBS_Win - INFO - attempting to open OBS_Win, trial 1 in 3 times...
2026-03-17 00:33:59,076[16808] - OBS_Win - INFO - OBS_Win started
2026-03-17 00:33:59,076[16808] - RobotTest_AcidicPlatform - INFO - unloading the sample to rack_id #8...
2026-03-17 00:34:56,127[16808] - RobotTest_AcidicPlatform - INFO - sample successfully unloaded from the cell
2026-03-17 00:34:59,685[16808] - OBS_Win - INFO - OBS_Win stopped
2026-03-17 00:35:00,116[16808] - OBS_Win - WARNING - cannot find ['OBS_start_record.png'] on screen
2026-03-17 00:35:03,459[16808] - OBS_Win - INFO - OBS_Win started
2026-03-17 00:35:03,459[16808] - RobotTest_AcidicPlatform - INFO - loading the sample from rack_id #9...
2026-03-17 00:35:39,188[16808] - RobotTest_AcidicPlatform - INFO - sample successfully loaded into the cell
2026-03-17 00:35:39,723[16808] - OBS_Win - INFO - OBS_Win stopped
2026-03-17 00:35:42,965[16808] - EC_Lab_Win11 - INFO - not in software yet
2026-03-17 00:35:43,258[16808] - EC_Lab_Win11 - INFO - attempting to open EC_Lab_Win11, trial 1 in 3 times...
2026-03-17 01:07:06,981[16808] - EC_Lab_Win11 - INFO - test is complete
2026-03-17 01:07:06,981[16808] - RobotTest_AcidicPlatform - INFO - test NanoRobot_sample#9_2026-03-17_00-34-59 finished
2026-03-17 01:07:07,180[16808] - OBS_Win - INFO - not in software yet
2026-03-17 01:07:07,486[16808] - OBS_Win - INFO - attempting to open OBS_Win, trial 1 in 3 times...
2026-03-17 01:07:11,046[16808] - OBS_Win - INFO - OBS_Win started
2026-03-17 01:07:11,046[16808] - RobotTest_AcidicPlatform - INFO - unloading the sample to rack_id #9...
2026-03-17 01:08:08,579[16808] - RobotTest_AcidicPlatform - INFO - sample successfully unloaded from the cell
2026-03-17 01:08:12,150[16808] - OBS_Win - INFO - OBS_Win stopped
2026-03-17 01:08:12,560[16808] - OBS_Win - WARNING - cannot find ['OBS_start_record.png'] on screen
2026-03-17 01:08:15,885[16808] - OBS_Win - INFO - OBS_Win started
2026-03-17 01:08:15,885[16808] - RobotTest_AcidicPlatform - INFO - loading the sample from rack_id #10...
2026-03-17 01:08:52,113[16808] - RobotTest_AcidicPlatform - INFO - sample successfully loaded into the cell
2026-03-17 01:08:52,647[16808] - OBS_Win - INFO - OBS_Win stopped
2026-03-17 01:08:55,882[16808] - EC_Lab_Win11 - INFO - not in software yet
2026-03-17 01:08:56,178[16808] - EC_Lab_Win11 - INFO - attempting to open EC_Lab_Win11, trial 1 in 3 times...
2026-03-17 01:40:19,860[16808] - EC_Lab_Win11 - INFO - test is complete
2026-03-17 01:40:19,860[16808] - RobotTest_AcidicPlatform - INFO - test NanoRobot_sample#10_2026-03-17_01-08-12 finished
2026-03-17 01:40:20,045[16808] - OBS_Win - INFO - not in software yet
2026-03-17 01:40:20,361[16808] - OBS_Win - INFO - attempting to open OBS_Win, trial 1 in 3 times...
2026-03-17 01:40:23,880[16808] - OBS_Win - INFO - OBS_Win started
2026-03-17 01:40:23,880[16808] - RobotTest_AcidicPlatform - INFO - unloading the sample to rack_id #10...
2026-03-17 01:41:21,642[16808] - RobotTest_AcidicPlatform - INFO - sample successfully unloaded from the cell
2026-03-17 01:41:25,236[16808] - OBS_Win - INFO - OBS_Win stopped
2026-03-17 01:41:25,668[16808] - OBS_Win - WARNING - cannot find ['OBS_start_record.png'] on screen
2026-03-17 01:41:28,988[16808] - OBS_Win - INFO - OBS_Win started
2026-03-17 01:41:28,988[16808] - RobotTest_AcidicPlatform - INFO - loading the sample from rack_id #11...
2026-03-17 01:42:05,498[16808] - RobotTest_AcidicPlatform - INFO - sample successfully loaded into the cell
2026-03-17 01:42:06,030[16808] - OBS_Win - INFO - OBS_Win stopped
2026-03-17 01:42:09,253[16808] - EC_Lab_Win11 - INFO - not in software yet
2026-03-17 01:42:09,558[16808] - EC_Lab_Win11 - INFO - attempting to open EC_Lab_Win11, trial 1 in 3 times...
2026-03-17 02:11:40,732[16808] - EC_Lab_Win11 - INFO - test is complete
2026-03-17 02:11:40,733[16808] - RobotTest_AcidicPlatform - INFO - test NanoRobot_sample#11_2026-03-17_01-41-25 finished
2026-03-17 02:11:40,917[16808] - OBS_Win - INFO - not in software yet
2026-03-17 02:11:41,226[16808] - OBS_Win - INFO - attempting to open OBS_Win, trial 1 in 3 times...
2026-03-17 02:11:44,774[16808] - OBS_Win - INFO - OBS_Win started
2026-03-17 02:11:44,774[16808] - RobotTest_AcidicPlatform - INFO - unloading the sample to rack_id #11...
2026-03-17 02:12:42,992[16808] - RobotTest_AcidicPlatform - INFO - sample successfully unloaded from the cell
2026-03-17 02:12:46,570[16808] - OBS_Win - INFO - OBS_Win stopped
2026-03-17 02:12:47,015[16808] - OBS_Win - WARNING - cannot find ['OBS_start_record.png'] on screen
2026-03-17 02:12:50,337[16808] - OBS_Win - INFO - OBS_Win started
2026-03-17 02:12:50,337[16808] - RobotTest_AcidicPlatform - INFO - loading the sample from rack_id #12...
2026-03-17 02:13:27,389[16808] - RobotTest_AcidicPlatform - INFO - sample successfully loaded into the cell
2026-03-17 02:13:27,923[16808] - OBS_Win - INFO - OBS_Win stopped
2026-03-17 02:13:31,162[16808] - EC_Lab_Win11 - INFO - not in software yet
2026-03-17 02:13:31,456[16808] - EC_Lab_Win11 - INFO - attempting to open EC_Lab_Win11, trial 1 in 3 times...
2026-03-17 02:44:43,433[16808] - EC_Lab_Win11 - INFO - test is complete
2026-03-17 02:44:43,434[16808] - RobotTest_AcidicPlatform - INFO - test NanoRobot_sample#12_2026-03-17_02-12-46 finished
2026-03-17 02:44:43,641[16808] - OBS_Win - INFO - not in software yet
2026-03-17 02:44:43,936[16808] - OBS_Win - INFO - attempting to open OBS_Win, trial 1 in 3 times...
2026-03-17 02:44:47,470[16808] - OBS_Win - INFO - OBS_Win started
2026-03-17 02:44:47,470[16808] - RobotTest_AcidicPlatform - INFO - unloading the sample to rack_id #12...
2026-03-17 02:45:46,236[16808] - RobotTest_AcidicPlatform - INFO - sample successfully unloaded from the cell
2026-03-17 02:45:49,789[16808] - OBS_Win - INFO - OBS_Win stopped
2026-03-17 02:45:50,194[16808] - OBS_Win - WARNING - cannot find ['OBS_start_record.png'] on screen
2026-03-17 02:45:53,510[16808] - OBS_Win - INFO - OBS_Win started
2026-03-17 02:45:53,510[16808] - RobotTest_AcidicPlatform - INFO - loading the sample from rack_id #13...
2026-03-17 02:46:31,058[16808] - RobotTest_AcidicPlatform - INFO - sample successfully loaded into the cell
2026-03-17 02:46:31,593[16808] - OBS_Win - INFO - OBS_Win stopped
2026-03-17 02:46:34,819[16808] - EC_Lab_Win11 - INFO - not in software yet
2026-03-17 02:46:35,116[16808] - EC_Lab_Win11 - INFO - attempting to open EC_Lab_Win11, trial 1 in 3 times...
2026-03-17 03:18:05,742[16808] - EC_Lab_Win11 - INFO - test is complete
2026-03-17 03:18:05,742[16808] - RobotTest_AcidicPlatform - INFO - test NanoRobot_sample#13_2026-03-17_02-45-49 finished
2026-03-17 03:18:05,946[16808] - OBS_Win - INFO - not in software yet
2026-03-17 03:18:06,274[16808] - OBS_Win - INFO - attempting to open OBS_Win, trial 1 in 3 times...
2026-03-17 03:18:09,800[16808] - OBS_Win - INFO - OBS_Win started
2026-03-17 03:18:09,800[16808] - RobotTest_AcidicPlatform - INFO - unloading the sample to rack_id #13...
2026-03-17 03:19:08,964[16808] - RobotTest_AcidicPlatform - INFO - sample successfully unloaded from the cell
2026-03-17 03:19:12,562[16808] - OBS_Win - INFO - OBS_Win stopped
2026-03-17 03:19:12,988[16808] - OBS_Win - WARNING - cannot find ['OBS_start_record.png'] on screen
2026-03-17 03:19:16,291[16808] - OBS_Win - INFO - OBS_Win started
2026-03-17 03:19:16,291[16808] - RobotTest_AcidicPlatform - INFO - loading the sample from rack_id #14...
2026-03-17 03:19:54,024[16808] - RobotTest_AcidicPlatform - INFO - sample successfully loaded into the cell
2026-03-17 03:19:54,629[16808] - OBS_Win - INFO - OBS_Win stopped
2026-03-17 03:19:57,847[16808] - EC_Lab_Win11 - INFO - not in software yet
2026-03-17 03:19:58,153[16808] - EC_Lab_Win11 - INFO - attempting to open EC_Lab_Win11, trial 1 in 3 times...
2026-03-17 03:51:21,755[16808] - EC_Lab_Win11 - INFO - test is complete
2026-03-17 03:51:21,755[16808] - RobotTest_AcidicPlatform - INFO - test NanoRobot_sample#14_2026-03-17_03-19-12 finished
2026-03-17 03:51:21,942[16808] - OBS_Win - INFO - not in software yet
2026-03-17 03:51:22,264[16808] - OBS_Win - INFO - attempting to open OBS_Win, trial 1 in 3 times...
2026-03-17 03:51:25,791[16808] - OBS_Win - INFO - OBS_Win started
2026-03-17 03:51:25,791[16808] - RobotTest_AcidicPlatform - INFO - unloading the sample to rack_id #14...
2026-03-17 03:52:25,373[16808] - RobotTest_AcidicPlatform - INFO - sample successfully unloaded from the cell
2026-03-17 03:52:28,960[16808] - OBS_Win - INFO - OBS_Win stopped
2026-03-17 03:52:29,372[16808] - OBS_Win - WARNING - cannot find ['OBS_start_record.png'] on screen
2026-03-17 03:52:32,698[16808] - OBS_Win - INFO - OBS_Win started
2026-03-17 03:52:32,698[16808] - RobotTest_AcidicPlatform - INFO - loading the sample from rack_id #15...
2026-03-17 03:53:10,989[16808] - RobotTest_AcidicPlatform - INFO - sample successfully loaded into the cell
2026-03-17 03:53:11,525[16808] - OBS_Win - INFO - OBS_Win stopped
2026-03-17 03:53:14,753[16808] - EC_Lab_Win11 - INFO - not in software yet
2026-03-17 03:53:15,044[16808] - EC_Lab_Win11 - INFO - attempting to open EC_Lab_Win11, trial 1 in 3 times...
2026-03-17 04:24:38,159[16808] - EC_Lab_Win11 - INFO - test is complete
2026-03-17 04:24:38,160[16808] - RobotTest_AcidicPlatform - INFO - test NanoRobot_sample#15_2026-03-17_03-52-28 finished
2026-03-17 04:24:38,345[16808] - OBS_Win - INFO - not in software yet
2026-03-17 04:24:38,636[16808] - OBS_Win - INFO - attempting to open OBS_Win, trial 1 in 3 times...
2026-03-17 04:24:42,159[16808] - OBS_Win - INFO - OBS_Win started
2026-03-17 04:24:42,159[16808] - RobotTest_AcidicPlatform - INFO - unloading the sample to rack_id #15...
2026-03-17 04:25:42,117[16808] - RobotTest_AcidicPlatform - INFO - sample successfully unloaded from the cell
2026-03-17 04:25:45,660[16808] - OBS_Win - INFO - OBS_Win stopped
2026-03-17 04:25:46,069[16808] - OBS_Win - WARNING - cannot find ['OBS_start_record.png'] on screen
2026-03-17 04:25:49,395[16808] - OBS_Win - INFO - OBS_Win started
2026-03-17 04:25:49,395[16808] - RobotTest_AcidicPlatform - INFO - loading the sample from rack_id #16...
2026-03-17 04:26:28,175[16808] - RobotTest_AcidicPlatform - INFO - sample successfully loaded into the cell
2026-03-17 04:26:28,708[16808] - OBS_Win - INFO - OBS_Win stopped
2026-03-17 04:26:31,940[16808] - EC_Lab_Win11 - INFO - not in software yet
2026-03-17 04:26:32,231[16808] - EC_Lab_Win11 - INFO - attempting to open EC_Lab_Win11, trial 1 in 3 times...
2026-03-17 04:57:55,182[16808] - EC_Lab_Win11 - INFO - test is complete
2026-03-17 04:57:55,182[16808] - RobotTest_AcidicPlatform - INFO - test NanoRobot_sample#16_2026-03-17_04-25-45 finished
2026-03-17 04:57:55,371[16808] - OBS_Win - INFO - not in software yet
2026-03-17 04:57:55,688[16808] - OBS_Win - INFO - attempting to open OBS_Win, trial 1 in 3 times...
2026-03-17 04:57:59,219[16808] - OBS_Win - INFO - OBS_Win started
2026-03-17 04:57:59,219[16808] - RobotTest_AcidicPlatform - INFO - unloading the sample to rack_id #16...
2026-03-17 04:58:59,619[16808] - RobotTest_AcidicPlatform - INFO - sample successfully unloaded from the cell
2026-03-17 04:59:03,151[16808] - OBS_Win - INFO - OBS_Win stopped
