2023-06-26 11:42:05,551 - robotic_testing.robot_test - INFO - started a batch of test, with sample_rack_id : sample_id = {1: 1, 2: 2, 3: 3, 4: 4, 5: 5, 6: 6, 7: 7, 8: 8, 9: 9, 10: 10}
2023-06-26 11:42:15,442 - robotic_testing.software - WARNING - cannot find C:\Users\li/PycharmProjects/catalyst/robotic_testing/icons/OBS_start_record.png on screen
2023-06-26 11:42:18,482 - robotic_testing.software - WARNING - cannot find C:\Users\li/PycharmProjects/catalyst/robotic_testing/icons/OBS_start_record.png on screen
2023-06-26 11:42:21,534 - robotic_testing.software - WARNING - cannot find C:\Users\li/PycharmProjects/catalyst/robotic_testing/icons/OBS_start_record.png on screen
2023-06-26 11:42:24,588 - robotic_testing.software - WARNING - cannot find C:\Users\li/PycharmProjects/catalyst/robotic_testing/icons/OBS_start_record.png on screen
2023-06-26 11:42:27,644 - robotic_testing.software - WARNING - cannot find C:\Users\li/PycharmProjects/catalyst/robotic_testing/icons/OBS_start_record.png on screen
2023-06-26 11:42:30,694 - robotic_testing.software - WARNING - cannot find C:\Users\li/PycharmProjects/catalyst/robotic_testing/icons/OBS_start_record.png on screen
2023-06-26 11:42:33,745 - robotic_testing.software - WARNING - cannot find C:\Users\li/PycharmProjects/catalyst/robotic_testing/icons/OBS_start_record.png on screen
2023-06-26 13:03:29,933 - robotic_testing.robot_test - INFO - started a batch of test, with sample_rack_id : sample_id = {12: 1}
2023-06-26 13:03:29,933 - robotic_testing.robot_test - INFO - started a batch of test, with sample_rack_id : sample_id = {12: 1}
2023-06-26 13:03:44,877 - robotic_testing.robot_test - INFO - loading the sample from rack_id #12...
2023-06-26 13:03:44,877 - robotic_testing.robot_test - INFO - loading the sample from rack_id #12...
2023-06-26 13:04:24,046 - robotic_testing.robot_test - INFO - sample successfully loaded into the cell
2023-06-26 13:04:24,046 - robotic_testing.robot_test - INFO - sample successfully loaded into the cell
2023-06-26 13:04:29,295 - robotic_testing.software - INFO - attempting to open software, trial 1 in 3 times...
2023-06-26 13:04:59,609 - robotic_testing.robot_test - INFO - test acidic_mor_PtRuSc_sample#1_2023-06-26_13-03-39 finished
2023-06-26 13:04:59,609 - robotic_testing.robot_test - INFO - test acidic_mor_PtRuSc_sample#1_2023-06-26_13-03-39 finished
2023-06-26 13:05:02,682 - robotic_testing.robot_test - INFO - unloading the sample to rack_id #12...
2023-06-26 13:05:02,682 - robotic_testing.robot_test - INFO - unloading the sample to rack_id #12...
2023-06-26 13:06:01,256 - robotic_testing.robot_test - INFO - sample successfully unloaded from the cell
2023-06-26 13:06:01,256 - robotic_testing.robot_test - INFO - sample successfully unloaded from the cell
2023-06-26 13:41:54,917 - robotic_testing.robot_test - ERROR - run() got an unexpected keyword argument 'operator_name'
Traceback (most recent call last):
  File "C:\Users\li\PycharmProjects\catalyst\robotic_testing\robot_test.py", line 35, in wrapper
    return func(self, *args, **kwargs)
TypeError: run() got an unexpected keyword argument 'operator_name'
2023-06-26 13:55:35,257 - robotic_testing.robot_test - INFO - started a batch of test, with sample_rack_id : sample_id = {12: 1, 13: 2, 14: 3, 15: 4, 16: 5, 17: 6, 18: 7, 19: 8, 20: 9, 21: 10, 22: 11, 23: 12, 24: 13, 25: 14, 26: 15, 27: 16, 28: 17, 29: 18, 30: 19, 31: 20, 32: 21, 33: 22, 34: 23, 35: 24, 36: 25, 37: 26, 38: 27, 39: 28, 40: 29, 41: 30, 42: 31, 43: 32, 44: 33, 45: 34, 46: 35, 47: 36, 48: 37, 49: 38, 50: 39, 51: 40, 52: 41, 53: 42, 54: 43, 55: 44, 56: 45, 57: 46, 58: 47, 59: 48, 60: 49, 61: 50, 62: 51, 63: 52, 64: 53, 65: 54, 66: 55, 67: 56, 68: 57, 69: 58, 70: 59, 71: 60, 72: 61, 73: 62, 74: 63, 75: 64, 76: 65, 77: 66, 78: 67, 79: 68, 80: 69, 81: 70, 82: 71, 83: 72, 84: 73, 85: 74, 86: 75, 87: 76, 88: 77, 89: 78, 90: 79, 91: 80, 92: 81, 93: 82, 94: 83, 95: 84, 96: 85, 97: 86, 98: 87, 99: 88, 100: 89, 101: 90, 102: 91, 103: 92, 104: 93, 105: 94, 106: 95, 107: 96, 108: 97, 109: 98, 110: 99, 111: 100}
2023-06-26 13:55:44,574 - robotic_testing.robot_test - INFO - loading the sample from rack_id #12...
2023-06-26 13:56:23,639 - robotic_testing.robot_test - INFO - sample successfully loaded into the cell
2023-06-26 13:56:29,053 - robotic_testing.software - INFO - attempting to open software, trial 1 in 3 times...
2023-06-26 13:56:52,221 - robotic_testing.software - INFO - human operating, fail to detect...
2023-06-26 13:57:03,862 - robotic_testing.robot_test - INFO - test acidic_mor_PtRuSc_sample#1_2023-06-26_13-55-41 finished
2023-06-26 13:57:07,106 - robotic_testing.robot_test - INFO - unloading the sample to rack_id #12...
2023-06-26 13:58:05,574 - robotic_testing.robot_test - INFO - sample successfully unloaded from the cell
2023-06-26 13:58:11,227 - robotic_testing.robot_test - INFO - loading the sample from rack_id #13...
2023-06-26 13:58:48,339 - robotic_testing.robot_test - INFO - sample successfully loaded into the cell
2023-06-26 13:58:53,774 - robotic_testing.software - INFO - attempting to open software, trial 1 in 3 times...
2023-06-26 13:59:24,865 - robotic_testing.software - INFO - attempting to open software, trial 1 in 3 times...
2023-06-26 13:59:26,279 - robotic_testing.robot_test - INFO - test acidic_mor_PtRuSc_sample#2_2023-06-26_13-58-09 finished
2023-06-26 13:59:29,543 - robotic_testing.robot_test - INFO - unloading the sample to rack_id #13...
2023-06-26 14:00:28,421 - robotic_testing.robot_test - INFO - sample successfully unloaded from the cell
2023-06-26 14:00:33,959 - robotic_testing.software - WARNING - cannot find C:\Users\li/PycharmProjects/catalyst/robotic_testing/icons/OBS_start_record.png on screen
2023-06-26 21:18:14,422 - db_control.database - INFO - Database acidic_mor_PtRuSc connected successfully!
2023-06-26 21:18:14,574 - db_control.database - INFO - Table recipe already exists on server, checking column consistency...
2023-06-26 21:18:14,700 - db_control.database - INFO - Table recipe column consistency checked successfully!
2023-06-26 21:18:14,822 - db_control.database - INFO - Table sample already exists on server, checking column consistency...
2023-06-26 21:18:14,942 - db_control.database - INFO - Table sample column consistency checked successfully!
2023-06-26 21:18:15,062 - db_control.database - INFO - Table performance already exists on server, checking column consistency...
2023-06-26 21:18:15,174 - db_control.database - INFO - Table performance column consistency checked successfully!
2023-06-27 00:00:07,258 - robotic_testing.robot_test - INFO - started a batch of test, with sample_rack_id : sample_id = {12: 21, 13: 22}
2023-06-27 00:00:21,179 - robotic_testing.robot_test - INFO - loading the sample from rack_id #12...
2023-06-27 00:10:17,798 - robotic_testing.robot_test - INFO - started a batch of test, with sample_rack_id : sample_id = {12: 21, 13: 22, 14: 23}
2023-06-27 00:10:31,037 - robotic_testing.software - WARNING - cannot find C:\Users\li/PycharmProjects/catalyst/robotic_testing/icons/OBS_start_record.png on screen
2023-06-27 17:51:44,452 - utils.software_automation - INFO - attempting to open LaserPecker, trial 1 in 3 times...
2023-06-27 17:52:25,838 - utils.software_automation - INFO - attempting to open Smartlife, trial 1 in 3 times...
2023-06-27 17:52:25,838 - utils.software_automation - INFO - attempting to open Smartlife, trial 1 in 3 times...
2023-06-27 17:52:27,851 - utils.software_automation - WARNING - cannot find smartlife_on.png on screen
2023-06-27 17:52:27,851 - utils.software_automation - WARNING - cannot find smartlife_on.png on screen
2023-06-27 17:52:31,057 - utils.software_automation - WARNING - cannot find smartlife_on.png on screen
2023-06-27 17:52:31,057 - utils.software_automation - WARNING - cannot find smartlife_on.png on screen
2023-06-27 17:52:34,277 - utils.software_automation - WARNING - cannot find smartlife_on.png on screen
2023-06-27 17:52:34,277 - utils.software_automation - WARNING - cannot find smartlife_on.png on screen
2023-06-27 17:52:37,483 - utils.software_automation - WARNING - cannot find smartlife_on.png on screen
2023-06-27 17:52:37,483 - utils.software_automation - WARNING - cannot find smartlife_on.png on screen
2023-06-27 17:52:40,714 - utils.software_automation - WARNING - cannot find smartlife_on.png on screen
2023-06-27 17:52:40,714 - utils.software_automation - WARNING - cannot find smartlife_on.png on screen
2023-06-27 17:52:43,925 - utils.software_automation - WARNING - cannot find smartlife_on.png on screen
2023-06-27 17:52:43,925 - utils.software_automation - WARNING - cannot find smartlife_on.png on screen
2023-06-27 17:52:47,254 - utils.software_automation - INFO - Smartlife stopped
2023-06-27 17:52:47,254 - utils.software_automation - INFO - Smartlife stopped
2023-06-27 17:53:05,570 - utils.software_automation - INFO - attempting to open Smartlife, trial 1 in 3 times...
2023-06-27 17:53:05,570 - utils.software_automation - INFO - attempting to open Smartlife, trial 1 in 3 times...
2023-06-27 17:53:05,570 - utils.software_automation - INFO - attempting to open Smartlife, trial 1 in 3 times...
2023-06-27 17:53:07,607 - utils.software_automation - INFO - Smartlife stopped
2023-06-27 17:53:07,607 - utils.software_automation - INFO - Smartlife stopped
2023-06-27 17:53:07,607 - utils.software_automation - INFO - Smartlife stopped
2023-06-27 17:53:28,011 - utils.software_automation - INFO - attempting to open Smartlife, trial 1 in 3 times...
2023-06-27 17:53:28,011 - utils.software_automation - INFO - attempting to open Smartlife, trial 1 in 3 times...
2023-06-27 17:53:28,011 - utils.software_automation - INFO - attempting to open Smartlife, trial 1 in 3 times...
2023-06-27 17:53:28,011 - utils.software_automation - INFO - attempting to open Smartlife, trial 1 in 3 times...
2023-06-27 17:53:30,038 - utils.software_automation - INFO - Smartlife started
2023-06-27 17:53:30,038 - utils.software_automation - INFO - Smartlife started
2023-06-27 17:53:30,038 - utils.software_automation - INFO - Smartlife started
2023-06-27 17:53:30,038 - utils.software_automation - INFO - Smartlife started
2023-06-27 17:53:58,882 - utils.software_automation - INFO - attempting to open Kamoer, trial 1 in 3 times...
2023-06-27 17:53:58,882 - utils.software_automation - INFO - attempting to open Kamoer, trial 1 in 3 times...
2023-06-27 17:53:58,882 - utils.software_automation - INFO - attempting to open Kamoer, trial 1 in 3 times...
2023-06-27 17:53:58,882 - utils.software_automation - INFO - attempting to open Kamoer, trial 1 in 3 times...
2023-06-27 17:53:58,882 - utils.software_automation - INFO - attempting to open Kamoer, trial 1 in 3 times...
2023-06-27 17:54:10,871 - utils.software_automation - WARNING - kamoer devices not found, search again...
2023-06-27 17:54:10,871 - utils.software_automation - WARNING - kamoer devices not found, search again...
2023-06-27 17:54:10,871 - utils.software_automation - WARNING - kamoer devices not found, search again...
2023-06-27 17:54:10,871 - utils.software_automation - WARNING - kamoer devices not found, search again...
2023-06-27 17:54:10,871 - utils.software_automation - WARNING - kamoer devices not found, search again...
2023-06-27 21:51:30,636 - robotic_testing.robot_test - INFO - started a batch of test, with sample_rack_id : sample_id = {0: 262}
2023-06-27 21:51:40,375 - robotic_testing.robot_test - INFO - loading the sample from rack_id #0...
2023-06-27 21:52:19,565 - robotic_testing.robot_test - INFO - sample successfully loaded into the cell
2023-06-27 21:52:25,475 - robotic_testing.software - INFO - attempting to open software, trial 1 in 3 times...
2023-06-27 21:53:47,733 - robotic_testing.software - INFO - human operating, fail to detect...
2023-06-27 21:55:21,773 - robotic_testing.robot_test - INFO - test acidic_mor_PtRuSc_sample#262_2023-06-27_21-51-36 finished
2023-06-27 21:55:25,351 - robotic_testing.robot_test - INFO - unloading the sample to rack_id #0...
2023-06-27 21:56:24,908 - robotic_testing.robot_test - INFO - sample successfully unloaded from the cell
2023-06-27 21:56:29,653 - db_control.database - INFO - Database acidic_mor_PtRuSc connected successfully!
2023-06-27 21:56:29,891 - db_control.database - INFO - Table recipe already exists on server, checking column consistency...
2023-06-27 21:56:30,067 - db_control.database - INFO - Table recipe column consistency checked successfully!
2023-06-27 21:56:30,223 - db_control.database - INFO - Table sample already exists on server, checking column consistency...
2023-06-27 21:56:30,352 - db_control.database - INFO - Table sample column consistency checked successfully!
2023-06-27 21:56:30,488 - db_control.database - INFO - Table performance already exists on server, checking column consistency...
2023-06-27 21:56:30,636 - db_control.database - INFO - Table performance column consistency checked successfully!
2023-06-27 21:56:33,649 - robotic_testing.robot_test - ERROR - [Errno 2] No such file or directory: 'D:/Zhichu/acidic_mor_PtRuSc/acidic_mor_PtRuSc_sample#262_2023-06-27_21-51-36_03_LSV_C01.csv'
Traceback (most recent call last):
  File "C:\Users\li\PycharmProjects\catalyst\robotic_testing\robot_test.py", line 35, in wrapper
    return func(self, *args, **kwargs)
  File "C:\Users\li\PycharmProjects\catalyst\robotic_testing\robot_test.py", line 146, in run
    analyze_result = self.analyze_test_results(sample_id, test_name)
  File "C:\Users\li\PycharmProjects\catalyst\robotic_testing\robot_test.py", line 67, in analyze_test_results
    analyzer = analysis_config['analyzer']['analyzer_class'](
  File "C:\Users\li\PycharmProjects\catalyst\robotic_testing\data_analysis.py", line 14, in __init__
    self.data = self.load_data(f'{data_dir}.csv')
  File "C:\Users\li\PycharmProjects\catalyst\robotic_testing\data_analysis.py", line 28, in load_data
    return pd.read_csv(
  File "C:\Users\li\miniconda3\envs\catalyst\lib\site-packages\pandas\util\_decorators.py", line 311, in wrapper
    return func(*args, **kwargs)
  File "C:\Users\li\miniconda3\envs\catalyst\lib\site-packages\pandas\io\parsers\readers.py", line 586, in read_csv
    return _read(filepath_or_buffer, kwds)
  File "C:\Users\li\miniconda3\envs\catalyst\lib\site-packages\pandas\io\parsers\readers.py", line 482, in _read
    parser = TextFileReader(filepath_or_buffer, **kwds)
  File "C:\Users\li\miniconda3\envs\catalyst\lib\site-packages\pandas\io\parsers\readers.py", line 811, in __init__
    self._engine = self._make_engine(self.engine)
  File "C:\Users\li\miniconda3\envs\catalyst\lib\site-packages\pandas\io\parsers\readers.py", line 1040, in _make_engine
    return mapping[engine](self.f, **self.options)  # type: ignore[call-arg]
  File "C:\Users\li\miniconda3\envs\catalyst\lib\site-packages\pandas\io\parsers\c_parser_wrapper.py", line 51, in __init__
    self._open_handles(src, kwds)
  File "C:\Users\li\miniconda3\envs\catalyst\lib\site-packages\pandas\io\parsers\base_parser.py", line 222, in _open_handles
    self.handles = get_handle(
  File "C:\Users\li\miniconda3\envs\catalyst\lib\site-packages\pandas\io\common.py", line 702, in get_handle
    handle = open(
FileNotFoundError: [Errno 2] No such file or directory: 'D:/Zhichu/acidic_mor_PtRuSc/acidic_mor_PtRuSc_sample#262_2023-06-27_21-51-36_03_LSV_C01.csv'
2023-06-27 22:10:46,972 - db_control.database - INFO - Database acidic_mor_PtRuSc connected successfully!
2023-06-27 22:10:47,141 - db_control.database - INFO - Table recipe already exists on server, checking column consistency...
2023-06-27 22:10:47,380 - db_control.database - INFO - Table recipe column consistency checked successfully!
2023-06-27 22:10:47,514 - db_control.database - INFO - Table sample already exists on server, checking column consistency...
2023-06-27 22:10:47,636 - db_control.database - INFO - Table sample column consistency checked successfully!
2023-06-27 22:10:47,760 - db_control.database - INFO - Table performance already exists on server, checking column consistency...
2023-06-27 22:10:47,889 - db_control.database - INFO - Table performance column consistency checked successfully!
2023-06-28 22:13:21,602 - utils.software_automation - INFO - attempting to open Smartlife, trial 1 in 3 times...
2023-06-28 22:13:23,758 - utils.software_automation - INFO - Smartlife stopped
2023-06-28 22:13:26,220 - utils.software_automation - WARNING - cannot find smartlife_on.png on screen
2023-06-28 22:13:26,220 - utils.software_automation - WARNING - cannot find smartlife_on.png on screen
2023-06-28 22:13:29,488 - utils.software_automation - WARNING - cannot find smartlife_on.png on screen
2023-06-28 22:13:29,488 - utils.software_automation - WARNING - cannot find smartlife_on.png on screen
2023-06-28 22:13:32,754 - utils.software_automation - WARNING - cannot find smartlife_on.png on screen
2023-06-28 22:13:32,754 - utils.software_automation - WARNING - cannot find smartlife_on.png on screen
2023-06-28 22:13:36,015 - utils.software_automation - WARNING - cannot find smartlife_on.png on screen
2023-06-28 22:13:36,015 - utils.software_automation - WARNING - cannot find smartlife_on.png on screen
2023-06-28 22:13:39,274 - utils.software_automation - WARNING - cannot find smartlife_on.png on screen
2023-06-28 22:13:39,274 - utils.software_automation - WARNING - cannot find smartlife_on.png on screen
2023-06-28 22:13:42,535 - utils.software_automation - WARNING - cannot find smartlife_on.png on screen
2023-06-28 22:13:42,535 - utils.software_automation - WARNING - cannot find smartlife_on.png on screen
2023-06-28 22:13:45,821 - utils.software_automation - WARNING - cannot find smartlife_on.png on screen
2023-06-28 22:13:45,821 - utils.software_automation - WARNING - cannot find smartlife_on.png on screen
2023-06-28 22:13:49,102 - utils.software_automation - WARNING - cannot find smartlife_on.png on screen
2023-06-28 22:13:49,102 - utils.software_automation - WARNING - cannot find smartlife_on.png on screen
2023-06-28 22:13:52,405 - utils.software_automation - WARNING - cannot find smartlife_on.png on screen
2023-06-28 22:13:52,405 - utils.software_automation - WARNING - cannot find smartlife_on.png on screen
2023-06-28 22:13:55,617 - utils.software_automation - WARNING - cannot find smartlife_on.png on screen
2023-06-28 22:13:55,617 - utils.software_automation - WARNING - cannot find smartlife_on.png on screen
2023-06-28 22:13:58,858 - utils.software_automation - WARNING - cannot find smartlife_on.png on screen
2023-06-28 22:13:58,858 - utils.software_automation - WARNING - cannot find smartlife_on.png on screen
2023-06-28 22:14:02,114 - utils.software_automation - WARNING - cannot find smartlife_on.png on screen
2023-06-28 22:14:02,114 - utils.software_automation - WARNING - cannot find smartlife_on.png on screen
2023-06-28 22:14:05,388 - utils.software_automation - WARNING - cannot find smartlife_on.png on screen
2023-06-28 22:14:05,388 - utils.software_automation - WARNING - cannot find smartlife_on.png on screen
2023-06-28 22:14:08,613 - utils.software_automation - WARNING - cannot find smartlife_on.png on screen
2023-06-28 22:14:08,613 - utils.software_automation - WARNING - cannot find smartlife_on.png on screen
2023-06-28 22:14:11,834 - utils.software_automation - WARNING - cannot find smartlife_on.png on screen
2023-06-28 22:14:11,834 - utils.software_automation - WARNING - cannot find smartlife_on.png on screen
2023-06-28 22:14:15,064 - utils.software_automation - WARNING - cannot find smartlife_on.png on screen
2023-06-28 22:14:15,064 - utils.software_automation - WARNING - cannot find smartlife_on.png on screen
2023-06-28 22:14:18,407 - utils.software_automation - INFO - Smartlife stopped
2023-06-28 22:14:18,407 - utils.software_automation - INFO - Smartlife stopped
2023-06-28 22:14:51,969 - utils.software_automation - INFO - attempting to open Kamoer, trial 1 in 3 times...
2023-06-28 22:14:51,969 - utils.software_automation - INFO - attempting to open Kamoer, trial 1 in 3 times...
2023-06-28 22:14:51,969 - utils.software_automation - INFO - attempting to open Kamoer, trial 1 in 3 times...
2023-06-28 22:15:03,402 - utils.software_automation - WARNING - kamoer devices not found, search again...
2023-06-28 22:15:03,402 - utils.software_automation - WARNING - kamoer devices not found, search again...
2023-06-28 22:15:03,402 - utils.software_automation - WARNING - kamoer devices not found, search again...
2023-06-29 15:39:41,836 - utils.software_automation - INFO - attempting to open LaserPecker, trial 1 in 3 times...
2023-06-29 15:39:41,836 - utils.software_automation - INFO - attempting to open LaserPecker, trial 1 in 3 times...
2023-06-29 15:39:41,836 - utils.software_automation - INFO - attempting to open LaserPecker, trial 1 in 3 times...
2023-06-29 15:39:41,836 - utils.software_automation - INFO - attempting to open LaserPecker, trial 1 in 3 times...
2023-06-29 15:40:28,801 - utils.software_automation - INFO - attempting to open Kamoer, trial 1 in 3 times...
2023-06-29 15:40:28,801 - utils.software_automation - INFO - attempting to open Kamoer, trial 1 in 3 times...
2023-06-29 15:40:28,801 - utils.software_automation - INFO - attempting to open Kamoer, trial 1 in 3 times...
2023-06-29 15:40:28,801 - utils.software_automation - INFO - attempting to open Kamoer, trial 1 in 3 times...
2023-06-29 15:40:28,801 - utils.software_automation - INFO - attempting to open Kamoer, trial 1 in 3 times...
2023-06-29 15:40:40,250 - utils.software_automation - WARNING - kamoer devices not found, search again...
2023-06-29 15:40:40,250 - utils.software_automation - WARNING - kamoer devices not found, search again...
2023-06-29 15:40:40,250 - utils.software_automation - WARNING - kamoer devices not found, search again...
2023-06-29 15:40:40,250 - utils.software_automation - WARNING - kamoer devices not found, search again...
2023-06-29 15:40:40,250 - utils.software_automation - WARNING - kamoer devices not found, search again...
2023-06-29 15:41:08,084 - utils.software_automation - INFO - attempting to open Smartlife, trial 1 in 3 times...
2023-06-29 15:41:08,084 - utils.software_automation - INFO - attempting to open Smartlife, trial 1 in 3 times...
2023-06-29 15:41:08,084 - utils.software_automation - INFO - attempting to open Smartlife, trial 1 in 3 times...
2023-06-29 15:41:08,084 - utils.software_automation - INFO - attempting to open Smartlife, trial 1 in 3 times...
2023-06-29 15:41:08,084 - utils.software_automation - INFO - attempting to open Smartlife, trial 1 in 3 times...
2023-06-29 15:41:08,084 - utils.software_automation - INFO - attempting to open Smartlife, trial 1 in 3 times...
2023-06-29 15:41:10,175 - utils.software_automation - INFO - Smartlife started
2023-06-29 15:41:10,175 - utils.software_automation - INFO - Smartlife started
2023-06-29 15:41:10,175 - utils.software_automation - INFO - Smartlife started
2023-06-29 15:41:10,175 - utils.software_automation - INFO - Smartlife started
2023-06-29 15:41:10,175 - utils.software_automation - INFO - Smartlife started
2023-06-29 15:41:10,175 - utils.software_automation - INFO - Smartlife started
2023-06-29 15:52:46,814 - utils.software_automation - INFO - attempting to open LaserPecker, trial 1 in 3 times...
2023-06-29 15:52:46,814 - utils.software_automation - INFO - attempting to open LaserPecker, trial 1 in 3 times...
2023-06-29 15:52:46,814 - utils.software_automation - INFO - attempting to open LaserPecker, trial 1 in 3 times...
2023-06-29 15:52:46,814 - utils.software_automation - INFO - attempting to open LaserPecker, trial 1 in 3 times...
2023-06-29 15:52:46,814 - utils.software_automation - INFO - attempting to open LaserPecker, trial 1 in 3 times...
2023-06-29 15:52:46,814 - utils.software_automation - INFO - attempting to open LaserPecker, trial 1 in 3 times...
2023-06-29 15:52:46,814 - utils.software_automation - INFO - attempting to open LaserPecker, trial 1 in 3 times...
2023-06-29 15:53:05,167 - utils.software_automation - INFO - attempting to open Kamoer, trial 1 in 3 times...
2023-06-29 15:53:05,167 - utils.software_automation - INFO - attempting to open Kamoer, trial 1 in 3 times...
2023-06-29 15:53:05,167 - utils.software_automation - INFO - attempting to open Kamoer, trial 1 in 3 times...
2023-06-29 15:53:05,167 - utils.software_automation - INFO - attempting to open Kamoer, trial 1 in 3 times...
2023-06-29 15:53:05,167 - utils.software_automation - INFO - attempting to open Kamoer, trial 1 in 3 times...
2023-06-29 15:53:05,167 - utils.software_automation - INFO - attempting to open Kamoer, trial 1 in 3 times...
2023-06-29 15:53:05,167 - utils.software_automation - INFO - attempting to open Kamoer, trial 1 in 3 times...
2023-06-29 15:53:05,167 - utils.software_automation - INFO - attempting to open Kamoer, trial 1 in 3 times...
2023-06-29 15:53:39,101 - utils.software_automation - INFO - attempting to open Smartlife, trial 1 in 3 times...
2023-06-29 15:53:39,101 - utils.software_automation - INFO - attempting to open Smartlife, trial 1 in 3 times...
2023-06-29 15:53:39,101 - utils.software_automation - INFO - attempting to open Smartlife, trial 1 in 3 times...
2023-06-29 15:53:39,101 - utils.software_automation - INFO - attempting to open Smartlife, trial 1 in 3 times...
2023-06-29 15:53:39,101 - utils.software_automation - INFO - attempting to open Smartlife, trial 1 in 3 times...
2023-06-29 15:53:39,101 - utils.software_automation - INFO - attempting to open Smartlife, trial 1 in 3 times...
2023-06-29 15:53:39,101 - utils.software_automation - INFO - attempting to open Smartlife, trial 1 in 3 times...
2023-06-29 15:53:39,101 - utils.software_automation - INFO - attempting to open Smartlife, trial 1 in 3 times...
2023-06-29 15:53:39,101 - utils.software_automation - INFO - attempting to open Smartlife, trial 1 in 3 times...
2023-06-29 15:53:41,161 - utils.software_automation - INFO - Smartlife started
2023-06-29 15:53:41,161 - utils.software_automation - INFO - Smartlife started
2023-06-29 15:53:41,161 - utils.software_automation - INFO - Smartlife started
2023-06-29 15:53:41,161 - utils.software_automation - INFO - Smartlife started
2023-06-29 15:53:41,161 - utils.software_automation - INFO - Smartlife started
2023-06-29 15:53:41,161 - utils.software_automation - INFO - Smartlife started
2023-06-29 15:53:41,161 - utils.software_automation - INFO - Smartlife started
2023-06-29 15:53:41,161 - utils.software_automation - INFO - Smartlife started
2023-06-29 15:53:41,161 - utils.software_automation - INFO - Smartlife started
2023-06-29 16:54:04,642 - robotic_testing.robot_test - INFO - started a batch of test, with sample_rack_id : sample_id = {12: 5, 13: 6, 14: 7, 15: 8, 16: 9, 17: 10, 18: 11, 19: 12, 20: 13, 21: 14}
2023-06-29 16:54:21,446 - robotic_testing.robot_test - INFO - loading the sample from rack_id #12...
2023-06-29 16:55:00,884 - robotic_testing.robot_test - INFO - sample successfully loaded into the cell
2023-06-29 16:55:06,785 - robotic_testing.software - INFO - attempting to open software, trial 1 in 3 times...
2023-06-29 16:56:39,950 - robotic_testing.software - INFO - human operating, fail to detect...
2023-06-29 16:56:51,174 - robotic_testing.software - INFO - human operating, fail to detect...
2023-06-29 16:57:02,831 - robotic_testing.robot_test - INFO - test acidic_mor_PtRuSc_sample#5_2023-06-29_16-54-17 finished
2023-06-29 16:57:06,244 - robotic_testing.robot_test - INFO - unloading the sample to rack_id #12...
2023-06-29 16:58:05,169 - robotic_testing.robot_test - INFO - sample successfully unloaded from the cell
2023-06-29 16:58:12,959 - db_control.database - INFO - Database acidic_mor_PtRuSc connected successfully!
2023-06-29 16:58:13,219 - db_control.database - INFO - Table recipe already exists on server, checking column consistency...
2023-06-29 16:58:13,449 - db_control.database - INFO - Table recipe column consistency checked successfully!
2023-06-29 16:58:13,659 - db_control.database - INFO - Table sample already exists on server, checking column consistency...
2023-06-29 16:58:13,873 - db_control.database - INFO - Table sample column consistency checked successfully!
2023-06-29 16:58:14,059 - db_control.database - INFO - Table performance already exists on server, checking column consistency...
2023-06-29 16:58:14,283 - db_control.database - INFO - Table performance column consistency checked successfully!
2023-06-29 16:58:14,284 - robotic_testing.robot_test - ERROR - [Errno 2] No such file or directory: 'D:/Zhichu/acidic_mor_PtRuSc/acidic_mor_PtRuSc_sample#5_2023-06-29_16-54-17_03_LSV_C02.csv'
Traceback (most recent call last):
  File "C:\Users\li\PycharmProjects\catalyst\robotic_testing\robot_test.py", line 35, in wrapper
    return func(self, *args, **kwargs)
  File "C:\Users\li\PycharmProjects\catalyst\robotic_testing\robot_test.py", line 150, in run
    self.data_analyze(sample_id, test_name, channel_id)
  File "C:\Users\li\PycharmProjects\catalyst\robotic_testing\robot_test.py", line 113, in data_analyze
    analyze_result = self.analyze_test_results(sample_id, test_name, channel_id)
  File "C:\Users\li\PycharmProjects\catalyst\robotic_testing\robot_test.py", line 67, in analyze_test_results
    analyzer = analysis_config['analyzer']['analyzer_class'](
  File "C:\Users\li\PycharmProjects\catalyst\robotic_testing\data_analysis.py", line 14, in __init__
    self.data = self.load_data(f'{data_dir}.csv')
  File "C:\Users\li\PycharmProjects\catalyst\robotic_testing\data_analysis.py", line 28, in load_data
    return pd.read_csv(
  File "C:\Users\li\miniconda3\envs\catalyst\lib\site-packages\pandas\util\_decorators.py", line 311, in wrapper
    return func(*args, **kwargs)
  File "C:\Users\li\miniconda3\envs\catalyst\lib\site-packages\pandas\io\parsers\readers.py", line 586, in read_csv
    return _read(filepath_or_buffer, kwds)
  File "C:\Users\li\miniconda3\envs\catalyst\lib\site-packages\pandas\io\parsers\readers.py", line 482, in _read
    parser = TextFileReader(filepath_or_buffer, **kwds)
  File "C:\Users\li\miniconda3\envs\catalyst\lib\site-packages\pandas\io\parsers\readers.py", line 811, in __init__
    self._engine = self._make_engine(self.engine)
  File "C:\Users\li\miniconda3\envs\catalyst\lib\site-packages\pandas\io\parsers\readers.py", line 1040, in _make_engine
    return mapping[engine](self.f, **self.options)  # type: ignore[call-arg]
  File "C:\Users\li\miniconda3\envs\catalyst\lib\site-packages\pandas\io\parsers\c_parser_wrapper.py", line 51, in __init__
    self._open_handles(src, kwds)
  File "C:\Users\li\miniconda3\envs\catalyst\lib\site-packages\pandas\io\parsers\base_parser.py", line 222, in _open_handles
    self.handles = get_handle(
  File "C:\Users\li\miniconda3\envs\catalyst\lib\site-packages\pandas\io\common.py", line 702, in get_handle
    handle = open(
FileNotFoundError: [Errno 2] No such file or directory: 'D:/Zhichu/acidic_mor_PtRuSc/acidic_mor_PtRuSc_sample#5_2023-06-29_16-54-17_03_LSV_C02.csv'
2023-07-01 12:42:00,865 - robotic_testing.robot_test - INFO - started a batch of test, with sample_rack_id : sample_id = {12: 6}
2023-07-01 12:42:12,523 - robotic_testing.robot_test - INFO - loading the sample from rack_id #12...
2023-07-01 12:42:51,570 - robotic_testing.robot_test - INFO - sample successfully loaded into the cell
2023-07-01 12:42:55,604 - robotic_testing.software - INFO - attempting to open software, trial 1 in 3 times...
2023-07-01 12:43:18,739 - robotic_testing.software - INFO - human operating, fail to detect...
2023-07-01 12:43:29,999 - robotic_testing.software - INFO - human operating, fail to detect...
2023-07-01 12:43:41,526 - robotic_testing.robot_test - INFO - test acidic_mor_PtRuSc_sample#6_2023-07-01_12-42-12 finished
2023-07-01 12:43:44,658 - robotic_testing.robot_test - INFO - unloading the sample to rack_id #12...
2023-07-01 12:44:43,334 - robotic_testing.robot_test - INFO - sample successfully unloaded from the cell
2023-07-20 14:04:44,477 - utils.software_automation - INFO - attempting to open Smartlife, trial 1 in 3 times...
2023-07-20 14:04:46,216 - utils.software_automation - INFO - Smartlife started
2023-07-20 14:04:46,216 - utils.software_automation - INFO - Smartlife started
2023-07-20 14:04:46,488 - utils.software_automation - INFO - Smartlife started
2023-07-20 14:04:46,488 - utils.software_automation - INFO - Smartlife started
2023-07-20 14:05:33,877 - utils.software_automation - INFO - attempting to open Kamoer, trial 1 in 3 times...
2023-07-20 14:05:33,877 - utils.software_automation - INFO - attempting to open Kamoer, trial 1 in 3 times...
2023-07-20 14:05:33,877 - utils.software_automation - INFO - attempting to open Kamoer, trial 1 in 3 times...
2023-07-20 14:05:44,892 - utils.software_automation - WARNING - kamoer devices not found, search again...
2023-07-20 14:05:44,892 - utils.software_automation - WARNING - kamoer devices not found, search again...
2023-07-20 14:05:44,892 - utils.software_automation - WARNING - kamoer devices not found, search again...
2023-07-20 14:05:52,970 - utils.software_automation - WARNING - cannot find kamoer_start.png on screen
2023-07-20 14:05:52,970 - utils.software_automation - WARNING - cannot find kamoer_start.png on screen
2023-07-20 14:05:52,970 - utils.software_automation - WARNING - cannot find kamoer_start.png on screen
2023-07-20 14:05:56,184 - utils.software_automation - WARNING - cannot find kamoer_start.png on screen
2023-07-20 14:05:56,184 - utils.software_automation - WARNING - cannot find kamoer_start.png on screen
2023-07-20 14:05:56,184 - utils.software_automation - WARNING - cannot find kamoer_start.png on screen
2023-07-20 14:05:59,411 - utils.software_automation - WARNING - cannot find kamoer_start.png on screen
2023-07-20 14:05:59,411 - utils.software_automation - WARNING - cannot find kamoer_start.png on screen
2023-07-20 14:05:59,411 - utils.software_automation - WARNING - cannot find kamoer_start.png on screen
2023-07-20 14:06:02,625 - utils.software_automation - WARNING - cannot find kamoer_start.png on screen
2023-07-20 14:06:02,625 - utils.software_automation - WARNING - cannot find kamoer_start.png on screen
2023-07-20 14:06:02,625 - utils.software_automation - WARNING - cannot find kamoer_start.png on screen
2023-07-20 14:06:05,849 - utils.software_automation - WARNING - cannot find kamoer_start.png on screen
2023-07-20 14:06:05,849 - utils.software_automation - WARNING - cannot find kamoer_start.png on screen
2023-07-20 14:06:05,849 - utils.software_automation - WARNING - cannot find kamoer_start.png on screen
2023-07-20 14:06:09,063 - utils.software_automation - WARNING - cannot find kamoer_start.png on screen
2023-07-20 14:06:09,063 - utils.software_automation - WARNING - cannot find kamoer_start.png on screen
2023-07-20 14:06:09,063 - utils.software_automation - WARNING - cannot find kamoer_start.png on screen
2023-07-20 14:06:12,266 - utils.software_automation - WARNING - cannot find kamoer_start.png on screen
2023-07-20 14:06:12,266 - utils.software_automation - WARNING - cannot find kamoer_start.png on screen
2023-07-20 14:06:12,266 - utils.software_automation - WARNING - cannot find kamoer_start.png on screen
2023-07-20 14:06:15,478 - utils.software_automation - WARNING - cannot find kamoer_start.png on screen
2023-07-20 14:06:15,478 - utils.software_automation - WARNING - cannot find kamoer_start.png on screen
2023-07-20 14:06:15,478 - utils.software_automation - WARNING - cannot find kamoer_start.png on screen
2023-07-20 14:06:30,776 - utils.software_automation - WARNING - pump flow_out already start!
2023-07-20 14:06:30,776 - utils.software_automation - WARNING - pump flow_out already start!
2023-07-20 14:06:30,776 - utils.software_automation - WARNING - pump flow_out already start!
2023-07-20 14:06:30,776 - utils.software_automation - WARNING - pump flow_out already start!
2023-07-20 14:06:33,975 - utils.software_automation - WARNING - kamoer devices not found, search again...
2023-07-20 14:06:33,975 - utils.software_automation - WARNING - kamoer devices not found, search again...
2023-07-20 14:06:33,975 - utils.software_automation - WARNING - kamoer devices not found, search again...
2023-07-20 14:06:33,975 - utils.software_automation - WARNING - kamoer devices not found, search again...
2023-07-20 14:07:03,892 - utils.software_automation - WARNING - kamoer devices not found, search again...
2023-07-20 14:07:03,892 - utils.software_automation - WARNING - kamoer devices not found, search again...
2023-07-20 14:07:03,892 - utils.software_automation - WARNING - kamoer devices not found, search again...
2023-07-20 14:07:03,892 - utils.software_automation - WARNING - kamoer devices not found, search again...
2023-07-20 14:07:03,892 - utils.software_automation - WARNING - kamoer devices not found, search again...
2023-07-20 14:07:08,182 - utils.software_automation - WARNING - pump flow_in already stop!
2023-07-20 14:07:08,182 - utils.software_automation - WARNING - pump flow_in already stop!
2023-07-20 14:07:08,182 - utils.software_automation - WARNING - pump flow_in already stop!
2023-07-20 14:07:08,182 - utils.software_automation - WARNING - pump flow_in already stop!
2023-07-20 14:07:08,182 - utils.software_automation - WARNING - pump flow_in already stop!
2023-07-20 14:07:11,409 - utils.software_automation - WARNING - kamoer devices not found, search again...
2023-07-20 14:07:11,409 - utils.software_automation - WARNING - kamoer devices not found, search again...
2023-07-20 14:07:11,409 - utils.software_automation - WARNING - kamoer devices not found, search again...
2023-07-20 14:07:11,409 - utils.software_automation - WARNING - kamoer devices not found, search again...
2023-07-20 14:07:11,409 - utils.software_automation - WARNING - kamoer devices not found, search again...
2023-07-20 14:07:15,685 - utils.software_automation - WARNING - pump flow_out already stop!
2023-07-20 14:07:15,685 - utils.software_automation - WARNING - pump flow_out already stop!
2023-07-20 14:07:15,685 - utils.software_automation - WARNING - pump flow_out already stop!
2023-07-20 14:07:15,685 - utils.software_automation - WARNING - pump flow_out already stop!
2023-07-20 14:07:15,685 - utils.software_automation - WARNING - pump flow_out already stop!
2023-07-20 14:07:36,617 - utils.software_automation - INFO - attempting to open Smartlife, trial 1 in 3 times...
2023-07-20 14:07:36,617 - utils.software_automation - INFO - attempting to open Smartlife, trial 1 in 3 times...
2023-07-20 14:07:36,617 - utils.software_automation - INFO - attempting to open Smartlife, trial 1 in 3 times...
2023-07-20 14:07:36,617 - utils.software_automation - INFO - attempting to open Smartlife, trial 1 in 3 times...
2023-07-20 14:07:36,617 - utils.software_automation - INFO - attempting to open Smartlife, trial 1 in 3 times...
2023-07-20 14:07:36,617 - utils.software_automation - INFO - attempting to open Smartlife, trial 1 in 3 times...
2023-07-20 14:07:39,049 - utils.software_automation - INFO - attempting to open Smartlife, trial 2 in 3 times...
2023-07-20 14:07:39,049 - utils.software_automation - INFO - attempting to open Smartlife, trial 2 in 3 times...
2023-07-20 14:07:39,049 - utils.software_automation - INFO - attempting to open Smartlife, trial 2 in 3 times...
2023-07-20 14:07:39,049 - utils.software_automation - INFO - attempting to open Smartlife, trial 2 in 3 times...
2023-07-20 14:07:39,049 - utils.software_automation - INFO - attempting to open Smartlife, trial 2 in 3 times...
2023-07-20 14:07:39,049 - utils.software_automation - INFO - attempting to open Smartlife, trial 2 in 3 times...
2023-07-20 14:07:41,320 - utils.software_automation - INFO - attempting to open Smartlife, trial 3 in 3 times...
2023-07-20 14:07:41,320 - utils.software_automation - INFO - attempting to open Smartlife, trial 3 in 3 times...
2023-07-20 14:07:41,320 - utils.software_automation - INFO - attempting to open Smartlife, trial 3 in 3 times...
2023-07-20 14:07:41,320 - utils.software_automation - INFO - attempting to open Smartlife, trial 3 in 3 times...
2023-07-20 14:07:41,320 - utils.software_automation - INFO - attempting to open Smartlife, trial 3 in 3 times...
2023-07-20 14:07:41,320 - utils.software_automation - INFO - attempting to open Smartlife, trial 3 in 3 times...
2023-07-20 14:07:42,526 - utils.software_automation - WARNING - failed to open Smartlife
2023-07-20 14:07:42,526 - utils.software_automation - WARNING - failed to open Smartlife
2023-07-20 14:07:42,526 - utils.software_automation - WARNING - failed to open Smartlife
2023-07-20 14:07:42,526 - utils.software_automation - WARNING - failed to open Smartlife
2023-07-20 14:07:42,526 - utils.software_automation - WARNING - failed to open Smartlife
2023-07-20 14:07:42,526 - utils.software_automation - WARNING - failed to open Smartlife
2023-07-20 14:07:43,344 - utils.software_automation - INFO - Smartlife started
2023-07-20 14:07:43,344 - utils.software_automation - INFO - Smartlife started
2023-07-20 14:07:43,344 - utils.software_automation - INFO - Smartlife started
2023-07-20 14:07:43,344 - utils.software_automation - INFO - Smartlife started
2023-07-20 14:07:43,344 - utils.software_automation - INFO - Smartlife started
2023-07-20 14:07:43,344 - utils.software_automation - INFO - Smartlife started
2023-07-20 14:07:55,179 - utils.software_automation - INFO - Smartlife stopped
2023-07-20 14:07:55,179 - utils.software_automation - INFO - Smartlife stopped
2023-07-20 14:07:55,179 - utils.software_automation - INFO - Smartlife stopped
2023-07-20 14:07:55,179 - utils.software_automation - INFO - Smartlife stopped
2023-07-20 14:07:55,179 - utils.software_automation - INFO - Smartlife stopped
2023-07-20 14:07:55,179 - utils.software_automation - INFO - Smartlife stopped
2023-07-20 14:07:55,179 - utils.software_automation - INFO - Smartlife stopped
2023-07-20 17:53:16,290 - utils.software_automation - INFO - attempting to open Kamoer, trial 1 in 3 times...
2023-07-20 17:53:16,290 - utils.software_automation - INFO - attempting to open Kamoer, trial 1 in 3 times...
2023-07-20 17:53:16,290 - utils.software_automation - INFO - attempting to open Kamoer, trial 1 in 3 times...
2023-07-20 17:53:16,290 - utils.software_automation - INFO - attempting to open Kamoer, trial 1 in 3 times...
2023-07-20 17:53:16,290 - utils.software_automation - INFO - attempting to open Kamoer, trial 1 in 3 times...
2023-07-20 17:53:16,290 - utils.software_automation - INFO - attempting to open Kamoer, trial 1 in 3 times...
2023-07-20 17:53:16,290 - utils.software_automation - INFO - attempting to open Kamoer, trial 1 in 3 times...
2023-07-20 17:53:16,290 - utils.software_automation - INFO - attempting to open Kamoer, trial 1 in 3 times...
2023-07-20 17:53:27,328 - utils.software_automation - WARNING - kamoer devices not found, search again...
2023-07-20 17:53:27,328 - utils.software_automation - WARNING - kamoer devices not found, search again...
2023-07-20 17:53:27,328 - utils.software_automation - WARNING - kamoer devices not found, search again...
2023-07-20 17:53:27,328 - utils.software_automation - WARNING - kamoer devices not found, search again...
2023-07-20 17:53:27,328 - utils.software_automation - WARNING - kamoer devices not found, search again...
2023-07-20 17:53:27,328 - utils.software_automation - WARNING - kamoer devices not found, search again...
2023-07-20 17:53:27,328 - utils.software_automation - WARNING - kamoer devices not found, search again...
2023-07-20 17:53:27,328 - utils.software_automation - WARNING - kamoer devices not found, search again...
2023-07-20 17:53:55,048 - utils.software_automation - INFO - attempting to open Smartlife, trial 1 in 3 times...
2023-07-20 17:53:55,048 - utils.software_automation - INFO - attempting to open Smartlife, trial 1 in 3 times...
2023-07-20 17:53:55,048 - utils.software_automation - INFO - attempting to open Smartlife, trial 1 in 3 times...
2023-07-20 17:53:55,048 - utils.software_automation - INFO - attempting to open Smartlife, trial 1 in 3 times...
2023-07-20 17:53:55,048 - utils.software_automation - INFO - attempting to open Smartlife, trial 1 in 3 times...
2023-07-20 17:53:55,048 - utils.software_automation - INFO - attempting to open Smartlife, trial 1 in 3 times...
2023-07-20 17:53:55,048 - utils.software_automation - INFO - attempting to open Smartlife, trial 1 in 3 times...
2023-07-20 17:53:55,048 - utils.software_automation - INFO - attempting to open Smartlife, trial 1 in 3 times...
2023-07-20 17:53:55,048 - utils.software_automation - INFO - attempting to open Smartlife, trial 1 in 3 times...
2023-07-20 17:53:57,059 - utils.software_automation - INFO - Smartlife started
2023-07-20 17:53:57,059 - utils.software_automation - INFO - Smartlife started
2023-07-20 17:53:57,059 - utils.software_automation - INFO - Smartlife started
2023-07-20 17:53:57,059 - utils.software_automation - INFO - Smartlife started
2023-07-20 17:53:57,059 - utils.software_automation - INFO - Smartlife started
2023-07-20 17:53:57,059 - utils.software_automation - INFO - Smartlife started
2023-07-20 17:53:57,059 - utils.software_automation - INFO - Smartlife started
2023-07-20 17:53:57,059 - utils.software_automation - INFO - Smartlife started
2023-07-20 17:53:57,059 - utils.software_automation - INFO - Smartlife started
2023-07-28 10:30:01,837 - utils.software_automation - INFO - attempting to open Smartlife, trial 1 in 3 times...
2023-07-28 10:30:01,837 - utils.software_automation - INFO - attempting to open Smartlife, trial 1 in 3 times...
2023-07-28 10:30:01,837 - utils.software_automation - INFO - attempting to open Smartlife, trial 1 in 3 times...
2023-07-28 10:30:01,837 - utils.software_automation - INFO - attempting to open Smartlife, trial 1 in 3 times...
2023-07-28 10:30:01,837 - utils.software_automation - INFO - attempting to open Smartlife, trial 1 in 3 times...
2023-07-28 10:30:01,837 - utils.software_automation - INFO - attempting to open Smartlife, trial 1 in 3 times...
2023-07-28 10:30:01,837 - utils.software_automation - INFO - attempting to open Smartlife, trial 1 in 3 times...
2023-07-28 10:30:01,837 - utils.software_automation - INFO - attempting to open Smartlife, trial 1 in 3 times...
2023-07-28 10:30:01,837 - utils.software_automation - INFO - attempting to open Smartlife, trial 1 in 3 times...
2023-07-28 10:30:01,837 - utils.software_automation - INFO - attempting to open Smartlife, trial 1 in 3 times...
2023-07-28 10:30:03,856 - utils.software_automation - INFO - Smartlife started
2023-07-28 10:30:03,856 - utils.software_automation - INFO - Smartlife started
2023-07-28 10:30:03,856 - utils.software_automation - INFO - Smartlife started
2023-07-28 10:30:03,856 - utils.software_automation - INFO - Smartlife started
2023-07-28 10:30:03,856 - utils.software_automation - INFO - Smartlife started
2023-07-28 10:30:03,856 - utils.software_automation - INFO - Smartlife started
2023-07-28 10:30:03,856 - utils.software_automation - INFO - Smartlife started
2023-07-28 10:30:03,856 - utils.software_automation - INFO - Smartlife started
2023-07-28 10:30:03,856 - utils.software_automation - INFO - Smartlife started
2023-07-28 10:30:03,856 - utils.software_automation - INFO - Smartlife started
2023-07-28 10:33:01,254 - utils.software_automation - INFO - attempting to open Kamoer, trial 1 in 3 times...
2023-07-28 10:33:01,254 - utils.software_automation - INFO - attempting to open Kamoer, trial 1 in 3 times...
2023-07-28 10:33:01,254 - utils.software_automation - INFO - attempting to open Kamoer, trial 1 in 3 times...
2023-07-28 10:33:01,254 - utils.software_automation - INFO - attempting to open Kamoer, trial 1 in 3 times...
2023-07-28 10:33:01,254 - utils.software_automation - INFO - attempting to open Kamoer, trial 1 in 3 times...
2023-07-28 10:33:01,254 - utils.software_automation - INFO - attempting to open Kamoer, trial 1 in 3 times...
2023-07-28 10:33:01,254 - utils.software_automation - INFO - attempting to open Kamoer, trial 1 in 3 times...
2023-07-28 10:33:01,254 - utils.software_automation - INFO - attempting to open Kamoer, trial 1 in 3 times...
2023-07-28 10:33:01,254 - utils.software_automation - INFO - attempting to open Kamoer, trial 1 in 3 times...
2023-07-28 10:33:01,254 - utils.software_automation - INFO - attempting to open Kamoer, trial 1 in 3 times...
2023-07-28 10:33:01,254 - utils.software_automation - INFO - attempting to open Kamoer, trial 1 in 3 times...
2023-07-28 10:33:12,255 - utils.software_automation - WARNING - kamoer devices not found, search again...
2023-07-28 10:33:12,255 - utils.software_automation - WARNING - kamoer devices not found, search again...
2023-07-28 10:33:12,255 - utils.software_automation - WARNING - kamoer devices not found, search again...
2023-07-28 10:33:12,255 - utils.software_automation - WARNING - kamoer devices not found, search again...
2023-07-28 10:33:12,255 - utils.software_automation - WARNING - kamoer devices not found, search again...
2023-07-28 10:33:12,255 - utils.software_automation - WARNING - kamoer devices not found, search again...
2023-07-28 10:33:12,255 - utils.software_automation - WARNING - kamoer devices not found, search again...
2023-07-28 10:33:12,255 - utils.software_automation - WARNING - kamoer devices not found, search again...
2023-07-28 10:33:12,255 - utils.software_automation - WARNING - kamoer devices not found, search again...
2023-07-28 10:33:12,255 - utils.software_automation - WARNING - kamoer devices not found, search again...
2023-07-28 10:33:12,255 - utils.software_automation - WARNING - kamoer devices not found, search again...
2023-07-28 10:33:14,296 - utils.software_automation - WARNING - kamoer devices not found, search again...
2023-07-28 10:33:14,296 - utils.software_automation - WARNING - kamoer devices not found, search again...
2023-07-28 10:33:14,296 - utils.software_automation - WARNING - kamoer devices not found, search again...
2023-07-28 10:33:14,296 - utils.software_automation - WARNING - kamoer devices not found, search again...
2023-07-28 10:33:14,296 - utils.software_automation - WARNING - kamoer devices not found, search again...
2023-07-28 10:33:14,296 - utils.software_automation - WARNING - kamoer devices not found, search again...
2023-07-28 10:33:14,296 - utils.software_automation - WARNING - kamoer devices not found, search again...
2023-07-28 10:33:14,296 - utils.software_automation - WARNING - kamoer devices not found, search again...
2023-07-28 10:33:14,296 - utils.software_automation - WARNING - kamoer devices not found, search again...
2023-07-28 10:33:14,296 - utils.software_automation - WARNING - kamoer devices not found, search again...
2023-07-28 10:33:14,296 - utils.software_automation - WARNING - kamoer devices not found, search again...
2023-07-28 10:33:15,021 - utils.software_automation - WARNING - cannot find kamoer_search.png on screen
2023-07-28 10:33:15,021 - utils.software_automation - WARNING - cannot find kamoer_search.png on screen
2023-07-28 10:33:15,021 - utils.software_automation - WARNING - cannot find kamoer_search.png on screen
2023-07-28 10:33:15,021 - utils.software_automation - WARNING - cannot find kamoer_search.png on screen
2023-07-28 10:33:15,021 - utils.software_automation - WARNING - cannot find kamoer_search.png on screen
2023-07-28 10:33:15,021 - utils.software_automation - WARNING - cannot find kamoer_search.png on screen
2023-07-28 10:33:15,021 - utils.software_automation - WARNING - cannot find kamoer_search.png on screen
2023-07-28 10:33:15,021 - utils.software_automation - WARNING - cannot find kamoer_search.png on screen
2023-07-28 10:33:15,021 - utils.software_automation - WARNING - cannot find kamoer_search.png on screen
2023-07-28 10:33:15,021 - utils.software_automation - WARNING - cannot find kamoer_search.png on screen
2023-07-28 10:33:15,021 - utils.software_automation - WARNING - cannot find kamoer_search.png on screen
2023-08-03 10:15:31,085 - utils.software_automation - INFO - attempting to open Smartlife, trial 1 in 3 times...
2023-08-03 10:15:31,085 - utils.software_automation - INFO - attempting to open Smartlife, trial 1 in 3 times...
2023-08-03 10:15:31,085 - utils.software_automation - INFO - attempting to open Smartlife, trial 1 in 3 times...
2023-08-03 10:15:31,085 - utils.software_automation - INFO - attempting to open Smartlife, trial 1 in 3 times...
2023-08-03 10:15:31,085 - utils.software_automation - INFO - attempting to open Smartlife, trial 1 in 3 times...
2023-08-03 10:15:31,085 - utils.software_automation - INFO - attempting to open Smartlife, trial 1 in 3 times...
2023-08-03 10:15:31,085 - utils.software_automation - INFO - attempting to open Smartlife, trial 1 in 3 times...
2023-08-03 10:15:31,085 - utils.software_automation - INFO - attempting to open Smartlife, trial 1 in 3 times...
2023-08-03 10:15:31,085 - utils.software_automation - INFO - attempting to open Smartlife, trial 1 in 3 times...
2023-08-03 10:15:31,085 - utils.software_automation - INFO - attempting to open Smartlife, trial 1 in 3 times...
2023-08-03 10:15:31,085 - utils.software_automation - INFO - attempting to open Smartlife, trial 1 in 3 times...
2023-08-03 10:15:31,085 - utils.software_automation - INFO - attempting to open Smartlife, trial 1 in 3 times...
2023-08-03 10:15:33,061 - utils.software_automation - WARNING - cannot find smartlife_off.png on screen
2023-08-03 10:15:33,061 - utils.software_automation - WARNING - cannot find smartlife_off.png on screen
2023-08-03 10:15:33,061 - utils.software_automation - WARNING - cannot find smartlife_off.png on screen
2023-08-03 10:15:33,061 - utils.software_automation - WARNING - cannot find smartlife_off.png on screen
2023-08-03 10:15:33,061 - utils.software_automation - WARNING - cannot find smartlife_off.png on screen
2023-08-03 10:15:33,061 - utils.software_automation - WARNING - cannot find smartlife_off.png on screen
2023-08-03 10:15:33,061 - utils.software_automation - WARNING - cannot find smartlife_off.png on screen
2023-08-03 10:15:33,061 - utils.software_automation - WARNING - cannot find smartlife_off.png on screen
2023-08-03 10:15:33,061 - utils.software_automation - WARNING - cannot find smartlife_off.png on screen
2023-08-03 10:15:33,061 - utils.software_automation - WARNING - cannot find smartlife_off.png on screen
2023-08-03 10:15:33,061 - utils.software_automation - WARNING - cannot find smartlife_off.png on screen
2023-08-03 10:15:33,061 - utils.software_automation - WARNING - cannot find smartlife_off.png on screen
2023-08-03 10:15:36,299 - utils.software_automation - WARNING - cannot find smartlife_off.png on screen
2023-08-03 10:15:36,299 - utils.software_automation - WARNING - cannot find smartlife_off.png on screen
2023-08-03 10:15:36,299 - utils.software_automation - WARNING - cannot find smartlife_off.png on screen
2023-08-03 10:15:36,299 - utils.software_automation - WARNING - cannot find smartlife_off.png on screen
2023-08-03 10:15:36,299 - utils.software_automation - WARNING - cannot find smartlife_off.png on screen
2023-08-03 10:15:36,299 - utils.software_automation - WARNING - cannot find smartlife_off.png on screen
2023-08-03 10:15:36,299 - utils.software_automation - WARNING - cannot find smartlife_off.png on screen
2023-08-03 10:15:36,299 - utils.software_automation - WARNING - cannot find smartlife_off.png on screen
2023-08-03 10:15:36,299 - utils.software_automation - WARNING - cannot find smartlife_off.png on screen
2023-08-03 10:15:36,299 - utils.software_automation - WARNING - cannot find smartlife_off.png on screen
2023-08-03 10:15:36,299 - utils.software_automation - WARNING - cannot find smartlife_off.png on screen
2023-08-03 10:15:36,299 - utils.software_automation - WARNING - cannot find smartlife_off.png on screen
2023-08-03 10:15:39,547 - utils.software_automation - WARNING - cannot find smartlife_off.png on screen
2023-08-03 10:15:39,547 - utils.software_automation - WARNING - cannot find smartlife_off.png on screen
2023-08-03 10:15:39,547 - utils.software_automation - WARNING - cannot find smartlife_off.png on screen
2023-08-03 10:15:39,547 - utils.software_automation - WARNING - cannot find smartlife_off.png on screen
2023-08-03 10:15:39,547 - utils.software_automation - WARNING - cannot find smartlife_off.png on screen
2023-08-03 10:15:39,547 - utils.software_automation - WARNING - cannot find smartlife_off.png on screen
2023-08-03 10:15:39,547 - utils.software_automation - WARNING - cannot find smartlife_off.png on screen
2023-08-03 10:15:39,547 - utils.software_automation - WARNING - cannot find smartlife_off.png on screen
2023-08-03 10:15:39,547 - utils.software_automation - WARNING - cannot find smartlife_off.png on screen
2023-08-03 10:15:39,547 - utils.software_automation - WARNING - cannot find smartlife_off.png on screen
2023-08-03 10:15:39,547 - utils.software_automation - WARNING - cannot find smartlife_off.png on screen
2023-08-03 10:15:39,547 - utils.software_automation - WARNING - cannot find smartlife_off.png on screen
2023-08-03 10:15:42,787 - utils.software_automation - WARNING - cannot find smartlife_off.png on screen
2023-08-03 10:15:42,787 - utils.software_automation - WARNING - cannot find smartlife_off.png on screen
2023-08-03 10:15:42,787 - utils.software_automation - WARNING - cannot find smartlife_off.png on screen
2023-08-03 10:15:42,787 - utils.software_automation - WARNING - cannot find smartlife_off.png on screen
2023-08-03 10:15:42,787 - utils.software_automation - WARNING - cannot find smartlife_off.png on screen
2023-08-03 10:15:42,787 - utils.software_automation - WARNING - cannot find smartlife_off.png on screen
2023-08-03 10:15:42,787 - utils.software_automation - WARNING - cannot find smartlife_off.png on screen
2023-08-03 10:15:42,787 - utils.software_automation - WARNING - cannot find smartlife_off.png on screen
2023-08-03 10:15:42,787 - utils.software_automation - WARNING - cannot find smartlife_off.png on screen
2023-08-03 10:15:42,787 - utils.software_automation - WARNING - cannot find smartlife_off.png on screen
2023-08-03 10:15:42,787 - utils.software_automation - WARNING - cannot find smartlife_off.png on screen
2023-08-03 10:15:42,787 - utils.software_automation - WARNING - cannot find smartlife_off.png on screen
2023-08-03 10:15:46,006 - utils.software_automation - WARNING - cannot find smartlife_off.png on screen
2023-08-03 10:15:46,006 - utils.software_automation - WARNING - cannot find smartlife_off.png on screen
2023-08-03 10:15:46,006 - utils.software_automation - WARNING - cannot find smartlife_off.png on screen
2023-08-03 10:15:46,006 - utils.software_automation - WARNING - cannot find smartlife_off.png on screen
2023-08-03 10:15:46,006 - utils.software_automation - WARNING - cannot find smartlife_off.png on screen
2023-08-03 10:15:46,006 - utils.software_automation - WARNING - cannot find smartlife_off.png on screen
2023-08-03 10:15:46,006 - utils.software_automation - WARNING - cannot find smartlife_off.png on screen
2023-08-03 10:15:46,006 - utils.software_automation - WARNING - cannot find smartlife_off.png on screen
2023-08-03 10:15:46,006 - utils.software_automation - WARNING - cannot find smartlife_off.png on screen
2023-08-03 10:15:46,006 - utils.software_automation - WARNING - cannot find smartlife_off.png on screen
2023-08-03 10:15:46,006 - utils.software_automation - WARNING - cannot find smartlife_off.png on screen
2023-08-03 10:15:46,006 - utils.software_automation - WARNING - cannot find smartlife_off.png on screen
2023-08-03 10:15:49,357 - utils.software_automation - INFO - Smartlife started
2023-08-03 10:15:49,357 - utils.software_automation - INFO - Smartlife started
2023-08-03 10:15:49,357 - utils.software_automation - INFO - Smartlife started
2023-08-03 10:15:49,357 - utils.software_automation - INFO - Smartlife started
2023-08-03 10:15:49,357 - utils.software_automation - INFO - Smartlife started
2023-08-03 10:15:49,357 - utils.software_automation - INFO - Smartlife started
2023-08-03 10:15:49,357 - utils.software_automation - INFO - Smartlife started
2023-08-03 10:15:49,357 - utils.software_automation - INFO - Smartlife started
2023-08-03 10:15:49,357 - utils.software_automation - INFO - Smartlife started
2023-08-03 10:15:49,357 - utils.software_automation - INFO - Smartlife started
2023-08-03 10:15:49,357 - utils.software_automation - INFO - Smartlife started
2023-08-03 10:15:49,357 - utils.software_automation - INFO - Smartlife started
2023-08-03 10:52:37,124 - utils.software_automation - INFO - attempting to open Smartlife, trial 1 in 3 times...
2023-08-03 10:52:37,124 - utils.software_automation - INFO - attempting to open Smartlife, trial 1 in 3 times...
2023-08-03 10:52:37,124 - utils.software_automation - INFO - attempting to open Smartlife, trial 1 in 3 times...
2023-08-03 10:52:37,124 - utils.software_automation - INFO - attempting to open Smartlife, trial 1 in 3 times...
2023-08-03 10:52:37,124 - utils.software_automation - INFO - attempting to open Smartlife, trial 1 in 3 times...
2023-08-03 10:52:37,124 - utils.software_automation - INFO - attempting to open Smartlife, trial 1 in 3 times...
2023-08-03 10:52:37,124 - utils.software_automation - INFO - attempting to open Smartlife, trial 1 in 3 times...
2023-08-03 10:52:37,124 - utils.software_automation - INFO - attempting to open Smartlife, trial 1 in 3 times...
2023-08-03 10:52:37,124 - utils.software_automation - INFO - attempting to open Smartlife, trial 1 in 3 times...
2023-08-03 10:52:37,124 - utils.software_automation - INFO - attempting to open Smartlife, trial 1 in 3 times...
2023-08-03 10:52:37,124 - utils.software_automation - INFO - attempting to open Smartlife, trial 1 in 3 times...
2023-08-03 10:52:37,124 - utils.software_automation - INFO - attempting to open Smartlife, trial 1 in 3 times...
2023-08-03 10:52:37,124 - utils.software_automation - INFO - attempting to open Smartlife, trial 1 in 3 times...
2023-08-03 10:52:39,644 - utils.software_automation - INFO - attempting to open Smartlife, trial 2 in 3 times...
2023-08-03 10:52:39,644 - utils.software_automation - INFO - attempting to open Smartlife, trial 2 in 3 times...
2023-08-03 10:52:39,644 - utils.software_automation - INFO - attempting to open Smartlife, trial 2 in 3 times...
2023-08-03 10:52:39,644 - utils.software_automation - INFO - attempting to open Smartlife, trial 2 in 3 times...
2023-08-03 10:52:39,644 - utils.software_automation - INFO - attempting to open Smartlife, trial 2 in 3 times...
2023-08-03 10:52:39,644 - utils.software_automation - INFO - attempting to open Smartlife, trial 2 in 3 times...
2023-08-03 10:52:39,644 - utils.software_automation - INFO - attempting to open Smartlife, trial 2 in 3 times...
2023-08-03 10:52:39,644 - utils.software_automation - INFO - attempting to open Smartlife, trial 2 in 3 times...
2023-08-03 10:52:39,644 - utils.software_automation - INFO - attempting to open Smartlife, trial 2 in 3 times...
2023-08-03 10:52:39,644 - utils.software_automation - INFO - attempting to open Smartlife, trial 2 in 3 times...
2023-08-03 10:52:39,644 - utils.software_automation - INFO - attempting to open Smartlife, trial 2 in 3 times...
2023-08-03 10:52:39,644 - utils.software_automation - INFO - attempting to open Smartlife, trial 2 in 3 times...
2023-08-03 10:52:39,644 - utils.software_automation - INFO - attempting to open Smartlife, trial 2 in 3 times...
2023-08-03 10:52:41,940 - utils.software_automation - INFO - attempting to open Smartlife, trial 3 in 3 times...
2023-08-03 10:52:41,940 - utils.software_automation - INFO - attempting to open Smartlife, trial 3 in 3 times...
2023-08-03 10:52:41,940 - utils.software_automation - INFO - attempting to open Smartlife, trial 3 in 3 times...
2023-08-03 10:52:41,940 - utils.software_automation - INFO - attempting to open Smartlife, trial 3 in 3 times...
2023-08-03 10:52:41,940 - utils.software_automation - INFO - attempting to open Smartlife, trial 3 in 3 times...
2023-08-03 10:52:41,940 - utils.software_automation - INFO - attempting to open Smartlife, trial 3 in 3 times...
2023-08-03 10:52:41,940 - utils.software_automation - INFO - attempting to open Smartlife, trial 3 in 3 times...
2023-08-03 10:52:41,940 - utils.software_automation - INFO - attempting to open Smartlife, trial 3 in 3 times...
2023-08-03 10:52:41,940 - utils.software_automation - INFO - attempting to open Smartlife, trial 3 in 3 times...
2023-08-03 10:52:41,940 - utils.software_automation - INFO - attempting to open Smartlife, trial 3 in 3 times...
2023-08-03 10:52:41,940 - utils.software_automation - INFO - attempting to open Smartlife, trial 3 in 3 times...
2023-08-03 10:52:41,940 - utils.software_automation - INFO - attempting to open Smartlife, trial 3 in 3 times...
2023-08-03 10:52:41,940 - utils.software_automation - INFO - attempting to open Smartlife, trial 3 in 3 times...
2023-08-03 10:52:43,150 - utils.software_automation - WARNING - failed to open Smartlife
2023-08-03 10:52:43,150 - utils.software_automation - WARNING - failed to open Smartlife
2023-08-03 10:52:43,150 - utils.software_automation - WARNING - failed to open Smartlife
2023-08-03 10:52:43,150 - utils.software_automation - WARNING - failed to open Smartlife
2023-08-03 10:52:43,150 - utils.software_automation - WARNING - failed to open Smartlife
2023-08-03 10:52:43,150 - utils.software_automation - WARNING - failed to open Smartlife
2023-08-03 10:52:43,150 - utils.software_automation - WARNING - failed to open Smartlife
2023-08-03 10:52:43,150 - utils.software_automation - WARNING - failed to open Smartlife
2023-08-03 10:52:43,150 - utils.software_automation - WARNING - failed to open Smartlife
2023-08-03 10:52:43,150 - utils.software_automation - WARNING - failed to open Smartlife
2023-08-03 10:52:43,150 - utils.software_automation - WARNING - failed to open Smartlife
2023-08-03 10:52:43,150 - utils.software_automation - WARNING - failed to open Smartlife
2023-08-03 10:52:43,150 - utils.software_automation - WARNING - failed to open Smartlife
2023-08-03 10:52:43,983 - utils.software_automation - INFO - Smartlife started
2023-08-03 10:52:43,983 - utils.software_automation - INFO - Smartlife started
2023-08-03 10:52:43,983 - utils.software_automation - INFO - Smartlife started
2023-08-03 10:52:43,983 - utils.software_automation - INFO - Smartlife started
2023-08-03 10:52:43,983 - utils.software_automation - INFO - Smartlife started
2023-08-03 10:52:43,983 - utils.software_automation - INFO - Smartlife started
2023-08-03 10:52:43,983 - utils.software_automation - INFO - Smartlife started
2023-08-03 10:52:43,983 - utils.software_automation - INFO - Smartlife started
2023-08-03 10:52:43,983 - utils.software_automation - INFO - Smartlife started
2023-08-03 10:52:43,983 - utils.software_automation - INFO - Smartlife started
2023-08-03 10:52:43,983 - utils.software_automation - INFO - Smartlife started
2023-08-03 10:52:43,983 - utils.software_automation - INFO - Smartlife started
2023-08-03 10:52:43,983 - utils.software_automation - INFO - Smartlife started
2023-08-03 10:53:10,221 - utils.software_automation - INFO - attempting to open Kamoer, trial 1 in 3 times...
2023-08-03 10:53:10,221 - utils.software_automation - INFO - attempting to open Kamoer, trial 1 in 3 times...
2023-08-03 10:53:10,221 - utils.software_automation - INFO - attempting to open Kamoer, trial 1 in 3 times...
2023-08-03 10:53:10,221 - utils.software_automation - INFO - attempting to open Kamoer, trial 1 in 3 times...
2023-08-03 10:53:10,221 - utils.software_automation - INFO - attempting to open Kamoer, trial 1 in 3 times...
2023-08-03 10:53:10,221 - utils.software_automation - INFO - attempting to open Kamoer, trial 1 in 3 times...
2023-08-03 10:53:10,221 - utils.software_automation - INFO - attempting to open Kamoer, trial 1 in 3 times...
2023-08-03 10:53:10,221 - utils.software_automation - INFO - attempting to open Kamoer, trial 1 in 3 times...
2023-08-03 10:53:10,221 - utils.software_automation - INFO - attempting to open Kamoer, trial 1 in 3 times...
2023-08-03 10:53:10,221 - utils.software_automation - INFO - attempting to open Kamoer, trial 1 in 3 times...
2023-08-03 10:53:10,221 - utils.software_automation - INFO - attempting to open Kamoer, trial 1 in 3 times...
2023-08-03 10:53:10,221 - utils.software_automation - INFO - attempting to open Kamoer, trial 1 in 3 times...
2023-08-03 10:53:10,221 - utils.software_automation - INFO - attempting to open Kamoer, trial 1 in 3 times...
2023-08-03 10:53:10,221 - utils.software_automation - INFO - attempting to open Kamoer, trial 1 in 3 times...
2023-08-03 10:53:21,478 - utils.software_automation - WARNING - kamoer devices not found, search again...
2023-08-03 10:53:21,478 - utils.software_automation - WARNING - kamoer devices not found, search again...
2023-08-03 10:53:21,478 - utils.software_automation - WARNING - kamoer devices not found, search again...
2023-08-03 10:53:21,478 - utils.software_automation - WARNING - kamoer devices not found, search again...
2023-08-03 10:53:21,478 - utils.software_automation - WARNING - kamoer devices not found, search again...
2023-08-03 10:53:21,478 - utils.software_automation - WARNING - kamoer devices not found, search again...
2023-08-03 10:53:21,478 - utils.software_automation - WARNING - kamoer devices not found, search again...
2023-08-03 10:53:21,478 - utils.software_automation - WARNING - kamoer devices not found, search again...
2023-08-03 10:53:21,478 - utils.software_automation - WARNING - kamoer devices not found, search again...
2023-08-03 10:53:21,478 - utils.software_automation - WARNING - kamoer devices not found, search again...
2023-08-03 10:53:21,478 - utils.software_automation - WARNING - kamoer devices not found, search again...
2023-08-03 10:53:21,478 - utils.software_automation - WARNING - kamoer devices not found, search again...
2023-08-03 10:53:21,478 - utils.software_automation - WARNING - kamoer devices not found, search again...
2023-08-03 10:53:21,478 - utils.software_automation - WARNING - kamoer devices not found, search again...
2023-08-04 11:33:20,683 - utils.software_automation - INFO - attempting to open Smartlife, trial 1 in 3 times...
2023-08-04 11:33:20,683 - utils.software_automation - INFO - attempting to open Smartlife, trial 1 in 3 times...
2023-08-04 11:33:20,683 - utils.software_automation - INFO - attempting to open Smartlife, trial 1 in 3 times...
2023-08-04 11:33:20,683 - utils.software_automation - INFO - attempting to open Smartlife, trial 1 in 3 times...
2023-08-04 11:33:20,683 - utils.software_automation - INFO - attempting to open Smartlife, trial 1 in 3 times...
2023-08-04 11:33:20,683 - utils.software_automation - INFO - attempting to open Smartlife, trial 1 in 3 times...
2023-08-04 11:33:20,683 - utils.software_automation - INFO - attempting to open Smartlife, trial 1 in 3 times...
2023-08-04 11:33:20,683 - utils.software_automation - INFO - attempting to open Smartlife, trial 1 in 3 times...
2023-08-04 11:33:20,683 - utils.software_automation - INFO - attempting to open Smartlife, trial 1 in 3 times...
2023-08-04 11:33:20,683 - utils.software_automation - INFO - attempting to open Smartlife, trial 1 in 3 times...
2023-08-04 11:33:20,683 - utils.software_automation - INFO - attempting to open Smartlife, trial 1 in 3 times...
2023-08-04 11:33:20,683 - utils.software_automation - INFO - attempting to open Smartlife, trial 1 in 3 times...
2023-08-04 11:33:20,683 - utils.software_automation - INFO - attempting to open Smartlife, trial 1 in 3 times...
2023-08-04 11:33:20,683 - utils.software_automation - INFO - attempting to open Smartlife, trial 1 in 3 times...
2023-08-04 11:33:20,683 - utils.software_automation - INFO - attempting to open Smartlife, trial 1 in 3 times...
2023-08-04 11:33:22,715 - utils.software_automation - INFO - Smartlife started
2023-08-04 11:33:22,715 - utils.software_automation - INFO - Smartlife started
2023-08-04 11:33:22,715 - utils.software_automation - INFO - Smartlife started
2023-08-04 11:33:22,715 - utils.software_automation - INFO - Smartlife started
2023-08-04 11:33:22,715 - utils.software_automation - INFO - Smartlife started
2023-08-04 11:33:22,715 - utils.software_automation - INFO - Smartlife started
2023-08-04 11:33:22,715 - utils.software_automation - INFO - Smartlife started
2023-08-04 11:33:22,715 - utils.software_automation - INFO - Smartlife started
2023-08-04 11:33:22,715 - utils.software_automation - INFO - Smartlife started
2023-08-04 11:33:22,715 - utils.software_automation - INFO - Smartlife started
2023-08-04 11:33:22,715 - utils.software_automation - INFO - Smartlife started
2023-08-04 11:33:22,715 - utils.software_automation - INFO - Smartlife started
2023-08-04 11:33:22,715 - utils.software_automation - INFO - Smartlife started
2023-08-04 11:33:22,715 - utils.software_automation - INFO - Smartlife started
2023-08-04 11:33:22,715 - utils.software_automation - INFO - Smartlife started
2023-08-04 11:34:01,017 - utils.software_automation - INFO - Smartlife stopped
2023-08-04 11:34:01,017 - utils.software_automation - INFO - Smartlife stopped
2023-08-04 11:34:01,017 - utils.software_automation - INFO - Smartlife stopped
2023-08-04 11:34:01,017 - utils.software_automation - INFO - Smartlife stopped
2023-08-04 11:34:01,017 - utils.software_automation - INFO - Smartlife stopped
2023-08-04 11:34:01,017 - utils.software_automation - INFO - Smartlife stopped
2023-08-04 11:34:01,017 - utils.software_automation - INFO - Smartlife stopped
2023-08-04 11:34:01,017 - utils.software_automation - INFO - Smartlife stopped
2023-08-04 11:34:01,017 - utils.software_automation - INFO - Smartlife stopped
2023-08-04 11:34:01,017 - utils.software_automation - INFO - Smartlife stopped
2023-08-04 11:34:01,017 - utils.software_automation - INFO - Smartlife stopped
2023-08-04 11:34:01,017 - utils.software_automation - INFO - Smartlife stopped
2023-08-04 11:34:01,017 - utils.software_automation - INFO - Smartlife stopped
2023-08-04 11:34:01,017 - utils.software_automation - INFO - Smartlife stopped
2023-08-04 11:34:01,017 - utils.software_automation - INFO - Smartlife stopped
2023-08-04 11:34:01,017 - utils.software_automation - INFO - Smartlife stopped
2023-08-06 10:55:09,136 - utils.software_automation - INFO - attempting to open Smartlife, trial 1 in 3 times...
2023-08-06 10:55:09,136 - utils.software_automation - INFO - attempting to open Smartlife, trial 1 in 3 times...
2023-08-06 10:55:09,136 - utils.software_automation - INFO - attempting to open Smartlife, trial 1 in 3 times...
2023-08-06 10:55:09,136 - utils.software_automation - INFO - attempting to open Smartlife, trial 1 in 3 times...
2023-08-06 10:55:09,136 - utils.software_automation - INFO - attempting to open Smartlife, trial 1 in 3 times...
2023-08-06 10:55:09,136 - utils.software_automation - INFO - attempting to open Smartlife, trial 1 in 3 times...
2023-08-06 10:55:09,136 - utils.software_automation - INFO - attempting to open Smartlife, trial 1 in 3 times...
2023-08-06 10:55:09,136 - utils.software_automation - INFO - attempting to open Smartlife, trial 1 in 3 times...
2023-08-06 10:55:09,136 - utils.software_automation - INFO - attempting to open Smartlife, trial 1 in 3 times...
2023-08-06 10:55:09,136 - utils.software_automation - INFO - attempting to open Smartlife, trial 1 in 3 times...
2023-08-06 10:55:09,136 - utils.software_automation - INFO - attempting to open Smartlife, trial 1 in 3 times...
2023-08-06 10:55:09,136 - utils.software_automation - INFO - attempting to open Smartlife, trial 1 in 3 times...
2023-08-06 10:55:09,136 - utils.software_automation - INFO - attempting to open Smartlife, trial 1 in 3 times...
2023-08-06 10:55:09,136 - utils.software_automation - INFO - attempting to open Smartlife, trial 1 in 3 times...
2023-08-06 10:55:09,136 - utils.software_automation - INFO - attempting to open Smartlife, trial 1 in 3 times...
2023-08-06 10:55:09,136 - utils.software_automation - INFO - attempting to open Smartlife, trial 1 in 3 times...
2023-08-06 10:55:09,136 - utils.software_automation - INFO - attempting to open Smartlife, trial 1 in 3 times...
2023-08-06 10:55:11,197 - utils.software_automation - INFO - Smartlife started
2023-08-06 10:55:11,197 - utils.software_automation - INFO - Smartlife started
2023-08-06 10:55:11,197 - utils.software_automation - INFO - Smartlife started
2023-08-06 10:55:11,197 - utils.software_automation - INFO - Smartlife started
2023-08-06 10:55:11,197 - utils.software_automation - INFO - Smartlife started
2023-08-06 10:55:11,197 - utils.software_automation - INFO - Smartlife started
2023-08-06 10:55:11,197 - utils.software_automation - INFO - Smartlife started
2023-08-06 10:55:11,197 - utils.software_automation - INFO - Smartlife started
2023-08-06 10:55:11,197 - utils.software_automation - INFO - Smartlife started
2023-08-06 10:55:11,197 - utils.software_automation - INFO - Smartlife started
2023-08-06 10:55:11,197 - utils.software_automation - INFO - Smartlife started
2023-08-06 10:55:11,197 - utils.software_automation - INFO - Smartlife started
2023-08-06 10:55:11,197 - utils.software_automation - INFO - Smartlife started
2023-08-06 10:55:11,197 - utils.software_automation - INFO - Smartlife started
2023-08-06 10:55:11,197 - utils.software_automation - INFO - Smartlife started
2023-08-06 10:55:11,197 - utils.software_automation - INFO - Smartlife started
2023-08-06 10:55:11,197 - utils.software_automation - INFO - Smartlife started
2023-08-06 13:44:42,743 - utils.software_automation - INFO - attempting to open Kamoer, trial 1 in 3 times...
2023-08-06 13:44:42,743 - utils.software_automation - INFO - attempting to open Kamoer, trial 1 in 3 times...
2023-08-06 13:44:42,743 - utils.software_automation - INFO - attempting to open Kamoer, trial 1 in 3 times...
2023-08-06 13:44:42,743 - utils.software_automation - INFO - attempting to open Kamoer, trial 1 in 3 times...
2023-08-06 13:44:42,743 - utils.software_automation - INFO - attempting to open Kamoer, trial 1 in 3 times...
2023-08-06 13:44:42,743 - utils.software_automation - INFO - attempting to open Kamoer, trial 1 in 3 times...
2023-08-06 13:44:42,743 - utils.software_automation - INFO - attempting to open Kamoer, trial 1 in 3 times...
2023-08-06 13:44:42,743 - utils.software_automation - INFO - attempting to open Kamoer, trial 1 in 3 times...
2023-08-06 13:44:42,743 - utils.software_automation - INFO - attempting to open Kamoer, trial 1 in 3 times...
2023-08-06 13:44:42,743 - utils.software_automation - INFO - attempting to open Kamoer, trial 1 in 3 times...
2023-08-06 13:44:42,743 - utils.software_automation - INFO - attempting to open Kamoer, trial 1 in 3 times...
2023-08-06 13:44:42,743 - utils.software_automation - INFO - attempting to open Kamoer, trial 1 in 3 times...
2023-08-06 13:44:42,743 - utils.software_automation - INFO - attempting to open Kamoer, trial 1 in 3 times...
2023-08-06 13:44:42,743 - utils.software_automation - INFO - attempting to open Kamoer, trial 1 in 3 times...
2023-08-06 13:44:42,743 - utils.software_automation - INFO - attempting to open Kamoer, trial 1 in 3 times...
2023-08-06 13:44:42,743 - utils.software_automation - INFO - attempting to open Kamoer, trial 1 in 3 times...
2023-08-06 13:44:42,743 - utils.software_automation - INFO - attempting to open Kamoer, trial 1 in 3 times...
2023-08-06 13:44:42,743 - utils.software_automation - INFO - attempting to open Kamoer, trial 1 in 3 times...
2023-08-06 13:45:53,490 - utils.software_automation - INFO - attempting to open Smartlife, trial 1 in 3 times...
2023-08-06 13:45:53,490 - utils.software_automation - INFO - attempting to open Smartlife, trial 1 in 3 times...
2023-08-06 13:45:53,490 - utils.software_automation - INFO - attempting to open Smartlife, trial 1 in 3 times...
2023-08-06 13:45:53,490 - utils.software_automation - INFO - attempting to open Smartlife, trial 1 in 3 times...
2023-08-06 13:45:53,490 - utils.software_automation - INFO - attempting to open Smartlife, trial 1 in 3 times...
2023-08-06 13:45:53,490 - utils.software_automation - INFO - attempting to open Smartlife, trial 1 in 3 times...
2023-08-06 13:45:53,490 - utils.software_automation - INFO - attempting to open Smartlife, trial 1 in 3 times...
2023-08-06 13:45:53,490 - utils.software_automation - INFO - attempting to open Smartlife, trial 1 in 3 times...
2023-08-06 13:45:53,490 - utils.software_automation - INFO - attempting to open Smartlife, trial 1 in 3 times...
2023-08-06 13:45:53,490 - utils.software_automation - INFO - attempting to open Smartlife, trial 1 in 3 times...
2023-08-06 13:45:53,490 - utils.software_automation - INFO - attempting to open Smartlife, trial 1 in 3 times...
2023-08-06 13:45:53,490 - utils.software_automation - INFO - attempting to open Smartlife, trial 1 in 3 times...
2023-08-06 13:45:53,490 - utils.software_automation - INFO - attempting to open Smartlife, trial 1 in 3 times...
2023-08-06 13:45:53,490 - utils.software_automation - INFO - attempting to open Smartlife, trial 1 in 3 times...
2023-08-06 13:45:53,490 - utils.software_automation - INFO - attempting to open Smartlife, trial 1 in 3 times...
2023-08-06 13:45:53,490 - utils.software_automation - INFO - attempting to open Smartlife, trial 1 in 3 times...
2023-08-06 13:45:53,490 - utils.software_automation - INFO - attempting to open Smartlife, trial 1 in 3 times...
2023-08-06 13:45:53,490 - utils.software_automation - INFO - attempting to open Smartlife, trial 1 in 3 times...
2023-08-06 13:45:53,490 - utils.software_automation - INFO - attempting to open Smartlife, trial 1 in 3 times...
2023-08-06 13:45:55,527 - utils.software_automation - INFO - Smartlife started
2023-08-06 13:45:55,527 - utils.software_automation - INFO - Smartlife started
2023-08-06 13:45:55,527 - utils.software_automation - INFO - Smartlife started
2023-08-06 13:45:55,527 - utils.software_automation - INFO - Smartlife started
2023-08-06 13:45:55,527 - utils.software_automation - INFO - Smartlife started
2023-08-06 13:45:55,527 - utils.software_automation - INFO - Smartlife started
2023-08-06 13:45:55,527 - utils.software_automation - INFO - Smartlife started
2023-08-06 13:45:55,527 - utils.software_automation - INFO - Smartlife started
2023-08-06 13:45:55,527 - utils.software_automation - INFO - Smartlife started
2023-08-06 13:45:55,527 - utils.software_automation - INFO - Smartlife started
2023-08-06 13:45:55,527 - utils.software_automation - INFO - Smartlife started
2023-08-06 13:45:55,527 - utils.software_automation - INFO - Smartlife started
2023-08-06 13:45:55,527 - utils.software_automation - INFO - Smartlife started
2023-08-06 13:45:55,527 - utils.software_automation - INFO - Smartlife started
2023-08-06 13:45:55,527 - utils.software_automation - INFO - Smartlife started
2023-08-06 13:45:55,527 - utils.software_automation - INFO - Smartlife started
2023-08-06 13:45:55,527 - utils.software_automation - INFO - Smartlife started
2023-08-06 13:45:55,527 - utils.software_automation - INFO - Smartlife started
2023-08-06 13:45:55,527 - utils.software_automation - INFO - Smartlife started
2023-08-06 13:46:18,322 - utils.software_automation - INFO - Smartlife stopped
2023-08-06 13:46:18,322 - utils.software_automation - INFO - Smartlife stopped
2023-08-06 13:46:18,322 - utils.software_automation - INFO - Smartlife stopped
2023-08-06 13:46:18,322 - utils.software_automation - INFO - Smartlife stopped
2023-08-06 13:46:18,322 - utils.software_automation - INFO - Smartlife stopped
2023-08-06 13:46:18,322 - utils.software_automation - INFO - Smartlife stopped
2023-08-06 13:46:18,322 - utils.software_automation - INFO - Smartlife stopped
2023-08-06 13:46:18,322 - utils.software_automation - INFO - Smartlife stopped
2023-08-06 13:46:18,322 - utils.software_automation - INFO - Smartlife stopped
2023-08-06 13:46:18,322 - utils.software_automation - INFO - Smartlife stopped
2023-08-06 13:46:18,322 - utils.software_automation - INFO - Smartlife stopped
2023-08-06 13:46:18,322 - utils.software_automation - INFO - Smartlife stopped
2023-08-06 13:46:18,322 - utils.software_automation - INFO - Smartlife stopped
2023-08-06 13:46:18,322 - utils.software_automation - INFO - Smartlife stopped
2023-08-06 13:46:18,322 - utils.software_automation - INFO - Smartlife stopped
2023-08-06 13:46:18,322 - utils.software_automation - INFO - Smartlife stopped
2023-08-06 13:46:18,322 - utils.software_automation - INFO - Smartlife stopped
2023-08-06 13:46:18,322 - utils.software_automation - INFO - Smartlife stopped
2023-08-06 13:46:18,322 - utils.software_automation - INFO - Smartlife stopped
2023-08-06 13:46:18,322 - utils.software_automation - INFO - Smartlife stopped
2023-08-11 10:03:07,054 - utils.software_automation - INFO - attempting to open Smartlife, trial 1 in 3 times...
2023-08-11 10:03:09,278 - utils.software_automation - INFO - Smartlife started
2023-08-11 10:03:33,645 - utils.software_automation - INFO - Smartlife started
2023-08-11 10:03:33,645 - utils.software_automation - INFO - Smartlife started
2023-08-11 10:04:23,675 - utils.software_automation - INFO - Smartlife stopped
2023-08-11 10:04:23,675 - utils.software_automation - INFO - Smartlife stopped
2023-08-11 10:04:23,675 - utils.software_automation - INFO - Smartlife stopped
2023-08-15 12:07:44,231 - utils.software_automation - INFO - attempting to open Smartlife, trial 1 in 3 times...
2023-08-15 12:07:46,290 - utils.software_automation - INFO - Smartlife started
2023-08-15 12:08:13,372 - utils.software_automation - INFO - Smartlife stopped
2023-08-15 12:08:13,372 - utils.software_automation - INFO - Smartlife stopped
2023-08-17 13:09:29,855 - utils.software_automation - INFO - attempting to open Smartlife, trial 1 in 3 times...
2023-08-17 13:09:32,074 - utils.software_automation - INFO - Smartlife started
2023-08-24 10:59:40,485 - utils.software_automation - INFO - attempting to open Smartlife, trial 1 in 3 times...
2023-08-24 10:59:42,540 - utils.software_automation - INFO - Smartlife started
2023-08-31 12:23:13,100 - utils.software_automation - INFO - attempting to open LaserPecker, trial 1 in 3 times...
2023-08-31 12:23:15,123 - utils.software_automation - WARNING - cannot find laserpecker_start.png on screen
2023-08-31 12:23:18,358 - utils.software_automation - WARNING - cannot find laserpecker_start.png on screen
2023-08-31 12:23:21,599 - utils.software_automation - WARNING - cannot find laserpecker_start.png on screen
2023-08-31 12:23:24,812 - utils.software_automation - WARNING - cannot find laserpecker_start.png on screen
2023-08-31 12:23:28,039 - utils.software_automation - WARNING - cannot find laserpecker_start.png on screen
2023-08-31 12:23:31,303 - utils.software_automation - WARNING - cannot find laserpecker_start.png on screen
2023-08-31 12:23:34,558 - utils.software_automation - WARNING - cannot find laserpecker_start.png on screen
2023-08-31 12:23:37,807 - utils.software_automation - WARNING - cannot find laserpecker_start.png on screen
2023-08-31 12:23:41,049 - utils.software_automation - WARNING - cannot find laserpecker_start.png on screen
2023-08-31 12:23:44,353 - utils.software_automation - WARNING - cannot find laserpecker_start.png on screen
2023-08-31 12:23:47,605 - utils.software_automation - WARNING - cannot find laserpecker_start.png on screen
2023-08-31 12:23:50,924 - utils.software_automation - WARNING - cannot find laserpecker_start.png on screen
2023-08-31 12:23:54,147 - utils.software_automation - WARNING - cannot find laserpecker_start.png on screen
2023-08-31 12:23:57,389 - utils.software_automation - WARNING - cannot find laserpecker_start.png on screen
2023-08-31 12:24:00,618 - utils.software_automation - WARNING - cannot find laserpecker_start.png on screen
2023-08-31 12:24:03,862 - utils.software_automation - WARNING - cannot find laserpecker_start.png on screen
2023-08-31 12:24:07,084 - utils.software_automation - WARNING - cannot find laserpecker_start.png on screen
2023-08-31 12:24:10,324 - utils.software_automation - WARNING - cannot find laserpecker_start.png on screen
2023-08-31 12:24:13,551 - utils.software_automation - WARNING - cannot find laserpecker_start.png on screen
2023-08-31 12:24:16,791 - utils.software_automation - WARNING - cannot find laserpecker_start.png on screen
2023-08-31 12:24:19,998 - utils.software_automation - WARNING - cannot find laserpecker_start.png on screen
2023-08-31 12:24:23,232 - utils.software_automation - WARNING - cannot find laserpecker_start.png on screen
2023-08-31 12:24:26,490 - utils.software_automation - WARNING - cannot find laserpecker_start.png on screen
2023-08-31 12:24:29,707 - utils.software_automation - WARNING - cannot find laserpecker_start.png on screen
2023-08-31 12:24:32,925 - utils.software_automation - WARNING - cannot find laserpecker_start.png on screen
2023-08-31 12:24:36,144 - utils.software_automation - WARNING - cannot find laserpecker_start.png on screen
2023-08-31 12:24:39,420 - utils.software_automation - WARNING - cannot find laserpecker_start.png on screen
2023-08-31 12:24:42,637 - utils.software_automation - WARNING - cannot find laserpecker_start.png on screen
2023-08-31 12:24:45,866 - utils.software_automation - WARNING - cannot find laserpecker_start.png on screen
2023-08-31 12:24:49,093 - utils.software_automation - WARNING - cannot find laserpecker_start.png on screen
2023-08-31 12:24:52,318 - utils.software_automation - WARNING - cannot find laserpecker_start.png on screen
2023-08-31 12:24:55,533 - utils.software_automation - WARNING - cannot find laserpecker_start.png on screen
2023-08-31 12:24:58,776 - utils.software_automation - WARNING - cannot find laserpecker_start.png on screen
2023-08-31 12:25:02,018 - utils.software_automation - WARNING - cannot find laserpecker_start.png on screen
2023-08-31 12:25:05,251 - utils.software_automation - WARNING - cannot find laserpecker_start.png on screen
2023-08-31 12:25:08,477 - utils.software_automation - WARNING - cannot find laserpecker_start.png on screen
2023-08-31 12:25:11,735 - utils.software_automation - WARNING - cannot find laserpecker_start.png on screen
2023-08-31 12:25:14,952 - utils.software_automation - WARNING - cannot find laserpecker_start.png on screen
2023-08-31 12:25:18,158 - utils.software_automation - WARNING - cannot find laserpecker_start.png on screen
2023-08-31 12:25:21,408 - utils.software_automation - WARNING - cannot find laserpecker_start.png on screen
2023-08-31 12:25:24,667 - utils.software_automation - WARNING - cannot find laserpecker_start.png on screen
2023-08-31 12:25:27,877 - utils.software_automation - WARNING - cannot find laserpecker_start.png on screen
2023-08-31 12:25:31,101 - utils.software_automation - WARNING - cannot find laserpecker_start.png on screen
2023-08-31 12:25:34,346 - utils.software_automation - WARNING - cannot find laserpecker_start.png on screen
2023-08-31 12:25:37,613 - utils.software_automation - WARNING - cannot find laserpecker_start.png on screen
2023-08-31 12:25:40,844 - utils.software_automation - WARNING - cannot find laserpecker_start.png on screen
2023-08-31 12:25:44,053 - utils.software_automation - WARNING - cannot find laserpecker_start.png on screen
2023-08-31 12:25:47,265 - utils.software_automation - WARNING - cannot find laserpecker_start.png on screen
2023-08-31 12:25:50,518 - utils.software_automation - WARNING - cannot find laserpecker_start.png on screen
2023-08-31 12:25:53,739 - utils.software_automation - WARNING - cannot find laserpecker_start.png on screen
2023-08-31 12:25:56,967 - utils.software_automation - WARNING - cannot find laserpecker_start.png on screen
2023-08-31 12:26:00,222 - utils.software_automation - WARNING - cannot find laserpecker_start.png on screen
2023-08-31 12:26:03,492 - utils.software_automation - WARNING - cannot find laserpecker_start.png on screen
2023-08-31 12:26:06,723 - utils.software_automation - WARNING - cannot find laserpecker_start.png on screen
2023-08-31 12:26:09,974 - utils.software_automation - WARNING - cannot find laserpecker_start.png on screen
2023-08-31 12:26:13,205 - utils.software_automation - WARNING - cannot find laserpecker_start.png on screen
2023-08-31 12:26:16,020 - utils.software_automation - INFO - attempting to open Smartlife, trial 1 in 3 times...
2023-08-31 12:26:16,020 - utils.software_automation - INFO - attempting to open Smartlife, trial 1 in 3 times...
2023-08-31 12:26:16,508 - utils.software_automation - WARNING - cannot find laserpecker_start.png on screen
2023-08-31 12:26:16,508 - utils.software_automation - WARNING - cannot find laserpecker_start.png on screen
2023-08-31 12:26:18,087 - utils.software_automation - INFO - Smartlife stopped
2023-08-31 12:26:18,087 - utils.software_automation - INFO - Smartlife stopped
2023-08-31 12:26:19,748 - utils.software_automation - WARNING - cannot find laserpecker_start.png on screen
2023-08-31 12:26:19,748 - utils.software_automation - WARNING - cannot find laserpecker_start.png on screen
2023-08-31 12:26:22,979 - utils.software_automation - WARNING - cannot find laserpecker_start.png on screen
2023-08-31 12:26:22,979 - utils.software_automation - WARNING - cannot find laserpecker_start.png on screen
2023-08-31 12:26:26,205 - utils.software_automation - WARNING - cannot find laserpecker_start.png on screen
2023-08-31 12:26:26,205 - utils.software_automation - WARNING - cannot find laserpecker_start.png on screen
2023-08-31 12:26:29,444 - utils.software_automation - WARNING - cannot find laserpecker_start.png on screen
2023-08-31 12:26:29,444 - utils.software_automation - WARNING - cannot find laserpecker_start.png on screen
2023-08-31 12:26:32,644 - utils.software_automation - INFO - Smartlife started
2023-08-31 12:26:32,644 - utils.software_automation - INFO - Smartlife started
2023-08-31 12:26:32,644 - utils.software_automation - INFO - Smartlife started
2023-08-31 12:26:32,681 - utils.software_automation - WARNING - cannot find laserpecker_start.png on screen
2023-08-31 12:26:32,681 - utils.software_automation - WARNING - cannot find laserpecker_start.png on screen
2023-08-31 12:26:32,681 - utils.software_automation - WARNING - cannot find laserpecker_start.png on screen
2023-08-31 12:26:35,903 - utils.software_automation - WARNING - cannot find laserpecker_start.png on screen
2023-08-31 12:26:35,903 - utils.software_automation - WARNING - cannot find laserpecker_start.png on screen
2023-08-31 12:26:35,903 - utils.software_automation - WARNING - cannot find laserpecker_start.png on screen
2023-08-31 12:26:39,128 - utils.software_automation - WARNING - cannot find laserpecker_start.png on screen
2023-08-31 12:26:39,128 - utils.software_automation - WARNING - cannot find laserpecker_start.png on screen
2023-08-31 12:26:39,128 - utils.software_automation - WARNING - cannot find laserpecker_start.png on screen
2023-08-31 12:26:42,391 - utils.software_automation - WARNING - cannot find laserpecker_start.png on screen
2023-08-31 12:26:42,391 - utils.software_automation - WARNING - cannot find laserpecker_start.png on screen
2023-08-31 12:26:42,391 - utils.software_automation - WARNING - cannot find laserpecker_start.png on screen
2023-08-31 12:26:45,647 - utils.software_automation - WARNING - cannot find laserpecker_start.png on screen
2023-08-31 12:26:45,647 - utils.software_automation - WARNING - cannot find laserpecker_start.png on screen
2023-08-31 12:26:45,647 - utils.software_automation - WARNING - cannot find laserpecker_start.png on screen
2023-08-31 12:26:48,859 - utils.software_automation - WARNING - cannot find laserpecker_start.png on screen
2023-08-31 12:26:48,859 - utils.software_automation - WARNING - cannot find laserpecker_start.png on screen
2023-08-31 12:26:48,859 - utils.software_automation - WARNING - cannot find laserpecker_start.png on screen
2023-08-31 12:26:52,064 - utils.software_automation - WARNING - cannot find laserpecker_start.png on screen
2023-08-31 12:26:52,064 - utils.software_automation - WARNING - cannot find laserpecker_start.png on screen
2023-08-31 12:26:52,064 - utils.software_automation - WARNING - cannot find laserpecker_start.png on screen
2023-08-31 12:26:55,302 - utils.software_automation - WARNING - cannot find laserpecker_start.png on screen
2023-08-31 12:26:55,302 - utils.software_automation - WARNING - cannot find laserpecker_start.png on screen
2023-08-31 12:26:55,302 - utils.software_automation - WARNING - cannot find laserpecker_start.png on screen
2023-08-31 12:26:58,521 - utils.software_automation - WARNING - cannot find laserpecker_start.png on screen
2023-08-31 12:26:58,521 - utils.software_automation - WARNING - cannot find laserpecker_start.png on screen
2023-08-31 12:26:58,521 - utils.software_automation - WARNING - cannot find laserpecker_start.png on screen
2023-08-31 12:27:01,757 - utils.software_automation - WARNING - cannot find laserpecker_start.png on screen
2023-08-31 12:27:01,757 - utils.software_automation - WARNING - cannot find laserpecker_start.png on screen
2023-08-31 12:27:01,757 - utils.software_automation - WARNING - cannot find laserpecker_start.png on screen
2023-08-31 12:27:05,010 - utils.software_automation - WARNING - cannot find laserpecker_start.png on screen
2023-08-31 12:27:05,010 - utils.software_automation - WARNING - cannot find laserpecker_start.png on screen
2023-08-31 12:27:05,010 - utils.software_automation - WARNING - cannot find laserpecker_start.png on screen
2023-08-31 12:27:08,220 - utils.software_automation - WARNING - cannot find laserpecker_start.png on screen
2023-08-31 12:27:08,220 - utils.software_automation - WARNING - cannot find laserpecker_start.png on screen
2023-08-31 12:27:08,220 - utils.software_automation - WARNING - cannot find laserpecker_start.png on screen
2023-08-31 12:27:11,469 - utils.software_automation - WARNING - cannot find laserpecker_start.png on screen
2023-08-31 12:27:11,469 - utils.software_automation - WARNING - cannot find laserpecker_start.png on screen
2023-08-31 12:27:11,469 - utils.software_automation - WARNING - cannot find laserpecker_start.png on screen
2023-08-31 12:27:14,671 - utils.software_automation - WARNING - cannot find laserpecker_start.png on screen
2023-08-31 12:27:14,671 - utils.software_automation - WARNING - cannot find laserpecker_start.png on screen
2023-08-31 12:27:14,671 - utils.software_automation - WARNING - cannot find laserpecker_start.png on screen
2023-08-31 12:27:17,890 - utils.software_automation - WARNING - cannot find laserpecker_start.png on screen
2023-08-31 12:27:17,890 - utils.software_automation - WARNING - cannot find laserpecker_start.png on screen
2023-08-31 12:27:17,890 - utils.software_automation - WARNING - cannot find laserpecker_start.png on screen
2023-08-31 12:27:21,094 - utils.software_automation - WARNING - cannot find laserpecker_start.png on screen
2023-08-31 12:27:21,094 - utils.software_automation - WARNING - cannot find laserpecker_start.png on screen
2023-08-31 12:27:21,094 - utils.software_automation - WARNING - cannot find laserpecker_start.png on screen
2023-08-31 12:27:24,329 - utils.software_automation - WARNING - cannot find laserpecker_start.png on screen
2023-08-31 12:27:24,329 - utils.software_automation - WARNING - cannot find laserpecker_start.png on screen
2023-08-31 12:27:24,329 - utils.software_automation - WARNING - cannot find laserpecker_start.png on screen
2023-08-31 12:27:27,619 - utils.software_automation - WARNING - cannot find laserpecker_start.png on screen
2023-08-31 12:27:27,619 - utils.software_automation - WARNING - cannot find laserpecker_start.png on screen
2023-08-31 12:27:27,619 - utils.software_automation - WARNING - cannot find laserpecker_start.png on screen
2023-08-31 12:27:30,841 - utils.software_automation - WARNING - cannot find laserpecker_start.png on screen
2023-08-31 12:27:30,841 - utils.software_automation - WARNING - cannot find laserpecker_start.png on screen
2023-08-31 12:27:30,841 - utils.software_automation - WARNING - cannot find laserpecker_start.png on screen
2023-08-31 12:27:34,059 - utils.software_automation - WARNING - cannot find laserpecker_start.png on screen
2023-08-31 12:27:34,059 - utils.software_automation - WARNING - cannot find laserpecker_start.png on screen
2023-08-31 12:27:34,059 - utils.software_automation - WARNING - cannot find laserpecker_start.png on screen
2023-08-31 12:27:37,277 - utils.software_automation - WARNING - cannot find laserpecker_start.png on screen
2023-08-31 12:27:37,277 - utils.software_automation - WARNING - cannot find laserpecker_start.png on screen
2023-08-31 12:27:37,277 - utils.software_automation - WARNING - cannot find laserpecker_start.png on screen
2023-08-31 12:27:40,499 - utils.software_automation - WARNING - cannot find laserpecker_start.png on screen
2023-08-31 12:27:40,499 - utils.software_automation - WARNING - cannot find laserpecker_start.png on screen
2023-08-31 12:27:40,499 - utils.software_automation - WARNING - cannot find laserpecker_start.png on screen
2023-08-31 12:27:43,719 - utils.software_automation - WARNING - cannot find laserpecker_start.png on screen
2023-08-31 12:27:43,719 - utils.software_automation - WARNING - cannot find laserpecker_start.png on screen
2023-08-31 12:27:43,719 - utils.software_automation - WARNING - cannot find laserpecker_start.png on screen
2023-08-31 12:27:46,940 - utils.software_automation - WARNING - cannot find laserpecker_start.png on screen
2023-08-31 12:27:46,940 - utils.software_automation - WARNING - cannot find laserpecker_start.png on screen
2023-08-31 12:27:46,940 - utils.software_automation - WARNING - cannot find laserpecker_start.png on screen
2023-08-31 12:27:50,170 - utils.software_automation - WARNING - cannot find laserpecker_start.png on screen
2023-08-31 12:27:50,170 - utils.software_automation - WARNING - cannot find laserpecker_start.png on screen
2023-08-31 12:27:50,170 - utils.software_automation - WARNING - cannot find laserpecker_start.png on screen
2023-08-31 12:27:53,401 - utils.software_automation - WARNING - cannot find laserpecker_start.png on screen
2023-08-31 12:27:53,401 - utils.software_automation - WARNING - cannot find laserpecker_start.png on screen
2023-08-31 12:27:53,401 - utils.software_automation - WARNING - cannot find laserpecker_start.png on screen
2023-08-31 12:27:56,616 - utils.software_automation - WARNING - cannot find laserpecker_start.png on screen
2023-08-31 12:27:56,616 - utils.software_automation - WARNING - cannot find laserpecker_start.png on screen
2023-08-31 12:27:56,616 - utils.software_automation - WARNING - cannot find laserpecker_start.png on screen
2023-08-31 12:27:59,849 - utils.software_automation - WARNING - cannot find laserpecker_start.png on screen
2023-08-31 12:27:59,849 - utils.software_automation - WARNING - cannot find laserpecker_start.png on screen
2023-08-31 12:27:59,849 - utils.software_automation - WARNING - cannot find laserpecker_start.png on screen
2023-08-31 12:28:03,084 - utils.software_automation - WARNING - cannot find laserpecker_start.png on screen
2023-08-31 12:28:03,084 - utils.software_automation - WARNING - cannot find laserpecker_start.png on screen
2023-08-31 12:28:03,084 - utils.software_automation - WARNING - cannot find laserpecker_start.png on screen
2023-08-31 12:28:06,321 - utils.software_automation - WARNING - cannot find laserpecker_start.png on screen
2023-08-31 12:28:06,321 - utils.software_automation - WARNING - cannot find laserpecker_start.png on screen
2023-08-31 12:28:06,321 - utils.software_automation - WARNING - cannot find laserpecker_start.png on screen
2023-08-31 12:28:09,575 - utils.software_automation - WARNING - cannot find laserpecker_start.png on screen
2023-08-31 12:28:09,575 - utils.software_automation - WARNING - cannot find laserpecker_start.png on screen
2023-08-31 12:28:09,575 - utils.software_automation - WARNING - cannot find laserpecker_start.png on screen
2023-08-31 12:28:12,796 - utils.software_automation - WARNING - cannot find laserpecker_start.png on screen
2023-08-31 12:28:12,796 - utils.software_automation - WARNING - cannot find laserpecker_start.png on screen
2023-08-31 12:28:12,796 - utils.software_automation - WARNING - cannot find laserpecker_start.png on screen
2023-08-31 12:28:16,015 - utils.software_automation - WARNING - cannot find laserpecker_start.png on screen
2023-08-31 12:28:16,015 - utils.software_automation - WARNING - cannot find laserpecker_start.png on screen
2023-08-31 12:28:16,015 - utils.software_automation - WARNING - cannot find laserpecker_start.png on screen
2023-08-31 12:28:19,244 - utils.software_automation - WARNING - cannot find laserpecker_start.png on screen
2023-08-31 12:28:19,244 - utils.software_automation - WARNING - cannot find laserpecker_start.png on screen
2023-08-31 12:28:19,244 - utils.software_automation - WARNING - cannot find laserpecker_start.png on screen
2023-08-31 12:28:22,510 - utils.software_automation - WARNING - cannot find laserpecker_start.png on screen
2023-08-31 12:28:22,510 - utils.software_automation - WARNING - cannot find laserpecker_start.png on screen
2023-08-31 12:28:22,510 - utils.software_automation - WARNING - cannot find laserpecker_start.png on screen
2023-08-31 12:28:25,754 - utils.software_automation - WARNING - cannot find laserpecker_start.png on screen
2023-08-31 12:28:25,754 - utils.software_automation - WARNING - cannot find laserpecker_start.png on screen
2023-08-31 12:28:25,754 - utils.software_automation - WARNING - cannot find laserpecker_start.png on screen
2023-08-31 12:28:28,964 - utils.software_automation - WARNING - cannot find laserpecker_start.png on screen
2023-08-31 12:28:28,964 - utils.software_automation - WARNING - cannot find laserpecker_start.png on screen
2023-08-31 12:28:28,964 - utils.software_automation - WARNING - cannot find laserpecker_start.png on screen
2023-08-31 12:28:32,179 - utils.software_automation - WARNING - cannot find laserpecker_start.png on screen
2023-08-31 12:28:32,179 - utils.software_automation - WARNING - cannot find laserpecker_start.png on screen
2023-08-31 12:28:32,179 - utils.software_automation - WARNING - cannot find laserpecker_start.png on screen
2023-08-31 12:28:35,408 - utils.software_automation - WARNING - cannot find laserpecker_start.png on screen
2023-08-31 12:28:35,408 - utils.software_automation - WARNING - cannot find laserpecker_start.png on screen
2023-08-31 12:28:35,408 - utils.software_automation - WARNING - cannot find laserpecker_start.png on screen
2023-08-31 12:28:38,418 - utils.software_automation - ERROR - 5 min timed out for finding laserpecker_start.png
2023-08-31 12:28:38,418 - utils.software_automation - ERROR - 5 min timed out for finding laserpecker_start.png
2023-08-31 12:28:38,418 - utils.software_automation - ERROR - 5 min timed out for finding laserpecker_start.png
2023-09-08 16:31:05,231 - utils.software_automation - INFO - attempting to open Smartlife, trial 1 in 3 times...
2023-09-08 16:31:07,443 - utils.software_automation - INFO - Smartlife started
2023-09-12 15:01:27,780 - utils.software_automation - INFO - attempting to open Smartlife, trial 1 in 3 times...
2023-09-12 15:01:27,780 - utils.software_automation - INFO - attempting to open Smartlife, trial 1 in 3 times...
2023-09-12 15:01:29,922 - utils.software_automation - INFO - Smartlife started
2023-09-12 15:01:29,922 - utils.software_automation - INFO - Smartlife started
2023-09-12 15:01:48,868 - utils.software_automation - INFO - Smartlife stopped
2023-09-12 15:01:48,868 - utils.software_automation - INFO - Smartlife stopped
2023-09-12 15:01:48,868 - utils.software_automation - INFO - Smartlife stopped
2023-09-13 11:34:09,001 - utils.software_automation - INFO - attempting to open Smartlife, trial 1 in 3 times...
2023-09-13 11:34:09,001 - utils.software_automation - INFO - attempting to open Smartlife, trial 1 in 3 times...
2023-09-13 11:34:09,001 - utils.software_automation - INFO - attempting to open Smartlife, trial 1 in 3 times...
2023-09-13 11:34:09,001 - utils.software_automation - INFO - attempting to open Smartlife, trial 1 in 3 times...
2023-09-13 11:34:11,098 - utils.software_automation - INFO - Smartlife stopped
2023-09-13 11:34:11,098 - utils.software_automation - INFO - Smartlife stopped
2023-09-13 11:34:11,098 - utils.software_automation - INFO - Smartlife stopped
2023-09-13 11:34:11,098 - utils.software_automation - INFO - Smartlife stopped
2023-09-13 11:34:27,313 - utils.software_automation - INFO - Smartlife started
2023-09-13 11:34:27,313 - utils.software_automation - INFO - Smartlife started
2023-09-13 11:34:27,313 - utils.software_automation - INFO - Smartlife started
2023-09-13 11:34:27,313 - utils.software_automation - INFO - Smartlife started
2023-09-13 11:34:27,313 - utils.software_automation - INFO - Smartlife started
2023-09-13 18:02:50,453 - utils.software_automation - INFO - attempting to open Smartlife, trial 1 in 3 times...
2023-09-13 18:02:50,453 - utils.software_automation - INFO - attempting to open Smartlife, trial 1 in 3 times...
2023-09-13 18:02:50,453 - utils.software_automation - INFO - attempting to open Smartlife, trial 1 in 3 times...
2023-09-13 18:02:50,453 - utils.software_automation - INFO - attempting to open Smartlife, trial 1 in 3 times...
2023-09-13 18:02:50,453 - utils.software_automation - INFO - attempting to open Smartlife, trial 1 in 3 times...
2023-09-13 18:02:50,453 - utils.software_automation - INFO - attempting to open Smartlife, trial 1 in 3 times...
2023-09-13 18:02:52,775 - utils.software_automation - INFO - attempting to open Smartlife, trial 2 in 3 times...
2023-09-13 18:02:52,775 - utils.software_automation - INFO - attempting to open Smartlife, trial 2 in 3 times...
2023-09-13 18:02:52,775 - utils.software_automation - INFO - attempting to open Smartlife, trial 2 in 3 times...
2023-09-13 18:02:52,775 - utils.software_automation - INFO - attempting to open Smartlife, trial 2 in 3 times...
2023-09-13 18:02:52,775 - utils.software_automation - INFO - attempting to open Smartlife, trial 2 in 3 times...
2023-09-13 18:02:52,775 - utils.software_automation - INFO - attempting to open Smartlife, trial 2 in 3 times...
2023-09-13 18:02:55,082 - utils.software_automation - INFO - attempting to open Smartlife, trial 3 in 3 times...
2023-09-13 18:02:55,082 - utils.software_automation - INFO - attempting to open Smartlife, trial 3 in 3 times...
2023-09-13 18:02:55,082 - utils.software_automation - INFO - attempting to open Smartlife, trial 3 in 3 times...
2023-09-13 18:02:55,082 - utils.software_automation - INFO - attempting to open Smartlife, trial 3 in 3 times...
2023-09-13 18:02:55,082 - utils.software_automation - INFO - attempting to open Smartlife, trial 3 in 3 times...
2023-09-13 18:02:55,082 - utils.software_automation - INFO - attempting to open Smartlife, trial 3 in 3 times...
2023-09-13 18:02:56,337 - utils.software_automation - WARNING - failed to open Smartlife
2023-09-13 18:02:56,337 - utils.software_automation - WARNING - failed to open Smartlife
2023-09-13 18:02:56,337 - utils.software_automation - WARNING - failed to open Smartlife
2023-09-13 18:02:56,337 - utils.software_automation - WARNING - failed to open Smartlife
2023-09-13 18:02:56,337 - utils.software_automation - WARNING - failed to open Smartlife
2023-09-13 18:02:56,337 - utils.software_automation - WARNING - failed to open Smartlife
2023-09-13 18:02:57,194 - utils.software_automation - INFO - Smartlife started
2023-09-13 18:02:57,194 - utils.software_automation - INFO - Smartlife started
2023-09-13 18:02:57,194 - utils.software_automation - INFO - Smartlife started
2023-09-13 18:02:57,194 - utils.software_automation - INFO - Smartlife started
2023-09-13 18:02:57,194 - utils.software_automation - INFO - Smartlife started
2023-09-13 18:02:57,194 - utils.software_automation - INFO - Smartlife started
2023-09-13 18:03:18,314 - utils.software_automation - INFO - attempting to open Smartlife, trial 1 in 3 times...
2023-09-13 18:03:18,314 - utils.software_automation - INFO - attempting to open Smartlife, trial 1 in 3 times...
2023-09-13 18:03:18,314 - utils.software_automation - INFO - attempting to open Smartlife, trial 1 in 3 times...
2023-09-13 18:03:18,314 - utils.software_automation - INFO - attempting to open Smartlife, trial 1 in 3 times...
2023-09-13 18:03:18,314 - utils.software_automation - INFO - attempting to open Smartlife, trial 1 in 3 times...
2023-09-13 18:03:18,314 - utils.software_automation - INFO - attempting to open Smartlife, trial 1 in 3 times...
2023-09-13 18:03:18,314 - utils.software_automation - INFO - attempting to open Smartlife, trial 1 in 3 times...
2023-09-13 18:03:20,691 - utils.software_automation - INFO - attempting to open Smartlife, trial 2 in 3 times...
2023-09-13 18:03:20,691 - utils.software_automation - INFO - attempting to open Smartlife, trial 2 in 3 times...
2023-09-13 18:03:20,691 - utils.software_automation - INFO - attempting to open Smartlife, trial 2 in 3 times...
2023-09-13 18:03:20,691 - utils.software_automation - INFO - attempting to open Smartlife, trial 2 in 3 times...
2023-09-13 18:03:20,691 - utils.software_automation - INFO - attempting to open Smartlife, trial 2 in 3 times...
2023-09-13 18:03:20,691 - utils.software_automation - INFO - attempting to open Smartlife, trial 2 in 3 times...
2023-09-13 18:03:20,691 - utils.software_automation - INFO - attempting to open Smartlife, trial 2 in 3 times...
2023-09-13 18:03:23,020 - utils.software_automation - INFO - attempting to open Smartlife, trial 3 in 3 times...
2023-09-13 18:03:23,020 - utils.software_automation - INFO - attempting to open Smartlife, trial 3 in 3 times...
2023-09-13 18:03:23,020 - utils.software_automation - INFO - attempting to open Smartlife, trial 3 in 3 times...
2023-09-13 18:03:23,020 - utils.software_automation - INFO - attempting to open Smartlife, trial 3 in 3 times...
2023-09-13 18:03:23,020 - utils.software_automation - INFO - attempting to open Smartlife, trial 3 in 3 times...
2023-09-13 18:03:23,020 - utils.software_automation - INFO - attempting to open Smartlife, trial 3 in 3 times...
2023-09-13 18:03:23,020 - utils.software_automation - INFO - attempting to open Smartlife, trial 3 in 3 times...
2023-09-13 18:03:24,269 - utils.software_automation - WARNING - failed to open Smartlife
2023-09-13 18:03:24,269 - utils.software_automation - WARNING - failed to open Smartlife
2023-09-13 18:03:24,269 - utils.software_automation - WARNING - failed to open Smartlife
2023-09-13 18:03:24,269 - utils.software_automation - WARNING - failed to open Smartlife
2023-09-13 18:03:24,269 - utils.software_automation - WARNING - failed to open Smartlife
2023-09-13 18:03:24,269 - utils.software_automation - WARNING - failed to open Smartlife
2023-09-13 18:03:24,269 - utils.software_automation - WARNING - failed to open Smartlife
2023-09-13 18:03:25,011 - utils.software_automation - WARNING - cannot find smartlife_on.png on screen
2023-09-13 18:03:25,011 - utils.software_automation - WARNING - cannot find smartlife_on.png on screen
2023-09-13 18:03:25,011 - utils.software_automation - WARNING - cannot find smartlife_on.png on screen
2023-09-13 18:03:25,011 - utils.software_automation - WARNING - cannot find smartlife_on.png on screen
2023-09-13 18:03:25,011 - utils.software_automation - WARNING - cannot find smartlife_on.png on screen
2023-09-13 18:03:25,011 - utils.software_automation - WARNING - cannot find smartlife_on.png on screen
2023-09-13 18:03:25,011 - utils.software_automation - WARNING - cannot find smartlife_on.png on screen
2023-09-13 18:03:28,253 - utils.software_automation - WARNING - cannot find smartlife_on.png on screen
2023-09-13 18:03:28,253 - utils.software_automation - WARNING - cannot find smartlife_on.png on screen
2023-09-13 18:03:28,253 - utils.software_automation - WARNING - cannot find smartlife_on.png on screen
2023-09-13 18:03:28,253 - utils.software_automation - WARNING - cannot find smartlife_on.png on screen
2023-09-13 18:03:28,253 - utils.software_automation - WARNING - cannot find smartlife_on.png on screen
2023-09-13 18:03:28,253 - utils.software_automation - WARNING - cannot find smartlife_on.png on screen
2023-09-13 18:03:28,253 - utils.software_automation - WARNING - cannot find smartlife_on.png on screen
2023-09-13 18:03:31,493 - utils.software_automation - WARNING - cannot find smartlife_on.png on screen
2023-09-13 18:03:31,493 - utils.software_automation - WARNING - cannot find smartlife_on.png on screen
2023-09-13 18:03:31,493 - utils.software_automation - WARNING - cannot find smartlife_on.png on screen
2023-09-13 18:03:31,493 - utils.software_automation - WARNING - cannot find smartlife_on.png on screen
2023-09-13 18:03:31,493 - utils.software_automation - WARNING - cannot find smartlife_on.png on screen
2023-09-13 18:03:31,493 - utils.software_automation - WARNING - cannot find smartlife_on.png on screen
2023-09-13 18:03:31,493 - utils.software_automation - WARNING - cannot find smartlife_on.png on screen
2023-09-13 18:03:34,801 - utils.software_automation - WARNING - cannot find smartlife_on.png on screen
2023-09-13 18:03:34,801 - utils.software_automation - WARNING - cannot find smartlife_on.png on screen
2023-09-13 18:03:34,801 - utils.software_automation - WARNING - cannot find smartlife_on.png on screen
2023-09-13 18:03:34,801 - utils.software_automation - WARNING - cannot find smartlife_on.png on screen
2023-09-13 18:03:34,801 - utils.software_automation - WARNING - cannot find smartlife_on.png on screen
2023-09-13 18:03:34,801 - utils.software_automation - WARNING - cannot find smartlife_on.png on screen
2023-09-13 18:03:34,801 - utils.software_automation - WARNING - cannot find smartlife_on.png on screen
2023-09-13 18:03:38,148 - utils.software_automation - INFO - Smartlife stopped
2023-09-13 18:03:38,148 - utils.software_automation - INFO - Smartlife stopped
2023-09-13 18:03:38,148 - utils.software_automation - INFO - Smartlife stopped
2023-09-13 18:03:38,148 - utils.software_automation - INFO - Smartlife stopped
2023-09-13 18:03:38,148 - utils.software_automation - INFO - Smartlife stopped
2023-09-13 18:03:38,148 - utils.software_automation - INFO - Smartlife stopped
2023-09-13 18:03:38,148 - utils.software_automation - INFO - Smartlife stopped
2023-09-14 13:23:32,918 - utils.software_automation - INFO - attempting to open Smartlife, trial 1 in 3 times...
2023-09-14 13:23:32,918 - utils.software_automation - INFO - attempting to open Smartlife, trial 1 in 3 times...
2023-09-14 13:23:32,918 - utils.software_automation - INFO - attempting to open Smartlife, trial 1 in 3 times...
2023-09-14 13:23:32,918 - utils.software_automation - INFO - attempting to open Smartlife, trial 1 in 3 times...
2023-09-14 13:23:32,918 - utils.software_automation - INFO - attempting to open Smartlife, trial 1 in 3 times...
2023-09-14 13:23:32,918 - utils.software_automation - INFO - attempting to open Smartlife, trial 1 in 3 times...
2023-09-14 13:23:32,918 - utils.software_automation - INFO - attempting to open Smartlife, trial 1 in 3 times...
2023-09-14 13:23:32,918 - utils.software_automation - INFO - attempting to open Smartlife, trial 1 in 3 times...
2023-09-14 13:23:35,453 - utils.software_automation - INFO - attempting to open Smartlife, trial 2 in 3 times...
2023-09-14 13:23:35,453 - utils.software_automation - INFO - attempting to open Smartlife, trial 2 in 3 times...
2023-09-14 13:23:35,453 - utils.software_automation - INFO - attempting to open Smartlife, trial 2 in 3 times...
2023-09-14 13:23:35,453 - utils.software_automation - INFO - attempting to open Smartlife, trial 2 in 3 times...
2023-09-14 13:23:35,453 - utils.software_automation - INFO - attempting to open Smartlife, trial 2 in 3 times...
2023-09-14 13:23:35,453 - utils.software_automation - INFO - attempting to open Smartlife, trial 2 in 3 times...
2023-09-14 13:23:35,453 - utils.software_automation - INFO - attempting to open Smartlife, trial 2 in 3 times...
2023-09-14 13:23:35,453 - utils.software_automation - INFO - attempting to open Smartlife, trial 2 in 3 times...
2023-09-14 13:23:37,874 - utils.software_automation - INFO - attempting to open Smartlife, trial 3 in 3 times...
2023-09-14 13:23:37,874 - utils.software_automation - INFO - attempting to open Smartlife, trial 3 in 3 times...
2023-09-14 13:23:37,874 - utils.software_automation - INFO - attempting to open Smartlife, trial 3 in 3 times...
2023-09-14 13:23:37,874 - utils.software_automation - INFO - attempting to open Smartlife, trial 3 in 3 times...
2023-09-14 13:23:37,874 - utils.software_automation - INFO - attempting to open Smartlife, trial 3 in 3 times...
2023-09-14 13:23:37,874 - utils.software_automation - INFO - attempting to open Smartlife, trial 3 in 3 times...
2023-09-14 13:23:37,874 - utils.software_automation - INFO - attempting to open Smartlife, trial 3 in 3 times...
2023-09-14 13:23:37,874 - utils.software_automation - INFO - attempting to open Smartlife, trial 3 in 3 times...
2023-09-14 13:23:39,088 - utils.software_automation - WARNING - failed to open Smartlife
2023-09-14 13:23:39,088 - utils.software_automation - WARNING - failed to open Smartlife
2023-09-14 13:23:39,088 - utils.software_automation - WARNING - failed to open Smartlife
2023-09-14 13:23:39,088 - utils.software_automation - WARNING - failed to open Smartlife
2023-09-14 13:23:39,088 - utils.software_automation - WARNING - failed to open Smartlife
2023-09-14 13:23:39,088 - utils.software_automation - WARNING - failed to open Smartlife
2023-09-14 13:23:39,088 - utils.software_automation - WARNING - failed to open Smartlife
2023-09-14 13:23:39,088 - utils.software_automation - WARNING - failed to open Smartlife
2023-09-14 13:23:39,922 - utils.software_automation - INFO - Smartlife started
2023-09-14 13:23:39,922 - utils.software_automation - INFO - Smartlife started
2023-09-14 13:23:39,922 - utils.software_automation - INFO - Smartlife started
2023-09-14 13:23:39,922 - utils.software_automation - INFO - Smartlife started
2023-09-14 13:23:39,922 - utils.software_automation - INFO - Smartlife started
2023-09-14 13:23:39,922 - utils.software_automation - INFO - Smartlife started
2023-09-14 13:23:39,922 - utils.software_automation - INFO - Smartlife started
2023-09-14 13:23:39,922 - utils.software_automation - INFO - Smartlife started
2023-09-14 13:23:54,884 - utils.software_automation - INFO - attempting to open Smartlife, trial 1 in 3 times...
2023-09-14 13:23:54,884 - utils.software_automation - INFO - attempting to open Smartlife, trial 1 in 3 times...
2023-09-14 13:23:54,884 - utils.software_automation - INFO - attempting to open Smartlife, trial 1 in 3 times...
2023-09-14 13:23:54,884 - utils.software_automation - INFO - attempting to open Smartlife, trial 1 in 3 times...
2023-09-14 13:23:54,884 - utils.software_automation - INFO - attempting to open Smartlife, trial 1 in 3 times...
2023-09-14 13:23:54,884 - utils.software_automation - INFO - attempting to open Smartlife, trial 1 in 3 times...
2023-09-14 13:23:54,884 - utils.software_automation - INFO - attempting to open Smartlife, trial 1 in 3 times...
2023-09-14 13:23:54,884 - utils.software_automation - INFO - attempting to open Smartlife, trial 1 in 3 times...
2023-09-14 13:23:54,884 - utils.software_automation - INFO - attempting to open Smartlife, trial 1 in 3 times...
2023-09-14 13:23:57,130 - utils.software_automation - INFO - attempting to open Smartlife, trial 2 in 3 times...
2023-09-14 13:23:57,130 - utils.software_automation - INFO - attempting to open Smartlife, trial 2 in 3 times...
2023-09-14 13:23:57,130 - utils.software_automation - INFO - attempting to open Smartlife, trial 2 in 3 times...
2023-09-14 13:23:57,130 - utils.software_automation - INFO - attempting to open Smartlife, trial 2 in 3 times...
2023-09-14 13:23:57,130 - utils.software_automation - INFO - attempting to open Smartlife, trial 2 in 3 times...
2023-09-14 13:23:57,130 - utils.software_automation - INFO - attempting to open Smartlife, trial 2 in 3 times...
2023-09-14 13:23:57,130 - utils.software_automation - INFO - attempting to open Smartlife, trial 2 in 3 times...
2023-09-14 13:23:57,130 - utils.software_automation - INFO - attempting to open Smartlife, trial 2 in 3 times...
2023-09-14 13:23:57,130 - utils.software_automation - INFO - attempting to open Smartlife, trial 2 in 3 times...
2023-09-14 13:23:59,460 - utils.software_automation - INFO - attempting to open Smartlife, trial 3 in 3 times...
2023-09-14 13:23:59,460 - utils.software_automation - INFO - attempting to open Smartlife, trial 3 in 3 times...
2023-09-14 13:23:59,460 - utils.software_automation - INFO - attempting to open Smartlife, trial 3 in 3 times...
2023-09-14 13:23:59,460 - utils.software_automation - INFO - attempting to open Smartlife, trial 3 in 3 times...
2023-09-14 13:23:59,460 - utils.software_automation - INFO - attempting to open Smartlife, trial 3 in 3 times...
2023-09-14 13:23:59,460 - utils.software_automation - INFO - attempting to open Smartlife, trial 3 in 3 times...
2023-09-14 13:23:59,460 - utils.software_automation - INFO - attempting to open Smartlife, trial 3 in 3 times...
2023-09-14 13:23:59,460 - utils.software_automation - INFO - attempting to open Smartlife, trial 3 in 3 times...
2023-09-14 13:23:59,460 - utils.software_automation - INFO - attempting to open Smartlife, trial 3 in 3 times...
2023-09-14 13:24:00,678 - utils.software_automation - WARNING - failed to open Smartlife
2023-09-14 13:24:00,678 - utils.software_automation - WARNING - failed to open Smartlife
2023-09-14 13:24:00,678 - utils.software_automation - WARNING - failed to open Smartlife
2023-09-14 13:24:00,678 - utils.software_automation - WARNING - failed to open Smartlife
2023-09-14 13:24:00,678 - utils.software_automation - WARNING - failed to open Smartlife
2023-09-14 13:24:00,678 - utils.software_automation - WARNING - failed to open Smartlife
2023-09-14 13:24:00,678 - utils.software_automation - WARNING - failed to open Smartlife
2023-09-14 13:24:00,678 - utils.software_automation - WARNING - failed to open Smartlife
2023-09-14 13:24:00,678 - utils.software_automation - WARNING - failed to open Smartlife
2023-09-14 13:24:01,417 - utils.software_automation - WARNING - cannot find smartlife_on.png on screen
2023-09-14 13:24:01,417 - utils.software_automation - WARNING - cannot find smartlife_on.png on screen
2023-09-14 13:24:01,417 - utils.software_automation - WARNING - cannot find smartlife_on.png on screen
2023-09-14 13:24:01,417 - utils.software_automation - WARNING - cannot find smartlife_on.png on screen
2023-09-14 13:24:01,417 - utils.software_automation - WARNING - cannot find smartlife_on.png on screen
2023-09-14 13:24:01,417 - utils.software_automation - WARNING - cannot find smartlife_on.png on screen
2023-09-14 13:24:01,417 - utils.software_automation - WARNING - cannot find smartlife_on.png on screen
2023-09-14 13:24:01,417 - utils.software_automation - WARNING - cannot find smartlife_on.png on screen
2023-09-14 13:24:01,417 - utils.software_automation - WARNING - cannot find smartlife_on.png on screen
2023-09-14 13:24:04,640 - utils.software_automation - WARNING - cannot find smartlife_on.png on screen
2023-09-14 13:24:04,640 - utils.software_automation - WARNING - cannot find smartlife_on.png on screen
2023-09-14 13:24:04,640 - utils.software_automation - WARNING - cannot find smartlife_on.png on screen
2023-09-14 13:24:04,640 - utils.software_automation - WARNING - cannot find smartlife_on.png on screen
2023-09-14 13:24:04,640 - utils.software_automation - WARNING - cannot find smartlife_on.png on screen
2023-09-14 13:24:04,640 - utils.software_automation - WARNING - cannot find smartlife_on.png on screen
2023-09-14 13:24:04,640 - utils.software_automation - WARNING - cannot find smartlife_on.png on screen
2023-09-14 13:24:04,640 - utils.software_automation - WARNING - cannot find smartlife_on.png on screen
2023-09-14 13:24:04,640 - utils.software_automation - WARNING - cannot find smartlife_on.png on screen
2023-09-14 13:24:07,861 - utils.software_automation - WARNING - cannot find smartlife_on.png on screen
2023-09-14 13:24:07,861 - utils.software_automation - WARNING - cannot find smartlife_on.png on screen
2023-09-14 13:24:07,861 - utils.software_automation - WARNING - cannot find smartlife_on.png on screen
2023-09-14 13:24:07,861 - utils.software_automation - WARNING - cannot find smartlife_on.png on screen
2023-09-14 13:24:07,861 - utils.software_automation - WARNING - cannot find smartlife_on.png on screen
2023-09-14 13:24:07,861 - utils.software_automation - WARNING - cannot find smartlife_on.png on screen
2023-09-14 13:24:07,861 - utils.software_automation - WARNING - cannot find smartlife_on.png on screen
2023-09-14 13:24:07,861 - utils.software_automation - WARNING - cannot find smartlife_on.png on screen
2023-09-14 13:24:07,861 - utils.software_automation - WARNING - cannot find smartlife_on.png on screen
2023-09-14 13:24:11,176 - utils.software_automation - INFO - Smartlife stopped
2023-09-14 13:24:11,176 - utils.software_automation - INFO - Smartlife stopped
2023-09-14 13:24:11,176 - utils.software_automation - INFO - Smartlife stopped
2023-09-14 13:24:11,176 - utils.software_automation - INFO - Smartlife stopped
2023-09-14 13:24:11,176 - utils.software_automation - INFO - Smartlife stopped
2023-09-14 13:24:11,176 - utils.software_automation - INFO - Smartlife stopped
2023-09-14 13:24:11,176 - utils.software_automation - INFO - Smartlife stopped
2023-09-14 13:24:11,176 - utils.software_automation - INFO - Smartlife stopped
2023-09-14 13:24:11,176 - utils.software_automation - INFO - Smartlife stopped
2023-09-16 13:01:15,046 - utils.software_automation - INFO - attempting to open Smartlife, trial 1 in 3 times...
2023-09-16 13:01:15,046 - utils.software_automation - INFO - attempting to open Smartlife, trial 1 in 3 times...
2023-09-16 13:01:15,046 - utils.software_automation - INFO - attempting to open Smartlife, trial 1 in 3 times...
2023-09-16 13:01:15,046 - utils.software_automation - INFO - attempting to open Smartlife, trial 1 in 3 times...
2023-09-16 13:01:15,046 - utils.software_automation - INFO - attempting to open Smartlife, trial 1 in 3 times...
2023-09-16 13:01:15,046 - utils.software_automation - INFO - attempting to open Smartlife, trial 1 in 3 times...
2023-09-16 13:01:15,046 - utils.software_automation - INFO - attempting to open Smartlife, trial 1 in 3 times...
2023-09-16 13:01:15,046 - utils.software_automation - INFO - attempting to open Smartlife, trial 1 in 3 times...
2023-09-16 13:01:15,046 - utils.software_automation - INFO - attempting to open Smartlife, trial 1 in 3 times...
2023-09-16 13:01:15,046 - utils.software_automation - INFO - attempting to open Smartlife, trial 1 in 3 times...
2023-09-16 13:01:17,468 - utils.software_automation - INFO - attempting to open Smartlife, trial 2 in 3 times...
2023-09-16 13:01:17,468 - utils.software_automation - INFO - attempting to open Smartlife, trial 2 in 3 times...
2023-09-16 13:01:17,468 - utils.software_automation - INFO - attempting to open Smartlife, trial 2 in 3 times...
2023-09-16 13:01:17,468 - utils.software_automation - INFO - attempting to open Smartlife, trial 2 in 3 times...
2023-09-16 13:01:17,468 - utils.software_automation - INFO - attempting to open Smartlife, trial 2 in 3 times...
2023-09-16 13:01:17,468 - utils.software_automation - INFO - attempting to open Smartlife, trial 2 in 3 times...
2023-09-16 13:01:17,468 - utils.software_automation - INFO - attempting to open Smartlife, trial 2 in 3 times...
2023-09-16 13:01:17,468 - utils.software_automation - INFO - attempting to open Smartlife, trial 2 in 3 times...
2023-09-16 13:01:17,468 - utils.software_automation - INFO - attempting to open Smartlife, trial 2 in 3 times...
2023-09-16 13:01:17,468 - utils.software_automation - INFO - attempting to open Smartlife, trial 2 in 3 times...
2023-09-16 13:01:19,826 - utils.software_automation - INFO - attempting to open Smartlife, trial 3 in 3 times...
2023-09-16 13:01:19,826 - utils.software_automation - INFO - attempting to open Smartlife, trial 3 in 3 times...
2023-09-16 13:01:19,826 - utils.software_automation - INFO - attempting to open Smartlife, trial 3 in 3 times...
2023-09-16 13:01:19,826 - utils.software_automation - INFO - attempting to open Smartlife, trial 3 in 3 times...
2023-09-16 13:01:19,826 - utils.software_automation - INFO - attempting to open Smartlife, trial 3 in 3 times...
2023-09-16 13:01:19,826 - utils.software_automation - INFO - attempting to open Smartlife, trial 3 in 3 times...
2023-09-16 13:01:19,826 - utils.software_automation - INFO - attempting to open Smartlife, trial 3 in 3 times...
2023-09-16 13:01:19,826 - utils.software_automation - INFO - attempting to open Smartlife, trial 3 in 3 times...
2023-09-16 13:01:19,826 - utils.software_automation - INFO - attempting to open Smartlife, trial 3 in 3 times...
2023-09-16 13:01:19,826 - utils.software_automation - INFO - attempting to open Smartlife, trial 3 in 3 times...
2023-09-16 13:01:21,139 - utils.software_automation - WARNING - failed to open Smartlife
2023-09-16 13:01:21,139 - utils.software_automation - WARNING - failed to open Smartlife
2023-09-16 13:01:21,139 - utils.software_automation - WARNING - failed to open Smartlife
2023-09-16 13:01:21,139 - utils.software_automation - WARNING - failed to open Smartlife
2023-09-16 13:01:21,139 - utils.software_automation - WARNING - failed to open Smartlife
2023-09-16 13:01:21,139 - utils.software_automation - WARNING - failed to open Smartlife
2023-09-16 13:01:21,139 - utils.software_automation - WARNING - failed to open Smartlife
2023-09-16 13:01:21,139 - utils.software_automation - WARNING - failed to open Smartlife
2023-09-16 13:01:21,139 - utils.software_automation - WARNING - failed to open Smartlife
2023-09-16 13:01:21,139 - utils.software_automation - WARNING - failed to open Smartlife
2023-09-16 13:01:22,036 - utils.software_automation - INFO - Smartlife started
2023-09-16 13:01:22,036 - utils.software_automation - INFO - Smartlife started
2023-09-16 13:01:22,036 - utils.software_automation - INFO - Smartlife started
2023-09-16 13:01:22,036 - utils.software_automation - INFO - Smartlife started
2023-09-16 13:01:22,036 - utils.software_automation - INFO - Smartlife started
2023-09-16 13:01:22,036 - utils.software_automation - INFO - Smartlife started
2023-09-16 13:01:22,036 - utils.software_automation - INFO - Smartlife started
2023-09-16 13:01:22,036 - utils.software_automation - INFO - Smartlife started
2023-09-16 13:01:22,036 - utils.software_automation - INFO - Smartlife started
2023-09-16 13:01:22,036 - utils.software_automation - INFO - Smartlife started
2023-09-16 13:01:46,990 - utils.software_automation - INFO - attempting to open Smartlife, trial 1 in 3 times...
2023-09-16 13:01:46,990 - utils.software_automation - INFO - attempting to open Smartlife, trial 1 in 3 times...
2023-09-16 13:01:46,990 - utils.software_automation - INFO - attempting to open Smartlife, trial 1 in 3 times...
2023-09-16 13:01:46,990 - utils.software_automation - INFO - attempting to open Smartlife, trial 1 in 3 times...
2023-09-16 13:01:46,990 - utils.software_automation - INFO - attempting to open Smartlife, trial 1 in 3 times...
2023-09-16 13:01:46,990 - utils.software_automation - INFO - attempting to open Smartlife, trial 1 in 3 times...
2023-09-16 13:01:46,990 - utils.software_automation - INFO - attempting to open Smartlife, trial 1 in 3 times...
2023-09-16 13:01:46,990 - utils.software_automation - INFO - attempting to open Smartlife, trial 1 in 3 times...
2023-09-16 13:01:46,990 - utils.software_automation - INFO - attempting to open Smartlife, trial 1 in 3 times...
2023-09-16 13:01:46,990 - utils.software_automation - INFO - attempting to open Smartlife, trial 1 in 3 times...
2023-09-16 13:01:46,990 - utils.software_automation - INFO - attempting to open Smartlife, trial 1 in 3 times...
2023-09-16 13:01:49,374 - utils.software_automation - INFO - attempting to open Smartlife, trial 2 in 3 times...
2023-09-16 13:01:49,374 - utils.software_automation - INFO - attempting to open Smartlife, trial 2 in 3 times...
2023-09-16 13:01:49,374 - utils.software_automation - INFO - attempting to open Smartlife, trial 2 in 3 times...
2023-09-16 13:01:49,374 - utils.software_automation - INFO - attempting to open Smartlife, trial 2 in 3 times...
2023-09-16 13:01:49,374 - utils.software_automation - INFO - attempting to open Smartlife, trial 2 in 3 times...
2023-09-16 13:01:49,374 - utils.software_automation - INFO - attempting to open Smartlife, trial 2 in 3 times...
2023-09-16 13:01:49,374 - utils.software_automation - INFO - attempting to open Smartlife, trial 2 in 3 times...
2023-09-16 13:01:49,374 - utils.software_automation - INFO - attempting to open Smartlife, trial 2 in 3 times...
2023-09-16 13:01:49,374 - utils.software_automation - INFO - attempting to open Smartlife, trial 2 in 3 times...
2023-09-16 13:01:49,374 - utils.software_automation - INFO - attempting to open Smartlife, trial 2 in 3 times...
2023-09-16 13:01:49,374 - utils.software_automation - INFO - attempting to open Smartlife, trial 2 in 3 times...
2023-09-16 13:01:51,696 - utils.software_automation - INFO - attempting to open Smartlife, trial 3 in 3 times...
2023-09-16 13:01:51,696 - utils.software_automation - INFO - attempting to open Smartlife, trial 3 in 3 times...
2023-09-16 13:01:51,696 - utils.software_automation - INFO - attempting to open Smartlife, trial 3 in 3 times...
2023-09-16 13:01:51,696 - utils.software_automation - INFO - attempting to open Smartlife, trial 3 in 3 times...
2023-09-16 13:01:51,696 - utils.software_automation - INFO - attempting to open Smartlife, trial 3 in 3 times...
2023-09-16 13:01:51,696 - utils.software_automation - INFO - attempting to open Smartlife, trial 3 in 3 times...
2023-09-16 13:01:51,696 - utils.software_automation - INFO - attempting to open Smartlife, trial 3 in 3 times...
2023-09-16 13:01:51,696 - utils.software_automation - INFO - attempting to open Smartlife, trial 3 in 3 times...
2023-09-16 13:01:51,696 - utils.software_automation - INFO - attempting to open Smartlife, trial 3 in 3 times...
2023-09-16 13:01:51,696 - utils.software_automation - INFO - attempting to open Smartlife, trial 3 in 3 times...
2023-09-16 13:01:51,696 - utils.software_automation - INFO - attempting to open Smartlife, trial 3 in 3 times...
2023-09-16 13:01:52,972 - utils.software_automation - WARNING - failed to open Smartlife
2023-09-16 13:01:52,972 - utils.software_automation - WARNING - failed to open Smartlife
2023-09-16 13:01:52,972 - utils.software_automation - WARNING - failed to open Smartlife
2023-09-16 13:01:52,972 - utils.software_automation - WARNING - failed to open Smartlife
2023-09-16 13:01:52,972 - utils.software_automation - WARNING - failed to open Smartlife
2023-09-16 13:01:52,972 - utils.software_automation - WARNING - failed to open Smartlife
2023-09-16 13:01:52,972 - utils.software_automation - WARNING - failed to open Smartlife
2023-09-16 13:01:52,972 - utils.software_automation - WARNING - failed to open Smartlife
2023-09-16 13:01:52,972 - utils.software_automation - WARNING - failed to open Smartlife
2023-09-16 13:01:52,972 - utils.software_automation - WARNING - failed to open Smartlife
2023-09-16 13:01:52,972 - utils.software_automation - WARNING - failed to open Smartlife
2023-09-16 13:01:53,706 - utils.software_automation - WARNING - cannot find smartlife_on.png on screen
2023-09-16 13:01:53,706 - utils.software_automation - WARNING - cannot find smartlife_on.png on screen
2023-09-16 13:01:53,706 - utils.software_automation - WARNING - cannot find smartlife_on.png on screen
2023-09-16 13:01:53,706 - utils.software_automation - WARNING - cannot find smartlife_on.png on screen
2023-09-16 13:01:53,706 - utils.software_automation - WARNING - cannot find smartlife_on.png on screen
2023-09-16 13:01:53,706 - utils.software_automation - WARNING - cannot find smartlife_on.png on screen
2023-09-16 13:01:53,706 - utils.software_automation - WARNING - cannot find smartlife_on.png on screen
2023-09-16 13:01:53,706 - utils.software_automation - WARNING - cannot find smartlife_on.png on screen
2023-09-16 13:01:53,706 - utils.software_automation - WARNING - cannot find smartlife_on.png on screen
2023-09-16 13:01:53,706 - utils.software_automation - WARNING - cannot find smartlife_on.png on screen
2023-09-16 13:01:53,706 - utils.software_automation - WARNING - cannot find smartlife_on.png on screen
2023-09-16 13:01:56,933 - utils.software_automation - WARNING - cannot find smartlife_on.png on screen
2023-09-16 13:01:56,933 - utils.software_automation - WARNING - cannot find smartlife_on.png on screen
2023-09-16 13:01:56,933 - utils.software_automation - WARNING - cannot find smartlife_on.png on screen
2023-09-16 13:01:56,933 - utils.software_automation - WARNING - cannot find smartlife_on.png on screen
2023-09-16 13:01:56,933 - utils.software_automation - WARNING - cannot find smartlife_on.png on screen
2023-09-16 13:01:56,933 - utils.software_automation - WARNING - cannot find smartlife_on.png on screen
2023-09-16 13:01:56,933 - utils.software_automation - WARNING - cannot find smartlife_on.png on screen
2023-09-16 13:01:56,933 - utils.software_automation - WARNING - cannot find smartlife_on.png on screen
2023-09-16 13:01:56,933 - utils.software_automation - WARNING - cannot find smartlife_on.png on screen
2023-09-16 13:01:56,933 - utils.software_automation - WARNING - cannot find smartlife_on.png on screen
2023-09-16 13:01:56,933 - utils.software_automation - WARNING - cannot find smartlife_on.png on screen
2023-09-16 13:02:00,304 - utils.software_automation - WARNING - cannot find smartlife_on.png on screen
2023-09-16 13:02:00,304 - utils.software_automation - WARNING - cannot find smartlife_on.png on screen
2023-09-16 13:02:00,304 - utils.software_automation - WARNING - cannot find smartlife_on.png on screen
2023-09-16 13:02:00,304 - utils.software_automation - WARNING - cannot find smartlife_on.png on screen
2023-09-16 13:02:00,304 - utils.software_automation - WARNING - cannot find smartlife_on.png on screen
2023-09-16 13:02:00,304 - utils.software_automation - WARNING - cannot find smartlife_on.png on screen
2023-09-16 13:02:00,304 - utils.software_automation - WARNING - cannot find smartlife_on.png on screen
2023-09-16 13:02:00,304 - utils.software_automation - WARNING - cannot find smartlife_on.png on screen
2023-09-16 13:02:00,304 - utils.software_automation - WARNING - cannot find smartlife_on.png on screen
2023-09-16 13:02:00,304 - utils.software_automation - WARNING - cannot find smartlife_on.png on screen
2023-09-16 13:02:00,304 - utils.software_automation - WARNING - cannot find smartlife_on.png on screen
2023-09-16 13:02:03,658 - utils.software_automation - WARNING - cannot find smartlife_on.png on screen
2023-09-16 13:02:03,658 - utils.software_automation - WARNING - cannot find smartlife_on.png on screen
2023-09-16 13:02:03,658 - utils.software_automation - WARNING - cannot find smartlife_on.png on screen
2023-09-16 13:02:03,658 - utils.software_automation - WARNING - cannot find smartlife_on.png on screen
2023-09-16 13:02:03,658 - utils.software_automation - WARNING - cannot find smartlife_on.png on screen
2023-09-16 13:02:03,658 - utils.software_automation - WARNING - cannot find smartlife_on.png on screen
2023-09-16 13:02:03,658 - utils.software_automation - WARNING - cannot find smartlife_on.png on screen
2023-09-16 13:02:03,658 - utils.software_automation - WARNING - cannot find smartlife_on.png on screen
2023-09-16 13:02:03,658 - utils.software_automation - WARNING - cannot find smartlife_on.png on screen
2023-09-16 13:02:03,658 - utils.software_automation - WARNING - cannot find smartlife_on.png on screen
2023-09-16 13:02:03,658 - utils.software_automation - WARNING - cannot find smartlife_on.png on screen
2023-09-16 13:02:07,044 - utils.software_automation - INFO - Smartlife stopped
2023-09-16 13:02:07,044 - utils.software_automation - INFO - Smartlife stopped
2023-09-16 13:02:07,044 - utils.software_automation - INFO - Smartlife stopped
2023-09-16 13:02:07,044 - utils.software_automation - INFO - Smartlife stopped
2023-09-16 13:02:07,044 - utils.software_automation - INFO - Smartlife stopped
2023-09-16 13:02:07,044 - utils.software_automation - INFO - Smartlife stopped
2023-09-16 13:02:07,044 - utils.software_automation - INFO - Smartlife stopped
2023-09-16 13:02:07,044 - utils.software_automation - INFO - Smartlife stopped
2023-09-16 13:02:07,044 - utils.software_automation - INFO - Smartlife stopped
2023-09-16 13:02:07,044 - utils.software_automation - INFO - Smartlife stopped
2023-09-16 13:02:07,044 - utils.software_automation - INFO - Smartlife stopped
2023-09-16 21:04:17,698 - utils.software_automation - INFO - attempting to open Smartlife, trial 1 in 3 times...
2023-09-16 21:04:17,698 - utils.software_automation - INFO - attempting to open Smartlife, trial 1 in 3 times...
2023-09-16 21:04:17,698 - utils.software_automation - INFO - attempting to open Smartlife, trial 1 in 3 times...
2023-09-16 21:04:17,698 - utils.software_automation - INFO - attempting to open Smartlife, trial 1 in 3 times...
2023-09-16 21:04:17,698 - utils.software_automation - INFO - attempting to open Smartlife, trial 1 in 3 times...
2023-09-16 21:04:17,698 - utils.software_automation - INFO - attempting to open Smartlife, trial 1 in 3 times...
2023-09-16 21:04:17,698 - utils.software_automation - INFO - attempting to open Smartlife, trial 1 in 3 times...
2023-09-16 21:04:17,698 - utils.software_automation - INFO - attempting to open Smartlife, trial 1 in 3 times...
2023-09-16 21:04:17,698 - utils.software_automation - INFO - attempting to open Smartlife, trial 1 in 3 times...
2023-09-16 21:04:17,698 - utils.software_automation - INFO - attempting to open Smartlife, trial 1 in 3 times...
2023-09-16 21:04:17,698 - utils.software_automation - INFO - attempting to open Smartlife, trial 1 in 3 times...
2023-09-16 21:04:17,698 - utils.software_automation - INFO - attempting to open Smartlife, trial 1 in 3 times...
2023-09-16 21:04:20,024 - utils.software_automation - INFO - attempting to open Smartlife, trial 2 in 3 times...
2023-09-16 21:04:20,024 - utils.software_automation - INFO - attempting to open Smartlife, trial 2 in 3 times...
2023-09-16 21:04:20,024 - utils.software_automation - INFO - attempting to open Smartlife, trial 2 in 3 times...
2023-09-16 21:04:20,024 - utils.software_automation - INFO - attempting to open Smartlife, trial 2 in 3 times...
2023-09-16 21:04:20,024 - utils.software_automation - INFO - attempting to open Smartlife, trial 2 in 3 times...
2023-09-16 21:04:20,024 - utils.software_automation - INFO - attempting to open Smartlife, trial 2 in 3 times...
2023-09-16 21:04:20,024 - utils.software_automation - INFO - attempting to open Smartlife, trial 2 in 3 times...
2023-09-16 21:04:20,024 - utils.software_automation - INFO - attempting to open Smartlife, trial 2 in 3 times...
2023-09-16 21:04:20,024 - utils.software_automation - INFO - attempting to open Smartlife, trial 2 in 3 times...
2023-09-16 21:04:20,024 - utils.software_automation - INFO - attempting to open Smartlife, trial 2 in 3 times...
2023-09-16 21:04:20,024 - utils.software_automation - INFO - attempting to open Smartlife, trial 2 in 3 times...
2023-09-16 21:04:20,024 - utils.software_automation - INFO - attempting to open Smartlife, trial 2 in 3 times...
2023-09-16 21:04:22,273 - utils.software_automation - INFO - attempting to open Smartlife, trial 3 in 3 times...
2023-09-16 21:04:22,273 - utils.software_automation - INFO - attempting to open Smartlife, trial 3 in 3 times...
2023-09-16 21:04:22,273 - utils.software_automation - INFO - attempting to open Smartlife, trial 3 in 3 times...
2023-09-16 21:04:22,273 - utils.software_automation - INFO - attempting to open Smartlife, trial 3 in 3 times...
2023-09-16 21:04:22,273 - utils.software_automation - INFO - attempting to open Smartlife, trial 3 in 3 times...
2023-09-16 21:04:22,273 - utils.software_automation - INFO - attempting to open Smartlife, trial 3 in 3 times...
2023-09-16 21:04:22,273 - utils.software_automation - INFO - attempting to open Smartlife, trial 3 in 3 times...
2023-09-16 21:04:22,273 - utils.software_automation - INFO - attempting to open Smartlife, trial 3 in 3 times...
2023-09-16 21:04:22,273 - utils.software_automation - INFO - attempting to open Smartlife, trial 3 in 3 times...
2023-09-16 21:04:22,273 - utils.software_automation - INFO - attempting to open Smartlife, trial 3 in 3 times...
2023-09-16 21:04:22,273 - utils.software_automation - INFO - attempting to open Smartlife, trial 3 in 3 times...
2023-09-16 21:04:22,273 - utils.software_automation - INFO - attempting to open Smartlife, trial 3 in 3 times...
2023-09-16 21:04:23,492 - utils.software_automation - WARNING - failed to open Smartlife
2023-09-16 21:04:23,492 - utils.software_automation - WARNING - failed to open Smartlife
2023-09-16 21:04:23,492 - utils.software_automation - WARNING - failed to open Smartlife
2023-09-16 21:04:23,492 - utils.software_automation - WARNING - failed to open Smartlife
2023-09-16 21:04:23,492 - utils.software_automation - WARNING - failed to open Smartlife
2023-09-16 21:04:23,492 - utils.software_automation - WARNING - failed to open Smartlife
2023-09-16 21:04:23,492 - utils.software_automation - WARNING - failed to open Smartlife
2023-09-16 21:04:23,492 - utils.software_automation - WARNING - failed to open Smartlife
2023-09-16 21:04:23,492 - utils.software_automation - WARNING - failed to open Smartlife
2023-09-16 21:04:23,492 - utils.software_automation - WARNING - failed to open Smartlife
2023-09-16 21:04:23,492 - utils.software_automation - WARNING - failed to open Smartlife
2023-09-16 21:04:23,492 - utils.software_automation - WARNING - failed to open Smartlife
2023-09-16 21:04:24,364 - utils.software_automation - INFO - Smartlife started
2023-09-16 21:04:24,364 - utils.software_automation - INFO - Smartlife started
2023-09-16 21:04:24,364 - utils.software_automation - INFO - Smartlife started
2023-09-16 21:04:24,364 - utils.software_automation - INFO - Smartlife started
2023-09-16 21:04:24,364 - utils.software_automation - INFO - Smartlife started
2023-09-16 21:04:24,364 - utils.software_automation - INFO - Smartlife started
2023-09-16 21:04:24,364 - utils.software_automation - INFO - Smartlife started
2023-09-16 21:04:24,364 - utils.software_automation - INFO - Smartlife started
2023-09-16 21:04:24,364 - utils.software_automation - INFO - Smartlife started
2023-09-16 21:04:24,364 - utils.software_automation - INFO - Smartlife started
2023-09-16 21:04:24,364 - utils.software_automation - INFO - Smartlife started
2023-09-16 21:04:24,364 - utils.software_automation - INFO - Smartlife started
2023-09-16 21:04:44,015 - utils.software_automation - INFO - attempting to open Smartlife, trial 1 in 3 times...
2023-09-16 21:04:44,015 - utils.software_automation - INFO - attempting to open Smartlife, trial 1 in 3 times...
2023-09-16 21:04:44,015 - utils.software_automation - INFO - attempting to open Smartlife, trial 1 in 3 times...
2023-09-16 21:04:44,015 - utils.software_automation - INFO - attempting to open Smartlife, trial 1 in 3 times...
2023-09-16 21:04:44,015 - utils.software_automation - INFO - attempting to open Smartlife, trial 1 in 3 times...
2023-09-16 21:04:44,015 - utils.software_automation - INFO - attempting to open Smartlife, trial 1 in 3 times...
2023-09-16 21:04:44,015 - utils.software_automation - INFO - attempting to open Smartlife, trial 1 in 3 times...
2023-09-16 21:04:44,015 - utils.software_automation - INFO - attempting to open Smartlife, trial 1 in 3 times...
2023-09-16 21:04:44,015 - utils.software_automation - INFO - attempting to open Smartlife, trial 1 in 3 times...
2023-09-16 21:04:44,015 - utils.software_automation - INFO - attempting to open Smartlife, trial 1 in 3 times...
2023-09-16 21:04:44,015 - utils.software_automation - INFO - attempting to open Smartlife, trial 1 in 3 times...
2023-09-16 21:04:44,015 - utils.software_automation - INFO - attempting to open Smartlife, trial 1 in 3 times...
2023-09-16 21:04:44,015 - utils.software_automation - INFO - attempting to open Smartlife, trial 1 in 3 times...
2023-09-16 21:04:46,247 - utils.software_automation - INFO - attempting to open Smartlife, trial 2 in 3 times...
2023-09-16 21:04:46,247 - utils.software_automation - INFO - attempting to open Smartlife, trial 2 in 3 times...
2023-09-16 21:04:46,247 - utils.software_automation - INFO - attempting to open Smartlife, trial 2 in 3 times...
2023-09-16 21:04:46,247 - utils.software_automation - INFO - attempting to open Smartlife, trial 2 in 3 times...
2023-09-16 21:04:46,247 - utils.software_automation - INFO - attempting to open Smartlife, trial 2 in 3 times...
2023-09-16 21:04:46,247 - utils.software_automation - INFO - attempting to open Smartlife, trial 2 in 3 times...
2023-09-16 21:04:46,247 - utils.software_automation - INFO - attempting to open Smartlife, trial 2 in 3 times...
2023-09-16 21:04:46,247 - utils.software_automation - INFO - attempting to open Smartlife, trial 2 in 3 times...
2023-09-16 21:04:46,247 - utils.software_automation - INFO - attempting to open Smartlife, trial 2 in 3 times...
2023-09-16 21:04:46,247 - utils.software_automation - INFO - attempting to open Smartlife, trial 2 in 3 times...
2023-09-16 21:04:46,247 - utils.software_automation - INFO - attempting to open Smartlife, trial 2 in 3 times...
2023-09-16 21:04:46,247 - utils.software_automation - INFO - attempting to open Smartlife, trial 2 in 3 times...
2023-09-16 21:04:46,247 - utils.software_automation - INFO - attempting to open Smartlife, trial 2 in 3 times...
2023-09-16 21:04:48,504 - utils.software_automation - INFO - attempting to open Smartlife, trial 3 in 3 times...
2023-09-16 21:04:48,504 - utils.software_automation - INFO - attempting to open Smartlife, trial 3 in 3 times...
2023-09-16 21:04:48,504 - utils.software_automation - INFO - attempting to open Smartlife, trial 3 in 3 times...
2023-09-16 21:04:48,504 - utils.software_automation - INFO - attempting to open Smartlife, trial 3 in 3 times...
2023-09-16 21:04:48,504 - utils.software_automation - INFO - attempting to open Smartlife, trial 3 in 3 times...
2023-09-16 21:04:48,504 - utils.software_automation - INFO - attempting to open Smartlife, trial 3 in 3 times...
2023-09-16 21:04:48,504 - utils.software_automation - INFO - attempting to open Smartlife, trial 3 in 3 times...
2023-09-16 21:04:48,504 - utils.software_automation - INFO - attempting to open Smartlife, trial 3 in 3 times...
2023-09-16 21:04:48,504 - utils.software_automation - INFO - attempting to open Smartlife, trial 3 in 3 times...
2023-09-16 21:04:48,504 - utils.software_automation - INFO - attempting to open Smartlife, trial 3 in 3 times...
2023-09-16 21:04:48,504 - utils.software_automation - INFO - attempting to open Smartlife, trial 3 in 3 times...
2023-09-16 21:04:48,504 - utils.software_automation - INFO - attempting to open Smartlife, trial 3 in 3 times...
2023-09-16 21:04:48,504 - utils.software_automation - INFO - attempting to open Smartlife, trial 3 in 3 times...
2023-09-16 21:04:49,716 - utils.software_automation - WARNING - failed to open Smartlife
2023-09-16 21:04:49,716 - utils.software_automation - WARNING - failed to open Smartlife
2023-09-16 21:04:49,716 - utils.software_automation - WARNING - failed to open Smartlife
2023-09-16 21:04:49,716 - utils.software_automation - WARNING - failed to open Smartlife
2023-09-16 21:04:49,716 - utils.software_automation - WARNING - failed to open Smartlife
2023-09-16 21:04:49,716 - utils.software_automation - WARNING - failed to open Smartlife
2023-09-16 21:04:49,716 - utils.software_automation - WARNING - failed to open Smartlife
2023-09-16 21:04:49,716 - utils.software_automation - WARNING - failed to open Smartlife
2023-09-16 21:04:49,716 - utils.software_automation - WARNING - failed to open Smartlife
2023-09-16 21:04:49,716 - utils.software_automation - WARNING - failed to open Smartlife
2023-09-16 21:04:49,716 - utils.software_automation - WARNING - failed to open Smartlife
2023-09-16 21:04:49,716 - utils.software_automation - WARNING - failed to open Smartlife
2023-09-16 21:04:49,716 - utils.software_automation - WARNING - failed to open Smartlife
2023-09-16 21:04:50,414 - utils.software_automation - WARNING - cannot find smartlife_on.png on screen
2023-09-16 21:04:50,414 - utils.software_automation - WARNING - cannot find smartlife_on.png on screen
2023-09-16 21:04:50,414 - utils.software_automation - WARNING - cannot find smartlife_on.png on screen
2023-09-16 21:04:50,414 - utils.software_automation - WARNING - cannot find smartlife_on.png on screen
2023-09-16 21:04:50,414 - utils.software_automation - WARNING - cannot find smartlife_on.png on screen
2023-09-16 21:04:50,414 - utils.software_automation - WARNING - cannot find smartlife_on.png on screen
2023-09-16 21:04:50,414 - utils.software_automation - WARNING - cannot find smartlife_on.png on screen
2023-09-16 21:04:50,414 - utils.software_automation - WARNING - cannot find smartlife_on.png on screen
2023-09-16 21:04:50,414 - utils.software_automation - WARNING - cannot find smartlife_on.png on screen
2023-09-16 21:04:50,414 - utils.software_automation - WARNING - cannot find smartlife_on.png on screen
2023-09-16 21:04:50,414 - utils.software_automation - WARNING - cannot find smartlife_on.png on screen
2023-09-16 21:04:50,414 - utils.software_automation - WARNING - cannot find smartlife_on.png on screen
2023-09-16 21:04:50,414 - utils.software_automation - WARNING - cannot find smartlife_on.png on screen
2023-09-16 21:04:53,614 - utils.software_automation - WARNING - cannot find smartlife_on.png on screen
2023-09-16 21:04:53,614 - utils.software_automation - WARNING - cannot find smartlife_on.png on screen
2023-09-16 21:04:53,614 - utils.software_automation - WARNING - cannot find smartlife_on.png on screen
2023-09-16 21:04:53,614 - utils.software_automation - WARNING - cannot find smartlife_on.png on screen
2023-09-16 21:04:53,614 - utils.software_automation - WARNING - cannot find smartlife_on.png on screen
2023-09-16 21:04:53,614 - utils.software_automation - WARNING - cannot find smartlife_on.png on screen
2023-09-16 21:04:53,614 - utils.software_automation - WARNING - cannot find smartlife_on.png on screen
2023-09-16 21:04:53,614 - utils.software_automation - WARNING - cannot find smartlife_on.png on screen
2023-09-16 21:04:53,614 - utils.software_automation - WARNING - cannot find smartlife_on.png on screen
2023-09-16 21:04:53,614 - utils.software_automation - WARNING - cannot find smartlife_on.png on screen
2023-09-16 21:04:53,614 - utils.software_automation - WARNING - cannot find smartlife_on.png on screen
2023-09-16 21:04:53,614 - utils.software_automation - WARNING - cannot find smartlife_on.png on screen
2023-09-16 21:04:53,614 - utils.software_automation - WARNING - cannot find smartlife_on.png on screen
2023-09-16 21:04:56,834 - utils.software_automation - WARNING - cannot find smartlife_on.png on screen
2023-09-16 21:04:56,834 - utils.software_automation - WARNING - cannot find smartlife_on.png on screen
2023-09-16 21:04:56,834 - utils.software_automation - WARNING - cannot find smartlife_on.png on screen
2023-09-16 21:04:56,834 - utils.software_automation - WARNING - cannot find smartlife_on.png on screen
2023-09-16 21:04:56,834 - utils.software_automation - WARNING - cannot find smartlife_on.png on screen
2023-09-16 21:04:56,834 - utils.software_automation - WARNING - cannot find smartlife_on.png on screen
2023-09-16 21:04:56,834 - utils.software_automation - WARNING - cannot find smartlife_on.png on screen
2023-09-16 21:04:56,834 - utils.software_automation - WARNING - cannot find smartlife_on.png on screen
2023-09-16 21:04:56,834 - utils.software_automation - WARNING - cannot find smartlife_on.png on screen
2023-09-16 21:04:56,834 - utils.software_automation - WARNING - cannot find smartlife_on.png on screen
2023-09-16 21:04:56,834 - utils.software_automation - WARNING - cannot find smartlife_on.png on screen
2023-09-16 21:04:56,834 - utils.software_automation - WARNING - cannot find smartlife_on.png on screen
2023-09-16 21:04:56,834 - utils.software_automation - WARNING - cannot find smartlife_on.png on screen
2023-09-16 21:05:00,176 - utils.software_automation - INFO - Smartlife stopped
2023-09-16 21:05:00,176 - utils.software_automation - INFO - Smartlife stopped
2023-09-16 21:05:00,176 - utils.software_automation - INFO - Smartlife stopped
2023-09-16 21:05:00,176 - utils.software_automation - INFO - Smartlife stopped
2023-09-16 21:05:00,176 - utils.software_automation - INFO - Smartlife stopped
2023-09-16 21:05:00,176 - utils.software_automation - INFO - Smartlife stopped
2023-09-16 21:05:00,176 - utils.software_automation - INFO - Smartlife stopped
2023-09-16 21:05:00,176 - utils.software_automation - INFO - Smartlife stopped
2023-09-16 21:05:00,176 - utils.software_automation - INFO - Smartlife stopped
2023-09-16 21:05:00,176 - utils.software_automation - INFO - Smartlife stopped
2023-09-16 21:05:00,176 - utils.software_automation - INFO - Smartlife stopped
2023-09-16 21:05:00,176 - utils.software_automation - INFO - Smartlife stopped
2023-09-16 21:05:00,176 - utils.software_automation - INFO - Smartlife stopped
2023-09-27 17:51:06,826 - utils.software_automation - INFO - attempting to open Smartlife, trial 1 in 3 times...
2023-09-27 17:51:09,050 - utils.software_automation - INFO - attempting to open Smartlife, trial 2 in 3 times...
2023-09-27 17:51:11,280 - utils.software_automation - INFO - attempting to open Smartlife, trial 3 in 3 times...
2023-09-27 17:51:12,483 - utils.software_automation - WARNING - failed to open Smartlife
2023-09-27 17:51:13,209 - utils.software_automation - WARNING - cannot find smartlife_on.png on screen
2023-09-27 17:51:16,428 - utils.software_automation - WARNING - cannot find smartlife_on.png on screen
2023-09-27 17:51:19,746 - utils.software_automation - INFO - Smartlife stopped
2023-09-27 17:51:36,308 - utils.software_automation - INFO - attempting to open Smartlife, trial 1 in 3 times...
2023-09-27 17:51:36,308 - utils.software_automation - INFO - attempting to open Smartlife, trial 1 in 3 times...
2023-09-27 17:51:38,622 - utils.software_automation - INFO - attempting to open Smartlife, trial 2 in 3 times...
2023-09-27 17:51:38,622 - utils.software_automation - INFO - attempting to open Smartlife, trial 2 in 3 times...
2023-09-27 17:51:40,928 - utils.software_automation - INFO - attempting to open Smartlife, trial 3 in 3 times...
2023-09-27 17:51:40,928 - utils.software_automation - INFO - attempting to open Smartlife, trial 3 in 3 times...
2023-09-27 17:51:42,140 - utils.software_automation - WARNING - failed to open Smartlife
2023-09-27 17:51:42,140 - utils.software_automation - WARNING - failed to open Smartlife
2023-09-27 17:51:42,980 - utils.software_automation - INFO - Smartlife started
2023-09-27 17:51:42,980 - utils.software_automation - INFO - Smartlife started
2023-10-16 15:11:43,253[11908] - Smartlife - INFO - not in software yet
2023-10-16 15:11:43,586[11908] - Smartlife - INFO - attempting to open Smartlife, trial 1 in 3 times...
2023-10-16 15:11:46,808[11908] - Smartlife - INFO - not in software yet
2023-10-16 15:11:47,146[11908] - Smartlife - INFO - attempting to open Smartlife, trial 2 in 3 times...
2023-10-16 15:11:50,355[11908] - Smartlife - INFO - not in software yet
2023-10-16 15:11:50,673[11908] - Smartlife - INFO - attempting to open Smartlife, trial 3 in 3 times...
2023-10-16 15:11:53,886[11908] - Smartlife - INFO - not in software yet
2023-10-16 15:11:53,886[11908] - Smartlife - WARNING - failed to open Smartlife
2023-10-16 15:11:54,225[11908] - Smartlife - INFO - Smartlife stopped
2023-10-16 15:11:56,490[11908] - Smartlife - INFO - not in software yet
2023-10-16 15:11:56,490[11908] - Smartlife - INFO - not in software yet
2023-10-16 15:11:56,805[11908] - Smartlife - INFO - attempting to open Smartlife, trial 1 in 3 times...
2023-10-16 15:11:56,805[11908] - Smartlife - INFO - attempting to open Smartlife, trial 1 in 3 times...
2023-10-16 15:12:00,010[11908] - Smartlife - INFO - not in software yet
2023-10-16 15:12:00,010[11908] - Smartlife - INFO - not in software yet
2023-10-16 15:12:00,334[11908] - Smartlife - INFO - attempting to open Smartlife, trial 2 in 3 times...
2023-10-16 15:12:00,334[11908] - Smartlife - INFO - attempting to open Smartlife, trial 2 in 3 times...
2023-10-16 15:12:03,537[11908] - Smartlife - INFO - not in software yet
2023-10-16 15:12:03,537[11908] - Smartlife - INFO - not in software yet
2023-10-16 15:12:03,855[11908] - Smartlife - INFO - attempting to open Smartlife, trial 3 in 3 times...
2023-10-16 15:12:03,855[11908] - Smartlife - INFO - attempting to open Smartlife, trial 3 in 3 times...
2023-10-16 15:12:07,074[11908] - Smartlife - INFO - not in software yet
2023-10-16 15:12:07,074[11908] - Smartlife - INFO - not in software yet
2023-10-16 15:12:07,075[11908] - Smartlife - WARNING - failed to open Smartlife
2023-10-16 15:12:07,075[11908] - Smartlife - WARNING - failed to open Smartlife
2023-10-16 15:12:07,270[11908] - Smartlife - WARNING - cannot find ['smartlife_on.png'] on screen
2023-10-16 15:12:07,270[11908] - Smartlife - WARNING - cannot find ['smartlife_on.png'] on screen
2023-10-16 15:12:10,476[11908] - Smartlife - WARNING - cannot find ['smartlife_on.png'] on screen
2023-10-16 15:12:10,476[11908] - Smartlife - WARNING - cannot find ['smartlife_on.png'] on screen
2023-10-16 15:12:13,697[11908] - Smartlife - WARNING - cannot find ['smartlife_on.png'] on screen
2023-10-16 15:12:13,697[11908] - Smartlife - WARNING - cannot find ['smartlife_on.png'] on screen
2023-10-16 15:12:16,917[11908] - Smartlife - WARNING - cannot find ['smartlife_on.png'] on screen
2023-10-16 15:12:16,917[11908] - Smartlife - WARNING - cannot find ['smartlife_on.png'] on screen
2023-10-16 15:12:20,121[11908] - Smartlife - WARNING - cannot find ['smartlife_on.png'] on screen
2023-10-16 15:12:20,121[11908] - Smartlife - WARNING - cannot find ['smartlife_on.png'] on screen
2023-10-16 15:12:23,339[11908] - Smartlife - WARNING - cannot find ['smartlife_on.png'] on screen
2023-10-16 15:12:23,339[11908] - Smartlife - WARNING - cannot find ['smartlife_on.png'] on screen
2023-10-16 15:12:26,543[11908] - Smartlife - WARNING - cannot find ['smartlife_on.png'] on screen
2023-10-16 15:12:26,543[11908] - Smartlife - WARNING - cannot find ['smartlife_on.png'] on screen
2023-10-16 15:12:29,768[11908] - Smartlife - WARNING - cannot find ['smartlife_on.png'] on screen
2023-10-16 15:12:29,768[11908] - Smartlife - WARNING - cannot find ['smartlife_on.png'] on screen
2023-10-16 15:12:32,983[11908] - Smartlife - WARNING - cannot find ['smartlife_on.png'] on screen
2023-10-16 15:12:32,983[11908] - Smartlife - WARNING - cannot find ['smartlife_on.png'] on screen
2023-10-16 15:12:36,204[11908] - Smartlife - WARNING - cannot find ['smartlife_on.png'] on screen
2023-10-16 15:12:36,204[11908] - Smartlife - WARNING - cannot find ['smartlife_on.png'] on screen
2023-10-16 15:12:39,441[11908] - Smartlife - WARNING - cannot find ['smartlife_on.png'] on screen
2023-10-16 15:12:39,441[11908] - Smartlife - WARNING - cannot find ['smartlife_on.png'] on screen
2023-10-16 15:12:42,665[11908] - Smartlife - WARNING - cannot find ['smartlife_on.png'] on screen
2023-10-16 15:12:42,665[11908] - Smartlife - WARNING - cannot find ['smartlife_on.png'] on screen
2023-10-16 15:12:45,907[11908] - Smartlife - WARNING - cannot find ['smartlife_on.png'] on screen
2023-10-16 15:12:45,907[11908] - Smartlife - WARNING - cannot find ['smartlife_on.png'] on screen
2023-10-16 15:34:30,112[16988] - Smartlife - INFO - not in software yet
2023-10-16 15:34:30,445[16988] - Smartlife - INFO - attempting to open Smartlife, trial 1 in 3 times...
2023-10-16 15:34:33,970[16988] - Smartlife - INFO - Smartlife stopped
2023-10-16 15:34:45,904[16988] - Smartlife - INFO - Smartlife started
2023-10-16 15:34:45,904[16988] - Smartlife - INFO - Smartlife started
2023-10-16 17:13:32,856[16988] - Smartlife - INFO - not in software yet
2023-10-16 17:13:32,856[16988] - Smartlife - INFO - not in software yet
2023-10-16 17:13:32,856[16988] - Smartlife - INFO - not in software yet
2023-10-16 17:13:33,194[16988] - Smartlife - INFO - attempting to open Smartlife, trial 1 in 3 times...
2023-10-16 17:13:33,194[16988] - Smartlife - INFO - attempting to open Smartlife, trial 1 in 3 times...
2023-10-16 17:13:33,194[16988] - Smartlife - INFO - attempting to open Smartlife, trial 1 in 3 times...
2023-10-16 17:13:36,740[16988] - Smartlife - INFO - Smartlife stopped
2023-10-16 17:13:36,740[16988] - Smartlife - INFO - Smartlife stopped
2023-10-16 17:13:36,740[16988] - Smartlife - INFO - Smartlife stopped
2023-10-16 17:13:56,855[16988] - Smartlife - INFO - not in software yet
2023-10-16 17:13:56,855[16988] - Smartlife - INFO - not in software yet
2023-10-16 17:13:56,855[16988] - Smartlife - INFO - not in software yet
2023-10-16 17:13:56,855[16988] - Smartlife - INFO - not in software yet
2023-10-16 17:13:57,173[16988] - Smartlife - INFO - attempting to open Smartlife, trial 1 in 3 times...
2023-10-16 17:13:57,173[16988] - Smartlife - INFO - attempting to open Smartlife, trial 1 in 3 times...
2023-10-16 17:13:57,173[16988] - Smartlife - INFO - attempting to open Smartlife, trial 1 in 3 times...
2023-10-16 17:13:57,173[16988] - Smartlife - INFO - attempting to open Smartlife, trial 1 in 3 times...
2023-10-16 17:14:00,736[16988] - Smartlife - INFO - Smartlife started
2023-10-16 17:14:00,736[16988] - Smartlife - INFO - Smartlife started
2023-10-16 17:14:00,736[16988] - Smartlife - INFO - Smartlife started
2023-10-16 17:14:00,736[16988] - Smartlife - INFO - Smartlife started
2023-10-30 15:28:06,141[37348] - Smartlife - INFO - not in software yet
2023-10-30 15:28:06,620[37348] - Smartlife - INFO - attempting to open Smartlife, trial 1 in 3 times...
2023-10-30 15:28:10,572[37348] - Smartlife - INFO - Smartlife stopped
2023-11-06 17:25:17,928[18228] - Smartlife - INFO - not in software yet
2023-11-06 17:25:18,273[18228] - Smartlife - INFO - attempting to open Smartlife, trial 1 in 3 times...
2023-11-06 17:25:21,867[18228] - Smartlife - INFO - Smartlife stopped
2023-11-06 17:25:41,028[18228] - Smartlife - INFO - not in software yet
2023-11-06 17:25:41,028[18228] - Smartlife - INFO - not in software yet
2023-11-06 17:25:41,340[18228] - Smartlife - INFO - attempting to open Smartlife, trial 1 in 3 times...
2023-11-06 17:25:41,340[18228] - Smartlife - INFO - attempting to open Smartlife, trial 1 in 3 times...
2023-11-06 17:25:44,586[18228] - Smartlife - INFO - not in software yet
2023-11-06 17:25:44,586[18228] - Smartlife - INFO - not in software yet
2023-11-06 17:25:44,948[18228] - Smartlife - INFO - attempting to open Smartlife, trial 2 in 3 times...
2023-11-06 17:25:44,948[18228] - Smartlife - INFO - attempting to open Smartlife, trial 2 in 3 times...
2023-11-06 17:25:48,160[18228] - Smartlife - INFO - not in software yet
2023-11-06 17:25:48,160[18228] - Smartlife - INFO - not in software yet
2023-11-06 17:25:48,493[18228] - Smartlife - INFO - attempting to open Smartlife, trial 3 in 3 times...
2023-11-06 17:25:48,493[18228] - Smartlife - INFO - attempting to open Smartlife, trial 3 in 3 times...
2023-11-06 17:25:51,735[18228] - Smartlife - WARNING - failed to open Smartlife
2023-11-06 17:25:51,735[18228] - Smartlife - WARNING - failed to open Smartlife
2023-11-06 17:25:53,198[18228] - Smartlife - INFO - Smartlife started
2023-11-06 17:25:53,198[18228] - Smartlife - INFO - Smartlife started
2023-11-06 17:25:53,198[18228] - Smartlife - INFO - Smartlife started
2023-11-12 16:47:55,030[18884] - Smartlife - INFO - not in software yet
2023-11-12 16:47:55,382[18884] - Smartlife - INFO - attempting to open Smartlife, trial 1 in 3 times...
2023-11-12 16:47:58,926[18884] - Smartlife - INFO - Smartlife stopped
2023-11-12 17:39:51,208[18884] - Smartlife - INFO - not in software yet
2023-11-12 17:39:51,208[18884] - Smartlife - INFO - not in software yet
2023-11-12 17:39:51,527[18884] - Smartlife - INFO - attempting to open Smartlife, trial 1 in 3 times...
2023-11-12 17:39:51,527[18884] - Smartlife - INFO - attempting to open Smartlife, trial 1 in 3 times...
2023-11-12 17:39:55,153[18884] - Smartlife - INFO - Smartlife started
2023-11-12 17:39:55,153[18884] - Smartlife - INFO - Smartlife started
2023-11-13 15:18:59,471[18884] - Smartlife - INFO - not in software yet
2023-11-13 15:18:59,471[18884] - Smartlife - INFO - not in software yet
2023-11-13 15:18:59,471[18884] - Smartlife - INFO - not in software yet
2023-11-13 15:18:59,823[18884] - Smartlife - INFO - attempting to open Smartlife, trial 1 in 3 times...
2023-11-13 15:18:59,823[18884] - Smartlife - INFO - attempting to open Smartlife, trial 1 in 3 times...
2023-11-13 15:18:59,823[18884] - Smartlife - INFO - attempting to open Smartlife, trial 1 in 3 times...
2023-11-13 15:19:03,428[18884] - Smartlife - INFO - Smartlife stopped
2023-11-13 15:19:03,428[18884] - Smartlife - INFO - Smartlife stopped
2023-11-13 15:19:03,428[18884] - Smartlife - INFO - Smartlife stopped
2023-11-13 15:19:25,691[18884] - Smartlife - INFO - Smartlife started
2023-11-13 15:19:25,691[18884] - Smartlife - INFO - Smartlife started
2023-11-13 15:19:25,691[18884] - Smartlife - INFO - Smartlife started
2023-11-13 15:19:25,691[18884] - Smartlife - INFO - Smartlife started
2023-11-13 16:30:42,768[18884] - Smartlife - INFO - not in software yet
2023-11-13 16:30:42,768[18884] - Smartlife - INFO - not in software yet
2023-11-13 16:30:42,768[18884] - Smartlife - INFO - not in software yet
2023-11-13 16:30:42,768[18884] - Smartlife - INFO - not in software yet
2023-11-13 16:30:42,768[18884] - Smartlife - INFO - not in software yet
2023-11-13 16:30:43,123[18884] - Smartlife - INFO - attempting to open Smartlife, trial 1 in 3 times...
2023-11-13 16:30:43,123[18884] - Smartlife - INFO - attempting to open Smartlife, trial 1 in 3 times...
2023-11-13 16:30:43,123[18884] - Smartlife - INFO - attempting to open Smartlife, trial 1 in 3 times...
2023-11-13 16:30:43,123[18884] - Smartlife - INFO - attempting to open Smartlife, trial 1 in 3 times...
2023-11-13 16:30:43,123[18884] - Smartlife - INFO - attempting to open Smartlife, trial 1 in 3 times...
2023-11-13 16:30:46,890[18884] - Smartlife - INFO - Smartlife stopped
2023-11-13 16:30:46,890[18884] - Smartlife - INFO - Smartlife stopped
2023-11-13 16:30:46,890[18884] - Smartlife - INFO - Smartlife stopped
2023-11-13 16:30:46,890[18884] - Smartlife - INFO - Smartlife stopped
2023-11-13 16:30:46,890[18884] - Smartlife - INFO - Smartlife stopped
2023-11-13 16:31:06,339[18884] - Smartlife - INFO - Smartlife started
2023-11-13 16:31:06,339[18884] - Smartlife - INFO - Smartlife started
2023-11-13 16:31:06,339[18884] - Smartlife - INFO - Smartlife started
2023-11-13 16:31:06,339[18884] - Smartlife - INFO - Smartlife started
2023-11-13 16:31:06,339[18884] - Smartlife - INFO - Smartlife started
2023-11-13 16:31:06,339[18884] - Smartlife - INFO - Smartlife started
