2025-05-02 15:02:26,106[5196] - RobotTest_AcidicPlatform - INFO - started a batch of test, with sample_rack_id : sample_id = {0: 'sulfide_two-shocks_31a', 1: 'sulfide_two-shocks_31b', 2: 'sulfide_two-shocks_32a', 3: 'sulfide_two-shocks_32b', 4: 'sulfide_two-shocks_33a', 5: 'sulfide_two-shocks_33b', 6: 'sulfide_two-shocks_34a', 7: 'sulfide_two-shocks_34b', 8: 'sulfide_two-shocks_35a', 9: 'sulfide_two-shocks_35b', 10: 'sulfide_two-shocks_36a', 11: 'sulfide_two-shocks_36b', 12: 'sulfide_two-shocks_37a', 13: 'sulfide_two-shocks_37b', 14: 'sulfide_two-shocks_38a', 15: 'sulfide_two-shocks_38b', 16: 'Pt_a', 17: 'Pt_b', 18: 'sulfide_single-shocks_31a', 19: 'sulfide_single-shocks_31b', 20: 'sulfide_single-shocks_32a', 21: 'sulfide_single-shocks_32b', 22: 'sulfide_single-shocks_33a', 23: 'sulfide_single-shocks_33b', 24: 'sulfide_single-shocks_34a', 25: 'sulfide_single-shocks_34b', 26: 'sulfide_single-shocks_35a', 27: 'sulfide_single-shocks_35b', 28: 'sulfide_single-shocks_36a', 29: 'sulfide_single-shocks_36b'}
2025-05-02 15:02:43,545[5196] - OBS_Win - INFO - not in software yet
2025-05-02 15:02:43,892[5196] - OBS_Win - INFO - attempting to open OBS_Win, trial 1 in 3 times...
2025-05-02 15:02:47,584[5196] - OBS_Win - INFO - OBS_Win started
2025-05-02 15:02:47,584[5196] - RobotTest_AcidicPlatform - INFO - loading the sample from rack_id #0...
2025-05-02 15:03:26,897[5196] - RobotTest_AcidicPlatform - INFO - sample successfully loaded into the cell
2025-05-02 15:03:27,788[5196] - OBS_Win - INFO - OBS_Win stopped
2025-05-02 15:03:31,112[5196] - EC_Lab_Win11 - INFO - not in software yet
2025-05-02 15:03:31,515[5196] - EC_Lab_Win11 - INFO - attempting to open EC_Lab_Win11, trial 1 in 3 times...
2025-05-02 15:04:07,932[5196] - RobotTest_AcidicPlatform - INFO - human operating, fail to detect...
2025-05-02 15:40:13,243[5196] - RobotTest_AcidicPlatform - INFO - human operating, fail to detect...
2025-05-02 15:40:23,247[5196] - RobotTest_AcidicPlatform - INFO - human operating, fail to detect...
2025-05-02 15:40:33,259[5196] - RobotTest_AcidicPlatform - INFO - human operating, fail to detect...
2025-05-02 15:40:43,261[5196] - RobotTest_AcidicPlatform - INFO - human operating, fail to detect...
2025-05-02 15:40:53,272[5196] - RobotTest_AcidicPlatform - INFO - human operating, fail to detect...
2025-05-02 15:41:03,282[5196] - RobotTest_AcidicPlatform - INFO - human operating, fail to detect...
2025-05-02 15:41:13,284[5196] - RobotTest_AcidicPlatform - INFO - human operating, fail to detect...
2025-05-02 15:41:23,288[5196] - RobotTest_AcidicPlatform - INFO - human operating, fail to detect...
2025-05-02 15:41:33,293[5196] - RobotTest_AcidicPlatform - INFO - human operating, fail to detect...
2025-05-02 15:41:43,298[5196] - RobotTest_AcidicPlatform - INFO - human operating, fail to detect...
2025-05-02 15:41:53,312[5196] - RobotTest_AcidicPlatform - INFO - human operating, fail to detect...
2025-05-02 15:42:03,323[5196] - RobotTest_AcidicPlatform - INFO - human operating, fail to detect...
2025-05-02 15:42:13,329[5196] - RobotTest_AcidicPlatform - INFO - human operating, fail to detect...
2025-05-02 15:42:23,336[5196] - RobotTest_AcidicPlatform - INFO - human operating, fail to detect...
2025-05-02 15:42:33,345[5196] - RobotTest_AcidicPlatform - INFO - human operating, fail to detect...
2025-05-02 15:42:44,266[5196] - EC_Lab_Win11 - INFO - not in software yet
2025-05-02 15:42:44,588[5196] - EC_Lab_Win11 - INFO - attempting to open EC_Lab_Win11, trial 1 in 3 times...
2025-05-02 15:42:47,837[5196] - EC_Lab_Win11 - INFO - not in software yet
2025-05-02 15:42:48,150[5196] - EC_Lab_Win11 - INFO - attempting to open EC_Lab_Win11, trial 2 in 3 times...
2025-05-02 15:42:51,395[5196] - EC_Lab_Win11 - INFO - not in software yet
2025-05-02 15:42:51,704[5196] - EC_Lab_Win11 - INFO - attempting to open EC_Lab_Win11, trial 3 in 3 times...
2025-05-02 15:42:54,952[5196] - EC_Lab_Win11 - INFO - not in software yet
2025-05-02 15:42:54,953[5196] - EC_Lab_Win11 - WARNING - failed to open EC_Lab_Win11
2025-05-02 15:42:54,953[5196] - RobotTest_AcidicPlatform - ERROR - failed to open EC_Lab_Win11
Traceback (most recent call last):
  File "C:\Users\li\PycharmProjects\catalyst\robotic_testing\common\robot_test.py", line 45, in wrapper
    return func(self, *args, **kwargs)
  File "C:\Users\li\PycharmProjects\catalyst\robotic_testing\common\robot_test.py", line 189, in run
    self.test_main_workflow(
  File "C:\Users\li\PycharmProjects\catalyst\robotic_testing\common\robot_test.py", line 296, in test_main_workflow
    self.check_test_finished()
  File "C:\Users\li\PycharmProjects\catalyst\robotic_testing\common\robot_test.py", line 326, in check_test_finished
    self.ec_lab.open_software()
  File "C:\Users\li\PycharmProjects\catalyst\software_control\software_control_base.py", line 133, in open_software
    raise SystemError(f'failed to open {self.name}')
SystemError: failed to open EC_Lab_Win11
2025-05-03 01:43:49,778[34324] - RobotTest_AcidicPlatform - INFO - started a batch of test, with sample_rack_id : sample_id = {0: 'sulfide_two-shocks_31b', 1: 'sulfide_two-shocks_32a', 2: 'sulfide_two-shocks_32b', 3: 'sulfide_two-shocks_33a', 4: 'sulfide_two-shocks_33b', 5: 'sulfide_two-shocks_34a', 6: 'sulfide_two-shocks_34b', 7: 'sulfide_two-shocks_35a', 8: 'sulfide_two-shocks_35b', 9: 'sulfide_two-shocks_36a', 10: 'sulfide_two-shocks_36b', 11: 'sulfide_two-shocks_37a', 12: 'sulfide_two-shocks_37b', 13: 'sulfide_two-shocks_38a', 14: 'sulfide_two-shocks_38b', 15: 'Pt_a', 16: 'Pt_b', 17: 'sulfide_single-shocks_31a', 18: 'sulfide_single-shocks_31b', 19: 'sulfide_single-shocks_32a', 20: 'sulfide_single-shocks_32b', 21: 'sulfide_single-shocks_33a', 22: 'sulfide_single-shocks_33b', 23: 'sulfide_single-shocks_34a', 24: 'sulfide_single-shocks_34b', 25: 'sulfide_single-shocks_35a', 26: 'sulfide_single-shocks_35b', 27: 'sulfide_single-shocks_36a', 28: 'sulfide_single-shocks_36b'}
2025-05-03 01:43:55,840[34324] - OBS_Win - INFO - not in software yet
2025-05-03 01:43:56,200[34324] - OBS_Win - INFO - attempting to open OBS_Win, trial 1 in 3 times...
2025-05-03 01:43:59,922[34324] - OBS_Win - INFO - OBS_Win started
2025-05-03 01:43:59,922[34324] - RobotTest_AcidicPlatform - INFO - loading the sample from rack_id #0...
2025-05-03 01:46:11,939[5200] - RobotTest_AcidicPlatform - INFO - started a batch of test, with sample_rack_id : sample_id = {1: 'sulfide_two-shocks_31b', 2: 'sulfide_two-shocks_32a', 3: 'sulfide_two-shocks_32b', 4: 'sulfide_two-shocks_33a', 5: 'sulfide_two-shocks_33b', 6: 'sulfide_two-shocks_34a', 7: 'sulfide_two-shocks_34b', 8: 'sulfide_two-shocks_35a', 9: 'sulfide_two-shocks_35b', 10: 'sulfide_two-shocks_36a', 11: 'sulfide_two-shocks_36b', 12: 'sulfide_two-shocks_37a', 13: 'sulfide_two-shocks_37b', 14: 'sulfide_two-shocks_38a', 15: 'sulfide_two-shocks_38b', 16: 'Pt_a', 17: 'Pt_b', 18: 'sulfide_single-shocks_31a', 19: 'sulfide_single-shocks_31b', 20: 'sulfide_single-shocks_32a', 21: 'sulfide_single-shocks_32b', 22: 'sulfide_single-shocks_33a', 23: 'sulfide_single-shocks_33b', 24: 'sulfide_single-shocks_34a', 25: 'sulfide_single-shocks_34b', 26: 'sulfide_single-shocks_35a', 27: 'sulfide_single-shocks_35b', 28: 'sulfide_single-shocks_36a', 29: 'sulfide_single-shocks_36b'}
2025-05-03 01:46:27,292[5200] - OBS_Win - INFO - not in software yet
2025-05-03 01:46:27,652[5200] - OBS_Win - INFO - attempting to open OBS_Win, trial 1 in 3 times...
2025-05-03 01:46:31,349[5200] - OBS_Win - WARNING - cannot find ['OBS_start_record.png'] on screen
2025-05-03 01:46:34,674[5200] - OBS_Win - WARNING - cannot find ['OBS_start_record.png'] on screen
2025-05-03 01:46:37,980[5200] - OBS_Win - WARNING - cannot find ['OBS_start_record.png'] on screen
2025-05-03 01:46:41,285[5200] - OBS_Win - WARNING - cannot find ['OBS_start_record.png'] on screen
2025-05-03 01:46:44,596[5200] - OBS_Win - WARNING - cannot find ['OBS_start_record.png'] on screen
2025-05-03 01:46:48,036[5200] - OBS_Win - INFO - OBS_Win started
2025-05-03 01:46:48,036[5200] - RobotTest_AcidicPlatform - INFO - loading the sample from rack_id #1...
2025-05-03 01:47:27,090[5200] - RobotTest_AcidicPlatform - INFO - sample successfully loaded into the cell
2025-05-03 01:47:27,880[5200] - OBS_Win - INFO - OBS_Win stopped
2025-05-03 01:47:31,200[5200] - EC_Lab_Win11 - INFO - not in software yet
2025-05-03 01:47:31,587[5200] - EC_Lab_Win11 - INFO - attempting to open EC_Lab_Win11, trial 1 in 3 times...
2025-05-03 02:29:09,399[5200] - EC_Lab_Win11 - INFO - test is complete
2025-05-03 02:29:09,399[5200] - RobotTest_AcidicPlatform - INFO - test Honda_HER_non-PGM_sample#sulfide_two-shocks_31b_2025-05-03_01-46-27 finished
2025-05-03 02:29:09,624[5200] - OBS_Win - INFO - not in software yet
2025-05-03 02:29:09,958[5200] - OBS_Win - INFO - attempting to open OBS_Win, trial 1 in 3 times...
2025-05-03 02:29:13,526[5200] - OBS_Win - INFO - OBS_Win started
2025-05-03 02:29:13,526[5200] - RobotTest_AcidicPlatform - INFO - unloading the sample to rack_id #1...
2025-05-03 02:30:12,929[5200] - RobotTest_AcidicPlatform - INFO - sample successfully unloaded from the cell
2025-05-03 02:30:16,540[5200] - OBS_Win - INFO - OBS_Win stopped
2025-05-03 02:30:17,035[5200] - OBS_Win - WARNING - cannot find ['OBS_start_record.png'] on screen
2025-05-03 02:30:20,369[5200] - OBS_Win - INFO - OBS_Win started
2025-05-03 02:30:20,369[5200] - RobotTest_AcidicPlatform - INFO - loading the sample from rack_id #2...
2025-05-03 02:30:52,557[5200] - RobotTest_AcidicPlatform - INFO - sample successfully loaded into the cell
2025-05-03 02:30:53,143[5200] - OBS_Win - INFO - OBS_Win stopped
2025-05-03 02:30:56,399[5200] - EC_Lab_Win11 - INFO - not in software yet
2025-05-03 02:30:56,735[5200] - EC_Lab_Win11 - INFO - attempting to open EC_Lab_Win11, trial 1 in 3 times...
2025-05-03 03:42:38,841[5200] - EC_Lab_Win11 - INFO - test is complete
2025-05-03 03:42:38,841[5200] - RobotTest_AcidicPlatform - INFO - test Honda_HER_non-PGM_sample#sulfide_two-shocks_32a_2025-05-03_02-30-16 finished
2025-05-03 03:42:39,047[5200] - OBS_Win - INFO - not in software yet
2025-05-03 03:42:39,403[5200] - OBS_Win - INFO - attempting to open OBS_Win, trial 1 in 3 times...
2025-05-03 03:42:42,992[5200] - OBS_Win - INFO - OBS_Win started
2025-05-03 03:42:42,992[5200] - RobotTest_AcidicPlatform - INFO - unloading the sample to rack_id #2...
2025-05-03 03:43:41,762[5200] - RobotTest_AcidicPlatform - INFO - sample successfully unloaded from the cell
2025-05-03 03:43:45,391[5200] - OBS_Win - INFO - OBS_Win stopped
2025-05-03 03:43:45,853[5200] - OBS_Win - WARNING - cannot find ['OBS_start_record.png'] on screen
2025-05-03 03:43:49,178[5200] - OBS_Win - INFO - OBS_Win started
2025-05-03 03:43:49,178[5200] - RobotTest_AcidicPlatform - INFO - loading the sample from rack_id #3...
2025-05-03 03:44:21,881[5200] - RobotTest_AcidicPlatform - INFO - sample successfully loaded into the cell
2025-05-03 03:44:22,448[5200] - OBS_Win - INFO - OBS_Win stopped
2025-05-03 03:44:25,707[5200] - EC_Lab_Win11 - INFO - not in software yet
2025-05-03 03:44:26,028[5200] - EC_Lab_Win11 - INFO - attempting to open EC_Lab_Win11, trial 1 in 3 times...
2025-05-03 04:56:07,041[5200] - EC_Lab_Win11 - INFO - test is complete
2025-05-03 04:56:07,041[5200] - RobotTest_AcidicPlatform - INFO - test Honda_HER_non-PGM_sample#sulfide_two-shocks_32b_2025-05-03_03-43-45 finished
2025-05-03 04:56:07,251[5200] - OBS_Win - INFO - not in software yet
2025-05-03 04:56:07,599[5200] - OBS_Win - INFO - attempting to open OBS_Win, trial 1 in 3 times...
2025-05-03 04:56:11,176[5200] - OBS_Win - INFO - OBS_Win started
2025-05-03 04:56:11,176[5200] - RobotTest_AcidicPlatform - INFO - unloading the sample to rack_id #3...
2025-05-03 04:57:09,597[5200] - RobotTest_AcidicPlatform - INFO - sample successfully unloaded from the cell
2025-05-03 04:57:13,228[5200] - OBS_Win - INFO - OBS_Win stopped
2025-05-03 04:57:13,708[5200] - OBS_Win - WARNING - cannot find ['OBS_start_record.png'] on screen
2025-05-03 04:57:17,044[5200] - OBS_Win - INFO - OBS_Win started
2025-05-03 04:57:17,044[5200] - RobotTest_AcidicPlatform - INFO - loading the sample from rack_id #4...
2025-05-03 04:57:50,112[5200] - RobotTest_AcidicPlatform - INFO - sample successfully loaded into the cell
2025-05-03 04:57:50,681[5200] - OBS_Win - INFO - OBS_Win stopped
2025-05-03 04:57:53,936[5200] - EC_Lab_Win11 - INFO - not in software yet
2025-05-03 04:57:54,261[5200] - EC_Lab_Win11 - INFO - attempting to open EC_Lab_Win11, trial 1 in 3 times...
2025-05-03 06:09:35,563[5200] - EC_Lab_Win11 - INFO - test is complete
2025-05-03 06:09:35,564[5200] - RobotTest_AcidicPlatform - INFO - test Honda_HER_non-PGM_sample#sulfide_two-shocks_33a_2025-05-03_04-57-13 finished
2025-05-03 06:09:35,762[5200] - OBS_Win - INFO - not in software yet
2025-05-03 06:09:36,068[5200] - OBS_Win - INFO - attempting to open OBS_Win, trial 1 in 3 times...
2025-05-03 06:09:39,620[5200] - OBS_Win - INFO - OBS_Win started
2025-05-03 06:09:39,620[5200] - RobotTest_AcidicPlatform - INFO - unloading the sample to rack_id #4...
2025-05-03 06:10:37,713[5200] - RobotTest_AcidicPlatform - INFO - sample successfully unloaded from the cell
2025-05-03 06:10:41,298[5200] - OBS_Win - INFO - OBS_Win stopped
2025-05-03 06:10:41,760[5200] - OBS_Win - WARNING - cannot find ['OBS_start_record.png'] on screen
2025-05-03 06:10:45,083[5200] - OBS_Win - INFO - OBS_Win started
2025-05-03 06:10:45,085[5200] - RobotTest_AcidicPlatform - INFO - loading the sample from rack_id #5...
2025-05-03 06:11:18,492[5200] - RobotTest_AcidicPlatform - INFO - sample successfully loaded into the cell
2025-05-03 06:11:19,074[5200] - OBS_Win - INFO - OBS_Win stopped
2025-05-03 06:11:22,322[5200] - EC_Lab_Win11 - INFO - not in software yet
2025-05-03 06:11:22,644[5200] - EC_Lab_Win11 - INFO - attempting to open EC_Lab_Win11, trial 1 in 3 times...
2025-05-03 07:23:03,344[5200] - EC_Lab_Win11 - INFO - test is complete
2025-05-03 07:23:03,345[5200] - RobotTest_AcidicPlatform - INFO - test Honda_HER_non-PGM_sample#sulfide_two-shocks_33b_2025-05-03_06-10-41 finished
2025-05-03 07:23:03,548[5200] - OBS_Win - INFO - not in software yet
2025-05-03 07:23:03,889[5200] - OBS_Win - INFO - attempting to open OBS_Win, trial 1 in 3 times...
2025-05-03 07:23:07,467[5200] - OBS_Win - INFO - OBS_Win started
2025-05-03 07:23:07,467[5200] - RobotTest_AcidicPlatform - INFO - unloading the sample to rack_id #5...
2025-05-03 07:24:05,056[5200] - RobotTest_AcidicPlatform - INFO - sample successfully unloaded from the cell
2025-05-03 07:24:08,678[5200] - OBS_Win - INFO - OBS_Win stopped
2025-05-03 07:24:09,167[5200] - OBS_Win - WARNING - cannot find ['OBS_start_record.png'] on screen
2025-05-03 07:24:12,542[5200] - OBS_Win - INFO - OBS_Win started
2025-05-03 07:24:12,542[5200] - RobotTest_AcidicPlatform - INFO - loading the sample from rack_id #6...
2025-05-03 07:24:46,614[5200] - RobotTest_AcidicPlatform - INFO - sample successfully loaded into the cell
2025-05-03 07:24:47,236[5200] - OBS_Win - INFO - OBS_Win stopped
2025-05-03 07:24:50,470[5200] - EC_Lab_Win11 - INFO - not in software yet
2025-05-03 07:24:50,774[5200] - EC_Lab_Win11 - INFO - attempting to open EC_Lab_Win11, trial 1 in 3 times...
2025-05-03 08:36:29,967[5200] - EC_Lab_Win11 - INFO - test is complete
2025-05-03 08:36:29,967[5200] - RobotTest_AcidicPlatform - INFO - test Honda_HER_non-PGM_sample#sulfide_two-shocks_34a_2025-05-03_07-24-08 finished
2025-05-03 08:36:30,174[5200] - OBS_Win - INFO - not in software yet
2025-05-03 08:36:30,501[5200] - OBS_Win - INFO - attempting to open OBS_Win, trial 1 in 3 times...
2025-05-03 08:36:34,054[5200] - OBS_Win - INFO - OBS_Win started
2025-05-03 08:36:34,054[5200] - RobotTest_AcidicPlatform - INFO - unloading the sample to rack_id #6...
2025-05-03 08:37:31,057[5200] - RobotTest_AcidicPlatform - INFO - sample successfully unloaded from the cell
2025-05-03 08:37:34,657[5200] - OBS_Win - INFO - OBS_Win stopped
2025-05-03 08:37:35,132[5200] - OBS_Win - WARNING - cannot find ['OBS_start_record.png'] on screen
2025-05-03 08:37:38,489[5200] - OBS_Win - INFO - OBS_Win started
2025-05-03 08:37:38,489[5200] - RobotTest_AcidicPlatform - INFO - loading the sample from rack_id #7...
2025-05-03 08:38:12,846[5200] - RobotTest_AcidicPlatform - INFO - sample successfully loaded into the cell
2025-05-03 08:38:13,394[5200] - OBS_Win - INFO - OBS_Win stopped
2025-05-03 08:38:16,637[5200] - EC_Lab_Win11 - INFO - not in software yet
2025-05-03 08:38:16,951[5200] - EC_Lab_Win11 - INFO - attempting to open EC_Lab_Win11, trial 1 in 3 times...
2025-05-03 09:49:57,301[5200] - EC_Lab_Win11 - INFO - test is complete
2025-05-03 09:49:57,301[5200] - RobotTest_AcidicPlatform - INFO - test Honda_HER_non-PGM_sample#sulfide_two-shocks_34b_2025-05-03_08-37-34 finished
2025-05-03 09:49:57,499[5200] - OBS_Win - INFO - not in software yet
2025-05-03 09:49:57,822[5200] - OBS_Win - INFO - attempting to open OBS_Win, trial 1 in 3 times...
2025-05-03 09:50:01,409[5200] - OBS_Win - INFO - OBS_Win started
2025-05-03 09:50:01,409[5200] - RobotTest_AcidicPlatform - INFO - unloading the sample to rack_id #7...
2025-05-03 09:50:58,034[5200] - RobotTest_AcidicPlatform - INFO - sample successfully unloaded from the cell
2025-05-03 09:51:01,675[5200] - OBS_Win - INFO - OBS_Win stopped
2025-05-03 09:51:02,114[5200] - OBS_Win - WARNING - cannot find ['OBS_start_record.png'] on screen
2025-05-03 09:51:05,460[5200] - OBS_Win - INFO - OBS_Win started
2025-05-03 09:51:05,460[5200] - RobotTest_AcidicPlatform - INFO - loading the sample from rack_id #8...
2025-05-03 09:51:40,110[5200] - RobotTest_AcidicPlatform - INFO - sample successfully loaded into the cell
2025-05-03 09:51:40,691[5200] - OBS_Win - INFO - OBS_Win stopped
2025-05-03 09:51:43,944[5200] - EC_Lab_Win11 - INFO - not in software yet
2025-05-03 09:51:44,256[5200] - EC_Lab_Win11 - INFO - attempting to open EC_Lab_Win11, trial 1 in 3 times...
2025-05-03 11:03:23,778[5200] - EC_Lab_Win11 - INFO - test is complete
2025-05-03 11:03:23,778[5200] - RobotTest_AcidicPlatform - INFO - test Honda_HER_non-PGM_sample#sulfide_two-shocks_35a_2025-05-03_09-51-01 finished
2025-05-03 11:03:23,975[5200] - OBS_Win - INFO - not in software yet
2025-05-03 11:03:24,302[5200] - OBS_Win - INFO - attempting to open OBS_Win, trial 1 in 3 times...
2025-05-03 11:03:27,888[5200] - OBS_Win - INFO - OBS_Win started
2025-05-03 11:03:27,888[5200] - RobotTest_AcidicPlatform - INFO - unloading the sample to rack_id #8...
2025-05-03 11:04:24,583[5200] - RobotTest_AcidicPlatform - INFO - sample successfully unloaded from the cell
2025-05-03 11:04:28,201[5200] - OBS_Win - INFO - OBS_Win stopped
2025-05-03 11:04:28,669[5200] - OBS_Win - WARNING - cannot find ['OBS_start_record.png'] on screen
2025-05-03 11:04:32,002[5200] - OBS_Win - INFO - OBS_Win started
2025-05-03 11:04:32,002[5200] - RobotTest_AcidicPlatform - INFO - loading the sample from rack_id #9...
2025-05-03 11:05:07,274[5200] - RobotTest_AcidicPlatform - INFO - sample successfully loaded into the cell
2025-05-03 11:05:07,822[5200] - OBS_Win - INFO - OBS_Win stopped
2025-05-03 11:05:11,091[5200] - EC_Lab_Win11 - INFO - not in software yet
2025-05-03 11:05:11,420[5200] - EC_Lab_Win11 - INFO - attempting to open EC_Lab_Win11, trial 1 in 3 times...
2025-05-03 11:48:26,889[5200] - RobotTest_AcidicPlatform - INFO - human operating, fail to detect...
2025-05-03 11:48:36,896[5200] - RobotTest_AcidicPlatform - INFO - human operating, fail to detect...
2025-05-03 11:48:46,896[5200] - RobotTest_AcidicPlatform - INFO - human operating, fail to detect...
2025-05-03 11:48:56,900[5200] - RobotTest_AcidicPlatform - INFO - human operating, fail to detect...
2025-05-03 11:49:06,908[5200] - RobotTest_AcidicPlatform - INFO - human operating, fail to detect...
2025-05-03 11:49:17,941[5200] - EC_Lab_Win11 - INFO - not in software yet
2025-05-03 11:49:18,276[5200] - EC_Lab_Win11 - INFO - attempting to open EC_Lab_Win11, trial 1 in 3 times...
2025-05-03 11:49:31,978[5200] - RobotTest_AcidicPlatform - INFO - human operating, fail to detect...
2025-05-03 11:49:41,982[5200] - RobotTest_AcidicPlatform - INFO - human operating, fail to detect...
2025-05-03 11:49:51,989[5200] - RobotTest_AcidicPlatform - INFO - human operating, fail to detect...
2025-05-03 11:50:02,002[5200] - RobotTest_AcidicPlatform - INFO - human operating, fail to detect...
2025-05-03 11:50:12,011[5200] - RobotTest_AcidicPlatform - INFO - human operating, fail to detect...
2025-05-03 11:50:22,969[5200] - EC_Lab_Win11 - INFO - not in software yet
2025-05-03 11:50:23,310[5200] - EC_Lab_Win11 - INFO - attempting to open EC_Lab_Win11, trial 1 in 3 times...
2025-05-03 12:16:56,855[5200] - EC_Lab_Win11 - INFO - test is complete
2025-05-03 12:16:56,855[5200] - RobotTest_AcidicPlatform - INFO - test Honda_HER_non-PGM_sample#sulfide_two-shocks_35b_2025-05-03_11-04-28 finished
2025-05-03 12:16:57,059[5200] - OBS_Win - INFO - not in software yet
2025-05-03 12:16:57,414[5200] - OBS_Win - INFO - attempting to open OBS_Win, trial 1 in 3 times...
2025-05-03 12:17:00,976[5200] - OBS_Win - INFO - OBS_Win started
2025-05-03 12:17:00,976[5200] - RobotTest_AcidicPlatform - INFO - unloading the sample to rack_id #9...
2025-05-03 12:17:58,028[5200] - RobotTest_AcidicPlatform - INFO - sample successfully unloaded from the cell
2025-05-03 12:18:01,671[5200] - OBS_Win - INFO - OBS_Win stopped
2025-05-03 12:18:02,126[5200] - OBS_Win - WARNING - cannot find ['OBS_start_record.png'] on screen
2025-05-03 12:18:05,475[5200] - OBS_Win - INFO - OBS_Win started
2025-05-03 12:18:05,475[5200] - RobotTest_AcidicPlatform - INFO - loading the sample from rack_id #10...
2025-05-03 12:18:41,082[5200] - RobotTest_AcidicPlatform - INFO - sample successfully loaded into the cell
2025-05-03 12:18:41,658[5200] - OBS_Win - INFO - OBS_Win stopped
2025-05-03 12:18:44,940[5200] - EC_Lab_Win11 - INFO - not in software yet
2025-05-03 12:18:45,256[5200] - EC_Lab_Win11 - INFO - attempting to open EC_Lab_Win11, trial 1 in 3 times...
2025-05-03 13:30:27,611[5200] - EC_Lab_Win11 - INFO - test is complete
2025-05-03 13:30:27,611[5200] - RobotTest_AcidicPlatform - INFO - test Honda_HER_non-PGM_sample#sulfide_two-shocks_36a_2025-05-03_12-18-01 finished
2025-05-03 13:30:27,806[5200] - OBS_Win - INFO - not in software yet
2025-05-03 13:30:28,130[5200] - OBS_Win - INFO - attempting to open OBS_Win, trial 1 in 3 times...
2025-05-03 13:30:31,700[5200] - OBS_Win - INFO - OBS_Win started
2025-05-03 13:30:31,700[5200] - RobotTest_AcidicPlatform - INFO - unloading the sample to rack_id #10...
2025-05-03 13:31:29,264[5200] - RobotTest_AcidicPlatform - INFO - sample successfully unloaded from the cell
2025-05-03 13:31:32,894[5200] - OBS_Win - INFO - OBS_Win stopped
2025-05-03 13:31:33,362[5200] - OBS_Win - WARNING - cannot find ['OBS_start_record.png'] on screen
2025-05-03 13:31:36,691[5200] - OBS_Win - INFO - OBS_Win started
2025-05-03 13:31:36,691[5200] - RobotTest_AcidicPlatform - INFO - loading the sample from rack_id #11...
2025-05-03 13:32:12,734[5200] - RobotTest_AcidicPlatform - INFO - sample successfully loaded into the cell
2025-05-03 13:32:13,317[5200] - OBS_Win - INFO - OBS_Win stopped
2025-05-03 13:32:16,565[5200] - EC_Lab_Win11 - INFO - not in software yet
2025-05-03 13:32:16,881[5200] - EC_Lab_Win11 - INFO - attempting to open EC_Lab_Win11, trial 1 in 3 times...
2025-05-03 14:43:58,293[5200] - EC_Lab_Win11 - INFO - test is complete
2025-05-03 14:43:58,294[5200] - RobotTest_AcidicPlatform - INFO - test Honda_HER_non-PGM_sample#sulfide_two-shocks_36b_2025-05-03_13-31-32 finished
2025-05-03 14:43:58,501[5200] - OBS_Win - INFO - not in software yet
2025-05-03 14:43:58,819[5200] - OBS_Win - INFO - attempting to open OBS_Win, trial 1 in 3 times...
2025-05-03 14:44:02,384[5200] - OBS_Win - INFO - OBS_Win started
2025-05-03 14:44:02,384[5200] - RobotTest_AcidicPlatform - INFO - unloading the sample to rack_id #11...
2025-05-03 14:45:00,385[5200] - RobotTest_AcidicPlatform - INFO - sample successfully unloaded from the cell
2025-05-03 14:45:03,984[5200] - OBS_Win - INFO - OBS_Win stopped
2025-05-03 14:45:04,461[5200] - OBS_Win - WARNING - cannot find ['OBS_start_record.png'] on screen
2025-05-03 14:45:07,806[5200] - OBS_Win - INFO - OBS_Win started
2025-05-03 14:45:07,806[5200] - RobotTest_AcidicPlatform - INFO - loading the sample from rack_id #12...
2025-05-03 14:45:44,387[5200] - RobotTest_AcidicPlatform - INFO - sample successfully loaded into the cell
2025-05-03 14:45:45,003[5200] - OBS_Win - INFO - OBS_Win stopped
2025-05-03 14:45:48,247[5200] - EC_Lab_Win11 - INFO - not in software yet
2025-05-03 14:45:48,569[5200] - EC_Lab_Win11 - INFO - attempting to open EC_Lab_Win11, trial 1 in 3 times...
2025-05-03 15:57:28,445[5200] - EC_Lab_Win11 - INFO - test is complete
2025-05-03 15:57:28,445[5200] - RobotTest_AcidicPlatform - INFO - test Honda_HER_non-PGM_sample#sulfide_two-shocks_37a_2025-05-03_14-45-03 finished
2025-05-03 15:57:28,652[5200] - OBS_Win - INFO - not in software yet
2025-05-03 15:57:28,975[5200] - OBS_Win - INFO - attempting to open OBS_Win, trial 1 in 3 times...
2025-05-03 15:57:32,516[5200] - OBS_Win - INFO - OBS_Win started
2025-05-03 15:57:32,516[5200] - RobotTest_AcidicPlatform - INFO - unloading the sample to rack_id #12...
2025-05-03 15:58:30,974[5200] - RobotTest_AcidicPlatform - INFO - sample successfully unloaded from the cell
2025-05-03 15:58:34,535[5200] - OBS_Win - INFO - OBS_Win stopped
2025-05-03 15:58:34,969[5200] - OBS_Win - WARNING - cannot find ['OBS_start_record.png'] on screen
2025-05-03 15:58:38,315[5200] - OBS_Win - INFO - OBS_Win started
2025-05-03 15:58:38,315[5200] - RobotTest_AcidicPlatform - INFO - loading the sample from rack_id #13...
2025-05-03 15:59:15,250[5200] - RobotTest_AcidicPlatform - INFO - sample successfully loaded into the cell
2025-05-03 15:59:15,834[5200] - OBS_Win - INFO - OBS_Win stopped
2025-05-03 15:59:19,106[5200] - EC_Lab_Win11 - INFO - not in software yet
2025-05-03 15:59:19,416[5200] - EC_Lab_Win11 - INFO - attempting to open EC_Lab_Win11, trial 1 in 3 times...
2025-05-03 17:10:59,429[5200] - EC_Lab_Win11 - INFO - test is complete
2025-05-03 17:10:59,429[5200] - RobotTest_AcidicPlatform - INFO - test Honda_HER_non-PGM_sample#sulfide_two-shocks_37b_2025-05-03_15-58-34 finished
2025-05-03 17:10:59,643[5200] - OBS_Win - INFO - not in software yet
2025-05-03 17:10:59,975[5200] - OBS_Win - INFO - attempting to open OBS_Win, trial 1 in 3 times...
2025-05-03 17:11:03,539[5200] - OBS_Win - INFO - OBS_Win started
2025-05-03 17:11:03,539[5200] - RobotTest_AcidicPlatform - INFO - unloading the sample to rack_id #13...
2025-05-03 17:12:02,369[5200] - RobotTest_AcidicPlatform - INFO - sample successfully unloaded from the cell
2025-05-03 17:12:05,979[5200] - OBS_Win - INFO - OBS_Win stopped
2025-05-03 17:12:06,426[5200] - OBS_Win - WARNING - cannot find ['OBS_start_record.png'] on screen
2025-05-03 17:12:09,749[5200] - OBS_Win - INFO - OBS_Win started
2025-05-03 17:12:09,749[5200] - RobotTest_AcidicPlatform - INFO - loading the sample from rack_id #14...
2025-05-03 17:12:47,089[5200] - RobotTest_AcidicPlatform - INFO - sample successfully loaded into the cell
2025-05-03 17:12:47,641[5200] - OBS_Win - INFO - OBS_Win stopped
2025-05-03 17:12:50,896[5200] - EC_Lab_Win11 - INFO - not in software yet
2025-05-03 17:12:51,221[5200] - EC_Lab_Win11 - INFO - attempting to open EC_Lab_Win11, trial 1 in 3 times...
2025-05-03 18:24:32,414[5200] - EC_Lab_Win11 - INFO - test is complete
2025-05-03 18:24:32,414[5200] - RobotTest_AcidicPlatform - INFO - test Honda_HER_non-PGM_sample#sulfide_two-shocks_38a_2025-05-03_17-12-05 finished
2025-05-03 18:24:32,610[5200] - OBS_Win - INFO - not in software yet
2025-05-03 18:24:32,941[5200] - OBS_Win - INFO - attempting to open OBS_Win, trial 1 in 3 times...
2025-05-03 18:24:36,508[5200] - OBS_Win - INFO - OBS_Win started
2025-05-03 18:24:36,508[5200] - RobotTest_AcidicPlatform - INFO - unloading the sample to rack_id #14...
2025-05-03 18:25:35,739[5200] - RobotTest_AcidicPlatform - INFO - sample successfully unloaded from the cell
2025-05-03 18:25:39,368[5200] - OBS_Win - INFO - OBS_Win stopped
2025-05-03 18:25:39,823[5200] - OBS_Win - WARNING - cannot find ['OBS_start_record.png'] on screen
2025-05-03 18:25:43,166[5200] - OBS_Win - INFO - OBS_Win started
2025-05-03 18:25:43,166[5200] - RobotTest_AcidicPlatform - INFO - loading the sample from rack_id #15...
2025-05-03 18:26:21,164[5200] - RobotTest_AcidicPlatform - INFO - sample successfully loaded into the cell
2025-05-03 18:26:21,714[5200] - OBS_Win - INFO - OBS_Win stopped
2025-05-03 18:26:24,962[5200] - EC_Lab_Win11 - INFO - not in software yet
2025-05-03 18:26:25,280[5200] - EC_Lab_Win11 - INFO - attempting to open EC_Lab_Win11, trial 1 in 3 times...
2025-05-03 19:08:01,473[5200] - EC_Lab_Win11 - INFO - test is complete
2025-05-03 19:08:01,474[5200] - RobotTest_AcidicPlatform - INFO - test Honda_HER_non-PGM_sample#sulfide_two-shocks_38b_2025-05-03_18-25-39 finished
2025-05-03 19:08:01,687[5200] - OBS_Win - INFO - not in software yet
2025-05-03 19:08:02,007[5200] - OBS_Win - INFO - attempting to open OBS_Win, trial 1 in 3 times...
2025-05-03 19:08:05,547[5200] - OBS_Win - INFO - OBS_Win started
2025-05-03 19:08:05,548[5200] - RobotTest_AcidicPlatform - INFO - unloading the sample to rack_id #15...
2025-05-03 19:09:05,201[5200] - RobotTest_AcidicPlatform - INFO - sample successfully unloaded from the cell
2025-05-03 19:09:08,754[5200] - OBS_Win - INFO - OBS_Win stopped
2025-05-03 19:09:09,211[5200] - OBS_Win - WARNING - cannot find ['OBS_start_record.png'] on screen
2025-05-03 19:09:12,548[5200] - OBS_Win - INFO - OBS_Win started
2025-05-03 19:09:12,548[5200] - RobotTest_AcidicPlatform - INFO - loading the sample from rack_id #16...
2025-05-03 19:09:50,631[5200] - RobotTest_AcidicPlatform - INFO - sample successfully loaded into the cell
2025-05-03 19:09:51,227[5200] - OBS_Win - INFO - OBS_Win stopped
2025-05-03 19:09:54,476[5200] - EC_Lab_Win11 - INFO - not in software yet
2025-05-03 19:09:54,804[5200] - EC_Lab_Win11 - INFO - attempting to open EC_Lab_Win11, trial 1 in 3 times...
2025-05-03 20:21:31,324[5200] - EC_Lab_Win11 - INFO - test is complete
2025-05-03 20:21:31,325[5200] - RobotTest_AcidicPlatform - INFO - test Honda_HER_non-PGM_sample#Pt_a_2025-05-03_19-09-08 finished
2025-05-03 20:21:31,530[5200] - OBS_Win - INFO - not in software yet
2025-05-03 20:21:31,841[5200] - OBS_Win - INFO - attempting to open OBS_Win, trial 1 in 3 times...
2025-05-03 20:21:35,401[5200] - OBS_Win - INFO - OBS_Win started
2025-05-03 20:21:35,401[5200] - RobotTest_AcidicPlatform - INFO - unloading the sample to rack_id #16...
2025-05-03 20:22:35,384[5200] - RobotTest_AcidicPlatform - INFO - sample successfully unloaded from the cell
2025-05-03 20:22:39,017[5200] - OBS_Win - INFO - OBS_Win stopped
2025-05-03 20:22:39,489[5200] - OBS_Win - WARNING - cannot find ['OBS_start_record.png'] on screen
2025-05-03 20:22:42,831[5200] - OBS_Win - INFO - OBS_Win started
2025-05-03 20:22:42,831[5200] - RobotTest_AcidicPlatform - INFO - loading the sample from rack_id #17...
2025-05-03 20:23:21,620[5200] - RobotTest_AcidicPlatform - INFO - sample successfully loaded into the cell
2025-05-03 20:23:22,205[5200] - OBS_Win - INFO - OBS_Win stopped
2025-05-03 20:23:25,451[5200] - EC_Lab_Win11 - INFO - not in software yet
2025-05-03 20:23:25,792[5200] - EC_Lab_Win11 - INFO - attempting to open EC_Lab_Win11, trial 1 in 3 times...
2025-05-03 21:35:07,311[5200] - EC_Lab_Win11 - INFO - test is complete
2025-05-03 21:35:07,311[5200] - RobotTest_AcidicPlatform - INFO - test Honda_HER_non-PGM_sample#Pt_b_2025-05-03_20-22-39 finished
2025-05-03 21:35:07,508[5200] - OBS_Win - INFO - not in software yet
2025-05-03 21:35:07,844[5200] - OBS_Win - INFO - attempting to open OBS_Win, trial 1 in 3 times...
2025-05-03 21:35:11,428[5200] - OBS_Win - INFO - OBS_Win started
2025-05-03 21:35:11,428[5200] - RobotTest_AcidicPlatform - INFO - unloading the sample to rack_id #17...
2025-05-03 21:36:11,939[5200] - RobotTest_AcidicPlatform - INFO - sample successfully unloaded from the cell
2025-05-03 21:36:15,535[5200] - OBS_Win - INFO - OBS_Win stopped
2025-05-03 21:36:15,992[5200] - OBS_Win - WARNING - cannot find ['OBS_start_record.png'] on screen
2025-05-03 21:36:19,335[5200] - OBS_Win - INFO - OBS_Win started
2025-05-03 21:36:19,335[5200] - RobotTest_AcidicPlatform - INFO - loading the sample from rack_id #18...
2025-05-03 21:36:58,584[5200] - RobotTest_AcidicPlatform - INFO - sample successfully loaded into the cell
2025-05-03 21:36:59,231[5200] - OBS_Win - INFO - OBS_Win stopped
2025-05-03 21:37:02,489[5200] - EC_Lab_Win11 - INFO - not in software yet
2025-05-03 21:37:02,822[5200] - EC_Lab_Win11 - INFO - attempting to open EC_Lab_Win11, trial 1 in 3 times...
2025-05-03 22:48:45,932[5200] - EC_Lab_Win11 - INFO - test is complete
2025-05-03 22:48:45,932[5200] - RobotTest_AcidicPlatform - INFO - test Honda_HER_non-PGM_sample#sulfide_single-shocks_31a_2025-05-03_21-36-15 finished
2025-05-03 22:48:46,136[5200] - OBS_Win - INFO - not in software yet
2025-05-03 22:48:46,453[5200] - OBS_Win - INFO - attempting to open OBS_Win, trial 1 in 3 times...
2025-05-03 22:48:50,014[5200] - OBS_Win - INFO - OBS_Win started
2025-05-03 22:48:50,014[5200] - RobotTest_AcidicPlatform - INFO - unloading the sample to rack_id #18...
2025-05-03 22:49:51,023[5200] - RobotTest_AcidicPlatform - INFO - sample successfully unloaded from the cell
2025-05-03 22:49:54,637[5200] - OBS_Win - INFO - OBS_Win stopped
2025-05-03 22:49:55,096[5200] - OBS_Win - WARNING - cannot find ['OBS_start_record.png'] on screen
2025-05-03 22:49:58,439[5200] - OBS_Win - INFO - OBS_Win started
2025-05-03 22:49:58,439[5200] - RobotTest_AcidicPlatform - INFO - loading the sample from rack_id #19...
2025-05-03 22:50:37,911[5200] - RobotTest_AcidicPlatform - INFO - sample successfully loaded into the cell
2025-05-03 22:50:38,531[5200] - OBS_Win - INFO - OBS_Win stopped
2025-05-03 22:50:41,806[5200] - EC_Lab_Win11 - INFO - not in software yet
2025-05-03 22:50:42,128[5200] - EC_Lab_Win11 - INFO - attempting to open EC_Lab_Win11, trial 1 in 3 times...
2025-05-04 00:02:20,528[5200] - EC_Lab_Win11 - INFO - test is complete
2025-05-04 00:02:20,529[5200] - RobotTest_AcidicPlatform - INFO - test Honda_HER_non-PGM_sample#sulfide_single-shocks_31b_2025-05-03_22-49-54 finished
2025-05-04 00:02:20,737[5200] - OBS_Win - INFO - not in software yet
2025-05-04 00:02:21,054[5200] - OBS_Win - INFO - attempting to open OBS_Win, trial 1 in 3 times...
2025-05-04 00:02:24,665[5200] - OBS_Win - INFO - OBS_Win started
2025-05-04 00:02:24,666[5200] - RobotTest_AcidicPlatform - INFO - unloading the sample to rack_id #19...
2025-05-04 00:03:26,064[5200] - RobotTest_AcidicPlatform - INFO - sample successfully unloaded from the cell
2025-05-04 00:03:29,668[5200] - OBS_Win - INFO - OBS_Win stopped
2025-05-04 00:03:30,136[5200] - OBS_Win - WARNING - cannot find ['OBS_start_record.png'] on screen
2025-05-04 00:03:33,485[5200] - OBS_Win - INFO - OBS_Win started
2025-05-04 00:03:33,485[5200] - RobotTest_AcidicPlatform - INFO - loading the sample from rack_id #20...
2025-05-04 00:04:13,347[5200] - RobotTest_AcidicPlatform - INFO - sample successfully loaded into the cell
2025-05-04 00:04:13,961[5200] - OBS_Win - INFO - OBS_Win stopped
2025-05-04 00:04:17,216[5200] - EC_Lab_Win11 - INFO - not in software yet
2025-05-04 00:04:17,531[5200] - EC_Lab_Win11 - INFO - attempting to open EC_Lab_Win11, trial 1 in 3 times...
2025-05-04 01:16:01,689[5200] - EC_Lab_Win11 - INFO - test is complete
2025-05-04 01:16:01,689[5200] - RobotTest_AcidicPlatform - INFO - test Honda_HER_non-PGM_sample#sulfide_single-shocks_32a_2025-05-04_00-03-29 finished
2025-05-04 01:16:01,895[5200] - OBS_Win - INFO - not in software yet
2025-05-04 01:16:02,221[5200] - OBS_Win - INFO - attempting to open OBS_Win, trial 1 in 3 times...
2025-05-04 01:16:05,810[5200] - OBS_Win - INFO - OBS_Win started
2025-05-04 01:16:05,810[5200] - RobotTest_AcidicPlatform - INFO - unloading the sample to rack_id #20...
2025-05-04 01:17:07,546[5200] - RobotTest_AcidicPlatform - INFO - sample successfully unloaded from the cell
2025-05-04 01:17:11,185[5200] - OBS_Win - INFO - OBS_Win stopped
2025-05-04 01:17:11,667[5200] - OBS_Win - WARNING - cannot find ['OBS_start_record.png'] on screen
2025-05-04 01:17:15,008[5200] - OBS_Win - INFO - OBS_Win started
2025-05-04 01:17:15,008[5200] - RobotTest_AcidicPlatform - INFO - loading the sample from rack_id #21...
2025-05-04 01:17:55,613[5200] - RobotTest_AcidicPlatform - INFO - sample successfully loaded into the cell
2025-05-04 01:17:56,208[5200] - OBS_Win - INFO - OBS_Win stopped
2025-05-04 01:17:59,486[5200] - EC_Lab_Win11 - INFO - not in software yet
2025-05-04 01:17:59,816[5200] - EC_Lab_Win11 - INFO - attempting to open EC_Lab_Win11, trial 1 in 3 times...
2025-05-04 02:29:40,495[5200] - EC_Lab_Win11 - INFO - test is complete
2025-05-04 02:29:40,495[5200] - RobotTest_AcidicPlatform - INFO - test Honda_HER_non-PGM_sample#sulfide_single-shocks_32b_2025-05-04_01-17-11 finished
2025-05-04 02:29:40,704[5200] - OBS_Win - INFO - not in software yet
2025-05-04 02:29:41,028[5200] - OBS_Win - INFO - attempting to open OBS_Win, trial 1 in 3 times...
2025-05-04 02:29:44,564[5200] - OBS_Win - INFO - OBS_Win started
2025-05-04 02:29:44,564[5200] - RobotTest_AcidicPlatform - INFO - unloading the sample to rack_id #21...
2025-05-04 02:30:46,753[5200] - RobotTest_AcidicPlatform - INFO - sample successfully unloaded from the cell
2025-05-04 02:30:50,371[5200] - OBS_Win - INFO - OBS_Win stopped
2025-05-04 02:30:50,832[5200] - OBS_Win - WARNING - cannot find ['OBS_start_record.png'] on screen
2025-05-04 02:30:54,160[5200] - OBS_Win - INFO - OBS_Win started
2025-05-04 02:30:54,160[5200] - RobotTest_AcidicPlatform - INFO - loading the sample from rack_id #22...
2025-05-04 02:31:35,044[5200] - RobotTest_AcidicPlatform - INFO - sample successfully loaded into the cell
2025-05-04 02:31:35,658[5200] - OBS_Win - INFO - OBS_Win stopped
2025-05-04 02:31:38,906[5200] - EC_Lab_Win11 - INFO - not in software yet
2025-05-04 02:31:39,225[5200] - EC_Lab_Win11 - INFO - attempting to open EC_Lab_Win11, trial 1 in 3 times...
2025-05-04 03:43:17,152[5200] - EC_Lab_Win11 - INFO - test is complete
2025-05-04 03:43:17,153[5200] - RobotTest_AcidicPlatform - INFO - test Honda_HER_non-PGM_sample#sulfide_single-shocks_33a_2025-05-04_02-30-50 finished
2025-05-04 03:43:17,350[5200] - OBS_Win - INFO - not in software yet
2025-05-04 03:43:17,673[5200] - OBS_Win - INFO - attempting to open OBS_Win, trial 1 in 3 times...
2025-05-04 03:43:21,279[5200] - OBS_Win - INFO - OBS_Win started
2025-05-04 03:43:21,279[5200] - RobotTest_AcidicPlatform - INFO - unloading the sample to rack_id #22...
2025-05-04 03:44:24,030[5200] - RobotTest_AcidicPlatform - INFO - sample successfully unloaded from the cell
2025-05-04 03:44:27,642[5200] - OBS_Win - INFO - OBS_Win stopped
2025-05-04 03:44:28,107[5200] - OBS_Win - WARNING - cannot find ['OBS_start_record.png'] on screen
2025-05-04 03:44:31,452[5200] - OBS_Win - INFO - OBS_Win started
2025-05-04 03:44:31,452[5200] - RobotTest_AcidicPlatform - INFO - loading the sample from rack_id #23...
2025-05-04 03:45:12,659[5200] - RobotTest_AcidicPlatform - INFO - sample successfully loaded into the cell
2025-05-04 03:45:13,269[5200] - OBS_Win - INFO - OBS_Win stopped
2025-05-04 03:45:16,533[5200] - EC_Lab_Win11 - INFO - not in software yet
2025-05-04 03:45:16,882[5200] - EC_Lab_Win11 - INFO - attempting to open EC_Lab_Win11, trial 1 in 3 times...
2025-05-04 04:57:02,054[5200] - EC_Lab_Win11 - INFO - test is complete
2025-05-04 04:57:02,054[5200] - RobotTest_AcidicPlatform - INFO - test Honda_HER_non-PGM_sample#sulfide_single-shocks_33b_2025-05-04_03-44-27 finished
2025-05-04 04:57:02,249[5200] - OBS_Win - INFO - not in software yet
2025-05-04 04:57:02,578[5200] - OBS_Win - INFO - attempting to open OBS_Win, trial 1 in 3 times...
2025-05-04 04:57:06,173[5200] - OBS_Win - INFO - OBS_Win started
2025-05-04 04:57:06,173[5200] - RobotTest_AcidicPlatform - INFO - unloading the sample to rack_id #23...
2025-05-04 04:58:09,206[5200] - RobotTest_AcidicPlatform - INFO - sample successfully unloaded from the cell
2025-05-04 04:58:12,849[5200] - OBS_Win - INFO - OBS_Win stopped
2025-05-04 04:58:13,295[5200] - OBS_Win - WARNING - cannot find ['OBS_start_record.png'] on screen
2025-05-04 04:58:16,637[5200] - OBS_Win - INFO - OBS_Win started
2025-05-04 04:58:16,637[5200] - RobotTest_AcidicPlatform - INFO - loading the sample from rack_id #24...
2025-05-04 04:58:58,519[5200] - RobotTest_AcidicPlatform - INFO - sample successfully loaded into the cell
2025-05-04 04:58:59,102[5200] - OBS_Win - INFO - OBS_Win stopped
2025-05-04 04:59:02,357[5200] - EC_Lab_Win11 - INFO - not in software yet
2025-05-04 04:59:02,668[5200] - EC_Lab_Win11 - INFO - attempting to open EC_Lab_Win11, trial 1 in 3 times...
2025-05-04 06:10:50,215[5200] - EC_Lab_Win11 - INFO - test is complete
2025-05-04 06:10:50,215[5200] - RobotTest_AcidicPlatform - INFO - test Honda_HER_non-PGM_sample#sulfide_single-shocks_34a_2025-05-04_04-58-12 finished
2025-05-04 06:10:50,413[5200] - OBS_Win - INFO - not in software yet
2025-05-04 06:10:50,737[5200] - OBS_Win - INFO - attempting to open OBS_Win, trial 1 in 3 times...
2025-05-04 06:10:54,302[5200] - OBS_Win - INFO - OBS_Win started
2025-05-04 06:10:54,302[5200] - RobotTest_AcidicPlatform - INFO - unloading the sample to rack_id #24...
2025-05-04 06:11:57,836[5200] - RobotTest_AcidicPlatform - INFO - sample successfully unloaded from the cell
2025-05-04 06:12:01,444[5200] - OBS_Win - INFO - OBS_Win stopped
2025-05-04 06:12:01,930[5200] - OBS_Win - WARNING - cannot find ['OBS_start_record.png'] on screen
2025-05-04 06:12:05,272[5200] - OBS_Win - INFO - OBS_Win started
2025-05-04 06:12:05,272[5200] - RobotTest_AcidicPlatform - INFO - loading the sample from rack_id #25...
2025-05-04 06:12:47,437[5200] - RobotTest_AcidicPlatform - INFO - sample successfully loaded into the cell
2025-05-04 06:12:48,051[5200] - OBS_Win - INFO - OBS_Win stopped
2025-05-04 06:12:51,314[5200] - EC_Lab_Win11 - INFO - not in software yet
2025-05-04 06:12:51,636[5200] - EC_Lab_Win11 - INFO - attempting to open EC_Lab_Win11, trial 1 in 3 times...
2025-05-04 06:54:32,939[5200] - EC_Lab_Win11 - INFO - test is complete
2025-05-04 06:54:32,940[5200] - RobotTest_AcidicPlatform - INFO - test Honda_HER_non-PGM_sample#sulfide_single-shocks_34b_2025-05-04_06-12-01 finished
2025-05-04 06:54:33,157[5200] - OBS_Win - INFO - not in software yet
2025-05-04 06:54:33,494[5200] - OBS_Win - INFO - attempting to open OBS_Win, trial 1 in 3 times...
2025-05-04 06:54:37,050[5200] - OBS_Win - INFO - OBS_Win started
2025-05-04 06:54:37,050[5200] - RobotTest_AcidicPlatform - INFO - unloading the sample to rack_id #25...
2025-05-04 06:55:41,074[5200] - RobotTest_AcidicPlatform - INFO - sample successfully unloaded from the cell
2025-05-04 06:55:44,703[5200] - OBS_Win - INFO - OBS_Win stopped
2025-05-04 06:55:45,177[5200] - OBS_Win - WARNING - cannot find ['OBS_start_record.png'] on screen
2025-05-04 06:55:48,506[5200] - OBS_Win - INFO - OBS_Win started
2025-05-04 06:55:48,506[5200] - RobotTest_AcidicPlatform - INFO - loading the sample from rack_id #26...
2025-05-04 06:56:31,124[5200] - RobotTest_AcidicPlatform - INFO - sample successfully loaded into the cell
2025-05-04 06:56:31,722[5200] - OBS_Win - INFO - OBS_Win stopped
2025-05-04 06:56:34,976[5200] - EC_Lab_Win11 - INFO - not in software yet
2025-05-04 06:56:35,301[5200] - EC_Lab_Win11 - INFO - attempting to open EC_Lab_Win11, trial 1 in 3 times...
2025-05-04 08:08:19,123[5200] - EC_Lab_Win11 - INFO - test is complete
2025-05-04 08:08:19,124[5200] - RobotTest_AcidicPlatform - INFO - test Honda_HER_non-PGM_sample#sulfide_single-shocks_35a_2025-05-04_06-55-44 finished
2025-05-04 08:08:19,325[5200] - OBS_Win - INFO - not in software yet
2025-05-04 08:08:19,620[5200] - OBS_Win - INFO - attempting to open OBS_Win, trial 1 in 3 times...
2025-05-04 08:08:23,169[5200] - OBS_Win - INFO - OBS_Win started
2025-05-04 08:08:23,169[5200] - RobotTest_AcidicPlatform - INFO - unloading the sample to rack_id #26...
2025-05-04 08:09:27,507[5200] - RobotTest_AcidicPlatform - INFO - sample successfully unloaded from the cell
2025-05-04 08:09:31,112[5200] - OBS_Win - INFO - OBS_Win stopped
2025-05-04 08:09:31,575[5200] - OBS_Win - WARNING - cannot find ['OBS_start_record.png'] on screen
2025-05-04 08:09:34,908[5200] - OBS_Win - INFO - OBS_Win started
2025-05-04 08:09:34,908[5200] - RobotTest_AcidicPlatform - INFO - loading the sample from rack_id #27...
2025-05-04 08:10:17,864[5200] - RobotTest_AcidicPlatform - INFO - sample successfully loaded into the cell
2025-05-04 08:10:18,431[5200] - OBS_Win - INFO - OBS_Win stopped
2025-05-04 08:10:21,685[5200] - EC_Lab_Win11 - INFO - not in software yet
2025-05-04 08:10:22,015[5200] - EC_Lab_Win11 - INFO - attempting to open EC_Lab_Win11, trial 1 in 3 times...
2025-05-04 09:22:02,251[5200] - EC_Lab_Win11 - INFO - test is complete
2025-05-04 09:22:02,251[5200] - RobotTest_AcidicPlatform - INFO - test Honda_HER_non-PGM_sample#sulfide_single-shocks_35b_2025-05-04_08-09-31 finished
2025-05-04 09:22:02,448[5200] - OBS_Win - INFO - not in software yet
2025-05-04 09:22:02,771[5200] - OBS_Win - INFO - attempting to open OBS_Win, trial 1 in 3 times...
2025-05-04 09:22:06,355[5200] - OBS_Win - INFO - OBS_Win started
2025-05-04 09:22:06,355[5200] - RobotTest_AcidicPlatform - INFO - unloading the sample to rack_id #27...
2025-05-04 09:23:11,189[5200] - RobotTest_AcidicPlatform - INFO - sample successfully unloaded from the cell
2025-05-04 09:23:14,809[5200] - OBS_Win - INFO - OBS_Win stopped
2025-05-04 09:23:15,245[5200] - OBS_Win - WARNING - cannot find ['OBS_start_record.png'] on screen
2025-05-04 09:23:18,576[5200] - OBS_Win - INFO - OBS_Win started
2025-05-04 09:23:18,576[5200] - RobotTest_AcidicPlatform - INFO - loading the sample from rack_id #28...
2025-05-04 09:24:02,064[5200] - RobotTest_AcidicPlatform - INFO - sample successfully loaded into the cell
2025-05-04 09:24:02,631[5200] - OBS_Win - INFO - OBS_Win stopped
2025-05-04 09:24:05,877[5200] - EC_Lab_Win11 - INFO - not in software yet
2025-05-04 09:24:06,197[5200] - EC_Lab_Win11 - INFO - attempting to open EC_Lab_Win11, trial 1 in 3 times...
2025-05-04 10:35:45,604[5200] - EC_Lab_Win11 - INFO - test is complete
2025-05-04 10:35:45,604[5200] - RobotTest_AcidicPlatform - INFO - test Honda_HER_non-PGM_sample#sulfide_single-shocks_36a_2025-05-04_09-23-14 finished
2025-05-04 10:35:45,821[5200] - OBS_Win - INFO - not in software yet
2025-05-04 10:35:46,158[5200] - OBS_Win - INFO - attempting to open OBS_Win, trial 1 in 3 times...
2025-05-04 10:35:49,716[5200] - OBS_Win - INFO - OBS_Win started
2025-05-04 10:35:49,716[5200] - RobotTest_AcidicPlatform - INFO - unloading the sample to rack_id #28...
2025-05-04 10:36:54,924[5200] - RobotTest_AcidicPlatform - INFO - sample successfully unloaded from the cell
2025-05-04 10:36:58,477[5200] - OBS_Win - INFO - OBS_Win stopped
2025-05-04 10:36:58,935[5200] - OBS_Win - WARNING - cannot find ['OBS_start_record.png'] on screen
2025-05-04 10:37:02,276[5200] - OBS_Win - INFO - OBS_Win started
2025-05-04 10:37:02,276[5200] - RobotTest_AcidicPlatform - INFO - loading the sample from rack_id #29...
2025-05-04 10:37:46,052[5200] - RobotTest_AcidicPlatform - INFO - sample successfully loaded into the cell
2025-05-04 10:37:46,651[5200] - OBS_Win - INFO - OBS_Win stopped
2025-05-04 10:37:49,903[5200] - EC_Lab_Win11 - INFO - not in software yet
2025-05-04 10:37:50,232[5200] - EC_Lab_Win11 - INFO - attempting to open EC_Lab_Win11, trial 1 in 3 times...
2025-05-04 11:19:26,188[5200] - EC_Lab_Win11 - INFO - test is complete
2025-05-04 11:19:26,188[5200] - RobotTest_AcidicPlatform - INFO - test Honda_HER_non-PGM_sample#sulfide_single-shocks_36b_2025-05-04_10-36-58 finished
2025-05-04 11:19:26,382[5200] - OBS_Win - INFO - not in software yet
2025-05-04 11:19:26,701[5200] - OBS_Win - INFO - attempting to open OBS_Win, trial 1 in 3 times...
2025-05-04 11:19:30,281[5200] - OBS_Win - INFO - OBS_Win started
2025-05-04 11:19:30,281[5200] - RobotTest_AcidicPlatform - INFO - unloading the sample to rack_id #29...
2025-05-04 11:20:35,954[5200] - RobotTest_AcidicPlatform - INFO - sample successfully unloaded from the cell
2025-05-04 11:20:39,544[5200] - OBS_Win - INFO - OBS_Win stopped
2025-05-09 14:56:08,981[38708] - RobotTest_AcidicPlatform - INFO - started a batch of test, with sample_rack_id : sample_id = {1: 'dummy'}
2025-05-09 14:56:15,173[38708] - OBS_Win - INFO - not in software yet
2025-05-09 14:56:15,506[38708] - OBS_Win - INFO - attempting to open OBS_Win, trial 1 in 3 times...
2025-05-09 14:56:19,076[38708] - OBS_Win - INFO - OBS_Win started
2025-05-09 14:56:19,076[38708] - RobotTest_AcidicPlatform - INFO - loading the sample from rack_id #1...
2025-05-09 14:56:58,129[38708] - RobotTest_AcidicPlatform - INFO - sample successfully loaded into the cell
2025-05-09 14:56:58,745[38708] - OBS_Win - INFO - OBS_Win stopped
2025-05-09 14:57:01,989[38708] - EC_Lab_Win11 - INFO - not in software yet
2025-05-09 14:57:02,295[38708] - EC_Lab_Win11 - INFO - attempting to open EC_Lab_Win11, trial 1 in 3 times...
2025-05-09 14:57:38,016[38708] - EC_Lab_Win11 - INFO - test is complete
2025-05-09 14:57:38,016[38708] - RobotTest_AcidicPlatform - INFO - test Honda_HER_non-PGM_sample#dummy_2025-05-09_14-56-14 finished
2025-05-09 14:57:38,225[38708] - OBS_Win - INFO - not in software yet
2025-05-09 14:57:38,547[38708] - OBS_Win - INFO - attempting to open OBS_Win, trial 1 in 3 times...
2025-05-09 14:57:42,104[38708] - OBS_Win - INFO - OBS_Win started
2025-05-09 14:57:42,104[38708] - RobotTest_AcidicPlatform - INFO - unloading the sample to rack_id #1...
2025-05-09 14:58:41,532[38708] - RobotTest_AcidicPlatform - INFO - sample successfully unloaded from the cell
2025-05-09 14:58:45,142[38708] - OBS_Win - INFO - OBS_Win stopped
2025-05-09 15:36:30,115[17196] - RobotTest_AcidicPlatform - INFO - started a batch of test, with sample_rack_id : sample_id = {1: 'dummy'}
2025-05-09 15:36:36,201[17196] - OBS_Win - INFO - not in software yet
2025-05-09 15:36:36,529[17196] - OBS_Win - INFO - attempting to open OBS_Win, trial 1 in 3 times...
2025-05-09 15:36:40,230[17196] - OBS_Win - INFO - OBS_Win started
2025-05-09 15:36:40,230[17196] - RobotTest_AcidicPlatform - INFO - loading the sample from rack_id #1...
2025-05-09 15:37:19,501[17196] - RobotTest_AcidicPlatform - INFO - sample successfully loaded into the cell
2025-05-09 15:37:20,326[17196] - OBS_Win - INFO - OBS_Win stopped
2025-05-09 15:37:23,671[17196] - EC_Lab_Win11 - INFO - not in software yet
2025-05-09 15:37:24,053[17196] - EC_Lab_Win11 - INFO - attempting to open EC_Lab_Win11, trial 1 in 3 times...
2025-05-09 15:37:59,860[17196] - EC_Lab_Win11 - INFO - test is complete
2025-05-09 15:37:59,860[17196] - RobotTest_AcidicPlatform - INFO - test Honda_HER_non-PGM_sample#dummy_2025-05-09_15-36-35 finished
2025-05-09 15:38:00,070[17196] - OBS_Win - INFO - not in software yet
2025-05-09 15:38:00,387[17196] - OBS_Win - INFO - attempting to open OBS_Win, trial 1 in 3 times...
2025-05-09 15:38:03,957[17196] - OBS_Win - INFO - OBS_Win started
2025-05-09 15:38:03,957[17196] - RobotTest_AcidicPlatform - INFO - unloading the sample to rack_id #1...
2025-05-09 15:39:03,306[17196] - RobotTest_AcidicPlatform - INFO - sample successfully unloaded from the cell
2025-05-09 15:39:06,912[17196] - OBS_Win - INFO - OBS_Win stopped
2025-07-21 21:41:44,283[9948] - RobotTest_AcidicPlatform - INFO - started a batch of test, with sample_rack_id : sample_id = {18: 'sulfide_single-load_31a', 19: 'sulfide_single-load_31a', 20: 'sulfide_single-load_33a', 21: 'sulfide_single-load_33a', 22: 'sulfide_single-load_36a', 23: 'sulfide_single-load_36a', 24: 'sulfide_single-load_35a', 25: 'sulfide_single-load_35a', 26: 'sulfide_double-load_31a', 27: 'sulfide_double-load_31a', 28: 'sulfide_double-load_33a', 29: 'sulfide_double-load_33a', 30: 'sulfide_double-load_36a', 31: 'double-load_36a', 32: 'sulfide_double-load_35a', 33: 'sulfide_double-load_35a'}
2025-07-21 21:41:56,992[9948] - OBS_Win - INFO - not in software yet
2025-07-21 21:41:57,334[9948] - OBS_Win - INFO - attempting to open OBS_Win, trial 1 in 3 times...
2025-07-21 21:42:01,061[9948] - OBS_Win - INFO - OBS_Win started
2025-07-21 21:42:01,061[9948] - RobotTest_AcidicPlatform - INFO - loading the sample from rack_id #18...
2025-07-21 21:42:45,252[9948] - RobotTest_AcidicPlatform - INFO - sample successfully loaded into the cell
2025-07-21 21:42:45,973[9948] - OBS_Win - INFO - OBS_Win stopped
2025-07-21 21:42:49,309[9948] - EC_Lab_Win11 - INFO - not in software yet
2025-07-21 21:42:49,701[9948] - EC_Lab_Win11 - INFO - attempting to open EC_Lab_Win11, trial 1 in 3 times...
2025-07-21 21:52:16,259[9948] - RobotTest_AcidicPlatform - INFO - human operating, fail to detect...
2025-07-21 21:52:26,262[9948] - RobotTest_AcidicPlatform - INFO - human operating, fail to detect...
2025-07-21 21:52:36,272[9948] - RobotTest_AcidicPlatform - INFO - human operating, fail to detect...
2025-07-21 21:52:47,133[9948] - EC_Lab_Win11 - INFO - not in software yet
2025-07-21 21:52:47,465[9948] - EC_Lab_Win11 - INFO - attempting to open EC_Lab_Win11, trial 1 in 3 times...
2025-07-21 21:52:50,705[9948] - EC_Lab_Win11 - INFO - not in software yet
2025-07-21 21:52:51,034[9948] - EC_Lab_Win11 - INFO - attempting to open EC_Lab_Win11, trial 2 in 3 times...
2025-07-21 22:54:15,025[9948] - EC_Lab_Win11 - INFO - test is complete
2025-07-21 22:54:15,025[9948] - RobotTest_AcidicPlatform - INFO - test Honda_HER_non-PGM_sample#sulfide_single-load_31a_2025-07-21_21-41-56 finished
2025-07-21 22:54:15,232[9948] - OBS_Win - INFO - not in software yet
2025-07-21 22:54:15,562[9948] - OBS_Win - INFO - attempting to open OBS_Win, trial 1 in 3 times...
2025-07-21 22:54:19,103[9948] - OBS_Win - INFO - OBS_Win started
2025-07-21 22:54:19,103[9948] - RobotTest_AcidicPlatform - INFO - unloading the sample to rack_id #18...
2025-07-21 22:55:20,081[9948] - RobotTest_AcidicPlatform - INFO - sample successfully unloaded from the cell
2025-07-21 22:55:23,666[9948] - OBS_Win - INFO - OBS_Win stopped
2025-07-21 22:55:24,147[9948] - OBS_Win - WARNING - cannot find ['OBS_start_record.png'] on screen
2025-07-21 22:55:27,474[9948] - OBS_Win - INFO - OBS_Win started
2025-07-21 22:55:27,474[9948] - RobotTest_AcidicPlatform - INFO - loading the sample from rack_id #19...
2025-07-21 22:56:07,135[9948] - RobotTest_AcidicPlatform - INFO - sample successfully loaded into the cell
2025-07-21 22:56:07,716[9948] - OBS_Win - INFO - OBS_Win stopped
2025-07-21 22:56:10,965[9948] - EC_Lab_Win11 - INFO - not in software yet
2025-07-21 22:56:11,281[9948] - EC_Lab_Win11 - INFO - attempting to open EC_Lab_Win11, trial 1 in 3 times...
2025-07-22 00:07:32,135[9948] - EC_Lab_Win11 - INFO - test is complete
2025-07-22 00:07:32,135[9948] - RobotTest_AcidicPlatform - INFO - test Honda_HER_non-PGM_sample#sulfide_single-load_31a_2025-07-21_22-55-23 finished
2025-07-22 00:07:32,338[9948] - OBS_Win - INFO - not in software yet
2025-07-22 00:07:32,667[9948] - OBS_Win - INFO - attempting to open OBS_Win, trial 1 in 3 times...
2025-07-22 00:07:36,224[9948] - OBS_Win - INFO - OBS_Win started
2025-07-22 00:07:36,224[9948] - RobotTest_AcidicPlatform - INFO - unloading the sample to rack_id #19...
2025-07-22 00:08:37,596[9948] - RobotTest_AcidicPlatform - INFO - sample successfully unloaded from the cell
2025-07-22 00:08:41,193[9948] - OBS_Win - INFO - OBS_Win stopped
2025-07-22 00:08:41,622[9948] - OBS_Win - WARNING - cannot find ['OBS_start_record.png'] on screen
2025-07-22 00:08:44,965[9948] - OBS_Win - INFO - OBS_Win started
2025-07-22 00:08:44,965[9948] - RobotTest_AcidicPlatform - INFO - loading the sample from rack_id #20...
2025-07-22 00:09:25,088[9948] - RobotTest_AcidicPlatform - INFO - sample successfully loaded into the cell
2025-07-22 00:09:25,644[9948] - OBS_Win - INFO - OBS_Win stopped
2025-07-22 00:09:28,881[9948] - EC_Lab_Win11 - INFO - not in software yet
2025-07-22 00:09:29,205[9948] - EC_Lab_Win11 - INFO - attempting to open EC_Lab_Win11, trial 1 in 3 times...
2025-07-22 01:20:51,108[9948] - EC_Lab_Win11 - INFO - test is complete
2025-07-22 01:20:51,108[9948] - RobotTest_AcidicPlatform - INFO - test Honda_HER_non-PGM_sample#sulfide_single-load_33a_2025-07-22_00-08-41 finished
2025-07-22 01:20:51,304[9948] - OBS_Win - INFO - not in software yet
2025-07-22 01:20:51,625[9948] - OBS_Win - INFO - attempting to open OBS_Win, trial 1 in 3 times...
2025-07-22 01:20:55,164[9948] - OBS_Win - INFO - OBS_Win started
2025-07-22 01:20:55,164[9948] - RobotTest_AcidicPlatform - INFO - unloading the sample to rack_id #20...
2025-07-22 01:21:57,010[9948] - RobotTest_AcidicPlatform - INFO - sample successfully unloaded from the cell
2025-07-22 01:22:00,623[9948] - OBS_Win - INFO - OBS_Win stopped
2025-07-22 01:22:01,081[9948] - OBS_Win - WARNING - cannot find ['OBS_start_record.png'] on screen
2025-07-22 01:22:04,423[9948] - OBS_Win - INFO - OBS_Win started
2025-07-22 01:22:04,423[9948] - RobotTest_AcidicPlatform - INFO - loading the sample from rack_id #21...
2025-07-22 01:22:44,718[9948] - RobotTest_AcidicPlatform - INFO - sample successfully loaded into the cell
2025-07-22 01:22:45,287[9948] - OBS_Win - INFO - OBS_Win stopped
2025-07-22 01:22:48,540[9948] - EC_Lab_Win11 - INFO - not in software yet
2025-07-22 01:22:48,852[9948] - EC_Lab_Win11 - INFO - attempting to open EC_Lab_Win11, trial 1 in 3 times...
2025-07-22 02:34:21,544[9948] - EC_Lab_Win11 - INFO - test is complete
2025-07-22 02:34:21,544[9948] - RobotTest_AcidicPlatform - INFO - test Honda_HER_non-PGM_sample#sulfide_single-load_33a_2025-07-22_01-22-00 finished
2025-07-22 02:34:21,740[9948] - OBS_Win - INFO - not in software yet
2025-07-22 02:34:22,072[9948] - OBS_Win - INFO - attempting to open OBS_Win, trial 1 in 3 times...
2025-07-22 02:34:25,627[9948] - OBS_Win - INFO - OBS_Win started
2025-07-22 02:34:25,627[9948] - RobotTest_AcidicPlatform - INFO - unloading the sample to rack_id #21...
2025-07-22 02:35:27,892[9948] - RobotTest_AcidicPlatform - INFO - sample successfully unloaded from the cell
2025-07-22 02:35:31,483[9948] - OBS_Win - INFO - OBS_Win stopped
2025-07-22 02:35:31,926[9948] - OBS_Win - WARNING - cannot find ['OBS_start_record.png'] on screen
2025-07-22 02:35:35,263[9948] - OBS_Win - INFO - OBS_Win started
2025-07-22 02:35:35,263[9948] - RobotTest_AcidicPlatform - INFO - loading the sample from rack_id #22...
2025-07-22 02:36:16,171[9948] - RobotTest_AcidicPlatform - INFO - sample successfully loaded into the cell
2025-07-22 02:36:16,727[9948] - OBS_Win - INFO - OBS_Win stopped
2025-07-22 02:36:19,974[9948] - EC_Lab_Win11 - INFO - not in software yet
2025-07-22 02:36:20,290[9948] - EC_Lab_Win11 - INFO - attempting to open EC_Lab_Win11, trial 1 in 3 times...
2025-07-22 02:36:57,607[9948] - EC_Lab_Win11 - INFO - not in software yet
2025-07-22 02:36:57,924[9948] - EC_Lab_Win11 - INFO - attempting to open EC_Lab_Win11, trial 1 in 3 times...
2025-07-22 02:37:01,183[9948] - EC_Lab_Win11 - INFO - not in software yet
2025-07-22 02:37:01,496[9948] - EC_Lab_Win11 - INFO - attempting to open EC_Lab_Win11, trial 2 in 3 times...
2025-07-22 03:47:46,961[9948] - EC_Lab_Win11 - INFO - test is complete
2025-07-22 03:47:46,962[9948] - RobotTest_AcidicPlatform - INFO - test Honda_HER_non-PGM_sample#sulfide_single-load_36a_2025-07-22_02-35-31 finished
2025-07-22 03:47:47,161[9948] - OBS_Win - INFO - not in software yet
2025-07-22 03:47:47,486[9948] - OBS_Win - INFO - attempting to open OBS_Win, trial 1 in 3 times...
2025-07-22 03:47:51,015[9948] - OBS_Win - INFO - OBS_Win started
2025-07-22 03:47:51,015[9948] - RobotTest_AcidicPlatform - INFO - unloading the sample to rack_id #22...
2025-07-22 03:48:53,559[9948] - RobotTest_AcidicPlatform - INFO - sample successfully unloaded from the cell
2025-07-22 03:48:57,131[9948] - OBS_Win - INFO - OBS_Win stopped
2025-07-22 03:48:57,563[9948] - OBS_Win - WARNING - cannot find ['OBS_start_record.png'] on screen
2025-07-22 03:49:00,886[9948] - OBS_Win - INFO - OBS_Win started
2025-07-22 03:49:00,886[9948] - RobotTest_AcidicPlatform - INFO - loading the sample from rack_id #23...
2025-07-22 03:49:42,159[9948] - RobotTest_AcidicPlatform - INFO - sample successfully loaded into the cell
2025-07-22 03:49:42,711[9948] - OBS_Win - INFO - OBS_Win stopped
2025-07-22 03:49:45,946[9948] - EC_Lab_Win11 - INFO - not in software yet
2025-07-22 03:49:46,257[9948] - EC_Lab_Win11 - INFO - attempting to open EC_Lab_Win11, trial 1 in 3 times...
2025-07-22 05:01:15,690[9948] - EC_Lab_Win11 - INFO - test is complete
2025-07-22 05:01:15,690[9948] - RobotTest_AcidicPlatform - INFO - test Honda_HER_non-PGM_sample#sulfide_single-load_36a_2025-07-22_03-48-57 finished
2025-07-22 05:01:15,894[9948] - OBS_Win - INFO - not in software yet
2025-07-22 05:01:16,214[9948] - OBS_Win - INFO - attempting to open OBS_Win, trial 1 in 3 times...
2025-07-22 05:01:19,747[9948] - OBS_Win - INFO - OBS_Win started
2025-07-22 05:01:19,747[9948] - RobotTest_AcidicPlatform - INFO - unloading the sample to rack_id #23...
2025-07-22 05:02:22,760[9948] - RobotTest_AcidicPlatform - INFO - sample successfully unloaded from the cell
2025-07-22 05:02:26,372[9948] - OBS_Win - INFO - OBS_Win stopped
2025-07-22 05:02:26,846[9948] - OBS_Win - WARNING - cannot find ['OBS_start_record.png'] on screen
2025-07-22 05:02:30,163[9948] - OBS_Win - INFO - OBS_Win started
2025-07-22 05:02:30,163[9948] - RobotTest_AcidicPlatform - INFO - loading the sample from rack_id #24...
2025-07-22 05:03:11,992[9948] - RobotTest_AcidicPlatform - INFO - sample successfully loaded into the cell
2025-07-22 05:03:12,591[9948] - OBS_Win - INFO - OBS_Win stopped
2025-07-22 05:03:15,846[9948] - EC_Lab_Win11 - INFO - not in software yet
2025-07-22 05:03:16,158[9948] - EC_Lab_Win11 - INFO - attempting to open EC_Lab_Win11, trial 1 in 3 times...
2025-07-22 05:31:38,743[9948] - EC_Lab_Win11 - INFO - test is complete
2025-07-22 05:31:38,743[9948] - RobotTest_AcidicPlatform - INFO - test Honda_HER_non-PGM_sample#sulfide_single-load_35a_2025-07-22_05-02-26 finished
2025-07-22 05:31:38,941[9948] - OBS_Win - INFO - not in software yet
2025-07-22 05:31:39,275[9948] - OBS_Win - INFO - attempting to open OBS_Win, trial 1 in 3 times...
2025-07-22 05:31:42,814[9948] - OBS_Win - INFO - OBS_Win started
2025-07-22 05:31:42,814[9948] - RobotTest_AcidicPlatform - INFO - unloading the sample to rack_id #24...
2025-07-22 05:32:46,390[9948] - RobotTest_AcidicPlatform - INFO - sample successfully unloaded from the cell
2025-07-22 05:32:49,957[9948] - OBS_Win - INFO - OBS_Win stopped
2025-07-22 05:32:50,443[9948] - OBS_Win - WARNING - cannot find ['OBS_start_record.png'] on screen
2025-07-22 05:32:53,773[9948] - OBS_Win - INFO - OBS_Win started
2025-07-22 05:32:53,773[9948] - RobotTest_AcidicPlatform - INFO - loading the sample from rack_id #25...
2025-07-22 05:33:35,979[9948] - RobotTest_AcidicPlatform - INFO - sample successfully loaded into the cell
2025-07-22 05:33:36,548[9948] - OBS_Win - INFO - OBS_Win stopped
2025-07-22 05:33:39,781[9948] - EC_Lab_Win11 - INFO - not in software yet
2025-07-22 05:33:40,093[9948] - EC_Lab_Win11 - INFO - attempting to open EC_Lab_Win11, trial 1 in 3 times...
2025-07-22 06:45:09,988[9948] - EC_Lab_Win11 - INFO - test is complete
2025-07-22 06:45:09,988[9948] - RobotTest_AcidicPlatform - INFO - test Honda_HER_non-PGM_sample#sulfide_single-load_35a_2025-07-22_05-32-49 finished
2025-07-22 06:45:10,190[9948] - OBS_Win - INFO - not in software yet
2025-07-22 06:45:10,516[9948] - OBS_Win - INFO - attempting to open OBS_Win, trial 1 in 3 times...
2025-07-22 06:45:14,135[9948] - OBS_Win - INFO - OBS_Win started
2025-07-22 06:45:14,135[9948] - RobotTest_AcidicPlatform - INFO - unloading the sample to rack_id #25...
2025-07-22 06:46:18,202[9948] - RobotTest_AcidicPlatform - INFO - sample successfully unloaded from the cell
2025-07-22 06:46:21,775[9948] - OBS_Win - INFO - OBS_Win stopped
2025-07-22 06:46:22,232[9948] - OBS_Win - WARNING - cannot find ['OBS_start_record.png'] on screen
2025-07-22 06:46:25,557[9948] - OBS_Win - INFO - OBS_Win started
2025-07-22 06:46:25,557[9948] - RobotTest_AcidicPlatform - INFO - loading the sample from rack_id #26...
2025-07-22 06:47:08,054[9948] - RobotTest_AcidicPlatform - INFO - sample successfully loaded into the cell
2025-07-22 06:47:08,625[9948] - OBS_Win - INFO - OBS_Win stopped
2025-07-22 06:47:11,861[9948] - EC_Lab_Win11 - INFO - not in software yet
2025-07-22 06:47:12,165[9948] - EC_Lab_Win11 - INFO - attempting to open EC_Lab_Win11, trial 1 in 3 times...
2025-07-22 07:58:42,574[9948] - EC_Lab_Win11 - INFO - test is complete
2025-07-22 07:58:42,574[9948] - RobotTest_AcidicPlatform - INFO - test Honda_HER_non-PGM_sample#sulfide_double-load_31a_2025-07-22_06-46-21 finished
2025-07-22 07:58:42,776[9948] - OBS_Win - INFO - not in software yet
2025-07-22 07:58:43,095[9948] - OBS_Win - INFO - attempting to open OBS_Win, trial 1 in 3 times...
2025-07-22 07:58:46,626[9948] - OBS_Win - INFO - OBS_Win started
2025-07-22 07:58:46,626[9948] - RobotTest_AcidicPlatform - INFO - unloading the sample to rack_id #26...
2025-07-22 07:59:51,029[9948] - RobotTest_AcidicPlatform - INFO - sample successfully unloaded from the cell
2025-07-22 07:59:54,634[9948] - OBS_Win - INFO - OBS_Win stopped
2025-07-22 07:59:55,080[9948] - OBS_Win - WARNING - cannot find ['OBS_start_record.png'] on screen
2025-07-22 07:59:58,399[9948] - OBS_Win - INFO - OBS_Win started
2025-07-22 07:59:58,399[9948] - RobotTest_AcidicPlatform - INFO - loading the sample from rack_id #27...
2025-07-22 08:00:41,344[9948] - RobotTest_AcidicPlatform - INFO - sample successfully loaded into the cell
2025-07-22 08:00:41,913[9948] - OBS_Win - INFO - OBS_Win stopped
2025-07-22 08:00:45,149[9948] - EC_Lab_Win11 - INFO - not in software yet
2025-07-22 08:00:45,460[9948] - EC_Lab_Win11 - INFO - attempting to open EC_Lab_Win11, trial 1 in 3 times...
2025-07-22 08:11:52,605[9948] - EC_Lab_Win11 - INFO - not in software yet
2025-07-22 08:11:52,908[9948] - EC_Lab_Win11 - INFO - attempting to open EC_Lab_Win11, trial 1 in 3 times...
2025-07-22 08:11:56,146[9948] - EC_Lab_Win11 - INFO - not in software yet
2025-07-22 08:11:56,473[9948] - EC_Lab_Win11 - INFO - attempting to open EC_Lab_Win11, trial 2 in 3 times...
2025-07-22 09:12:11,031[9948] - EC_Lab_Win11 - INFO - test is complete
2025-07-22 09:12:11,032[9948] - RobotTest_AcidicPlatform - INFO - test Honda_HER_non-PGM_sample#sulfide_double-load_31a_2025-07-22_07-59-54 finished
2025-07-22 09:12:11,243[9948] - OBS_Win - INFO - not in software yet
2025-07-22 09:12:11,567[9948] - OBS_Win - INFO - attempting to open OBS_Win, trial 1 in 3 times...
2025-07-22 09:12:15,119[9948] - OBS_Win - INFO - OBS_Win started
2025-07-22 09:12:15,119[9948] - RobotTest_AcidicPlatform - INFO - unloading the sample to rack_id #27...
2025-07-22 09:13:19,864[9948] - RobotTest_AcidicPlatform - INFO - sample successfully unloaded from the cell
2025-07-22 09:13:23,482[9948] - OBS_Win - INFO - OBS_Win stopped
2025-07-22 09:13:23,934[9948] - OBS_Win - WARNING - cannot find ['OBS_start_record.png'] on screen
2025-07-22 09:13:27,280[9948] - OBS_Win - INFO - OBS_Win started
2025-07-22 09:13:27,280[9948] - RobotTest_AcidicPlatform - INFO - loading the sample from rack_id #28...
2025-07-22 09:14:10,520[9948] - RobotTest_AcidicPlatform - INFO - sample successfully loaded into the cell
2025-07-22 09:14:11,104[9948] - OBS_Win - INFO - OBS_Win stopped
2025-07-22 09:14:14,346[9948] - EC_Lab_Win11 - INFO - not in software yet
2025-07-22 09:14:14,671[9948] - EC_Lab_Win11 - INFO - attempting to open EC_Lab_Win11, trial 1 in 3 times...
2025-07-22 10:11:16,717[9948] - RobotTest_AcidicPlatform - INFO - human operating, fail to detect...
2025-07-22 10:11:27,977[9948] - EC_Lab_Win11 - INFO - test is complete
2025-07-22 10:11:27,977[9948] - RobotTest_AcidicPlatform - INFO - test Honda_HER_non-PGM_sample#sulfide_double-load_33a_2025-07-22_09-13-23 finished
2025-07-22 10:11:28,166[9948] - OBS_Win - INFO - not in software yet
2025-07-22 10:11:28,497[9948] - OBS_Win - INFO - attempting to open OBS_Win, trial 1 in 3 times...
2025-07-22 10:11:32,066[9948] - OBS_Win - INFO - OBS_Win started
2025-07-22 10:11:32,066[9948] - RobotTest_AcidicPlatform - INFO - unloading the sample to rack_id #28...
2025-07-22 10:12:37,368[9948] - RobotTest_AcidicPlatform - INFO - sample successfully unloaded from the cell
2025-07-22 10:12:40,926[9948] - OBS_Win - INFO - OBS_Win stopped
2025-07-22 10:12:41,359[9948] - OBS_Win - WARNING - cannot find ['OBS_start_record.png'] on screen
2025-07-22 10:12:44,686[9948] - OBS_Win - INFO - OBS_Win started
2025-07-22 10:12:44,686[9948] - RobotTest_AcidicPlatform - INFO - loading the sample from rack_id #29...
2025-07-22 10:13:28,411[9948] - RobotTest_AcidicPlatform - INFO - sample successfully loaded into the cell
2025-07-22 10:13:28,963[9948] - OBS_Win - INFO - OBS_Win stopped
2025-07-22 10:13:32,212[9948] - EC_Lab_Win11 - INFO - not in software yet
2025-07-22 10:13:32,541[9948] - EC_Lab_Win11 - INFO - attempting to open EC_Lab_Win11, trial 1 in 3 times...
2025-07-22 10:23:31,302[9948] - RobotTest_AcidicPlatform - INFO - human operating, fail to detect...
2025-07-22 10:23:41,304[9948] - RobotTest_AcidicPlatform - INFO - human operating, fail to detect...
2025-07-22 10:23:51,318[9948] - RobotTest_AcidicPlatform - INFO - human operating, fail to detect...
2025-07-22 10:24:01,334[9948] - RobotTest_AcidicPlatform - INFO - human operating, fail to detect...
2025-07-22 10:24:11,348[9948] - RobotTest_AcidicPlatform - INFO - human operating, fail to detect...
2025-07-22 10:24:21,362[9948] - RobotTest_AcidicPlatform - INFO - human operating, fail to detect...
2025-07-22 10:24:31,372[9948] - RobotTest_AcidicPlatform - INFO - human operating, fail to detect...
2025-07-22 10:24:52,658[9948] - RobotTest_AcidicPlatform - INFO - human operating, fail to detect...
2025-07-22 10:25:02,664[9948] - RobotTest_AcidicPlatform - INFO - human operating, fail to detect...
2025-07-22 10:25:13,508[9948] - EC_Lab_Win11 - INFO - not in software yet
2025-07-22 10:25:13,837[9948] - EC_Lab_Win11 - INFO - attempting to open EC_Lab_Win11, trial 1 in 3 times...
2025-07-22 10:25:17,084[9948] - EC_Lab_Win11 - INFO - not in software yet
2025-07-22 10:25:17,397[9948] - EC_Lab_Win11 - INFO - attempting to open EC_Lab_Win11, trial 2 in 3 times...
2025-07-22 10:25:20,632[9948] - EC_Lab_Win11 - INFO - not in software yet
2025-07-22 10:25:20,958[9948] - EC_Lab_Win11 - INFO - attempting to open EC_Lab_Win11, trial 3 in 3 times...
2025-07-22 10:25:24,181[9948] - EC_Lab_Win11 - INFO - not in software yet
2025-07-22 10:25:24,182[9948] - EC_Lab_Win11 - WARNING - failed to open EC_Lab_Win11
2025-07-22 10:25:24,182[9948] - RobotTest_AcidicPlatform - ERROR - failed to open EC_Lab_Win11
Traceback (most recent call last):
  File "C:\Users\li\PycharmProjects\catalyst\robotic_testing\common\robot_test.py", line 45, in wrapper
    return func(self, *args, **kwargs)
  File "C:\Users\li\PycharmProjects\catalyst\robotic_testing\common\robot_test.py", line 189, in run
    self.test_main_workflow(
  File "C:\Users\li\PycharmProjects\catalyst\robotic_testing\common\robot_test.py", line 296, in test_main_workflow
    self.check_test_finished()
  File "C:\Users\li\PycharmProjects\catalyst\robotic_testing\common\robot_test.py", line 326, in check_test_finished
    self.ec_lab.open_software()
  File "C:\Users\li\PycharmProjects\catalyst\software_control\software_control_base.py", line 133, in open_software
    raise SystemError(f'failed to open {self.name}')
SystemError: failed to open EC_Lab_Win11
2025-07-22 11:50:32,415[21888] - RobotTest_AcidicPlatform - INFO - started a batch of test, with sample_rack_id : sample_id = {30: 'sulfide_double-load_36a', 31: 'double-load_36a', 32: 'sulfide_double-load_35a', 33: 'sulfide_double-load_35a'}
2025-07-22 11:50:49,372[21888] - OBS_Win - INFO - not in software yet
2025-07-22 11:50:49,697[21888] - OBS_Win - INFO - attempting to open OBS_Win, trial 1 in 3 times...
2025-07-22 11:50:53,369[21888] - OBS_Win - INFO - OBS_Win started
2025-07-22 11:50:53,369[21888] - RobotTest_AcidicPlatform - INFO - loading the sample from rack_id #30...
2025-07-22 11:51:31,249[21888] - RobotTest_AcidicPlatform - INFO - sample successfully loaded into the cell
2025-07-22 11:51:31,976[21888] - OBS_Win - INFO - OBS_Win stopped
2025-07-22 11:51:35,222[21888] - EC_Lab_Win11 - INFO - not in software yet
2025-07-22 11:51:35,547[21888] - EC_Lab_Win11 - INFO - attempting to open EC_Lab_Win11, trial 1 in 3 times...
2025-07-22 11:51:48,657[21888] - EC_Lab_Win11 - WARNING - cannot find ['save.png'] on screen
2025-07-22 11:51:51,864[21888] - EC_Lab_Win11 - WARNING - cannot find ['save.png'] on screen
2025-07-22 11:51:55,088[21888] - EC_Lab_Win11 - WARNING - cannot find ['save.png'] on screen
2025-07-22 11:52:25,136[30824] - RobotTest_AcidicPlatform - INFO - started a batch of test, with sample_rack_id : sample_id = {30: 'sulfide_double-load_36a', 31: 'double-load_36a', 32: 'sulfide_double-load_35a', 33: 'sulfide_double-load_35a'}
2025-07-22 11:52:25,140[30824] - RobotTest_AcidicPlatform - ERROR - Cannot go home, unload sample first!
Traceback (most recent call last):
  File "C:\Users\li\PycharmProjects\catalyst\robotic_testing\common\robot_test.py", line 45, in wrapper
    return func(self, *args, **kwargs)
  File "C:\Users\li\PycharmProjects\catalyst\robotic_testing\common\robot_test.py", line 182, in run
    self.robot_warming_up()
  File "C:\Users\li\PycharmProjects\catalyst\robotic_testing\common\robot_test.py", line 312, in robot_warming_up
    self.arm.home()
  File "C:\Users\li\PycharmProjects\catalyst\robotic_testing\common\robotic_arms\xarm6\xarm6.py", line 11, in home
    raise SystemError('Cannot go home, unload sample first!')
SystemError: Cannot go home, unload sample first!
2025-07-22 11:55:33,661[30824] - RobotTest_AcidicPlatform - INFO - started a batch of test, with sample_rack_id : sample_id = {30: 'sulfide_double-load_36a', 31: 'double-load_36a', 32: 'sulfide_double-load_35a', 33: 'sulfide_double-load_35a'}
2025-07-22 11:55:50,551[30824] - OBS_Win - INFO - not in software yet
2025-07-22 11:55:50,875[30824] - OBS_Win - INFO - attempting to open OBS_Win, trial 1 in 3 times...
2025-07-22 11:55:54,559[30824] - OBS_Win - INFO - OBS_Win started
2025-07-22 11:55:54,559[30824] - RobotTest_AcidicPlatform - INFO - loading the sample from rack_id #30...
2025-07-22 11:56:32,383[30824] - RobotTest_AcidicPlatform - INFO - sample successfully loaded into the cell
2025-07-22 11:56:33,123[30824] - OBS_Win - INFO - OBS_Win stopped
2025-07-22 11:56:36,402[30824] - EC_Lab_Win11 - INFO - not in software yet
2025-07-22 11:56:36,770[30824] - EC_Lab_Win11 - INFO - attempting to open EC_Lab_Win11, trial 1 in 3 times...
2025-07-22 12:11:30,288[30824] - RobotTest_AcidicPlatform - INFO - human operating, fail to detect...
2025-07-22 12:11:41,567[30824] - EC_Lab_Win11 - INFO - test is complete
2025-07-22 12:11:41,567[30824] - RobotTest_AcidicPlatform - INFO - test Honda_HER_non-PGM_sample#sulfide_double-load_36a_2025-07-22_11-55-50 finished
2025-07-22 12:11:41,769[30824] - OBS_Win - INFO - not in software yet
2025-07-22 12:11:42,088[30824] - OBS_Win - INFO - attempting to open OBS_Win, trial 1 in 3 times...
2025-07-22 12:11:45,741[30824] - OBS_Win - INFO - OBS_Win started
2025-07-22 12:11:45,741[30824] - RobotTest_AcidicPlatform - INFO - unloading the sample to rack_id #30...
2025-07-22 12:12:45,258[30824] - RobotTest_AcidicPlatform - INFO - sample successfully unloaded from the cell
2025-07-22 12:12:48,986[30824] - OBS_Win - INFO - OBS_Win stopped
2025-07-22 12:12:49,598[30824] - OBS_Win - WARNING - cannot find ['OBS_start_record.png'] on screen
2025-07-22 12:12:53,000[30824] - OBS_Win - INFO - OBS_Win started
2025-07-22 12:12:53,001[30824] - RobotTest_AcidicPlatform - INFO - loading the sample from rack_id #31...
2025-07-22 12:13:24,600[30824] - RobotTest_AcidicPlatform - INFO - sample successfully loaded into the cell
2025-07-22 12:13:25,311[30824] - OBS_Win - INFO - OBS_Win stopped
2025-07-22 12:13:28,614[30824] - EC_Lab_Win11 - INFO - not in software yet
2025-07-22 12:13:28,996[30824] - EC_Lab_Win11 - INFO - attempting to open EC_Lab_Win11, trial 1 in 3 times...
2025-07-22 12:14:05,400[30824] - EC_Lab_Win11 - INFO - not in software yet
2025-07-22 12:14:05,732[30824] - EC_Lab_Win11 - INFO - attempting to open EC_Lab_Win11, trial 1 in 3 times...
2025-07-22 12:14:08,984[30824] - EC_Lab_Win11 - INFO - not in software yet
2025-07-22 12:14:09,292[30824] - EC_Lab_Win11 - INFO - attempting to open EC_Lab_Win11, trial 2 in 3 times...
2025-07-22 13:24:58,026[30824] - EC_Lab_Win11 - INFO - test is complete
2025-07-22 13:24:58,026[30824] - RobotTest_AcidicPlatform - INFO - test Honda_HER_non-PGM_sample#double-load_36a_2025-07-22_12-12-48 finished
2025-07-22 13:24:58,230[30824] - OBS_Win - INFO - not in software yet
2025-07-22 13:24:58,557[30824] - OBS_Win - INFO - attempting to open OBS_Win, trial 1 in 3 times...
2025-07-22 13:25:02,114[30824] - OBS_Win - INFO - OBS_Win started
2025-07-22 13:25:02,114[30824] - RobotTest_AcidicPlatform - INFO - unloading the sample to rack_id #31...
2025-07-22 13:26:01,148[30824] - RobotTest_AcidicPlatform - INFO - sample successfully unloaded from the cell
2025-07-22 13:26:04,704[30824] - OBS_Win - INFO - OBS_Win stopped
2025-07-22 13:26:05,142[30824] - OBS_Win - WARNING - cannot find ['OBS_start_record.png'] on screen
2025-07-22 13:26:08,484[30824] - OBS_Win - INFO - OBS_Win started
2025-07-22 13:26:08,484[30824] - RobotTest_AcidicPlatform - INFO - loading the sample from rack_id #32...
2025-07-22 13:26:40,532[30824] - RobotTest_AcidicPlatform - INFO - sample successfully loaded into the cell
2025-07-22 13:26:41,084[30824] - OBS_Win - INFO - OBS_Win stopped
2025-07-22 13:26:44,321[30824] - EC_Lab_Win11 - INFO - not in software yet
2025-07-22 13:26:44,638[30824] - EC_Lab_Win11 - INFO - attempting to open EC_Lab_Win11, trial 1 in 3 times...
2025-07-22 14:38:08,176[30824] - EC_Lab_Win11 - INFO - test is complete
2025-07-22 14:38:08,176[30824] - RobotTest_AcidicPlatform - INFO - test Honda_HER_non-PGM_sample#sulfide_double-load_35a_2025-07-22_13-26-04 finished
2025-07-22 14:38:08,375[30824] - OBS_Win - INFO - not in software yet
2025-07-22 14:38:08,695[30824] - OBS_Win - INFO - attempting to open OBS_Win, trial 1 in 3 times...
2025-07-22 14:38:12,272[30824] - OBS_Win - INFO - OBS_Win started
2025-07-22 14:38:12,272[30824] - RobotTest_AcidicPlatform - INFO - unloading the sample to rack_id #32...
2025-07-22 14:39:10,938[30824] - RobotTest_AcidicPlatform - INFO - sample successfully unloaded from the cell
2025-07-22 14:39:14,539[30824] - OBS_Win - INFO - OBS_Win stopped
2025-07-22 14:39:15,006[30824] - OBS_Win - WARNING - cannot find ['OBS_start_record.png'] on screen
2025-07-22 14:39:18,336[30824] - OBS_Win - INFO - OBS_Win started
2025-07-22 14:39:18,336[30824] - RobotTest_AcidicPlatform - INFO - loading the sample from rack_id #33...
2025-07-22 14:39:50,612[30824] - RobotTest_AcidicPlatform - INFO - sample successfully loaded into the cell
2025-07-22 14:39:51,230[30824] - OBS_Win - INFO - OBS_Win stopped
2025-07-22 14:39:54,474[30824] - EC_Lab_Win11 - INFO - not in software yet
2025-07-22 14:39:54,785[30824] - EC_Lab_Win11 - INFO - attempting to open EC_Lab_Win11, trial 1 in 3 times...
2025-07-22 15:11:06,365[30824] - RobotTest_AcidicPlatform - INFO - human operating, fail to detect...
2025-07-22 15:44:08,712[30824] - EC_Lab_Win11 - INFO - test is complete
2025-07-22 15:44:08,712[30824] - RobotTest_AcidicPlatform - INFO - test Honda_HER_non-PGM_sample#sulfide_double-load_35a_2025-07-22_14-39-14 finished
2025-07-22 15:44:08,909[30824] - OBS_Win - INFO - not in software yet
2025-07-22 15:44:09,227[30824] - OBS_Win - INFO - attempting to open OBS_Win, trial 1 in 3 times...
2025-07-22 15:44:12,765[30824] - OBS_Win - INFO - OBS_Win started
2025-07-22 15:44:12,766[30824] - RobotTest_AcidicPlatform - INFO - unloading the sample to rack_id #33...
2025-07-22 15:45:11,055[30824] - RobotTest_AcidicPlatform - INFO - sample successfully unloaded from the cell
2025-07-22 15:45:14,644[30824] - OBS_Win - INFO - OBS_Win stopped
2025-07-26 00:48:04,422[29768] - RobotTest_AcidicPlatform - INFO - started a batch of test, with sample_rack_id : sample_id = {0: 'sulf_1X-load_31a', 1: 'sulf_1X-load_31b', 2: 'sulf_1X-load_33a', 3: 'sulf_1X-load_33b', 4: 'sulf_1X-load_36a', 5: 'sulf_1X-load_36b', 6: 'sulf_1X-load_35a', 7: 'sulf_1X-load_35b', 8: 'sulf_2X-load_31a', 9: 'sulf_2X-load_31b', 10: 'sulf_2X-load_33a', 11: 'sulf_2X-load_33b', 12: 'sulf_2X-load_36a', 13: 'sulf_2X-load_36b', 14: 'sulf_2X-load_35a', 15: 'sulf_2X-load_35b', 16: 'sulf_3X-load_31a', 17: 'sulf_3X-load_31b', 18: 'sulf_3X-load_33a', 19: 'sulf_3X-load_33b', 20: 'sulf_3X-load_36a', 21: 'sulf_3X-load_36b', 22: 'sulf_3X-load_35a', 23: 'sulf_3X-load_35b', 24: 'Pt', 25: 'Pt3Ni1'}
2025-07-26 00:48:10,477[29768] - OBS_Win - INFO - not in software yet
2025-07-26 00:48:10,810[29768] - OBS_Win - INFO - attempting to open OBS_Win, trial 1 in 3 times...
2025-07-26 00:48:14,624[29768] - OBS_Win - INFO - OBS_Win started
2025-07-26 00:48:14,624[29768] - RobotTest_AcidicPlatform - INFO - loading the sample from rack_id #0...
2025-07-26 00:48:53,878[29768] - RobotTest_AcidicPlatform - INFO - sample successfully loaded into the cell
2025-07-26 00:48:54,676[29768] - OBS_Win - INFO - OBS_Win stopped
2025-07-26 00:48:58,030[29768] - EC_Lab_Win11 - INFO - not in software yet
2025-07-26 00:48:58,470[29768] - EC_Lab_Win11 - INFO - attempting to open EC_Lab_Win11, trial 1 in 3 times...
2025-07-26 00:49:01,924[29768] - EC_Lab_Win11 - INFO - channel 2 is not open
2025-07-26 00:49:03,280[29768] - EC_Lab_Win11 - INFO - attempting to open channel 2, trial 1 in 3 times...
2025-07-26 00:49:58,837[29768] - RobotTest_AcidicPlatform - INFO - human operating, fail to detect...
2025-07-26 00:50:42,708[29768] - RobotTest_AcidicPlatform - INFO - human operating, fail to detect...
2025-07-26 00:50:52,713[29768] - RobotTest_AcidicPlatform - INFO - human operating, fail to detect...
2025-07-26 00:51:25,313[29768] - RobotTest_AcidicPlatform - INFO - human operating, fail to detect...
2025-07-26 00:51:35,324[29768] - RobotTest_AcidicPlatform - INFO - human operating, fail to detect...
2025-07-26 00:51:45,332[29768] - RobotTest_AcidicPlatform - INFO - human operating, fail to detect...
2025-07-26 00:53:39,538[33448] - RobotTest_AcidicPlatform - INFO - started a batch of test, with sample_rack_id : sample_id = {1: 'sulf_1X-load_31b', 2: 'sulf_1X-load_33a', 3: 'sulf_1X-load_33b', 4: 'sulf_1X-load_36a', 5: 'sulf_1X-load_36b', 6: 'sulf_1X-load_35a', 7: 'sulf_1X-load_35b', 8: 'sulf_2X-load_31a', 9: 'sulf_2X-load_31b', 10: 'sulf_2X-load_33a', 11: 'sulf_2X-load_33b', 12: 'sulf_2X-load_36a', 13: 'sulf_2X-load_36b', 14: 'sulf_2X-load_35a', 15: 'sulf_2X-load_35b', 16: 'sulf_3X-load_31a', 17: 'sulf_3X-load_31b', 18: 'sulf_3X-load_33a', 19: 'sulf_3X-load_33b', 20: 'sulf_3X-load_36a', 21: 'sulf_3X-load_36b', 22: 'sulf_3X-load_35a', 23: 'sulf_3X-load_35b', 24: 'Pt', 25: 'Pt3Ni1'}
2025-07-26 00:53:54,995[33448] - OBS_Win - INFO - not in software yet
2025-07-26 00:53:55,308[33448] - OBS_Win - INFO - attempting to open OBS_Win, trial 1 in 3 times...
2025-07-26 00:53:59,050[33448] - OBS_Win - INFO - OBS_Win started
2025-07-26 00:53:59,050[33448] - RobotTest_AcidicPlatform - INFO - loading the sample from rack_id #1...
2025-07-26 00:54:38,199[33448] - RobotTest_AcidicPlatform - INFO - sample successfully loaded into the cell
2025-07-26 00:54:38,975[33448] - OBS_Win - INFO - OBS_Win stopped
2025-07-26 00:54:42,278[33448] - EC_Lab_Win11 - INFO - not in software yet
2025-07-26 00:54:42,655[33448] - EC_Lab_Win11 - INFO - attempting to open EC_Lab_Win11, trial 1 in 3 times...
2025-07-26 02:06:06,243[33448] - EC_Lab_Win11 - INFO - test is complete
2025-07-26 02:06:06,243[33448] - RobotTest_AcidicPlatform - INFO - test Honda_HER_non-PGM_sample#sulf_1X-load_31b_2025-07-26_00-53-54 finished
2025-07-26 02:06:06,447[33448] - OBS_Win - INFO - not in software yet
2025-07-26 02:06:06,774[33448] - OBS_Win - INFO - attempting to open OBS_Win, trial 1 in 3 times...
2025-07-26 02:06:10,319[33448] - OBS_Win - INFO - OBS_Win started
2025-07-26 02:06:10,319[33448] - RobotTest_AcidicPlatform - INFO - unloading the sample to rack_id #1...
2025-07-26 02:07:09,597[33448] - RobotTest_AcidicPlatform - INFO - sample successfully unloaded from the cell
2025-07-26 02:07:13,221[33448] - OBS_Win - INFO - OBS_Win stopped
2025-07-26 02:07:13,667[33448] - OBS_Win - WARNING - cannot find ['OBS_start_record.png'] on screen
2025-07-26 02:07:17,008[33448] - OBS_Win - INFO - OBS_Win started
2025-07-26 02:07:17,008[33448] - RobotTest_AcidicPlatform - INFO - loading the sample from rack_id #2...
2025-07-26 02:07:49,365[33448] - RobotTest_AcidicPlatform - INFO - sample successfully loaded into the cell
2025-07-26 02:07:49,933[33448] - OBS_Win - INFO - OBS_Win stopped
2025-07-26 02:07:53,172[33448] - EC_Lab_Win11 - INFO - not in software yet
2025-07-26 02:07:53,498[33448] - EC_Lab_Win11 - INFO - attempting to open EC_Lab_Win11, trial 1 in 3 times...
2025-07-26 03:19:18,288[33448] - EC_Lab_Win11 - INFO - test is complete
2025-07-26 03:19:18,288[33448] - RobotTest_AcidicPlatform - INFO - test Honda_HER_non-PGM_sample#sulf_1X-load_33a_2025-07-26_02-07-13 finished
2025-07-26 03:19:18,492[33448] - OBS_Win - INFO - not in software yet
2025-07-26 03:19:18,820[33448] - OBS_Win - INFO - attempting to open OBS_Win, trial 1 in 3 times...
2025-07-26 03:19:22,380[33448] - OBS_Win - INFO - OBS_Win started
2025-07-26 03:19:22,380[33448] - RobotTest_AcidicPlatform - INFO - unloading the sample to rack_id #2...
2025-07-26 03:20:21,208[33448] - RobotTest_AcidicPlatform - INFO - sample successfully unloaded from the cell
2025-07-26 03:20:24,785[33448] - OBS_Win - INFO - OBS_Win stopped
2025-07-26 03:20:25,261[33448] - OBS_Win - WARNING - cannot find ['OBS_start_record.png'] on screen
2025-07-26 03:20:28,602[33448] - OBS_Win - INFO - OBS_Win started
2025-07-26 03:20:28,602[33448] - RobotTest_AcidicPlatform - INFO - loading the sample from rack_id #3...
2025-07-26 03:21:01,382[33448] - RobotTest_AcidicPlatform - INFO - sample successfully loaded into the cell
2025-07-26 03:21:01,952[33448] - OBS_Win - INFO - OBS_Win stopped
2025-07-26 03:21:05,185[33448] - EC_Lab_Win11 - INFO - not in software yet
2025-07-26 03:21:05,492[33448] - EC_Lab_Win11 - INFO - attempting to open EC_Lab_Win11, trial 1 in 3 times...
2025-07-26 04:32:27,981[33448] - EC_Lab_Win11 - INFO - test is complete
2025-07-26 04:32:27,981[33448] - RobotTest_AcidicPlatform - INFO - test Honda_HER_non-PGM_sample#sulf_1X-load_33b_2025-07-26_03-20-24 finished
2025-07-26 04:32:28,191[33448] - OBS_Win - INFO - not in software yet
2025-07-26 04:32:28,513[33448] - OBS_Win - INFO - attempting to open OBS_Win, trial 1 in 3 times...
2025-07-26 04:32:32,072[33448] - OBS_Win - INFO - OBS_Win started
2025-07-26 04:32:32,072[33448] - RobotTest_AcidicPlatform - INFO - unloading the sample to rack_id #3...
2025-07-26 04:33:30,530[33448] - RobotTest_AcidicPlatform - INFO - sample successfully unloaded from the cell
2025-07-26 04:33:34,159[33448] - OBS_Win - INFO - OBS_Win stopped
2025-07-26 04:33:34,619[33448] - OBS_Win - WARNING - cannot find ['OBS_start_record.png'] on screen
2025-07-26 04:33:37,953[33448] - OBS_Win - INFO - OBS_Win started
2025-07-26 04:33:37,953[33448] - RobotTest_AcidicPlatform - INFO - loading the sample from rack_id #4...
2025-07-26 04:34:11,144[33448] - RobotTest_AcidicPlatform - INFO - sample successfully loaded into the cell
2025-07-26 04:34:11,727[33448] - OBS_Win - INFO - OBS_Win stopped
2025-07-26 04:34:14,958[33448] - EC_Lab_Win11 - INFO - not in software yet
2025-07-26 04:34:15,270[33448] - EC_Lab_Win11 - INFO - attempting to open EC_Lab_Win11, trial 1 in 3 times...
2025-07-26 05:45:38,128[33448] - EC_Lab_Win11 - INFO - test is complete
2025-07-26 05:45:38,129[33448] - RobotTest_AcidicPlatform - INFO - test Honda_HER_non-PGM_sample#sulf_1X-load_36a_2025-07-26_04-33-34 finished
2025-07-26 05:45:38,341[33448] - OBS_Win - INFO - not in software yet
2025-07-26 05:45:38,681[33448] - OBS_Win - INFO - attempting to open OBS_Win, trial 1 in 3 times...
2025-07-26 05:45:42,229[33448] - OBS_Win - INFO - OBS_Win started
2025-07-26 05:45:42,230[33448] - RobotTest_AcidicPlatform - INFO - unloading the sample to rack_id #4...
2025-07-26 05:46:40,310[33448] - RobotTest_AcidicPlatform - INFO - sample successfully unloaded from the cell
2025-07-26 05:46:43,913[33448] - OBS_Win - INFO - OBS_Win stopped
2025-07-26 05:46:44,349[33448] - OBS_Win - WARNING - cannot find ['OBS_start_record.png'] on screen
2025-07-26 05:46:47,672[33448] - OBS_Win - INFO - OBS_Win started
2025-07-26 05:46:47,672[33448] - RobotTest_AcidicPlatform - INFO - loading the sample from rack_id #5...
2025-07-26 05:47:21,235[33448] - RobotTest_AcidicPlatform - INFO - sample successfully loaded into the cell
2025-07-26 05:47:21,803[33448] - OBS_Win - INFO - OBS_Win stopped
2025-07-26 05:47:25,038[33448] - EC_Lab_Win11 - INFO - not in software yet
2025-07-26 05:47:25,350[33448] - EC_Lab_Win11 - INFO - attempting to open EC_Lab_Win11, trial 1 in 3 times...
2025-07-26 06:15:49,401[33448] - EC_Lab_Win11 - INFO - test is complete
2025-07-26 06:15:49,402[33448] - RobotTest_AcidicPlatform - INFO - test Honda_HER_non-PGM_sample#sulf_1X-load_36b_2025-07-26_05-46-43 finished
2025-07-26 06:15:49,605[33448] - OBS_Win - INFO - not in software yet
2025-07-26 06:15:49,923[33448] - OBS_Win - INFO - attempting to open OBS_Win, trial 1 in 3 times...
2025-07-26 06:15:53,474[33448] - OBS_Win - INFO - OBS_Win started
2025-07-26 06:15:53,474[33448] - RobotTest_AcidicPlatform - INFO - unloading the sample to rack_id #5...
2025-07-26 06:16:51,057[33448] - RobotTest_AcidicPlatform - INFO - sample successfully unloaded from the cell
2025-07-26 06:16:54,626[33448] - OBS_Win - INFO - OBS_Win stopped
2025-07-26 06:16:55,060[33448] - OBS_Win - WARNING - cannot find ['OBS_start_record.png'] on screen
2025-07-26 06:16:58,387[33448] - OBS_Win - INFO - OBS_Win started
2025-07-26 06:16:58,387[33448] - RobotTest_AcidicPlatform - INFO - loading the sample from rack_id #6...
2025-07-26 06:17:32,586[33448] - RobotTest_AcidicPlatform - INFO - sample successfully loaded into the cell
2025-07-26 06:17:33,167[33448] - OBS_Win - INFO - OBS_Win stopped
2025-07-26 06:17:36,414[33448] - EC_Lab_Win11 - INFO - not in software yet
2025-07-26 06:17:36,732[33448] - EC_Lab_Win11 - INFO - attempting to open EC_Lab_Win11, trial 1 in 3 times...
2025-07-26 07:28:59,890[33448] - EC_Lab_Win11 - INFO - test is complete
2025-07-26 07:28:59,890[33448] - RobotTest_AcidicPlatform - INFO - test Honda_HER_non-PGM_sample#sulf_1X-load_35a_2025-07-26_06-16-54 finished
2025-07-26 07:29:00,084[33448] - OBS_Win - INFO - not in software yet
2025-07-26 07:29:00,426[33448] - OBS_Win - INFO - attempting to open OBS_Win, trial 1 in 3 times...
2025-07-26 07:29:03,969[33448] - OBS_Win - INFO - OBS_Win started
2025-07-26 07:29:03,969[33448] - RobotTest_AcidicPlatform - INFO - unloading the sample to rack_id #6...
2025-07-26 07:30:01,038[33448] - RobotTest_AcidicPlatform - INFO - sample successfully unloaded from the cell
2025-07-26 07:30:04,652[33448] - OBS_Win - INFO - OBS_Win stopped
2025-07-26 07:30:05,107[33448] - OBS_Win - WARNING - cannot find ['OBS_start_record.png'] on screen
2025-07-26 07:30:08,425[33448] - OBS_Win - INFO - OBS_Win started
2025-07-26 07:30:08,425[33448] - RobotTest_AcidicPlatform - INFO - loading the sample from rack_id #7...
2025-07-26 07:30:42,936[33448] - RobotTest_AcidicPlatform - INFO - sample successfully loaded into the cell
2025-07-26 07:30:43,534[33448] - OBS_Win - INFO - OBS_Win stopped
2025-07-26 07:30:46,778[33448] - EC_Lab_Win11 - INFO - not in software yet
2025-07-26 07:30:47,099[33448] - EC_Lab_Win11 - INFO - attempting to open EC_Lab_Win11, trial 1 in 3 times...
2025-07-26 08:42:09,947[33448] - EC_Lab_Win11 - INFO - test is complete
2025-07-26 08:42:09,947[33448] - RobotTest_AcidicPlatform - INFO - test Honda_HER_non-PGM_sample#sulf_1X-load_35b_2025-07-26_07-30-04 finished
2025-07-26 08:42:10,148[33448] - OBS_Win - INFO - not in software yet
2025-07-26 08:42:10,468[33448] - OBS_Win - INFO - attempting to open OBS_Win, trial 1 in 3 times...
2025-07-26 08:42:14,024[33448] - OBS_Win - INFO - OBS_Win started
2025-07-26 08:42:14,024[33448] - RobotTest_AcidicPlatform - INFO - unloading the sample to rack_id #7...
2025-07-26 08:43:10,707[33448] - RobotTest_AcidicPlatform - INFO - sample successfully unloaded from the cell
2025-07-26 08:43:14,332[33448] - OBS_Win - INFO - OBS_Win stopped
2025-07-26 08:43:14,813[33448] - OBS_Win - WARNING - cannot find ['OBS_start_record.png'] on screen
2025-07-26 08:43:18,158[33448] - OBS_Win - INFO - OBS_Win started
2025-07-26 08:43:18,158[33448] - RobotTest_AcidicPlatform - INFO - loading the sample from rack_id #8...
2025-07-26 08:43:53,092[33448] - RobotTest_AcidicPlatform - INFO - sample successfully loaded into the cell
2025-07-26 08:43:53,672[33448] - OBS_Win - INFO - OBS_Win stopped
2025-07-26 08:43:56,915[33448] - EC_Lab_Win11 - INFO - not in software yet
2025-07-26 08:43:57,236[33448] - EC_Lab_Win11 - INFO - attempting to open EC_Lab_Win11, trial 1 in 3 times...
2025-07-26 09:55:21,019[33448] - EC_Lab_Win11 - INFO - test is complete
2025-07-26 09:55:21,019[33448] - RobotTest_AcidicPlatform - INFO - test Honda_HER_non-PGM_sample#sulf_2X-load_31a_2025-07-26_08-43-14 finished
2025-07-26 09:55:21,228[33448] - OBS_Win - INFO - not in software yet
2025-07-26 09:55:21,557[33448] - OBS_Win - INFO - attempting to open OBS_Win, trial 1 in 3 times...
2025-07-26 09:55:25,115[33448] - OBS_Win - INFO - OBS_Win started
2025-07-26 09:55:25,115[33448] - RobotTest_AcidicPlatform - INFO - unloading the sample to rack_id #8...
2025-07-26 09:56:21,888[33448] - RobotTest_AcidicPlatform - INFO - sample successfully unloaded from the cell
2025-07-26 09:56:25,491[33448] - OBS_Win - INFO - OBS_Win stopped
2025-07-26 09:56:25,969[33448] - OBS_Win - WARNING - cannot find ['OBS_start_record.png'] on screen
2025-07-26 09:56:29,300[33448] - OBS_Win - INFO - OBS_Win started
2025-07-26 09:56:29,300[33448] - RobotTest_AcidicPlatform - INFO - loading the sample from rack_id #9...
2025-07-26 09:57:04,609[33448] - RobotTest_AcidicPlatform - INFO - sample successfully loaded into the cell
2025-07-26 09:57:05,207[33448] - OBS_Win - INFO - OBS_Win stopped
2025-07-26 09:57:08,453[33448] - EC_Lab_Win11 - INFO - not in software yet
2025-07-26 09:57:08,765[33448] - EC_Lab_Win11 - INFO - attempting to open EC_Lab_Win11, trial 1 in 3 times...
2025-07-26 11:08:32,986[33448] - EC_Lab_Win11 - INFO - test is complete
2025-07-26 11:08:32,986[33448] - RobotTest_AcidicPlatform - INFO - test Honda_HER_non-PGM_sample#sulf_2X-load_31b_2025-07-26_09-56-25 finished
2025-07-26 11:08:33,185[33448] - OBS_Win - INFO - not in software yet
2025-07-26 11:08:33,509[33448] - OBS_Win - INFO - attempting to open OBS_Win, trial 1 in 3 times...
2025-07-26 11:08:37,036[33448] - OBS_Win - INFO - OBS_Win started
2025-07-26 11:08:37,036[33448] - RobotTest_AcidicPlatform - INFO - unloading the sample to rack_id #9...
2025-07-26 11:09:34,093[33448] - RobotTest_AcidicPlatform - INFO - sample successfully unloaded from the cell
2025-07-26 11:09:37,682[33448] - OBS_Win - INFO - OBS_Win stopped
2025-07-26 11:09:38,122[33448] - OBS_Win - WARNING - cannot find ['OBS_start_record.png'] on screen
2025-07-26 11:09:41,462[33448] - OBS_Win - INFO - OBS_Win started
2025-07-26 11:09:41,462[33448] - RobotTest_AcidicPlatform - INFO - loading the sample from rack_id #10...
2025-07-26 11:10:17,203[33448] - RobotTest_AcidicPlatform - INFO - sample successfully loaded into the cell
2025-07-26 11:10:17,785[33448] - OBS_Win - INFO - OBS_Win stopped
2025-07-26 11:10:21,029[33448] - EC_Lab_Win11 - INFO - not in software yet
2025-07-26 11:10:21,344[33448] - EC_Lab_Win11 - INFO - attempting to open EC_Lab_Win11, trial 1 in 3 times...
2025-07-26 12:21:44,732[33448] - EC_Lab_Win11 - INFO - test is complete
2025-07-26 12:21:44,732[33448] - RobotTest_AcidicPlatform - INFO - test Honda_HER_non-PGM_sample#sulf_2X-load_33a_2025-07-26_11-09-37 finished
2025-07-26 12:21:44,931[33448] - OBS_Win - INFO - not in software yet
2025-07-26 12:21:45,247[33448] - OBS_Win - INFO - attempting to open OBS_Win, trial 1 in 3 times...
2025-07-26 12:21:48,811[33448] - OBS_Win - INFO - OBS_Win started
2025-07-26 12:21:48,811[33448] - RobotTest_AcidicPlatform - INFO - unloading the sample to rack_id #10...
2025-07-26 12:22:46,299[33448] - RobotTest_AcidicPlatform - INFO - sample successfully unloaded from the cell
2025-07-26 12:22:49,879[33448] - OBS_Win - INFO - OBS_Win stopped
2025-07-26 12:22:50,322[33448] - OBS_Win - WARNING - cannot find ['OBS_start_record.png'] on screen
2025-07-26 12:22:53,661[33448] - OBS_Win - INFO - OBS_Win started
2025-07-26 12:22:53,661[33448] - RobotTest_AcidicPlatform - INFO - loading the sample from rack_id #11...
2025-07-26 12:23:29,703[33448] - RobotTest_AcidicPlatform - INFO - sample successfully loaded into the cell
2025-07-26 12:23:30,303[33448] - OBS_Win - INFO - OBS_Win stopped
2025-07-26 12:23:33,551[33448] - EC_Lab_Win11 - INFO - not in software yet
2025-07-26 12:23:33,876[33448] - EC_Lab_Win11 - INFO - attempting to open EC_Lab_Win11, trial 1 in 3 times...
2025-07-26 13:34:58,195[33448] - EC_Lab_Win11 - INFO - test is complete
2025-07-26 13:34:58,196[33448] - RobotTest_AcidicPlatform - INFO - test Honda_HER_non-PGM_sample#sulf_2X-load_33b_2025-07-26_12-22-49 finished
2025-07-26 13:34:58,397[33448] - OBS_Win - INFO - not in software yet
2025-07-26 13:34:58,725[33448] - OBS_Win - INFO - attempting to open OBS_Win, trial 1 in 3 times...
2025-07-26 13:35:02,296[33448] - OBS_Win - INFO - OBS_Win started
2025-07-26 13:35:02,296[33448] - RobotTest_AcidicPlatform - INFO - unloading the sample to rack_id #11...
2025-07-26 13:36:00,172[33448] - RobotTest_AcidicPlatform - INFO - sample successfully unloaded from the cell
2025-07-26 13:36:03,791[33448] - OBS_Win - INFO - OBS_Win stopped
2025-07-26 13:36:04,256[33448] - OBS_Win - WARNING - cannot find ['OBS_start_record.png'] on screen
2025-07-26 13:36:07,587[33448] - OBS_Win - INFO - OBS_Win started
2025-07-26 13:36:07,587[33448] - RobotTest_AcidicPlatform - INFO - loading the sample from rack_id #12...
2025-07-26 13:36:44,269[33448] - RobotTest_AcidicPlatform - INFO - sample successfully loaded into the cell
2025-07-26 13:36:44,862[33448] - OBS_Win - INFO - OBS_Win stopped
2025-07-26 13:36:48,115[33448] - EC_Lab_Win11 - INFO - not in software yet
2025-07-26 13:36:48,421[33448] - EC_Lab_Win11 - INFO - attempting to open EC_Lab_Win11, trial 1 in 3 times...
2025-07-26 14:48:14,147[33448] - EC_Lab_Win11 - INFO - test is complete
2025-07-26 14:48:14,147[33448] - RobotTest_AcidicPlatform - INFO - test Honda_HER_non-PGM_sample#sulf_2X-load_36a_2025-07-26_13-36-03 finished
2025-07-26 14:48:14,351[33448] - OBS_Win - INFO - not in software yet
2025-07-26 14:48:14,669[33448] - OBS_Win - INFO - attempting to open OBS_Win, trial 1 in 3 times...
2025-07-26 14:48:18,219[33448] - OBS_Win - INFO - OBS_Win started
2025-07-26 14:48:18,219[33448] - RobotTest_AcidicPlatform - INFO - unloading the sample to rack_id #12...
2025-07-26 14:49:16,711[33448] - RobotTest_AcidicPlatform - INFO - sample successfully unloaded from the cell
2025-07-26 14:49:20,314[33448] - OBS_Win - INFO - OBS_Win stopped
2025-07-26 14:49:20,751[33448] - OBS_Win - WARNING - cannot find ['OBS_start_record.png'] on screen
2025-07-26 14:49:24,084[33448] - OBS_Win - INFO - OBS_Win started
2025-07-26 14:49:24,084[33448] - RobotTest_AcidicPlatform - INFO - loading the sample from rack_id #13...
2025-07-26 14:50:01,097[33448] - RobotTest_AcidicPlatform - INFO - sample successfully loaded into the cell
2025-07-26 14:50:01,683[33448] - OBS_Win - INFO - OBS_Win stopped
2025-07-26 14:50:04,926[33448] - EC_Lab_Win11 - INFO - not in software yet
2025-07-26 14:50:05,250[33448] - EC_Lab_Win11 - INFO - attempting to open EC_Lab_Win11, trial 1 in 3 times...
2025-07-26 16:01:30,432[33448] - EC_Lab_Win11 - INFO - test is complete
2025-07-26 16:01:30,432[33448] - RobotTest_AcidicPlatform - INFO - test Honda_HER_non-PGM_sample#sulf_2X-load_36b_2025-07-26_14-49-20 finished
2025-07-26 16:01:30,636[33448] - OBS_Win - INFO - not in software yet
2025-07-26 16:01:30,958[33448] - OBS_Win - INFO - attempting to open OBS_Win, trial 1 in 3 times...
2025-07-26 16:01:34,502[33448] - OBS_Win - INFO - OBS_Win started
2025-07-26 16:01:34,502[33448] - RobotTest_AcidicPlatform - INFO - unloading the sample to rack_id #13...
2025-07-26 16:02:33,300[33448] - RobotTest_AcidicPlatform - INFO - sample successfully unloaded from the cell
2025-07-26 16:02:36,895[33448] - OBS_Win - INFO - OBS_Win stopped
2025-07-26 16:02:37,340[33448] - OBS_Win - WARNING - cannot find ['OBS_start_record.png'] on screen
2025-07-26 16:02:40,681[33448] - OBS_Win - INFO - OBS_Win started
2025-07-26 16:02:40,681[33448] - RobotTest_AcidicPlatform - INFO - loading the sample from rack_id #14...
2025-07-26 16:03:18,172[33448] - RobotTest_AcidicPlatform - INFO - sample successfully loaded into the cell
2025-07-26 16:03:18,741[33448] - OBS_Win - INFO - OBS_Win stopped
2025-07-26 16:03:21,998[33448] - EC_Lab_Win11 - INFO - not in software yet
2025-07-26 16:03:22,306[33448] - EC_Lab_Win11 - INFO - attempting to open EC_Lab_Win11, trial 1 in 3 times...
2025-07-26 17:14:48,453[33448] - EC_Lab_Win11 - INFO - test is complete
2025-07-26 17:14:48,453[33448] - RobotTest_AcidicPlatform - INFO - test Honda_HER_non-PGM_sample#sulf_2X-load_35a_2025-07-26_16-02-36 finished
2025-07-26 17:14:48,649[33448] - OBS_Win - INFO - not in software yet
2025-07-26 17:14:48,981[33448] - OBS_Win - INFO - attempting to open OBS_Win, trial 1 in 3 times...
2025-07-26 17:14:52,557[33448] - OBS_Win - INFO - OBS_Win started
2025-07-26 17:14:52,557[33448] - RobotTest_AcidicPlatform - INFO - unloading the sample to rack_id #14...
2025-07-26 17:15:51,813[33448] - RobotTest_AcidicPlatform - INFO - sample successfully unloaded from the cell
2025-07-26 17:15:55,413[33448] - OBS_Win - INFO - OBS_Win stopped
2025-07-26 17:15:55,893[33448] - OBS_Win - WARNING - cannot find ['OBS_start_record.png'] on screen
2025-07-26 17:15:59,207[33448] - OBS_Win - INFO - OBS_Win started
2025-07-26 17:15:59,207[33448] - RobotTest_AcidicPlatform - INFO - loading the sample from rack_id #15...
2025-07-26 17:16:37,017[33448] - RobotTest_AcidicPlatform - INFO - sample successfully loaded into the cell
2025-07-26 17:16:37,566[33448] - OBS_Win - INFO - OBS_Win stopped
2025-07-26 17:16:40,820[33448] - EC_Lab_Win11 - INFO - not in software yet
2025-07-26 17:16:41,130[33448] - EC_Lab_Win11 - INFO - attempting to open EC_Lab_Win11, trial 1 in 3 times...
2025-07-26 17:45:06,612[33448] - EC_Lab_Win11 - INFO - test is complete
2025-07-26 17:45:06,612[33448] - RobotTest_AcidicPlatform - INFO - test Honda_HER_non-PGM_sample#sulf_2X-load_35b_2025-07-26_17-15-55 finished
2025-07-26 17:45:06,821[33448] - OBS_Win - INFO - not in software yet
2025-07-26 17:45:07,144[33448] - OBS_Win - INFO - attempting to open OBS_Win, trial 1 in 3 times...
2025-07-26 17:45:10,713[33448] - OBS_Win - INFO - OBS_Win started
2025-07-26 17:45:10,713[33448] - RobotTest_AcidicPlatform - INFO - unloading the sample to rack_id #15...
2025-07-26 17:46:10,390[33448] - RobotTest_AcidicPlatform - INFO - sample successfully unloaded from the cell
2025-07-26 17:46:13,994[33448] - OBS_Win - INFO - OBS_Win stopped
2025-07-26 17:46:14,455[33448] - OBS_Win - WARNING - cannot find ['OBS_start_record.png'] on screen
2025-07-26 17:46:17,787[33448] - OBS_Win - INFO - OBS_Win started
2025-07-26 17:46:17,787[33448] - RobotTest_AcidicPlatform - INFO - loading the sample from rack_id #16...
2025-07-26 17:46:55,904[33448] - RobotTest_AcidicPlatform - INFO - sample successfully loaded into the cell
2025-07-26 17:46:56,472[33448] - OBS_Win - INFO - OBS_Win stopped
2025-07-26 17:46:59,721[33448] - EC_Lab_Win11 - INFO - not in software yet
2025-07-26 17:47:00,045[33448] - EC_Lab_Win11 - INFO - attempting to open EC_Lab_Win11, trial 1 in 3 times...
2025-07-26 18:58:25,969[33448] - EC_Lab_Win11 - INFO - test is complete
2025-07-26 18:58:25,969[33448] - RobotTest_AcidicPlatform - INFO - test Honda_HER_non-PGM_sample#sulf_3X-load_31a_2025-07-26_17-46-13 finished
2025-07-26 18:58:26,168[33448] - OBS_Win - INFO - not in software yet
2025-07-26 18:58:26,489[33448] - OBS_Win - INFO - attempting to open OBS_Win, trial 1 in 3 times...
2025-07-26 18:58:30,025[33448] - OBS_Win - INFO - OBS_Win started
2025-07-26 18:58:30,025[33448] - RobotTest_AcidicPlatform - INFO - unloading the sample to rack_id #16...
2025-07-26 18:59:29,900[33448] - RobotTest_AcidicPlatform - INFO - sample successfully unloaded from the cell
2025-07-26 18:59:33,483[33448] - OBS_Win - INFO - OBS_Win stopped
2025-07-26 18:59:33,921[33448] - OBS_Win - WARNING - cannot find ['OBS_start_record.png'] on screen
2025-07-26 18:59:37,266[33448] - OBS_Win - INFO - OBS_Win started
2025-07-26 18:59:37,267[33448] - RobotTest_AcidicPlatform - INFO - loading the sample from rack_id #17...
2025-07-26 19:00:15,940[33448] - RobotTest_AcidicPlatform - INFO - sample successfully loaded into the cell
2025-07-26 19:00:16,552[33448] - OBS_Win - INFO - OBS_Win stopped
2025-07-26 19:00:19,811[33448] - EC_Lab_Win11 - INFO - not in software yet
2025-07-26 19:00:20,126[33448] - EC_Lab_Win11 - INFO - attempting to open EC_Lab_Win11, trial 1 in 3 times...
2025-07-26 20:11:46,694[33448] - EC_Lab_Win11 - INFO - test is complete
2025-07-26 20:11:46,694[33448] - RobotTest_AcidicPlatform - INFO - test Honda_HER_non-PGM_sample#sulf_3X-load_31b_2025-07-26_18-59-33 finished
2025-07-26 20:11:46,891[33448] - OBS_Win - INFO - not in software yet
2025-07-26 20:11:47,213[33448] - OBS_Win - INFO - attempting to open OBS_Win, trial 1 in 3 times...
2025-07-26 20:11:50,780[33448] - OBS_Win - INFO - OBS_Win started
2025-07-26 20:11:50,780[33448] - RobotTest_AcidicPlatform - INFO - unloading the sample to rack_id #17...
2025-07-26 20:12:51,265[33448] - RobotTest_AcidicPlatform - INFO - sample successfully unloaded from the cell
2025-07-26 20:12:54,891[33448] - OBS_Win - INFO - OBS_Win stopped
2025-07-26 20:12:55,339[33448] - OBS_Win - WARNING - cannot find ['OBS_start_record.png'] on screen
2025-07-26 20:12:58,668[33448] - OBS_Win - INFO - OBS_Win started
2025-07-26 20:12:58,668[33448] - RobotTest_AcidicPlatform - INFO - loading the sample from rack_id #18...
2025-07-26 20:13:37,895[33448] - RobotTest_AcidicPlatform - INFO - sample successfully loaded into the cell
2025-07-26 20:13:38,477[33448] - OBS_Win - INFO - OBS_Win stopped
2025-07-26 20:13:41,733[33448] - EC_Lab_Win11 - INFO - not in software yet
2025-07-26 20:13:42,062[33448] - EC_Lab_Win11 - INFO - attempting to open EC_Lab_Win11, trial 1 in 3 times...
2025-07-26 20:55:04,244[33448] - EC_Lab_Win11 - INFO - test is complete
2025-07-26 20:55:04,244[33448] - RobotTest_AcidicPlatform - INFO - test Honda_HER_non-PGM_sample#sulf_3X-load_33a_2025-07-26_20-12-54 finished
2025-07-26 20:55:04,449[33448] - OBS_Win - INFO - not in software yet
2025-07-26 20:55:04,768[33448] - OBS_Win - INFO - attempting to open OBS_Win, trial 1 in 3 times...
2025-07-26 20:55:08,342[33448] - OBS_Win - INFO - OBS_Win started
2025-07-26 20:55:08,342[33448] - RobotTest_AcidicPlatform - INFO - unloading the sample to rack_id #18...
2025-07-26 20:56:09,315[33448] - RobotTest_AcidicPlatform - INFO - sample successfully unloaded from the cell
2025-07-26 20:56:12,924[33448] - OBS_Win - INFO - OBS_Win stopped
2025-07-26 20:56:13,390[33448] - OBS_Win - WARNING - cannot find ['OBS_start_record.png'] on screen
2025-07-26 20:56:16,748[33448] - OBS_Win - INFO - OBS_Win started
2025-07-26 20:56:16,748[33448] - RobotTest_AcidicPlatform - INFO - loading the sample from rack_id #19...
2025-07-26 20:56:56,325[33448] - RobotTest_AcidicPlatform - INFO - sample successfully loaded into the cell
2025-07-26 20:56:56,893[33448] - OBS_Win - INFO - OBS_Win stopped
2025-07-26 20:57:00,135[33448] - EC_Lab_Win11 - INFO - not in software yet
2025-07-26 20:57:00,444[33448] - EC_Lab_Win11 - INFO - attempting to open EC_Lab_Win11, trial 1 in 3 times...
2025-07-26 22:08:27,504[33448] - EC_Lab_Win11 - INFO - test is complete
2025-07-26 22:08:27,504[33448] - RobotTest_AcidicPlatform - INFO - test Honda_HER_non-PGM_sample#sulf_3X-load_33b_2025-07-26_20-56-12 finished
2025-07-26 22:08:27,706[33448] - OBS_Win - INFO - not in software yet
2025-07-26 22:08:28,031[33448] - OBS_Win - INFO - attempting to open OBS_Win, trial 1 in 3 times...
2025-07-26 22:08:31,597[33448] - OBS_Win - INFO - OBS_Win started
2025-07-26 22:08:31,598[33448] - RobotTest_AcidicPlatform - INFO - unloading the sample to rack_id #19...
2025-07-26 22:09:32,920[33448] - RobotTest_AcidicPlatform - INFO - sample successfully unloaded from the cell
2025-07-26 22:09:36,493[33448] - OBS_Win - INFO - OBS_Win stopped
2025-07-26 22:09:36,981[33448] - OBS_Win - WARNING - cannot find ['OBS_start_record.png'] on screen
2025-07-26 22:09:40,321[33448] - OBS_Win - INFO - OBS_Win started
2025-07-26 22:09:40,321[33448] - RobotTest_AcidicPlatform - INFO - loading the sample from rack_id #20...
2025-07-26 22:10:20,471[33448] - RobotTest_AcidicPlatform - INFO - sample successfully loaded into the cell
2025-07-26 22:10:21,087[33448] - OBS_Win - INFO - OBS_Win stopped
2025-07-26 22:10:24,344[33448] - EC_Lab_Win11 - INFO - not in software yet
2025-07-26 22:10:24,665[33448] - EC_Lab_Win11 - INFO - attempting to open EC_Lab_Win11, trial 1 in 3 times...
2025-07-26 23:21:48,892[33448] - EC_Lab_Win11 - INFO - test is complete
2025-07-26 23:21:48,892[33448] - RobotTest_AcidicPlatform - INFO - test Honda_HER_non-PGM_sample#sulf_3X-load_36a_2025-07-26_22-09-36 finished
2025-07-26 23:21:49,091[33448] - OBS_Win - INFO - not in software yet
2025-07-26 23:21:49,411[33448] - OBS_Win - INFO - attempting to open OBS_Win, trial 1 in 3 times...
2025-07-26 23:21:52,966[33448] - OBS_Win - INFO - OBS_Win started
2025-07-26 23:21:52,966[33448] - RobotTest_AcidicPlatform - INFO - unloading the sample to rack_id #20...
2025-07-26 23:22:54,783[33448] - RobotTest_AcidicPlatform - INFO - sample successfully unloaded from the cell
2025-07-26 23:22:58,353[33448] - OBS_Win - INFO - OBS_Win stopped
2025-07-26 23:22:58,786[33448] - OBS_Win - WARNING - cannot find ['OBS_start_record.png'] on screen
2025-07-26 23:23:02,107[33448] - OBS_Win - INFO - OBS_Win started
2025-07-26 23:23:02,108[33448] - RobotTest_AcidicPlatform - INFO - loading the sample from rack_id #21...
2025-07-26 23:23:42,458[33448] - RobotTest_AcidicPlatform - INFO - sample successfully loaded into the cell
2025-07-26 23:23:43,029[33448] - OBS_Win - INFO - OBS_Win stopped
2025-07-26 23:23:46,281[33448] - EC_Lab_Win11 - INFO - not in software yet
2025-07-26 23:23:46,593[33448] - EC_Lab_Win11 - INFO - attempting to open EC_Lab_Win11, trial 1 in 3 times...
2025-07-27 00:35:12,050[33448] - EC_Lab_Win11 - INFO - test is complete
2025-07-27 00:35:12,050[33448] - RobotTest_AcidicPlatform - INFO - test Honda_HER_non-PGM_sample#sulf_3X-load_36b_2025-07-26_23-22-58 finished
2025-07-27 00:35:12,253[33448] - OBS_Win - INFO - not in software yet
2025-07-27 00:35:12,586[33448] - OBS_Win - INFO - attempting to open OBS_Win, trial 1 in 3 times...
2025-07-27 00:35:16,145[33448] - OBS_Win - INFO - OBS_Win started
2025-07-27 00:35:16,145[33448] - RobotTest_AcidicPlatform - INFO - unloading the sample to rack_id #21...
2025-07-27 00:36:18,434[33448] - RobotTest_AcidicPlatform - INFO - sample successfully unloaded from the cell
2025-07-27 00:36:22,043[33448] - OBS_Win - INFO - OBS_Win stopped
2025-07-27 00:36:22,476[33448] - OBS_Win - WARNING - cannot find ['OBS_start_record.png'] on screen
2025-07-27 00:36:25,822[33448] - OBS_Win - INFO - OBS_Win started
2025-07-27 00:36:25,822[33448] - RobotTest_AcidicPlatform - INFO - loading the sample from rack_id #22...
2025-07-27 00:37:06,637[33448] - RobotTest_AcidicPlatform - INFO - sample successfully loaded into the cell
2025-07-27 00:37:07,236[33448] - OBS_Win - INFO - OBS_Win stopped
2025-07-27 00:37:10,474[33448] - EC_Lab_Win11 - INFO - not in software yet
2025-07-27 00:37:10,790[33448] - EC_Lab_Win11 - INFO - attempting to open EC_Lab_Win11, trial 1 in 3 times...
2025-07-27 01:05:35,238[33448] - EC_Lab_Win11 - INFO - test is complete
2025-07-27 01:05:35,238[33448] - RobotTest_AcidicPlatform - INFO - test Honda_HER_non-PGM_sample#sulf_3X-load_35a_2025-07-27_00-36-22 finished
2025-07-27 01:05:35,443[33448] - OBS_Win - INFO - not in software yet
2025-07-27 01:05:35,753[33448] - OBS_Win - INFO - attempting to open OBS_Win, trial 1 in 3 times...
2025-07-27 01:05:39,309[33448] - OBS_Win - INFO - OBS_Win started
2025-07-27 01:05:39,309[33448] - RobotTest_AcidicPlatform - INFO - unloading the sample to rack_id #22...
2025-07-27 01:06:42,052[33448] - RobotTest_AcidicPlatform - INFO - sample successfully unloaded from the cell
2025-07-27 01:06:45,652[33448] - OBS_Win - INFO - OBS_Win stopped
2025-07-27 01:06:46,121[33448] - OBS_Win - WARNING - cannot find ['OBS_start_record.png'] on screen
2025-07-27 01:06:49,449[33448] - OBS_Win - INFO - OBS_Win started
2025-07-27 01:06:49,449[33448] - RobotTest_AcidicPlatform - INFO - loading the sample from rack_id #23...
2025-07-27 01:07:30,670[33448] - RobotTest_AcidicPlatform - INFO - sample successfully loaded into the cell
2025-07-27 01:07:31,269[33448] - OBS_Win - INFO - OBS_Win stopped
2025-07-27 01:07:34,510[33448] - EC_Lab_Win11 - INFO - not in software yet
2025-07-27 01:07:34,823[33448] - EC_Lab_Win11 - INFO - attempting to open EC_Lab_Win11, trial 1 in 3 times...
2025-07-27 01:31:28,386[33448] - RobotTest_AcidicPlatform - INFO - human operating, fail to detect...
2025-07-27 01:31:38,388[33448] - RobotTest_AcidicPlatform - INFO - human operating, fail to detect...
2025-07-27 01:31:48,388[33448] - RobotTest_AcidicPlatform - INFO - human operating, fail to detect...
2025-07-27 02:19:08,258[33448] - EC_Lab_Win11 - INFO - test is complete
2025-07-27 02:19:08,258[33448] - RobotTest_AcidicPlatform - INFO - test Honda_HER_non-PGM_sample#sulf_3X-load_35b_2025-07-27_01-06-45 finished
2025-07-27 02:19:08,455[33448] - OBS_Win - INFO - not in software yet
2025-07-27 02:19:08,770[33448] - OBS_Win - INFO - attempting to open OBS_Win, trial 1 in 3 times...
2025-07-27 02:19:12,322[33448] - OBS_Win - INFO - OBS_Win started
2025-07-27 02:19:12,322[33448] - RobotTest_AcidicPlatform - INFO - unloading the sample to rack_id #23...
2025-07-27 02:20:15,543[33448] - RobotTest_AcidicPlatform - INFO - sample successfully unloaded from the cell
2025-07-27 02:20:19,106[33448] - OBS_Win - INFO - OBS_Win stopped
2025-07-27 02:20:19,552[33448] - OBS_Win - WARNING - cannot find ['OBS_start_record.png'] on screen
2025-07-27 02:20:22,891[33448] - OBS_Win - INFO - OBS_Win started
2025-07-27 02:20:22,891[33448] - RobotTest_AcidicPlatform - INFO - loading the sample from rack_id #24...
2025-07-27 02:21:04,678[33448] - RobotTest_AcidicPlatform - INFO - sample successfully loaded into the cell
2025-07-27 02:21:05,216[33448] - OBS_Win - INFO - OBS_Win stopped
2025-07-27 02:21:08,456[33448] - EC_Lab_Win11 - INFO - not in software yet
2025-07-27 02:21:08,785[33448] - EC_Lab_Win11 - INFO - attempting to open EC_Lab_Win11, trial 1 in 3 times...
2025-07-27 02:32:47,776[33448] - RobotTest_AcidicPlatform - INFO - human operating, fail to detect...
2025-07-27 02:33:31,622[33448] - RobotTest_AcidicPlatform - INFO - human operating, fail to detect...
2025-07-27 02:33:41,624[33448] - RobotTest_AcidicPlatform - INFO - human operating, fail to detect...
2025-07-27 02:33:51,626[33448] - RobotTest_AcidicPlatform - INFO - human operating, fail to detect...
2025-07-27 02:36:17,807[33448] - EC_Lab_Win11 - INFO - test is complete
2025-07-27 02:36:17,807[33448] - RobotTest_AcidicPlatform - INFO - test Honda_HER_non-PGM_sample#Pt_2025-07-27_02-20-19 finished
2025-07-27 02:36:17,991[33448] - OBS_Win - INFO - not in software yet
2025-07-27 02:36:18,313[33448] - OBS_Win - INFO - attempting to open OBS_Win, trial 1 in 3 times...
2025-07-27 02:36:21,855[33448] - OBS_Win - INFO - OBS_Win started
2025-07-27 02:36:21,855[33448] - RobotTest_AcidicPlatform - INFO - unloading the sample to rack_id #24...
2025-07-27 02:37:25,347[33448] - RobotTest_AcidicPlatform - INFO - sample successfully unloaded from the cell
2025-07-27 02:37:28,931[33448] - OBS_Win - INFO - OBS_Win stopped
2025-07-27 02:37:29,409[33448] - OBS_Win - WARNING - cannot find ['OBS_start_record.png'] on screen
2025-07-27 02:37:32,723[33448] - OBS_Win - INFO - OBS_Win started
2025-07-27 02:37:32,723[33448] - RobotTest_AcidicPlatform - INFO - loading the sample from rack_id #25...
2025-07-27 02:38:14,751[33448] - RobotTest_AcidicPlatform - INFO - sample successfully loaded into the cell
2025-07-27 02:38:15,352[33448] - OBS_Win - INFO - OBS_Win stopped
2025-07-27 02:38:18,587[33448] - EC_Lab_Win11 - INFO - not in software yet
2025-07-27 02:38:18,903[33448] - EC_Lab_Win11 - INFO - attempting to open EC_Lab_Win11, trial 1 in 3 times...
2025-07-27 03:06:41,766[33448] - EC_Lab_Win11 - INFO - test is complete
2025-07-27 03:06:41,766[33448] - RobotTest_AcidicPlatform - INFO - test Honda_HER_non-PGM_sample#Pt3Ni1_2025-07-27_02-37-28 finished
2025-07-27 03:06:41,976[33448] - OBS_Win - INFO - not in software yet
2025-07-27 03:06:42,290[33448] - OBS_Win - INFO - attempting to open OBS_Win, trial 1 in 3 times...
2025-07-27 03:06:45,907[33448] - OBS_Win - INFO - OBS_Win started
2025-07-27 03:06:45,907[33448] - RobotTest_AcidicPlatform - INFO - unloading the sample to rack_id #25...
2025-07-27 03:07:49,966[33448] - RobotTest_AcidicPlatform - INFO - sample successfully unloaded from the cell
2025-07-27 03:07:53,556[33448] - OBS_Win - INFO - OBS_Win stopped
