2025-05-10 20:07:28,284[24908] - RobotTest_AcidicPlatform - INFO - started a batch of test, with sample_rack_id : sample_id = {0: 88, 1: 89, 2: 90, 3: 91, 4: 92, 5: 93, 6: 94, 7: 95, 8: 96, 9: 97, 10: 98, 11: 99, 12: 100, 13: 101, 14: 102, 15: 103, 16: 104, 17: 105, 18: 106, 19: 107, 20: 108, 21: 109, 22: 110, 23: 111, 24: 112, 25: 113, 26: 114, 27: 115, 28: 116, 29: 117, 30: 118, 31: 119, 32: 120, 33: 121, 34: 122, 35: 123}
2025-05-10 20:07:34,342[24908] - OBS_Win - INFO - not in software yet
2025-05-10 20:07:34,672[24908] - OBS_Win - INFO - attempting to open OBS_Win, trial 1 in 3 times...
2025-05-10 20:07:38,303[24908] - OBS_Win - INFO - OBS_Win started
2025-05-10 20:07:38,303[24908] - RobotTest_AcidicPlatform - INFO - loading the sample from rack_id #0...
2025-05-10 20:08:17,411[24908] - RobotTest_AcidicPlatform - INFO - sample successfully loaded into the cell
2025-05-10 20:08:18,186[24908] - OBS_Win - INFO - OBS_Win stopped
2025-05-10 20:08:21,480[24908] - EC_Lab_Win11 - INFO - not in software yet
2025-05-10 20:08:21,838[24908] - EC_Lab_Win11 - INFO - attempting to open EC_Lab_Win11, trial 1 in 3 times...
2025-05-10 20:09:52,782[24908] - RobotTest_AcidicPlatform - INFO - human operating, fail to detect...
2025-05-10 20:10:02,796[24908] - RobotTest_AcidicPlatform - INFO - human operating, fail to detect...
2025-05-10 20:34:56,592[24908] - EC_Lab_Win11 - INFO - test is complete
2025-05-10 20:34:56,593[24908] - RobotTest_AcidicPlatform - INFO - test MOR_PtX_6or8_comp_trial3_sample#88_2025-05-10_20-07-34 finished
2025-05-10 20:34:56,785[24908] - OBS_Win - INFO - not in software yet
2025-05-10 20:34:57,079[24908] - OBS_Win - INFO - attempting to open OBS_Win, trial 1 in 3 times...
2025-05-10 20:35:00,728[24908] - OBS_Win - INFO - OBS_Win started
2025-05-10 20:35:00,728[24908] - RobotTest_AcidicPlatform - INFO - unloading the sample to rack_id #0...
2025-05-10 20:36:00,319[24908] - RobotTest_AcidicPlatform - INFO - sample successfully unloaded from the cell
2025-05-10 20:36:04,042[24908] - OBS_Win - INFO - OBS_Win stopped
2025-05-10 20:36:04,612[24908] - OBS_Win - WARNING - cannot find ['OBS_start_record.png'] on screen
2025-05-10 20:36:08,004[24908] - OBS_Win - INFO - OBS_Win started
2025-05-10 20:36:08,004[24908] - RobotTest_AcidicPlatform - INFO - loading the sample from rack_id #1...
2025-05-10 20:36:39,836[24908] - RobotTest_AcidicPlatform - INFO - sample successfully loaded into the cell
2025-05-10 20:36:40,548[24908] - OBS_Win - INFO - OBS_Win stopped
2025-05-10 20:36:43,810[24908] - EC_Lab_Win11 - INFO - not in software yet
2025-05-10 20:36:44,164[24908] - EC_Lab_Win11 - INFO - attempting to open EC_Lab_Win11, trial 1 in 3 times...
2025-05-10 21:03:20,284[24908] - EC_Lab_Win11 - INFO - test is complete
2025-05-10 21:03:20,285[24908] - RobotTest_AcidicPlatform - INFO - test MOR_PtX_6or8_comp_trial3_sample#89_2025-05-10_20-36-04 finished
2025-05-10 21:03:20,470[24908] - OBS_Win - INFO - not in software yet
2025-05-10 21:03:20,782[24908] - OBS_Win - INFO - attempting to open OBS_Win, trial 1 in 3 times...
2025-05-10 21:03:24,455[24908] - OBS_Win - INFO - OBS_Win started
2025-05-10 21:03:24,455[24908] - RobotTest_AcidicPlatform - INFO - unloading the sample to rack_id #1...
2025-05-10 21:04:23,854[24908] - RobotTest_AcidicPlatform - INFO - sample successfully unloaded from the cell
2025-05-10 21:04:27,561[24908] - OBS_Win - INFO - OBS_Win stopped
2025-05-10 21:04:28,413[24908] - OBS_Win - INFO - OBS_Win started
2025-05-10 21:04:28,413[24908] - RobotTest_AcidicPlatform - INFO - loading the sample from rack_id #2...
2025-05-10 21:05:00,802[24908] - RobotTest_AcidicPlatform - INFO - sample successfully loaded into the cell
2025-05-10 21:05:01,586[24908] - OBS_Win - INFO - OBS_Win stopped
2025-05-10 21:05:04,947[24908] - EC_Lab_Win11 - INFO - not in software yet
2025-05-10 21:05:05,364[24908] - EC_Lab_Win11 - INFO - attempting to open EC_Lab_Win11, trial 1 in 3 times...
2025-05-10 21:31:41,727[24908] - EC_Lab_Win11 - INFO - test is complete
2025-05-10 21:31:41,727[24908] - RobotTest_AcidicPlatform - INFO - test MOR_PtX_6or8_comp_trial3_sample#90_2025-05-10_21-04-27 finished
2025-05-10 21:31:41,920[24908] - OBS_Win - INFO - not in software yet
2025-05-10 21:31:42,223[24908] - OBS_Win - INFO - attempting to open OBS_Win, trial 1 in 3 times...
2025-05-10 21:31:45,934[24908] - OBS_Win - INFO - OBS_Win started
2025-05-10 21:31:45,934[24908] - RobotTest_AcidicPlatform - INFO - unloading the sample to rack_id #2...
2025-05-10 21:32:44,889[24908] - RobotTest_AcidicPlatform - INFO - sample successfully unloaded from the cell
2025-05-10 21:32:48,724[24908] - OBS_Win - INFO - OBS_Win stopped
2025-05-10 21:32:49,449[24908] - OBS_Win - INFO - OBS_Win started
2025-05-10 21:32:49,449[24908] - RobotTest_AcidicPlatform - INFO - loading the sample from rack_id #3...
2025-05-10 21:33:22,380[24908] - RobotTest_AcidicPlatform - INFO - sample successfully loaded into the cell
2025-05-10 21:33:23,072[24908] - OBS_Win - INFO - OBS_Win stopped
2025-05-10 21:33:26,377[24908] - EC_Lab_Win11 - INFO - not in software yet
2025-05-10 21:33:26,766[24908] - EC_Lab_Win11 - INFO - attempting to open EC_Lab_Win11, trial 1 in 3 times...
2025-05-10 22:00:02,153[24908] - EC_Lab_Win11 - INFO - test is complete
2025-05-10 22:00:02,153[24908] - RobotTest_AcidicPlatform - INFO - test MOR_PtX_6or8_comp_trial3_sample#91_2025-05-10_21-32-48 finished
2025-05-10 22:00:02,343[24908] - OBS_Win - INFO - not in software yet
2025-05-10 22:00:02,641[24908] - OBS_Win - INFO - attempting to open OBS_Win, trial 1 in 3 times...
2025-05-10 22:00:06,288[24908] - OBS_Win - INFO - OBS_Win started
2025-05-10 22:00:06,288[24908] - RobotTest_AcidicPlatform - INFO - unloading the sample to rack_id #3...
2025-05-10 22:01:04,971[24908] - RobotTest_AcidicPlatform - INFO - sample successfully unloaded from the cell
2025-05-10 22:01:08,719[24908] - OBS_Win - INFO - OBS_Win stopped
2025-05-10 22:01:09,387[24908] - OBS_Win - WARNING - cannot find ['OBS_start_record.png'] on screen
2025-05-10 22:01:12,775[24908] - OBS_Win - INFO - OBS_Win started
2025-05-10 22:01:12,776[24908] - RobotTest_AcidicPlatform - INFO - loading the sample from rack_id #4...
2025-05-10 22:01:46,098[24908] - RobotTest_AcidicPlatform - INFO - sample successfully loaded into the cell
2025-05-10 22:01:46,889[24908] - OBS_Win - INFO - OBS_Win stopped
2025-05-10 22:01:50,243[24908] - EC_Lab_Win11 - INFO - not in software yet
2025-05-10 22:01:50,687[24908] - EC_Lab_Win11 - INFO - attempting to open EC_Lab_Win11, trial 1 in 3 times...
2025-05-10 22:28:32,070[24908] - EC_Lab_Win11 - INFO - test is complete
2025-05-10 22:28:32,070[24908] - RobotTest_AcidicPlatform - INFO - test MOR_PtX_6or8_comp_trial3_sample#92_2025-05-10_22-01-08 finished
2025-05-10 22:28:32,267[24908] - OBS_Win - INFO - not in software yet
2025-05-10 22:28:32,582[24908] - OBS_Win - INFO - attempting to open OBS_Win, trial 1 in 3 times...
2025-05-10 22:28:36,241[24908] - OBS_Win - INFO - OBS_Win started
2025-05-10 22:28:36,241[24908] - RobotTest_AcidicPlatform - INFO - unloading the sample to rack_id #4...
2025-05-10 22:29:34,437[24908] - RobotTest_AcidicPlatform - INFO - sample successfully unloaded from the cell
2025-05-10 22:29:38,156[24908] - OBS_Win - INFO - OBS_Win stopped
2025-05-10 22:29:38,775[24908] - OBS_Win - WARNING - cannot find ['OBS_start_record.png'] on screen
2025-05-10 22:29:42,272[24908] - OBS_Win - INFO - OBS_Win started
2025-05-10 22:29:42,272[24908] - RobotTest_AcidicPlatform - INFO - loading the sample from rack_id #5...
2025-05-10 22:30:16,056[24908] - RobotTest_AcidicPlatform - INFO - sample successfully loaded into the cell
2025-05-10 22:30:16,828[24908] - OBS_Win - INFO - OBS_Win stopped
2025-05-10 22:30:20,134[24908] - EC_Lab_Win11 - INFO - not in software yet
2025-05-10 22:30:20,522[24908] - EC_Lab_Win11 - INFO - attempting to open EC_Lab_Win11, trial 1 in 3 times...
2025-05-10 22:45:55,873[24908] - RobotTest_AcidicPlatform - INFO - human operating, fail to detect...
2025-05-10 22:46:05,879[24908] - RobotTest_AcidicPlatform - INFO - human operating, fail to detect...
2025-05-10 22:46:15,881[24908] - RobotTest_AcidicPlatform - INFO - human operating, fail to detect...
2025-05-10 22:46:25,892[24908] - RobotTest_AcidicPlatform - INFO - human operating, fail to detect...
2025-05-10 22:46:35,904[24908] - RobotTest_AcidicPlatform - INFO - human operating, fail to detect...
2025-05-10 22:46:45,908[24908] - RobotTest_AcidicPlatform - INFO - human operating, fail to detect...
2025-05-10 22:46:55,922[24908] - RobotTest_AcidicPlatform - INFO - human operating, fail to detect...
2025-05-10 22:47:05,932[24908] - RobotTest_AcidicPlatform - INFO - human operating, fail to detect...
2025-05-10 22:47:15,943[24908] - RobotTest_AcidicPlatform - INFO - human operating, fail to detect...
2025-05-10 22:47:25,947[24908] - RobotTest_AcidicPlatform - INFO - human operating, fail to detect...
2025-05-10 22:47:35,958[24908] - RobotTest_AcidicPlatform - INFO - human operating, fail to detect...
2025-05-10 22:47:45,959[24908] - RobotTest_AcidicPlatform - INFO - human operating, fail to detect...
2025-05-10 22:47:55,969[24908] - RobotTest_AcidicPlatform - INFO - human operating, fail to detect...
2025-05-10 22:48:05,976[24908] - RobotTest_AcidicPlatform - INFO - human operating, fail to detect...
2025-05-10 22:48:15,981[24908] - RobotTest_AcidicPlatform - INFO - human operating, fail to detect...
2025-05-10 22:48:25,994[24908] - RobotTest_AcidicPlatform - INFO - human operating, fail to detect...
2025-05-10 22:48:36,002[24908] - RobotTest_AcidicPlatform - INFO - human operating, fail to detect...
2025-05-10 22:48:46,010[24908] - RobotTest_AcidicPlatform - INFO - human operating, fail to detect...
2025-05-10 22:48:56,025[24908] - RobotTest_AcidicPlatform - INFO - human operating, fail to detect...
2025-05-10 22:49:06,033[24908] - RobotTest_AcidicPlatform - INFO - human operating, fail to detect...
2025-05-10 22:49:16,048[24908] - RobotTest_AcidicPlatform - INFO - human operating, fail to detect...
2025-05-10 22:49:26,063[24908] - RobotTest_AcidicPlatform - INFO - human operating, fail to detect...
2025-05-10 22:49:36,065[24908] - RobotTest_AcidicPlatform - INFO - human operating, fail to detect...
2025-05-10 22:49:46,070[24908] - RobotTest_AcidicPlatform - INFO - human operating, fail to detect...
2025-05-10 22:49:56,074[24908] - RobotTest_AcidicPlatform - INFO - human operating, fail to detect...
2025-05-10 22:50:06,081[24908] - RobotTest_AcidicPlatform - INFO - human operating, fail to detect...
2025-05-10 22:50:16,090[24908] - RobotTest_AcidicPlatform - INFO - human operating, fail to detect...
2025-05-10 22:50:26,102[24908] - RobotTest_AcidicPlatform - INFO - human operating, fail to detect...
2025-05-10 22:50:36,129[24908] - RobotTest_AcidicPlatform - INFO - human operating, fail to detect...
2025-05-10 22:50:46,138[24908] - RobotTest_AcidicPlatform - INFO - human operating, fail to detect...
2025-05-10 22:50:56,143[24908] - RobotTest_AcidicPlatform - INFO - human operating, fail to detect...
2025-05-10 22:51:06,156[24908] - RobotTest_AcidicPlatform - INFO - human operating, fail to detect...
2025-05-10 22:51:16,163[24908] - RobotTest_AcidicPlatform - INFO - human operating, fail to detect...
2025-05-10 22:51:26,177[24908] - RobotTest_AcidicPlatform - INFO - human operating, fail to detect...
2025-05-10 22:51:36,180[24908] - RobotTest_AcidicPlatform - INFO - human operating, fail to detect...
2025-05-10 22:51:46,181[24908] - RobotTest_AcidicPlatform - INFO - human operating, fail to detect...
2025-05-10 22:51:56,189[24908] - RobotTest_AcidicPlatform - INFO - human operating, fail to detect...
2025-05-10 22:52:06,200[24908] - RobotTest_AcidicPlatform - INFO - human operating, fail to detect...
2025-05-11 18:25:26,134[39480] - RobotTest_AcidicPlatform - INFO - started a batch of test, with sample_rack_id : sample_id = {0: 88, 1: 89, 2: 90, 3: 91, 4: 92, 5: 93, 6: 94, 7: 95, 8: 96, 9: 97, 10: 98, 11: 99, 12: 100, 13: 101, 14: 102, 15: 103, 16: 104, 17: 105, 18: 106, 19: 107, 20: 108, 21: 109, 22: 110, 23: 111, 24: 112, 25: 113, 26: 114, 27: 115, 28: 116, 29: 117, 30: 118, 31: 119, 32: 120, 33: 121, 34: 122, 35: 123}
2025-05-11 18:25:32,196[39480] - OBS_Win - INFO - not in software yet
2025-05-11 18:25:32,539[39480] - OBS_Win - INFO - attempting to open OBS_Win, trial 1 in 3 times...
2025-05-11 18:25:36,249[39480] - OBS_Win - INFO - OBS_Win started
2025-05-11 18:25:36,250[39480] - RobotTest_AcidicPlatform - INFO - loading the sample from rack_id #0...
2025-05-11 18:26:15,271[39480] - RobotTest_AcidicPlatform - INFO - sample successfully loaded into the cell
2025-05-11 18:26:16,031[39480] - OBS_Win - INFO - OBS_Win stopped
2025-05-11 18:26:19,331[39480] - EC_Lab_Win11 - INFO - not in software yet
2025-05-11 18:26:19,726[39480] - EC_Lab_Win11 - INFO - attempting to open EC_Lab_Win11, trial 1 in 3 times...
2025-05-11 18:28:02,619[39480] - RobotTest_AcidicPlatform - INFO - human operating, fail to detect...
2025-05-11 18:28:12,629[39480] - RobotTest_AcidicPlatform - INFO - human operating, fail to detect...
2025-05-11 18:52:51,098[39480] - EC_Lab_Win11 - INFO - test is complete
2025-05-11 18:52:51,098[39480] - RobotTest_AcidicPlatform - INFO - test MOR_PtX_6or8_comp_trial3_sample#88_2025-05-11_18-25-31 finished
2025-05-11 18:52:51,296[39480] - OBS_Win - INFO - not in software yet
2025-05-11 18:52:51,613[39480] - OBS_Win - INFO - attempting to open OBS_Win, trial 1 in 3 times...
2025-05-11 18:52:55,266[39480] - OBS_Win - INFO - OBS_Win started
2025-05-11 18:52:55,266[39480] - RobotTest_AcidicPlatform - INFO - unloading the sample to rack_id #0...
2025-05-11 18:53:54,995[39480] - RobotTest_AcidicPlatform - INFO - sample successfully unloaded from the cell
2025-05-11 18:53:58,746[39480] - OBS_Win - INFO - OBS_Win stopped
2025-05-11 18:53:59,315[39480] - OBS_Win - WARNING - cannot find ['OBS_start_record.png'] on screen
2025-05-11 18:54:02,692[39480] - OBS_Win - INFO - OBS_Win started
2025-05-11 18:54:02,692[39480] - RobotTest_AcidicPlatform - INFO - loading the sample from rack_id #1...
2025-05-11 18:54:34,699[39480] - RobotTest_AcidicPlatform - INFO - sample successfully loaded into the cell
2025-05-11 18:54:35,440[39480] - OBS_Win - INFO - OBS_Win stopped
2025-05-11 18:54:38,753[39480] - EC_Lab_Win11 - INFO - not in software yet
2025-05-11 18:54:39,161[39480] - EC_Lab_Win11 - INFO - attempting to open EC_Lab_Win11, trial 1 in 3 times...
2025-05-11 19:19:08,834[39480] - RobotTest_AcidicPlatform - INFO - human operating, fail to detect...
2025-05-11 19:21:13,314[39480] - EC_Lab_Win11 - INFO - test is complete
2025-05-11 19:21:13,314[39480] - RobotTest_AcidicPlatform - INFO - test MOR_PtX_6or8_comp_trial3_sample#89_2025-05-11_18-53-58 finished
2025-05-11 19:21:13,526[39480] - OBS_Win - INFO - not in software yet
2025-05-11 19:21:13,856[39480] - OBS_Win - INFO - attempting to open OBS_Win, trial 1 in 3 times...
2025-05-11 19:21:17,538[39480] - OBS_Win - INFO - OBS_Win started
2025-05-11 19:21:17,538[39480] - RobotTest_AcidicPlatform - INFO - unloading the sample to rack_id #1...
2025-05-11 19:22:16,809[39480] - RobotTest_AcidicPlatform - INFO - sample successfully unloaded from the cell
2025-05-11 19:22:20,540[39480] - OBS_Win - INFO - OBS_Win stopped
2025-05-11 19:22:21,167[39480] - OBS_Win - WARNING - cannot find ['OBS_start_record.png'] on screen
2025-05-11 19:22:24,582[39480] - OBS_Win - INFO - OBS_Win started
2025-05-11 19:22:24,582[39480] - RobotTest_AcidicPlatform - INFO - loading the sample from rack_id #2...
2025-05-11 19:22:56,967[39480] - RobotTest_AcidicPlatform - INFO - sample successfully loaded into the cell
2025-05-11 19:22:57,677[39480] - OBS_Win - INFO - OBS_Win stopped
2025-05-11 19:23:00,982[39480] - EC_Lab_Win11 - INFO - not in software yet
2025-05-11 19:23:01,344[39480] - EC_Lab_Win11 - INFO - attempting to open EC_Lab_Win11, trial 1 in 3 times...
2025-05-11 19:49:40,416[39480] - EC_Lab_Win11 - INFO - test is complete
2025-05-11 19:49:40,416[39480] - RobotTest_AcidicPlatform - INFO - test MOR_PtX_6or8_comp_trial3_sample#90_2025-05-11_19-22-20 finished
2025-05-11 19:49:40,619[39480] - OBS_Win - INFO - not in software yet
2025-05-11 19:49:40,946[39480] - OBS_Win - INFO - attempting to open OBS_Win, trial 1 in 3 times...
2025-05-11 19:49:44,699[39480] - OBS_Win - INFO - OBS_Win started
2025-05-11 19:49:44,699[39480] - RobotTest_AcidicPlatform - INFO - unloading the sample to rack_id #2...
2025-05-11 19:50:43,550[39480] - RobotTest_AcidicPlatform - INFO - sample successfully unloaded from the cell
2025-05-11 19:50:47,383[39480] - OBS_Win - INFO - OBS_Win stopped
2025-05-11 19:50:47,984[39480] - OBS_Win - WARNING - cannot find ['OBS_start_record.png'] on screen
2025-05-11 19:50:51,412[39480] - OBS_Win - INFO - OBS_Win started
2025-05-11 19:50:51,412[39480] - RobotTest_AcidicPlatform - INFO - loading the sample from rack_id #3...
2025-05-11 19:51:24,266[39480] - RobotTest_AcidicPlatform - INFO - sample successfully loaded into the cell
2025-05-11 19:51:24,959[39480] - OBS_Win - INFO - OBS_Win stopped
2025-05-11 19:51:28,278[39480] - EC_Lab_Win11 - INFO - not in software yet
2025-05-11 19:51:28,655[39480] - EC_Lab_Win11 - INFO - attempting to open EC_Lab_Win11, trial 1 in 3 times...
2025-05-11 20:18:08,054[39480] - EC_Lab_Win11 - INFO - test is complete
2025-05-11 20:18:08,054[39480] - RobotTest_AcidicPlatform - INFO - test MOR_PtX_6or8_comp_trial3_sample#91_2025-05-11_19-50-47 finished
2025-05-11 20:18:08,270[39480] - OBS_Win - INFO - not in software yet
2025-05-11 20:18:08,597[39480] - OBS_Win - INFO - attempting to open OBS_Win, trial 1 in 3 times...
2025-05-11 20:18:12,277[39480] - OBS_Win - INFO - OBS_Win started
2025-05-11 20:18:12,277[39480] - RobotTest_AcidicPlatform - INFO - unloading the sample to rack_id #3...
2025-05-11 20:19:10,727[39480] - RobotTest_AcidicPlatform - INFO - sample successfully unloaded from the cell
2025-05-11 20:19:14,485[39480] - OBS_Win - INFO - OBS_Win stopped
2025-05-11 20:19:15,067[39480] - OBS_Win - WARNING - cannot find ['OBS_start_record.png'] on screen
2025-05-11 20:19:18,482[39480] - OBS_Win - INFO - OBS_Win started
2025-05-11 20:19:18,482[39480] - RobotTest_AcidicPlatform - INFO - loading the sample from rack_id #4...
2025-05-11 20:19:51,726[39480] - RobotTest_AcidicPlatform - INFO - sample successfully loaded into the cell
2025-05-11 20:19:52,481[39480] - OBS_Win - INFO - OBS_Win stopped
2025-05-11 20:19:55,790[39480] - EC_Lab_Win11 - INFO - not in software yet
2025-05-11 20:19:56,147[39480] - EC_Lab_Win11 - INFO - attempting to open EC_Lab_Win11, trial 1 in 3 times...
2025-05-11 20:46:24,154[39480] - EC_Lab_Win11 - INFO - test is complete
2025-05-11 20:46:24,154[39480] - RobotTest_AcidicPlatform - INFO - test MOR_PtX_6or8_comp_trial3_sample#92_2025-05-11_20-19-14 finished
2025-05-11 20:46:24,360[39480] - OBS_Win - INFO - not in software yet
2025-05-11 20:46:24,681[39480] - OBS_Win - INFO - attempting to open OBS_Win, trial 1 in 3 times...
2025-05-11 20:46:28,363[39480] - OBS_Win - INFO - OBS_Win started
2025-05-11 20:46:28,363[39480] - RobotTest_AcidicPlatform - INFO - unloading the sample to rack_id #4...
2025-05-11 20:47:26,335[39480] - RobotTest_AcidicPlatform - INFO - sample successfully unloaded from the cell
2025-05-11 20:47:30,108[39480] - OBS_Win - INFO - OBS_Win stopped
2025-05-11 20:47:30,746[39480] - OBS_Win - WARNING - cannot find ['OBS_start_record.png'] on screen
2025-05-11 20:47:34,147[39480] - OBS_Win - INFO - OBS_Win started
2025-05-11 20:47:34,148[39480] - RobotTest_AcidicPlatform - INFO - loading the sample from rack_id #5...
2025-05-11 20:48:07,832[39480] - RobotTest_AcidicPlatform - INFO - sample successfully loaded into the cell
2025-05-11 20:48:08,627[39480] - OBS_Win - INFO - OBS_Win stopped
2025-05-11 20:48:11,945[39480] - EC_Lab_Win11 - INFO - not in software yet
2025-05-11 20:48:12,329[39480] - EC_Lab_Win11 - INFO - attempting to open EC_Lab_Win11, trial 1 in 3 times...
2025-05-11 21:14:51,700[39480] - EC_Lab_Win11 - INFO - test is complete
2025-05-11 21:14:51,700[39480] - RobotTest_AcidicPlatform - INFO - test MOR_PtX_6or8_comp_trial3_sample#93_2025-05-11_20-47-30 finished
2025-05-11 21:14:51,897[39480] - OBS_Win - INFO - not in software yet
2025-05-11 21:14:52,217[39480] - OBS_Win - INFO - attempting to open OBS_Win, trial 1 in 3 times...
2025-05-11 21:14:55,911[39480] - OBS_Win - INFO - OBS_Win started
2025-05-11 21:14:55,911[39480] - RobotTest_AcidicPlatform - INFO - unloading the sample to rack_id #5...
2025-05-11 21:15:53,714[39480] - RobotTest_AcidicPlatform - INFO - sample successfully unloaded from the cell
2025-05-11 21:15:57,461[39480] - OBS_Win - INFO - OBS_Win stopped
2025-05-11 21:15:58,090[39480] - OBS_Win - WARNING - cannot find ['OBS_start_record.png'] on screen
2025-05-11 21:16:01,480[39480] - OBS_Win - INFO - OBS_Win started
2025-05-11 21:16:01,480[39480] - RobotTest_AcidicPlatform - INFO - loading the sample from rack_id #6...
2025-05-11 21:16:35,761[39480] - RobotTest_AcidicPlatform - INFO - sample successfully loaded into the cell
2025-05-11 21:16:36,535[39480] - OBS_Win - INFO - OBS_Win stopped
2025-05-11 21:16:39,866[39480] - EC_Lab_Win11 - INFO - not in software yet
2025-05-11 21:16:40,261[39480] - EC_Lab_Win11 - INFO - attempting to open EC_Lab_Win11, trial 1 in 3 times...
2025-05-11 21:43:15,403[39480] - EC_Lab_Win11 - INFO - test is complete
2025-05-11 21:43:15,403[39480] - RobotTest_AcidicPlatform - INFO - test MOR_PtX_6or8_comp_trial3_sample#94_2025-05-11_21-15-57 finished
2025-05-11 21:43:15,596[39480] - OBS_Win - INFO - not in software yet
2025-05-11 21:43:15,917[39480] - OBS_Win - INFO - attempting to open OBS_Win, trial 1 in 3 times...
2025-05-11 21:43:19,666[39480] - OBS_Win - INFO - OBS_Win started
2025-05-11 21:43:19,666[39480] - RobotTest_AcidicPlatform - INFO - unloading the sample to rack_id #6...
2025-05-11 21:44:17,243[39480] - RobotTest_AcidicPlatform - INFO - sample successfully unloaded from the cell
2025-05-11 21:44:21,114[39480] - OBS_Win - INFO - OBS_Win stopped
2025-05-11 21:44:21,751[39480] - OBS_Win - WARNING - cannot find ['OBS_start_record.png'] on screen
2025-05-11 21:44:25,202[39480] - OBS_Win - INFO - OBS_Win started
2025-05-11 21:44:25,202[39480] - RobotTest_AcidicPlatform - INFO - loading the sample from rack_id #7...
2025-05-11 21:44:59,691[39480] - RobotTest_AcidicPlatform - INFO - sample successfully loaded into the cell
2025-05-11 21:45:00,606[39480] - OBS_Win - INFO - OBS_Win stopped
2025-05-11 21:45:03,964[39480] - EC_Lab_Win11 - INFO - not in software yet
2025-05-11 21:45:04,354[39480] - EC_Lab_Win11 - INFO - attempting to open EC_Lab_Win11, trial 1 in 3 times...
2025-05-11 22:11:38,447[39480] - EC_Lab_Win11 - INFO - test is complete
2025-05-11 22:11:38,447[39480] - RobotTest_AcidicPlatform - INFO - test MOR_PtX_6or8_comp_trial3_sample#95_2025-05-11_21-44-21 finished
2025-05-11 22:11:38,658[39480] - OBS_Win - INFO - not in software yet
2025-05-11 22:11:38,993[39480] - OBS_Win - INFO - attempting to open OBS_Win, trial 1 in 3 times...
2025-05-11 22:11:42,718[39480] - OBS_Win - INFO - OBS_Win started
2025-05-11 22:11:42,718[39480] - RobotTest_AcidicPlatform - INFO - unloading the sample to rack_id #7...
2025-05-11 22:12:39,868[39480] - RobotTest_AcidicPlatform - INFO - sample successfully unloaded from the cell
2025-05-11 22:12:43,754[39480] - OBS_Win - INFO - OBS_Win stopped
2025-05-11 22:12:44,471[39480] - OBS_Win - WARNING - cannot find ['OBS_start_record.png'] on screen
2025-05-11 22:12:47,940[39480] - OBS_Win - INFO - OBS_Win started
2025-05-11 22:12:47,941[39480] - RobotTest_AcidicPlatform - INFO - loading the sample from rack_id #8...
2025-05-11 22:13:22,953[39480] - RobotTest_AcidicPlatform - INFO - sample successfully loaded into the cell
2025-05-11 22:13:23,758[39480] - OBS_Win - INFO - OBS_Win stopped
2025-05-11 22:13:27,084[39480] - EC_Lab_Win11 - INFO - not in software yet
2025-05-11 22:13:27,507[39480] - EC_Lab_Win11 - INFO - attempting to open EC_Lab_Win11, trial 1 in 3 times...
2025-05-11 22:39:59,044[39480] - EC_Lab_Win11 - INFO - test is complete
2025-05-11 22:39:59,045[39480] - RobotTest_AcidicPlatform - INFO - test MOR_PtX_6or8_comp_trial3_sample#96_2025-05-11_22-12-43 finished
2025-05-11 22:39:59,245[39480] - OBS_Win - INFO - not in software yet
2025-05-11 22:39:59,560[39480] - OBS_Win - INFO - attempting to open OBS_Win, trial 1 in 3 times...
2025-05-11 22:40:03,196[39480] - OBS_Win - INFO - OBS_Win started
2025-05-11 22:40:03,196[39480] - RobotTest_AcidicPlatform - INFO - unloading the sample to rack_id #8...
2025-05-11 22:41:00,080[39480] - RobotTest_AcidicPlatform - INFO - sample successfully unloaded from the cell
2025-05-11 22:41:03,850[39480] - OBS_Win - INFO - OBS_Win stopped
2025-05-11 22:41:04,498[39480] - OBS_Win - WARNING - cannot find ['OBS_start_record.png'] on screen
2025-05-11 22:41:07,949[39480] - OBS_Win - INFO - OBS_Win started
2025-05-11 22:41:07,950[39480] - RobotTest_AcidicPlatform - INFO - loading the sample from rack_id #9...
2025-05-11 22:41:43,549[39480] - RobotTest_AcidicPlatform - INFO - sample successfully loaded into the cell
2025-05-11 22:41:44,355[39480] - OBS_Win - INFO - OBS_Win stopped
2025-05-11 22:41:47,672[39480] - EC_Lab_Win11 - INFO - not in software yet
2025-05-11 22:41:48,079[39480] - EC_Lab_Win11 - INFO - attempting to open EC_Lab_Win11, trial 1 in 3 times...
2025-05-11 22:52:43,357[39480] - EC_Lab_Win11 - INFO - not in software yet
2025-05-11 22:52:43,654[39480] - EC_Lab_Win11 - INFO - attempting to open EC_Lab_Win11, trial 1 in 3 times...
2025-05-11 22:52:46,892[39480] - EC_Lab_Win11 - INFO - not in software yet
2025-05-11 22:52:47,191[39480] - EC_Lab_Win11 - INFO - attempting to open EC_Lab_Win11, trial 2 in 3 times...
2025-05-11 22:52:50,432[39480] - EC_Lab_Win11 - INFO - not in software yet
2025-05-11 22:52:50,722[39480] - EC_Lab_Win11 - INFO - attempting to open EC_Lab_Win11, trial 3 in 3 times...
2025-05-11 22:52:53,960[39480] - EC_Lab_Win11 - INFO - not in software yet
2025-05-11 22:52:53,961[39480] - EC_Lab_Win11 - WARNING - failed to open EC_Lab_Win11
2025-05-11 22:52:53,961[39480] - RobotTest_AcidicPlatform - ERROR - failed to open EC_Lab_Win11
Traceback (most recent call last):
  File "C:\Users\li\PycharmProjects\catalyst\robotic_testing\common\robot_test.py", line 45, in wrapper
    return func(self, *args, **kwargs)
  File "C:\Users\li\PycharmProjects\catalyst\robotic_testing\common\robot_test.py", line 189, in run
    self.test_main_workflow(
  File "C:\Users\li\PycharmProjects\catalyst\robotic_testing\common\robot_test.py", line 296, in test_main_workflow
    self.check_test_finished()
  File "C:\Users\li\PycharmProjects\catalyst\robotic_testing\common\robot_test.py", line 326, in check_test_finished
    self.ec_lab.open_software()
  File "C:\Users\li\PycharmProjects\catalyst\software_control\software_control_base.py", line 133, in open_software
    raise SystemError(f'failed to open {self.name}')
SystemError: failed to open EC_Lab_Win11
2025-05-12 18:33:22,121[39340] - RobotTest_AcidicPlatform - INFO - started a batch of test, with sample_rack_id : sample_id = {10: 98, 11: 99, 12: 100, 13: 101, 14: 102, 15: 103, 16: 104, 17: 105, 18: 106, 19: 107, 20: 108, 21: 109, 22: 110, 23: 111, 24: 112, 25: 113, 26: 114, 27: 115, 28: 116, 29: 117, 30: 118, 31: 119, 32: 120, 33: 121, 34: 122, 35: 123}
2025-05-12 18:33:28,223[39340] - OBS_Win - INFO - not in software yet
2025-05-12 18:33:28,540[39340] - OBS_Win - INFO - attempting to open OBS_Win, trial 1 in 3 times...
2025-05-12 18:33:32,108[39340] - OBS_Win - INFO - OBS_Win started
2025-05-12 18:33:32,110[39340] - RobotTest_AcidicPlatform - INFO - loading the sample from rack_id #10...
2025-05-12 18:34:11,398[39340] - RobotTest_AcidicPlatform - INFO - sample successfully loaded into the cell
2025-05-12 18:34:12,031[39340] - OBS_Win - INFO - OBS_Win stopped
2025-05-12 18:34:15,289[39340] - EC_Lab_Win11 - INFO - not in software yet
2025-05-12 18:34:15,621[39340] - EC_Lab_Win11 - INFO - attempting to open EC_Lab_Win11, trial 1 in 3 times...
2025-05-12 18:34:50,655[39340] - RobotTest_AcidicPlatform - INFO - human operating, fail to detect...
2025-05-12 18:39:43,688[39340] - RobotTest_AcidicPlatform - INFO - human operating, fail to detect...
2025-05-12 18:39:53,699[39340] - RobotTest_AcidicPlatform - INFO - human operating, fail to detect...
2025-05-12 18:40:03,703[39340] - RobotTest_AcidicPlatform - INFO - human operating, fail to detect...
2025-05-12 18:40:13,718[39340] - RobotTest_AcidicPlatform - INFO - human operating, fail to detect...
2025-05-12 19:00:46,528[39340] - EC_Lab_Win11 - INFO - test is complete
2025-05-12 19:00:46,529[39340] - RobotTest_AcidicPlatform - INFO - test MOR_PtX_6or8_comp_trial3_sample#98_2025-05-12_18-33-28 finished
2025-05-12 19:00:46,733[39340] - OBS_Win - INFO - not in software yet
2025-05-12 19:00:47,066[39340] - OBS_Win - INFO - attempting to open OBS_Win, trial 1 in 3 times...
2025-05-12 19:00:50,620[39340] - OBS_Win - INFO - OBS_Win started
2025-05-12 19:00:50,620[39340] - RobotTest_AcidicPlatform - INFO - unloading the sample to rack_id #10...
2025-05-12 19:01:48,163[39340] - RobotTest_AcidicPlatform - INFO - sample successfully unloaded from the cell
2025-05-12 19:01:51,751[39340] - OBS_Win - INFO - OBS_Win stopped
2025-05-12 19:01:52,223[39340] - OBS_Win - WARNING - cannot find ['OBS_start_record.png'] on screen
2025-05-12 19:01:55,542[39340] - OBS_Win - INFO - OBS_Win started
2025-05-12 19:01:55,543[39340] - RobotTest_AcidicPlatform - INFO - loading the sample from rack_id #11...
2025-05-12 19:02:31,674[39340] - RobotTest_AcidicPlatform - INFO - sample successfully loaded into the cell
2025-05-12 19:02:32,256[39340] - OBS_Win - INFO - OBS_Win stopped
2025-05-12 19:02:35,517[39340] - EC_Lab_Win11 - INFO - not in software yet
2025-05-12 19:02:35,837[39340] - EC_Lab_Win11 - INFO - attempting to open EC_Lab_Win11, trial 1 in 3 times...
2025-05-12 19:29:11,119[39340] - EC_Lab_Win11 - INFO - test is complete
2025-05-12 19:29:11,120[39340] - RobotTest_AcidicPlatform - INFO - test MOR_PtX_6or8_comp_trial3_sample#99_2025-05-12_19-01-51 finished
2025-05-12 19:29:11,318[39340] - OBS_Win - INFO - not in software yet
2025-05-12 19:29:11,643[39340] - OBS_Win - INFO - attempting to open OBS_Win, trial 1 in 3 times...
2025-05-12 19:29:15,211[39340] - OBS_Win - INFO - OBS_Win started
2025-05-12 19:29:15,211[39340] - RobotTest_AcidicPlatform - INFO - unloading the sample to rack_id #11...
2025-05-12 19:30:13,283[39340] - RobotTest_AcidicPlatform - INFO - sample successfully unloaded from the cell
2025-05-12 19:30:16,856[39340] - OBS_Win - INFO - OBS_Win stopped
2025-05-12 19:30:17,296[39340] - OBS_Win - WARNING - cannot find ['OBS_start_record.png'] on screen
2025-05-12 19:30:20,635[39340] - OBS_Win - INFO - OBS_Win started
2025-05-12 19:30:20,635[39340] - RobotTest_AcidicPlatform - INFO - loading the sample from rack_id #12...
2025-05-12 19:30:57,324[39340] - RobotTest_AcidicPlatform - INFO - sample successfully loaded into the cell
2025-05-12 19:30:57,911[39340] - OBS_Win - INFO - OBS_Win stopped
2025-05-12 19:31:01,145[39340] - EC_Lab_Win11 - INFO - not in software yet
2025-05-12 19:31:01,466[39340] - EC_Lab_Win11 - INFO - attempting to open EC_Lab_Win11, trial 1 in 3 times...
2025-05-12 19:57:40,188[39340] - EC_Lab_Win11 - INFO - test is complete
2025-05-12 19:57:40,188[39340] - RobotTest_AcidicPlatform - INFO - test MOR_PtX_6or8_comp_trial3_sample#100_2025-05-12_19-30-16 finished
2025-05-12 19:57:40,395[39340] - OBS_Win - INFO - not in software yet
2025-05-12 19:57:40,700[39340] - OBS_Win - INFO - attempting to open OBS_Win, trial 1 in 3 times...
2025-05-12 19:57:44,255[39340] - OBS_Win - INFO - OBS_Win started
2025-05-12 19:57:44,255[39340] - RobotTest_AcidicPlatform - INFO - unloading the sample to rack_id #12...
2025-05-12 19:58:42,710[39340] - RobotTest_AcidicPlatform - INFO - sample successfully unloaded from the cell
2025-05-12 19:58:46,336[39340] - OBS_Win - INFO - OBS_Win stopped
2025-05-12 19:58:46,864[39340] - OBS_Win - WARNING - cannot find ['OBS_start_record.png'] on screen
2025-05-12 19:58:50,197[39340] - OBS_Win - INFO - OBS_Win started
2025-05-12 19:58:50,197[39340] - RobotTest_AcidicPlatform - INFO - loading the sample from rack_id #13...
2025-05-12 19:59:27,364[39340] - RobotTest_AcidicPlatform - INFO - sample successfully loaded into the cell
2025-05-12 19:59:27,995[39340] - OBS_Win - INFO - OBS_Win stopped
2025-05-12 19:59:31,247[39340] - EC_Lab_Win11 - INFO - not in software yet
2025-05-12 19:59:31,564[39340] - EC_Lab_Win11 - INFO - attempting to open EC_Lab_Win11, trial 1 in 3 times...
2025-05-12 20:26:01,975[39340] - EC_Lab_Win11 - INFO - test is complete
2025-05-12 20:26:01,975[39340] - RobotTest_AcidicPlatform - INFO - test MOR_PtX_6or8_comp_trial3_sample#101_2025-05-12_19-58-46 finished
2025-05-12 20:26:02,173[39340] - OBS_Win - INFO - not in software yet
2025-05-12 20:26:02,500[39340] - OBS_Win - INFO - attempting to open OBS_Win, trial 1 in 3 times...
2025-05-12 20:26:06,057[39340] - OBS_Win - INFO - OBS_Win started
2025-05-12 20:26:06,057[39340] - RobotTest_AcidicPlatform - INFO - unloading the sample to rack_id #13...
2025-05-12 20:27:04,927[39340] - RobotTest_AcidicPlatform - INFO - sample successfully unloaded from the cell
2025-05-12 20:27:08,561[39340] - OBS_Win - INFO - OBS_Win stopped
2025-05-12 20:27:09,022[39340] - OBS_Win - WARNING - cannot find ['OBS_start_record.png'] on screen
2025-05-12 20:27:12,357[39340] - OBS_Win - INFO - OBS_Win started
2025-05-12 20:27:12,357[39340] - RobotTest_AcidicPlatform - INFO - loading the sample from rack_id #14...
2025-05-12 20:27:49,735[39340] - RobotTest_AcidicPlatform - INFO - sample successfully loaded into the cell
2025-05-12 20:27:50,382[39340] - OBS_Win - INFO - OBS_Win stopped
2025-05-12 20:27:53,637[39340] - EC_Lab_Win11 - INFO - not in software yet
2025-05-12 20:27:53,948[39340] - EC_Lab_Win11 - INFO - attempting to open EC_Lab_Win11, trial 1 in 3 times...
2025-05-12 20:28:29,883[39340] - EC_Lab_Win11 - INFO - not in software yet
2025-05-12 20:28:30,200[39340] - EC_Lab_Win11 - INFO - attempting to open EC_Lab_Win11, trial 1 in 3 times...
2025-05-12 20:28:33,445[39340] - EC_Lab_Win11 - INFO - not in software yet
2025-05-12 20:28:33,773[39340] - EC_Lab_Win11 - INFO - attempting to open EC_Lab_Win11, trial 2 in 3 times...
2025-05-12 20:52:58,399[39340] - EC_Lab_Win11 - INFO - not in software yet
2025-05-12 20:52:58,761[39340] - EC_Lab_Win11 - INFO - attempting to open EC_Lab_Win11, trial 1 in 3 times...
2025-05-12 20:53:02,017[39340] - EC_Lab_Win11 - INFO - not in software yet
2025-05-12 20:53:02,347[39340] - EC_Lab_Win11 - INFO - attempting to open EC_Lab_Win11, trial 2 in 3 times...
2025-05-12 20:54:25,390[39340] - EC_Lab_Win11 - INFO - test is complete
2025-05-12 20:54:25,391[39340] - RobotTest_AcidicPlatform - INFO - test MOR_PtX_6or8_comp_trial3_sample#102_2025-05-12_20-27-08 finished
2025-05-12 20:54:25,583[39340] - OBS_Win - INFO - not in software yet
2025-05-12 20:54:25,906[39340] - OBS_Win - INFO - attempting to open OBS_Win, trial 1 in 3 times...
2025-05-12 20:54:29,469[39340] - OBS_Win - INFO - OBS_Win started
2025-05-12 20:54:29,469[39340] - RobotTest_AcidicPlatform - INFO - unloading the sample to rack_id #14...
2025-05-12 20:55:28,887[39340] - RobotTest_AcidicPlatform - INFO - sample successfully unloaded from the cell
2025-05-12 20:55:32,500[39340] - OBS_Win - INFO - OBS_Win stopped
2025-05-12 20:55:32,959[39340] - OBS_Win - WARNING - cannot find ['OBS_start_record.png'] on screen
2025-05-12 20:55:36,296[39340] - OBS_Win - INFO - OBS_Win started
2025-05-12 20:55:36,296[39340] - RobotTest_AcidicPlatform - INFO - loading the sample from rack_id #15...
2025-05-12 20:56:14,227[39340] - RobotTest_AcidicPlatform - INFO - sample successfully loaded into the cell
2025-05-12 20:56:14,809[39340] - OBS_Win - INFO - OBS_Win stopped
2025-05-12 20:56:18,069[39340] - EC_Lab_Win11 - INFO - not in software yet
2025-05-12 20:56:18,412[39340] - EC_Lab_Win11 - INFO - attempting to open EC_Lab_Win11, trial 1 in 3 times...
2025-05-12 21:22:56,523[39340] - EC_Lab_Win11 - INFO - test is complete
2025-05-12 21:22:56,523[39340] - RobotTest_AcidicPlatform - INFO - test MOR_PtX_6or8_comp_trial3_sample#103_2025-05-12_20-55-32 finished
2025-05-12 21:22:56,733[39340] - OBS_Win - INFO - not in software yet
2025-05-12 21:22:57,081[39340] - OBS_Win - INFO - attempting to open OBS_Win, trial 1 in 3 times...
2025-05-12 21:23:00,769[39340] - OBS_Win - INFO - OBS_Win started
2025-05-12 21:23:00,769[39340] - RobotTest_AcidicPlatform - INFO - unloading the sample to rack_id #15...
2025-05-12 21:24:00,533[39340] - RobotTest_AcidicPlatform - INFO - sample successfully unloaded from the cell
2025-05-12 21:24:04,299[39340] - OBS_Win - INFO - OBS_Win stopped
2025-05-12 21:24:04,862[39340] - OBS_Win - WARNING - cannot find ['OBS_start_record.png'] on screen
2025-05-12 21:24:08,314[39340] - OBS_Win - INFO - OBS_Win started
2025-05-12 21:24:08,315[39340] - RobotTest_AcidicPlatform - INFO - loading the sample from rack_id #16...
2025-05-12 21:24:46,671[39340] - RobotTest_AcidicPlatform - INFO - sample successfully loaded into the cell
2025-05-12 21:24:47,428[39340] - OBS_Win - INFO - OBS_Win stopped
2025-05-12 21:24:50,768[39340] - EC_Lab_Win11 - INFO - not in software yet
2025-05-12 21:24:51,217[39340] - EC_Lab_Win11 - INFO - attempting to open EC_Lab_Win11, trial 1 in 3 times...
2025-05-12 21:51:19,225[39340] - EC_Lab_Win11 - INFO - test is complete
2025-05-12 21:51:19,225[39340] - RobotTest_AcidicPlatform - INFO - test MOR_PtX_6or8_comp_trial3_sample#104_2025-05-12_21-24-04 finished
2025-05-12 21:51:19,424[39340] - OBS_Win - INFO - not in software yet
2025-05-12 21:51:19,849[39340] - OBS_Win - INFO - attempting to open OBS_Win, trial 1 in 3 times...
2025-05-12 21:51:23,739[39340] - OBS_Win - INFO - OBS_Win started
2025-05-12 21:51:23,739[39340] - RobotTest_AcidicPlatform - INFO - unloading the sample to rack_id #16...
2025-05-12 21:52:23,921[39340] - RobotTest_AcidicPlatform - INFO - sample successfully unloaded from the cell
2025-05-12 21:52:27,774[39340] - OBS_Win - INFO - OBS_Win stopped
2025-05-12 21:52:28,381[39340] - OBS_Win - WARNING - cannot find ['OBS_start_record.png'] on screen
2025-05-12 21:52:31,773[39340] - OBS_Win - INFO - OBS_Win started
2025-05-12 21:52:31,773[39340] - RobotTest_AcidicPlatform - INFO - loading the sample from rack_id #17...
2025-05-12 21:53:10,477[39340] - RobotTest_AcidicPlatform - INFO - sample successfully loaded into the cell
2025-05-12 21:53:11,234[39340] - OBS_Win - INFO - OBS_Win stopped
2025-05-12 21:53:14,550[39340] - EC_Lab_Win11 - INFO - not in software yet
2025-05-12 21:53:14,947[39340] - EC_Lab_Win11 - INFO - attempting to open EC_Lab_Win11, trial 1 in 3 times...
2025-05-12 22:02:08,087[39340] - RobotTest_AcidicPlatform - INFO - human operating, fail to detect...
2025-05-12 22:02:18,103[39340] - RobotTest_AcidicPlatform - INFO - human operating, fail to detect...
2025-05-12 22:02:28,946[39340] - EC_Lab_Win11 - INFO - not in software yet
2025-05-12 22:02:29,273[39340] - EC_Lab_Win11 - INFO - attempting to open EC_Lab_Win11, trial 1 in 3 times...
2025-05-12 22:02:32,507[39340] - EC_Lab_Win11 - INFO - not in software yet
2025-05-12 22:02:32,829[39340] - EC_Lab_Win11 - INFO - attempting to open EC_Lab_Win11, trial 2 in 3 times...
2025-05-12 22:02:58,680[39340] - EC_Lab_Win11 - INFO - not in software yet
2025-05-12 22:02:59,016[39340] - EC_Lab_Win11 - INFO - attempting to open EC_Lab_Win11, trial 1 in 3 times...
2025-05-12 22:03:02,260[39340] - EC_Lab_Win11 - INFO - not in software yet
2025-05-12 22:03:02,574[39340] - EC_Lab_Win11 - INFO - attempting to open EC_Lab_Win11, trial 2 in 3 times...
2025-05-12 22:19:52,639[39340] - EC_Lab_Win11 - INFO - test is complete
2025-05-12 22:19:52,640[39340] - RobotTest_AcidicPlatform - INFO - test MOR_PtX_6or8_comp_trial3_sample#105_2025-05-12_21-52-27 finished
2025-05-12 22:19:52,845[39340] - OBS_Win - INFO - not in software yet
2025-05-12 22:19:53,159[39340] - OBS_Win - INFO - attempting to open OBS_Win, trial 1 in 3 times...
2025-05-12 22:19:56,707[39340] - OBS_Win - INFO - OBS_Win started
2025-05-12 22:19:56,707[39340] - RobotTest_AcidicPlatform - INFO - unloading the sample to rack_id #17...
2025-05-12 22:20:57,281[39340] - RobotTest_AcidicPlatform - INFO - sample successfully unloaded from the cell
2025-05-12 22:21:00,859[39340] - OBS_Win - INFO - OBS_Win stopped
2025-05-12 22:21:01,324[39340] - OBS_Win - WARNING - cannot find ['OBS_start_record.png'] on screen
2025-05-12 22:21:04,661[39340] - OBS_Win - INFO - OBS_Win started
2025-05-12 22:21:04,661[39340] - RobotTest_AcidicPlatform - INFO - loading the sample from rack_id #18...
2025-05-12 22:21:43,961[39340] - RobotTest_AcidicPlatform - INFO - sample successfully loaded into the cell
2025-05-12 22:21:44,529[39340] - OBS_Win - INFO - OBS_Win stopped
2025-05-12 22:21:47,758[39340] - EC_Lab_Win11 - INFO - not in software yet
2025-05-12 22:21:48,083[39340] - EC_Lab_Win11 - INFO - attempting to open EC_Lab_Win11, trial 1 in 3 times...
2025-05-12 22:22:24,022[39340] - EC_Lab_Win11 - INFO - not in software yet
2025-05-12 22:22:24,341[39340] - EC_Lab_Win11 - INFO - attempting to open EC_Lab_Win11, trial 1 in 3 times...
2025-05-12 22:22:27,581[39340] - EC_Lab_Win11 - INFO - not in software yet
2025-05-12 22:22:27,898[39340] - EC_Lab_Win11 - INFO - attempting to open EC_Lab_Win11, trial 2 in 3 times...
2025-05-12 22:37:00,094[39340] - RobotTest_AcidicPlatform - INFO - human operating, fail to detect...
2025-05-12 22:37:10,107[39340] - RobotTest_AcidicPlatform - INFO - human operating, fail to detect...
2025-05-12 22:37:20,985[39340] - EC_Lab_Win11 - INFO - not in software yet
2025-05-12 22:37:21,305[39340] - EC_Lab_Win11 - INFO - attempting to open EC_Lab_Win11, trial 1 in 3 times...
2025-05-12 22:37:24,544[39340] - EC_Lab_Win11 - INFO - not in software yet
2025-05-12 22:37:24,881[39340] - EC_Lab_Win11 - INFO - attempting to open EC_Lab_Win11, trial 2 in 3 times...
2025-05-12 22:48:24,597[39340] - EC_Lab_Win11 - INFO - test is complete
2025-05-12 22:48:24,597[39340] - RobotTest_AcidicPlatform - INFO - test MOR_PtX_6or8_comp_trial3_sample#106_2025-05-12_22-21-00 finished
2025-05-12 22:48:24,811[39340] - OBS_Win - INFO - not in software yet
2025-05-12 22:48:25,138[39340] - OBS_Win - INFO - attempting to open OBS_Win, trial 1 in 3 times...
2025-05-12 22:48:28,681[39340] - OBS_Win - INFO - OBS_Win started
2025-05-12 22:48:28,681[39340] - RobotTest_AcidicPlatform - INFO - unloading the sample to rack_id #18...
2025-05-12 22:49:29,748[39340] - RobotTest_AcidicPlatform - INFO - sample successfully unloaded from the cell
2025-05-12 22:49:33,351[39340] - OBS_Win - INFO - OBS_Win stopped
2025-05-12 22:49:33,817[39340] - OBS_Win - WARNING - cannot find ['OBS_start_record.png'] on screen
2025-05-12 22:49:37,159[39340] - OBS_Win - INFO - OBS_Win started
2025-05-12 22:49:37,159[39340] - RobotTest_AcidicPlatform - INFO - loading the sample from rack_id #19...
2025-05-12 22:50:16,865[39340] - RobotTest_AcidicPlatform - INFO - sample successfully loaded into the cell
2025-05-12 22:50:17,466[39340] - OBS_Win - INFO - OBS_Win stopped
2025-05-12 22:50:20,725[39340] - EC_Lab_Win11 - INFO - not in software yet
2025-05-12 22:50:21,046[39340] - EC_Lab_Win11 - INFO - attempting to open EC_Lab_Win11, trial 1 in 3 times...
2025-05-12 23:16:58,706[39340] - EC_Lab_Win11 - INFO - test is complete
2025-05-12 23:16:58,706[39340] - RobotTest_AcidicPlatform - INFO - test MOR_PtX_6or8_comp_trial3_sample#107_2025-05-12_22-49-33 finished
2025-05-12 23:16:58,917[39340] - OBS_Win - INFO - not in software yet
2025-05-12 23:16:59,229[39340] - OBS_Win - INFO - attempting to open OBS_Win, trial 1 in 3 times...
2025-05-12 23:17:02,803[39340] - OBS_Win - INFO - OBS_Win started
2025-05-12 23:17:02,803[39340] - RobotTest_AcidicPlatform - INFO - unloading the sample to rack_id #19...
2025-05-12 23:18:04,191[39340] - RobotTest_AcidicPlatform - INFO - sample successfully unloaded from the cell
2025-05-12 23:18:07,795[39340] - OBS_Win - INFO - OBS_Win stopped
2025-05-12 23:18:08,249[39340] - OBS_Win - WARNING - cannot find ['OBS_start_record.png'] on screen
2025-05-12 23:18:11,588[39340] - OBS_Win - INFO - OBS_Win started
2025-05-12 23:18:11,588[39340] - RobotTest_AcidicPlatform - INFO - loading the sample from rack_id #20...
2025-05-12 23:18:51,737[39340] - RobotTest_AcidicPlatform - INFO - sample successfully loaded into the cell
2025-05-12 23:18:52,288[39340] - OBS_Win - INFO - OBS_Win stopped
2025-05-12 23:18:55,549[39340] - EC_Lab_Win11 - INFO - not in software yet
2025-05-12 23:18:55,867[39340] - EC_Lab_Win11 - INFO - attempting to open EC_Lab_Win11, trial 1 in 3 times...
2025-05-12 23:45:31,227[39340] - EC_Lab_Win11 - INFO - test is complete
2025-05-12 23:45:31,228[39340] - RobotTest_AcidicPlatform - INFO - test MOR_PtX_6or8_comp_trial3_sample#108_2025-05-12_23-18-07 finished
2025-05-12 23:45:31,437[39340] - OBS_Win - INFO - not in software yet
2025-05-12 23:45:31,753[39340] - OBS_Win - INFO - attempting to open OBS_Win, trial 1 in 3 times...
2025-05-12 23:45:35,338[39340] - OBS_Win - INFO - OBS_Win started
2025-05-12 23:45:35,338[39340] - RobotTest_AcidicPlatform - INFO - unloading the sample to rack_id #20...
2025-05-12 23:46:37,168[39340] - RobotTest_AcidicPlatform - INFO - sample successfully unloaded from the cell
2025-05-12 23:46:40,730[39340] - OBS_Win - INFO - OBS_Win stopped
2025-05-12 23:46:41,178[39340] - OBS_Win - WARNING - cannot find ['OBS_start_record.png'] on screen
2025-05-12 23:46:44,513[39340] - OBS_Win - INFO - OBS_Win started
2025-05-12 23:46:44,513[39340] - RobotTest_AcidicPlatform - INFO - loading the sample from rack_id #21...
2025-05-12 23:47:24,958[39340] - RobotTest_AcidicPlatform - INFO - sample successfully loaded into the cell
2025-05-12 23:47:25,559[39340] - OBS_Win - INFO - OBS_Win stopped
2025-05-12 23:47:28,801[39340] - EC_Lab_Win11 - INFO - not in software yet
2025-05-12 23:47:29,123[39340] - EC_Lab_Win11 - INFO - attempting to open EC_Lab_Win11, trial 1 in 3 times...
2025-05-13 00:14:04,852[39340] - EC_Lab_Win11 - INFO - test is complete
2025-05-13 00:14:04,852[39340] - RobotTest_AcidicPlatform - INFO - test MOR_PtX_6or8_comp_trial3_sample#109_2025-05-12_23-46-40 finished
2025-05-13 00:14:05,069[39340] - OBS_Win - INFO - not in software yet
2025-05-13 00:14:05,393[39340] - OBS_Win - INFO - attempting to open OBS_Win, trial 1 in 3 times...
2025-05-13 00:14:08,956[39340] - OBS_Win - INFO - OBS_Win started
2025-05-13 00:14:08,956[39340] - RobotTest_AcidicPlatform - INFO - unloading the sample to rack_id #21...
2025-05-13 00:15:11,222[39340] - RobotTest_AcidicPlatform - INFO - sample successfully unloaded from the cell
2025-05-13 00:15:14,786[39340] - OBS_Win - INFO - OBS_Win stopped
2025-05-13 00:15:15,223[39340] - OBS_Win - WARNING - cannot find ['OBS_start_record.png'] on screen
2025-05-13 00:15:18,560[39340] - OBS_Win - INFO - OBS_Win started
2025-05-13 00:15:18,560[39340] - RobotTest_AcidicPlatform - INFO - loading the sample from rack_id #22...
2025-05-13 00:15:59,470[39340] - RobotTest_AcidicPlatform - INFO - sample successfully loaded into the cell
2025-05-13 00:16:00,025[39340] - OBS_Win - INFO - OBS_Win stopped
2025-05-13 00:16:03,259[39340] - EC_Lab_Win11 - INFO - not in software yet
2025-05-13 00:16:03,563[39340] - EC_Lab_Win11 - INFO - attempting to open EC_Lab_Win11, trial 1 in 3 times...
2025-05-13 00:39:36,921[39340] - RobotTest_AcidicPlatform - INFO - human operating, fail to detect...
2025-05-13 00:39:46,925[39340] - RobotTest_AcidicPlatform - INFO - human operating, fail to detect...
2025-05-13 00:39:57,797[39340] - EC_Lab_Win11 - INFO - not in software yet
2025-05-13 00:39:58,108[39340] - EC_Lab_Win11 - INFO - attempting to open EC_Lab_Win11, trial 1 in 3 times...
2025-05-13 00:40:01,348[39340] - EC_Lab_Win11 - INFO - not in software yet
2025-05-13 00:40:01,666[39340] - EC_Lab_Win11 - INFO - attempting to open EC_Lab_Win11, trial 2 in 3 times...
2025-05-13 00:42:31,945[39340] - EC_Lab_Win11 - INFO - test is complete
2025-05-13 00:42:31,946[39340] - RobotTest_AcidicPlatform - INFO - test MOR_PtX_6or8_comp_trial3_sample#110_2025-05-13_00-15-14 finished
2025-05-13 00:42:32,159[39340] - OBS_Win - INFO - not in software yet
2025-05-13 00:42:32,495[39340] - OBS_Win - INFO - attempting to open OBS_Win, trial 1 in 3 times...
2025-05-13 00:42:36,054[39340] - OBS_Win - INFO - OBS_Win started
2025-05-13 00:42:36,054[39340] - RobotTest_AcidicPlatform - INFO - unloading the sample to rack_id #22...
2025-05-13 00:43:38,708[39340] - RobotTest_AcidicPlatform - INFO - sample successfully unloaded from the cell
2025-05-13 00:43:42,293[39340] - OBS_Win - INFO - OBS_Win stopped
2025-05-13 00:43:42,765[39340] - OBS_Win - WARNING - cannot find ['OBS_start_record.png'] on screen
2025-05-13 00:43:46,097[39340] - OBS_Win - INFO - OBS_Win started
2025-05-13 00:43:46,097[39340] - RobotTest_AcidicPlatform - INFO - loading the sample from rack_id #23...
2025-05-13 00:44:27,399[39340] - RobotTest_AcidicPlatform - INFO - sample successfully loaded into the cell
2025-05-13 00:44:27,983[39340] - OBS_Win - INFO - OBS_Win stopped
2025-05-13 00:44:31,214[39340] - EC_Lab_Win11 - INFO - not in software yet
2025-05-13 00:44:31,521[39340] - EC_Lab_Win11 - INFO - attempting to open EC_Lab_Win11, trial 1 in 3 times...
2025-05-13 01:11:07,324[39340] - EC_Lab_Win11 - INFO - test is complete
2025-05-13 01:11:07,324[39340] - RobotTest_AcidicPlatform - INFO - test MOR_PtX_6or8_comp_trial3_sample#111_2025-05-13_00-43-42 finished
2025-05-13 01:11:07,527[39340] - OBS_Win - INFO - not in software yet
2025-05-13 01:11:07,848[39340] - OBS_Win - INFO - attempting to open OBS_Win, trial 1 in 3 times...
2025-05-13 01:11:11,416[39340] - OBS_Win - INFO - OBS_Win started
2025-05-13 01:11:11,416[39340] - RobotTest_AcidicPlatform - INFO - unloading the sample to rack_id #23...
2025-05-13 01:12:14,463[39340] - RobotTest_AcidicPlatform - INFO - sample successfully unloaded from the cell
2025-05-13 01:12:18,130[39340] - OBS_Win - INFO - OBS_Win stopped
2025-05-13 01:12:18,632[39340] - OBS_Win - WARNING - cannot find ['OBS_start_record.png'] on screen
2025-05-13 01:12:21,986[39340] - OBS_Win - INFO - OBS_Win started
2025-05-13 01:12:21,986[39340] - RobotTest_AcidicPlatform - INFO - loading the sample from rack_id #24...
2025-05-13 01:13:03,904[39340] - RobotTest_AcidicPlatform - INFO - sample successfully loaded into the cell
2025-05-13 01:13:04,472[39340] - OBS_Win - INFO - OBS_Win stopped
2025-05-13 01:13:07,712[39340] - EC_Lab_Win11 - INFO - not in software yet
2025-05-13 01:13:08,059[39340] - EC_Lab_Win11 - INFO - attempting to open EC_Lab_Win11, trial 1 in 3 times...
2025-05-13 01:39:46,084[39340] - EC_Lab_Win11 - INFO - test is complete
2025-05-13 01:39:46,085[39340] - RobotTest_AcidicPlatform - INFO - test MOR_PtX_6or8_comp_trial3_sample#112_2025-05-13_01-12-18 finished
2025-05-13 01:39:46,299[39340] - OBS_Win - INFO - not in software yet
2025-05-13 01:39:46,630[39340] - OBS_Win - INFO - attempting to open OBS_Win, trial 1 in 3 times...
2025-05-13 01:39:50,206[39340] - OBS_Win - INFO - OBS_Win started
2025-05-13 01:39:50,207[39340] - RobotTest_AcidicPlatform - INFO - unloading the sample to rack_id #24...
2025-05-13 01:40:53,834[39340] - RobotTest_AcidicPlatform - INFO - sample successfully unloaded from the cell
2025-05-13 01:40:57,439[39340] - OBS_Win - INFO - OBS_Win stopped
2025-05-13 01:40:57,877[39340] - OBS_Win - WARNING - cannot find ['OBS_start_record.png'] on screen
2025-05-13 01:41:01,199[39340] - OBS_Win - INFO - OBS_Win started
2025-05-13 01:41:01,199[39340] - RobotTest_AcidicPlatform - INFO - loading the sample from rack_id #25...
2025-05-13 01:41:43,415[39340] - RobotTest_AcidicPlatform - INFO - sample successfully loaded into the cell
2025-05-13 01:41:44,001[39340] - OBS_Win - INFO - OBS_Win stopped
2025-05-13 01:41:47,255[39340] - EC_Lab_Win11 - INFO - not in software yet
2025-05-13 01:41:47,594[39340] - EC_Lab_Win11 - INFO - attempting to open EC_Lab_Win11, trial 1 in 3 times...
2025-05-13 02:08:29,618[39340] - EC_Lab_Win11 - INFO - test is complete
2025-05-13 02:08:29,619[39340] - RobotTest_AcidicPlatform - INFO - test MOR_PtX_6or8_comp_trial3_sample#113_2025-05-13_01-40-57 finished
2025-05-13 02:08:29,823[39340] - OBS_Win - INFO - not in software yet
2025-05-13 02:08:30,141[39340] - OBS_Win - INFO - attempting to open OBS_Win, trial 1 in 3 times...
2025-05-13 02:08:33,729[39340] - OBS_Win - INFO - OBS_Win started
2025-05-13 02:08:33,729[39340] - RobotTest_AcidicPlatform - INFO - unloading the sample to rack_id #25...
2025-05-13 02:09:37,758[39340] - RobotTest_AcidicPlatform - INFO - sample successfully unloaded from the cell
2025-05-13 02:09:41,370[39340] - OBS_Win - INFO - OBS_Win stopped
2025-05-13 02:09:41,834[39340] - OBS_Win - WARNING - cannot find ['OBS_start_record.png'] on screen
2025-05-13 02:09:45,164[39340] - OBS_Win - INFO - OBS_Win started
2025-05-13 02:09:45,164[39340] - RobotTest_AcidicPlatform - INFO - loading the sample from rack_id #26...
2025-05-13 02:10:27,852[39340] - RobotTest_AcidicPlatform - INFO - sample successfully loaded into the cell
2025-05-13 02:10:28,449[39340] - OBS_Win - INFO - OBS_Win stopped
2025-05-13 02:10:31,705[39340] - EC_Lab_Win11 - INFO - not in software yet
2025-05-13 02:10:32,031[39340] - EC_Lab_Win11 - INFO - attempting to open EC_Lab_Win11, trial 1 in 3 times...
2025-05-13 02:37:00,379[39340] - EC_Lab_Win11 - INFO - test is complete
2025-05-13 02:37:00,380[39340] - RobotTest_AcidicPlatform - INFO - test MOR_PtX_6or8_comp_trial3_sample#114_2025-05-13_02-09-41 finished
2025-05-13 02:37:00,584[39340] - OBS_Win - INFO - not in software yet
2025-05-13 02:37:00,922[39340] - OBS_Win - INFO - attempting to open OBS_Win, trial 1 in 3 times...
2025-05-13 02:37:04,478[39340] - OBS_Win - INFO - OBS_Win started
2025-05-13 02:37:04,478[39340] - RobotTest_AcidicPlatform - INFO - unloading the sample to rack_id #26...
2025-05-13 02:38:08,854[39340] - RobotTest_AcidicPlatform - INFO - sample successfully unloaded from the cell
2025-05-13 02:38:12,474[39340] - OBS_Win - INFO - OBS_Win stopped
2025-05-13 02:38:12,942[39340] - OBS_Win - WARNING - cannot find ['OBS_start_record.png'] on screen
2025-05-13 02:38:16,271[39340] - OBS_Win - INFO - OBS_Win started
2025-05-13 02:38:16,271[39340] - RobotTest_AcidicPlatform - INFO - loading the sample from rack_id #27...
2025-05-13 02:38:59,337[39340] - RobotTest_AcidicPlatform - INFO - sample successfully loaded into the cell
2025-05-13 02:38:59,937[39340] - OBS_Win - INFO - OBS_Win stopped
2025-05-13 02:39:03,197[39340] - EC_Lab_Win11 - INFO - not in software yet
2025-05-13 02:39:03,521[39340] - EC_Lab_Win11 - INFO - attempting to open EC_Lab_Win11, trial 1 in 3 times...
2025-05-13 03:05:41,845[39340] - EC_Lab_Win11 - INFO - test is complete
2025-05-13 03:05:41,845[39340] - RobotTest_AcidicPlatform - INFO - test MOR_PtX_6or8_comp_trial3_sample#115_2025-05-13_02-38-12 finished
2025-05-13 03:05:42,052[39340] - OBS_Win - INFO - not in software yet
2025-05-13 03:05:42,373[39340] - OBS_Win - INFO - attempting to open OBS_Win, trial 1 in 3 times...
2025-05-13 03:05:45,958[39340] - OBS_Win - INFO - OBS_Win started
2025-05-13 03:05:45,958[39340] - RobotTest_AcidicPlatform - INFO - unloading the sample to rack_id #27...
2025-05-13 03:06:50,765[39340] - RobotTest_AcidicPlatform - INFO - sample successfully unloaded from the cell
2025-05-13 03:06:54,395[39340] - OBS_Win - INFO - OBS_Win stopped
2025-05-13 03:06:54,882[39340] - OBS_Win - WARNING - cannot find ['OBS_start_record.png'] on screen
2025-05-13 03:06:58,216[39340] - OBS_Win - INFO - OBS_Win started
2025-05-13 03:06:58,216[39340] - RobotTest_AcidicPlatform - INFO - loading the sample from rack_id #28...
2025-05-13 03:07:41,583[39340] - RobotTest_AcidicPlatform - INFO - sample successfully loaded into the cell
2025-05-13 03:07:42,155[39340] - OBS_Win - INFO - OBS_Win stopped
2025-05-13 03:07:45,404[39340] - EC_Lab_Win11 - INFO - not in software yet
2025-05-13 03:07:45,713[39340] - EC_Lab_Win11 - INFO - attempting to open EC_Lab_Win11, trial 1 in 3 times...
2025-05-13 03:34:19,481[39340] - EC_Lab_Win11 - INFO - test is complete
2025-05-13 03:34:19,481[39340] - RobotTest_AcidicPlatform - INFO - test MOR_PtX_6or8_comp_trial3_sample#116_2025-05-13_03-06-54 finished
2025-05-13 03:34:19,684[39340] - OBS_Win - INFO - not in software yet
2025-05-13 03:34:20,011[39340] - OBS_Win - INFO - attempting to open OBS_Win, trial 1 in 3 times...
2025-05-13 03:34:23,535[39340] - OBS_Win - INFO - OBS_Win started
2025-05-13 03:34:23,535[39340] - RobotTest_AcidicPlatform - INFO - unloading the sample to rack_id #28...
2025-05-13 03:35:28,650[39340] - RobotTest_AcidicPlatform - INFO - sample successfully unloaded from the cell
2025-05-13 03:35:32,205[39340] - OBS_Win - INFO - OBS_Win stopped
2025-05-13 03:35:32,637[39340] - OBS_Win - WARNING - cannot find ['OBS_start_record.png'] on screen
2025-05-13 03:35:35,972[39340] - OBS_Win - INFO - OBS_Win started
2025-05-13 03:35:35,972[39340] - RobotTest_AcidicPlatform - INFO - loading the sample from rack_id #29...
2025-05-13 03:36:19,829[39340] - RobotTest_AcidicPlatform - INFO - sample successfully loaded into the cell
2025-05-13 03:36:20,360[39340] - OBS_Win - INFO - OBS_Win stopped
2025-05-13 03:36:23,612[39340] - EC_Lab_Win11 - INFO - not in software yet
2025-05-13 03:36:23,927[39340] - EC_Lab_Win11 - INFO - attempting to open EC_Lab_Win11, trial 1 in 3 times...
2025-05-13 03:37:00,306[39340] - EC_Lab_Win11 - INFO - not in software yet
2025-05-13 03:37:00,633[39340] - EC_Lab_Win11 - INFO - attempting to open EC_Lab_Win11, trial 1 in 3 times...
2025-05-13 03:37:03,864[39340] - EC_Lab_Win11 - INFO - not in software yet
2025-05-13 03:37:04,192[39340] - EC_Lab_Win11 - INFO - attempting to open EC_Lab_Win11, trial 2 in 3 times...
2025-05-13 04:02:53,060[39340] - EC_Lab_Win11 - INFO - test is complete
2025-05-13 04:02:53,061[39340] - RobotTest_AcidicPlatform - INFO - test MOR_PtX_6or8_comp_trial3_sample#117_2025-05-13_03-35-32 finished
2025-05-13 04:02:53,270[39340] - OBS_Win - INFO - not in software yet
2025-05-13 04:02:53,593[39340] - OBS_Win - INFO - attempting to open OBS_Win, trial 1 in 3 times...
2025-05-13 04:02:57,146[39340] - OBS_Win - INFO - OBS_Win started
2025-05-13 04:02:57,146[39340] - RobotTest_AcidicPlatform - INFO - unloading the sample to rack_id #29...
2025-05-13 04:04:02,805[39340] - RobotTest_AcidicPlatform - INFO - sample successfully unloaded from the cell
2025-05-13 04:04:06,387[39340] - OBS_Win - INFO - OBS_Win stopped
2025-05-13 04:04:06,823[39340] - OBS_Win - WARNING - cannot find ['OBS_start_record.png'] on screen
2025-05-13 04:04:10,167[39340] - OBS_Win - INFO - OBS_Win started
2025-05-13 04:04:10,168[39340] - RobotTest_AcidicPlatform - INFO - loading the sample from rack_id #30...
2025-05-13 04:04:54,272[39340] - RobotTest_AcidicPlatform - INFO - sample successfully loaded into the cell
2025-05-13 04:04:54,825[39340] - OBS_Win - INFO - OBS_Win stopped
2025-05-13 04:04:58,067[39340] - EC_Lab_Win11 - INFO - not in software yet
2025-05-13 04:04:58,382[39340] - EC_Lab_Win11 - INFO - attempting to open EC_Lab_Win11, trial 1 in 3 times...
2025-05-13 04:31:37,273[39340] - EC_Lab_Win11 - INFO - test is complete
2025-05-13 04:31:37,273[39340] - RobotTest_AcidicPlatform - INFO - test MOR_PtX_6or8_comp_trial3_sample#118_2025-05-13_04-04-06 finished
2025-05-13 04:31:37,486[39340] - OBS_Win - INFO - not in software yet
2025-05-13 04:31:37,805[39340] - OBS_Win - INFO - attempting to open OBS_Win, trial 1 in 3 times...
2025-05-13 04:31:41,347[39340] - OBS_Win - INFO - OBS_Win started
2025-05-13 04:31:41,347[39340] - RobotTest_AcidicPlatform - INFO - unloading the sample to rack_id #30...
2025-05-13 04:32:40,756[39340] - RobotTest_AcidicPlatform - INFO - sample successfully unloaded from the cell
2025-05-13 04:32:44,328[39340] - OBS_Win - INFO - OBS_Win stopped
2025-05-13 04:32:44,769[39340] - OBS_Win - WARNING - cannot find ['OBS_start_record.png'] on screen
2025-05-13 04:32:48,089[39340] - OBS_Win - INFO - OBS_Win started
2025-05-13 04:32:48,089[39340] - RobotTest_AcidicPlatform - INFO - loading the sample from rack_id #31...
2025-05-13 04:33:19,614[39340] - RobotTest_AcidicPlatform - INFO - sample successfully loaded into the cell
2025-05-13 04:33:20,166[39340] - OBS_Win - INFO - OBS_Win stopped
2025-05-13 04:33:23,417[39340] - EC_Lab_Win11 - INFO - not in software yet
2025-05-13 04:33:23,755[39340] - EC_Lab_Win11 - INFO - attempting to open EC_Lab_Win11, trial 1 in 3 times...
2025-05-13 04:59:56,783[39340] - EC_Lab_Win11 - INFO - test is complete
2025-05-13 04:59:56,783[39340] - RobotTest_AcidicPlatform - INFO - test MOR_PtX_6or8_comp_trial3_sample#119_2025-05-13_04-32-44 finished
2025-05-13 04:59:56,991[39340] - OBS_Win - INFO - not in software yet
2025-05-13 04:59:57,315[39340] - OBS_Win - INFO - attempting to open OBS_Win, trial 1 in 3 times...
2025-05-13 05:00:00,840[39340] - OBS_Win - INFO - OBS_Win started
2025-05-13 05:00:00,840[39340] - RobotTest_AcidicPlatform - INFO - unloading the sample to rack_id #31...
2025-05-13 05:00:59,849[39340] - RobotTest_AcidicPlatform - INFO - sample successfully unloaded from the cell
2025-05-13 05:01:03,429[39340] - OBS_Win - INFO - OBS_Win stopped
2025-05-13 05:01:03,888[39340] - OBS_Win - WARNING - cannot find ['OBS_start_record.png'] on screen
2025-05-13 05:01:07,231[39340] - OBS_Win - INFO - OBS_Win started
2025-05-13 05:01:07,231[39340] - RobotTest_AcidicPlatform - INFO - loading the sample from rack_id #32...
2025-05-13 05:01:39,291[39340] - RobotTest_AcidicPlatform - INFO - sample successfully loaded into the cell
2025-05-13 05:01:39,844[39340] - OBS_Win - INFO - OBS_Win stopped
2025-05-13 05:01:43,095[39340] - EC_Lab_Win11 - INFO - not in software yet
2025-05-13 05:01:43,410[39340] - EC_Lab_Win11 - INFO - attempting to open EC_Lab_Win11, trial 1 in 3 times...
2025-05-13 05:03:38,200[39340] - EC_Lab_Win11 - INFO - not in software yet
2025-05-13 05:03:38,521[39340] - EC_Lab_Win11 - INFO - attempting to open EC_Lab_Win11, trial 1 in 3 times...
2025-05-13 05:03:41,766[39340] - EC_Lab_Win11 - INFO - not in software yet
2025-05-13 05:03:42,068[39340] - EC_Lab_Win11 - INFO - attempting to open EC_Lab_Win11, trial 2 in 3 times...
2025-05-13 05:03:45,328[39340] - EC_Lab_Win11 - INFO - not in software yet
2025-05-13 05:03:45,652[39340] - EC_Lab_Win11 - INFO - attempting to open EC_Lab_Win11, trial 3 in 3 times...
2025-05-13 05:03:48,899[39340] - EC_Lab_Win11 - INFO - not in software yet
2025-05-13 05:03:48,924[39340] - EC_Lab_Win11 - WARNING - failed to open EC_Lab_Win11
2025-05-13 05:03:49,015[39340] - RobotTest_AcidicPlatform - ERROR - failed to open EC_Lab_Win11
Traceback (most recent call last):
  File "C:\Users\li\PycharmProjects\catalyst\robotic_testing\common\robot_test.py", line 45, in wrapper
    return func(self, *args, **kwargs)
  File "C:\Users\li\PycharmProjects\catalyst\robotic_testing\common\robot_test.py", line 189, in run
    self.test_main_workflow(
  File "C:\Users\li\PycharmProjects\catalyst\robotic_testing\common\robot_test.py", line 296, in test_main_workflow
    self.check_test_finished()
  File "C:\Users\li\PycharmProjects\catalyst\robotic_testing\common\robot_test.py", line 326, in check_test_finished
    self.ec_lab.open_software()
  File "C:\Users\li\PycharmProjects\catalyst\software_control\software_control_base.py", line 133, in open_software
    raise SystemError(f'failed to open {self.name}')
SystemError: failed to open EC_Lab_Win11
2025-05-13 10:31:05,633[39340] - RobotTest_AcidicPlatform - INFO - started a batch of test, with sample_rack_id : sample_id = {33: 121, 34: 122, 35: 123}
2025-05-13 10:31:20,220[39340] - OBS_Win - INFO - not in software yet
2025-05-13 10:31:20,527[39340] - OBS_Win - INFO - attempting to open OBS_Win, trial 1 in 3 times...
2025-05-13 10:31:24,084[39340] - OBS_Win - INFO - OBS_Win started
2025-05-13 10:31:24,084[39340] - RobotTest_AcidicPlatform - INFO - loading the sample from rack_id #33...
2025-05-13 10:32:01,999[39340] - RobotTest_AcidicPlatform - INFO - sample successfully loaded into the cell
2025-05-13 10:32:02,601[39340] - OBS_Win - INFO - OBS_Win stopped
2025-05-13 10:32:05,608[39340] - EC_Lab_Win11 - ERROR - test is already running!
2025-05-13 10:32:05,608[39340] - RobotTest_AcidicPlatform - ERROR - test is already running! Restart needed!
Traceback (most recent call last):
  File "C:\Users\li\PycharmProjects\catalyst\robotic_testing\common\robot_test.py", line 45, in wrapper
    return func(self, *args, **kwargs)
  File "C:\Users\li\PycharmProjects\catalyst\robotic_testing\common\robot_test.py", line 189, in run
    self.test_main_workflow(
  File "C:\Users\li\PycharmProjects\catalyst\robotic_testing\common\robot_test.py", line 292, in test_main_workflow
    self.ec_lab.start(test_name)
  File "C:\Users\li\PycharmProjects\catalyst\software_control\software_control.py", line 626, in start
    raise SystemError('test is already running! Restart needed!')
SystemError: test is already running! Restart needed!
2025-05-13 10:34:45,036[38640] - RobotTest_AcidicPlatform - INFO - started a batch of test, with sample_rack_id : sample_id = {33: 121, 34: 122, 35: 123}
2025-05-13 10:34:45,036[38640] - RobotTest_AcidicPlatform - INFO - started a batch of test, with sample_rack_id : sample_id = {33: 121, 34: 122, 35: 123}
2025-05-13 10:34:51,096[38640] - OBS_Win - INFO - not in software yet
2025-05-13 10:34:51,096[38640] - OBS_Win - INFO - not in software yet
2025-05-13 10:34:51,425[38640] - OBS_Win - INFO - attempting to open OBS_Win, trial 1 in 3 times...
2025-05-13 10:34:51,425[38640] - OBS_Win - INFO - attempting to open OBS_Win, trial 1 in 3 times...
2025-05-13 10:34:54,965[38640] - OBS_Win - INFO - OBS_Win started
2025-05-13 10:34:54,965[38640] - OBS_Win - INFO - OBS_Win started
2025-05-13 10:34:54,965[38640] - RobotTest_AcidicPlatform - INFO - loading the sample from rack_id #33...
2025-05-13 10:34:54,965[38640] - RobotTest_AcidicPlatform - INFO - loading the sample from rack_id #33...
2025-05-13 10:35:32,864[38640] - RobotTest_AcidicPlatform - INFO - sample successfully loaded into the cell
2025-05-13 10:35:32,864[38640] - RobotTest_AcidicPlatform - INFO - sample successfully loaded into the cell
2025-05-13 10:35:33,466[38640] - OBS_Win - INFO - OBS_Win stopped
2025-05-13 10:35:33,466[38640] - OBS_Win - INFO - OBS_Win stopped
2025-05-13 10:35:36,716[38640] - EC_Lab_Win11 - INFO - not in software yet
2025-05-13 10:35:36,716[38640] - EC_Lab_Win11 - INFO - not in software yet
2025-05-13 10:35:37,034[38640] - EC_Lab_Win11 - INFO - attempting to open EC_Lab_Win11, trial 1 in 3 times...
2025-05-13 10:35:37,034[38640] - EC_Lab_Win11 - INFO - attempting to open EC_Lab_Win11, trial 1 in 3 times...
2025-05-13 10:36:12,097[38640] - RobotTest_AcidicPlatform - INFO - human operating, fail to detect...
2025-05-13 10:36:12,097[38640] - RobotTest_AcidicPlatform - INFO - human operating, fail to detect...
2025-05-13 11:02:10,513[38640] - EC_Lab_Win11 - INFO - test is complete
2025-05-13 11:02:10,513[38640] - EC_Lab_Win11 - INFO - test is complete
2025-05-13 11:02:10,513[38640] - RobotTest_AcidicPlatform - INFO - test MOR_PtX_6or8_comp_trial3_sample#121_2025-05-13_10-34-50 finished
2025-05-13 11:02:10,513[38640] - RobotTest_AcidicPlatform - INFO - test MOR_PtX_6or8_comp_trial3_sample#121_2025-05-13_10-34-50 finished
2025-05-13 11:02:10,711[38640] - OBS_Win - INFO - not in software yet
2025-05-13 11:02:10,711[38640] - OBS_Win - INFO - not in software yet
2025-05-13 11:02:11,023[38640] - OBS_Win - INFO - attempting to open OBS_Win, trial 1 in 3 times...
2025-05-13 11:02:11,023[38640] - OBS_Win - INFO - attempting to open OBS_Win, trial 1 in 3 times...
2025-05-13 11:02:14,593[38640] - OBS_Win - INFO - OBS_Win started
2025-05-13 11:02:14,593[38640] - OBS_Win - INFO - OBS_Win started
2025-05-13 11:02:14,593[38640] - RobotTest_AcidicPlatform - INFO - unloading the sample to rack_id #33...
2025-05-13 11:02:14,593[38640] - RobotTest_AcidicPlatform - INFO - unloading the sample to rack_id #33...
2025-05-13 11:03:12,765[38640] - RobotTest_AcidicPlatform - INFO - sample successfully unloaded from the cell
2025-05-13 11:03:12,765[38640] - RobotTest_AcidicPlatform - INFO - sample successfully unloaded from the cell
2025-05-13 11:03:16,381[38640] - OBS_Win - INFO - OBS_Win stopped
2025-05-13 11:03:16,381[38640] - OBS_Win - INFO - OBS_Win stopped
2025-05-13 11:03:16,826[38640] - OBS_Win - WARNING - cannot find ['OBS_start_record.png'] on screen
2025-05-13 11:03:16,826[38640] - OBS_Win - WARNING - cannot find ['OBS_start_record.png'] on screen
2025-05-13 11:03:20,161[38640] - OBS_Win - INFO - OBS_Win started
2025-05-13 11:03:20,161[38640] - OBS_Win - INFO - OBS_Win started
2025-05-13 11:03:20,161[38640] - RobotTest_AcidicPlatform - INFO - loading the sample from rack_id #34...
2025-05-13 11:03:20,161[38640] - RobotTest_AcidicPlatform - INFO - loading the sample from rack_id #34...
2025-05-13 11:03:52,985[38640] - RobotTest_AcidicPlatform - INFO - sample successfully loaded into the cell
2025-05-13 11:03:52,985[38640] - RobotTest_AcidicPlatform - INFO - sample successfully loaded into the cell
2025-05-13 11:03:53,554[38640] - OBS_Win - INFO - OBS_Win stopped
2025-05-13 11:03:53,554[38640] - OBS_Win - INFO - OBS_Win stopped
2025-05-13 11:03:56,797[38640] - EC_Lab_Win11 - INFO - not in software yet
2025-05-13 11:03:56,797[38640] - EC_Lab_Win11 - INFO - not in software yet
2025-05-13 11:03:57,120[38640] - EC_Lab_Win11 - INFO - attempting to open EC_Lab_Win11, trial 1 in 3 times...
2025-05-13 11:03:57,120[38640] - EC_Lab_Win11 - INFO - attempting to open EC_Lab_Win11, trial 1 in 3 times...
2025-05-13 11:04:32,149[38640] - RobotTest_AcidicPlatform - INFO - human operating, fail to detect...
2025-05-13 11:04:32,149[38640] - RobotTest_AcidicPlatform - INFO - human operating, fail to detect...
2025-05-13 11:30:29,103[38640] - EC_Lab_Win11 - INFO - test is complete
2025-05-13 11:30:29,103[38640] - EC_Lab_Win11 - INFO - test is complete
2025-05-13 11:30:29,104[38640] - RobotTest_AcidicPlatform - INFO - test MOR_PtX_6or8_comp_trial3_sample#122_2025-05-13_11-03-16 finished
2025-05-13 11:30:29,104[38640] - RobotTest_AcidicPlatform - INFO - test MOR_PtX_6or8_comp_trial3_sample#122_2025-05-13_11-03-16 finished
2025-05-13 11:30:29,305[38640] - OBS_Win - INFO - not in software yet
2025-05-13 11:30:29,305[38640] - OBS_Win - INFO - not in software yet
2025-05-13 11:30:29,619[38640] - OBS_Win - INFO - attempting to open OBS_Win, trial 1 in 3 times...
2025-05-13 11:30:29,619[38640] - OBS_Win - INFO - attempting to open OBS_Win, trial 1 in 3 times...
2025-05-13 11:30:33,169[38640] - OBS_Win - INFO - OBS_Win started
2025-05-13 11:30:33,169[38640] - OBS_Win - INFO - OBS_Win started
2025-05-13 11:30:33,169[38640] - RobotTest_AcidicPlatform - INFO - unloading the sample to rack_id #34...
2025-05-13 11:30:33,169[38640] - RobotTest_AcidicPlatform - INFO - unloading the sample to rack_id #34...
2025-05-13 11:31:31,127[38640] - RobotTest_AcidicPlatform - INFO - sample successfully unloaded from the cell
2025-05-13 11:31:31,127[38640] - RobotTest_AcidicPlatform - INFO - sample successfully unloaded from the cell
2025-05-13 11:31:34,741[38640] - OBS_Win - INFO - OBS_Win stopped
2025-05-13 11:31:34,741[38640] - OBS_Win - INFO - OBS_Win stopped
2025-05-13 11:31:35,195[38640] - OBS_Win - WARNING - cannot find ['OBS_start_record.png'] on screen
2025-05-13 11:31:35,195[38640] - OBS_Win - WARNING - cannot find ['OBS_start_record.png'] on screen
2025-05-13 11:31:38,536[38640] - OBS_Win - INFO - OBS_Win started
2025-05-13 11:31:38,536[38640] - OBS_Win - INFO - OBS_Win started
2025-05-13 11:31:38,536[38640] - RobotTest_AcidicPlatform - INFO - loading the sample from rack_id #35...
2025-05-13 11:31:38,536[38640] - RobotTest_AcidicPlatform - INFO - loading the sample from rack_id #35...
2025-05-13 11:32:11,795[38640] - RobotTest_AcidicPlatform - INFO - sample successfully loaded into the cell
2025-05-13 11:32:11,795[38640] - RobotTest_AcidicPlatform - INFO - sample successfully loaded into the cell
2025-05-13 11:32:12,362[38640] - OBS_Win - INFO - OBS_Win stopped
2025-05-13 11:32:12,362[38640] - OBS_Win - INFO - OBS_Win stopped
2025-05-13 11:32:15,622[38640] - EC_Lab_Win11 - INFO - not in software yet
2025-05-13 11:32:15,622[38640] - EC_Lab_Win11 - INFO - not in software yet
2025-05-13 11:32:15,939[38640] - EC_Lab_Win11 - INFO - attempting to open EC_Lab_Win11, trial 1 in 3 times...
2025-05-13 11:32:15,939[38640] - EC_Lab_Win11 - INFO - attempting to open EC_Lab_Win11, trial 1 in 3 times...
2025-05-13 11:58:45,057[38640] - EC_Lab_Win11 - INFO - test is complete
2025-05-13 11:58:45,057[38640] - EC_Lab_Win11 - INFO - test is complete
2025-05-13 11:58:45,057[38640] - RobotTest_AcidicPlatform - INFO - test MOR_PtX_6or8_comp_trial3_sample#123_2025-05-13_11-31-34 finished
2025-05-13 11:58:45,057[38640] - RobotTest_AcidicPlatform - INFO - test MOR_PtX_6or8_comp_trial3_sample#123_2025-05-13_11-31-34 finished
2025-05-13 11:58:45,280[38640] - OBS_Win - INFO - not in software yet
2025-05-13 11:58:45,280[38640] - OBS_Win - INFO - not in software yet
2025-05-13 11:58:45,596[38640] - OBS_Win - INFO - attempting to open OBS_Win, trial 1 in 3 times...
2025-05-13 11:58:45,596[38640] - OBS_Win - INFO - attempting to open OBS_Win, trial 1 in 3 times...
2025-05-13 11:58:49,328[38640] - OBS_Win - INFO - OBS_Win started
2025-05-13 11:58:49,328[38640] - OBS_Win - INFO - OBS_Win started
2025-05-13 11:58:49,328[38640] - RobotTest_AcidicPlatform - INFO - unloading the sample to rack_id #35...
2025-05-13 11:58:49,328[38640] - RobotTest_AcidicPlatform - INFO - unloading the sample to rack_id #35...
2025-05-13 11:59:46,710[38640] - RobotTest_AcidicPlatform - INFO - sample successfully unloaded from the cell
2025-05-13 11:59:46,710[38640] - RobotTest_AcidicPlatform - INFO - sample successfully unloaded from the cell
2025-05-13 11:59:50,496[38640] - OBS_Win - INFO - OBS_Win stopped
2025-05-13 11:59:50,496[38640] - OBS_Win - INFO - OBS_Win stopped
2025-05-13 12:56:32,690[33572] - RobotTest_AcidicPlatform - INFO - started a batch of test, with sample_rack_id : sample_id = {0: 1, 1: 2, 2: 3, 3: 4, 4: 5, 5: 6}
2025-05-13 12:56:38,728[33572] - OBS_Win - INFO - not in software yet
2025-05-13 12:56:39,039[33572] - OBS_Win - INFO - attempting to open OBS_Win, trial 1 in 3 times...
2025-05-13 12:56:42,629[33572] - OBS_Win - INFO - OBS_Win started
2025-05-13 12:56:42,629[33572] - RobotTest_AcidicPlatform - INFO - loading the sample from rack_id #0...
2025-05-13 12:57:21,843[33572] - RobotTest_AcidicPlatform - INFO - sample successfully loaded into the cell
2025-05-13 12:57:22,457[33572] - OBS_Win - INFO - OBS_Win stopped
2025-05-13 12:57:25,691[33572] - EC_Lab_Win11 - INFO - not in software yet
2025-05-13 12:57:25,996[33572] - EC_Lab_Win11 - INFO - attempting to open EC_Lab_Win11, trial 1 in 3 times...
2025-05-13 13:23:58,391[33572] - EC_Lab_Win11 - INFO - test is complete
2025-05-13 13:23:58,392[33572] - RobotTest_AcidicPlatform - INFO - test MOR_PtX_6or8_comp_trial3_sample#1_2025-05-13_12-56-38 finished
2025-05-13 13:23:58,592[33572] - OBS_Win - INFO - not in software yet
2025-05-13 13:23:58,905[33572] - OBS_Win - INFO - attempting to open OBS_Win, trial 1 in 3 times...
2025-05-13 13:24:02,463[33572] - OBS_Win - INFO - OBS_Win started
2025-05-13 13:24:02,463[33572] - RobotTest_AcidicPlatform - INFO - unloading the sample to rack_id #0...
2025-05-13 13:25:02,313[33572] - RobotTest_AcidicPlatform - INFO - sample successfully unloaded from the cell
2025-05-13 13:25:05,908[33572] - OBS_Win - INFO - OBS_Win stopped
2025-05-13 13:25:06,360[33572] - OBS_Win - WARNING - cannot find ['OBS_start_record.png'] on screen
2025-05-13 13:25:09,680[33572] - OBS_Win - INFO - OBS_Win started
2025-05-13 13:25:09,680[33572] - RobotTest_AcidicPlatform - INFO - loading the sample from rack_id #1...
2025-05-13 13:25:41,592[33572] - RobotTest_AcidicPlatform - INFO - sample successfully loaded into the cell
2025-05-13 13:25:42,205[33572] - OBS_Win - INFO - OBS_Win stopped
2025-05-13 13:25:45,453[33572] - EC_Lab_Win11 - INFO - not in software yet
2025-05-13 13:25:45,759[33572] - EC_Lab_Win11 - INFO - attempting to open EC_Lab_Win11, trial 1 in 3 times...
2025-05-13 13:52:17,280[33572] - EC_Lab_Win11 - INFO - test is complete
2025-05-13 13:52:17,280[33572] - RobotTest_AcidicPlatform - INFO - test MOR_PtX_6or8_comp_trial3_sample#2_2025-05-13_13-25-05 finished
2025-05-13 13:52:17,485[33572] - OBS_Win - INFO - not in software yet
2025-05-13 13:52:17,798[33572] - OBS_Win - INFO - attempting to open OBS_Win, trial 1 in 3 times...
2025-05-13 13:52:21,355[33572] - OBS_Win - INFO - OBS_Win started
2025-05-13 13:52:21,355[33572] - RobotTest_AcidicPlatform - INFO - unloading the sample to rack_id #1...
2025-05-13 13:53:20,615[33572] - RobotTest_AcidicPlatform - INFO - sample successfully unloaded from the cell
2025-05-13 13:53:24,191[33572] - OBS_Win - INFO - OBS_Win stopped
2025-05-13 13:53:24,632[33572] - OBS_Win - WARNING - cannot find ['OBS_start_record.png'] on screen
2025-05-13 13:53:27,968[33572] - OBS_Win - INFO - OBS_Win started
2025-05-13 13:53:27,968[33572] - RobotTest_AcidicPlatform - INFO - loading the sample from rack_id #2...
2025-05-13 13:54:00,318[33572] - RobotTest_AcidicPlatform - INFO - sample successfully loaded into the cell
2025-05-13 13:54:00,873[33572] - OBS_Win - INFO - OBS_Win stopped
2025-05-13 13:54:04,137[33572] - EC_Lab_Win11 - INFO - not in software yet
2025-05-13 13:54:04,457[33572] - EC_Lab_Win11 - INFO - attempting to open EC_Lab_Win11, trial 1 in 3 times...
2025-05-13 14:20:37,720[33572] - EC_Lab_Win11 - INFO - test is complete
2025-05-13 14:20:37,720[33572] - RobotTest_AcidicPlatform - INFO - test MOR_PtX_6or8_comp_trial3_sample#3_2025-05-13_13-53-24 finished
2025-05-13 14:20:37,914[33572] - OBS_Win - INFO - not in software yet
2025-05-13 14:20:38,234[33572] - OBS_Win - INFO - attempting to open OBS_Win, trial 1 in 3 times...
2025-05-13 14:20:41,801[33572] - OBS_Win - INFO - OBS_Win started
2025-05-13 14:20:41,801[33572] - RobotTest_AcidicPlatform - INFO - unloading the sample to rack_id #2...
2025-05-13 14:21:40,728[33572] - RobotTest_AcidicPlatform - INFO - sample successfully unloaded from the cell
2025-05-13 14:21:44,371[33572] - OBS_Win - INFO - OBS_Win stopped
2025-05-13 14:21:44,817[33572] - OBS_Win - WARNING - cannot find ['OBS_start_record.png'] on screen
2025-05-13 14:21:48,149[33572] - OBS_Win - INFO - OBS_Win started
2025-05-13 14:21:48,149[33572] - RobotTest_AcidicPlatform - INFO - loading the sample from rack_id #3...
2025-05-13 14:22:20,966[33572] - RobotTest_AcidicPlatform - INFO - sample successfully loaded into the cell
2025-05-13 14:22:21,548[33572] - OBS_Win - INFO - OBS_Win stopped
2025-05-13 14:22:24,790[33572] - EC_Lab_Win11 - INFO - not in software yet
2025-05-13 14:22:25,101[33572] - EC_Lab_Win11 - INFO - attempting to open EC_Lab_Win11, trial 1 in 3 times...
2025-05-13 14:48:57,800[33572] - EC_Lab_Win11 - INFO - test is complete
2025-05-13 14:48:57,800[33572] - RobotTest_AcidicPlatform - INFO - test MOR_PtX_6or8_comp_trial3_sample#4_2025-05-13_14-21-44 finished
2025-05-13 14:48:58,006[33572] - OBS_Win - INFO - not in software yet
2025-05-13 14:48:58,307[33572] - OBS_Win - INFO - attempting to open OBS_Win, trial 1 in 3 times...
2025-05-13 14:49:01,845[33572] - OBS_Win - INFO - OBS_Win started
2025-05-13 14:49:01,846[33572] - RobotTest_AcidicPlatform - INFO - unloading the sample to rack_id #3...
2025-05-13 14:50:00,382[33572] - RobotTest_AcidicPlatform - INFO - sample successfully unloaded from the cell
2025-05-13 14:50:03,953[33572] - OBS_Win - INFO - OBS_Win stopped
2025-05-13 14:50:04,390[33572] - OBS_Win - WARNING - cannot find ['OBS_start_record.png'] on screen
2025-05-13 14:50:07,733[33572] - OBS_Win - INFO - OBS_Win started
2025-05-13 14:50:07,733[33572] - RobotTest_AcidicPlatform - INFO - loading the sample from rack_id #4...
2025-05-13 14:50:40,815[33572] - RobotTest_AcidicPlatform - INFO - sample successfully loaded into the cell
2025-05-13 14:50:41,380[33572] - OBS_Win - INFO - OBS_Win stopped
2025-05-13 14:50:44,626[33572] - EC_Lab_Win11 - INFO - not in software yet
2025-05-13 14:50:44,937[33572] - EC_Lab_Win11 - INFO - attempting to open EC_Lab_Win11, trial 1 in 3 times...
2025-05-13 15:17:16,339[33572] - EC_Lab_Win11 - INFO - test is complete
2025-05-13 15:17:16,339[33572] - RobotTest_AcidicPlatform - INFO - test MOR_PtX_6or8_comp_trial3_sample#5_2025-05-13_14-50-03 finished
2025-05-13 15:17:16,537[33572] - OBS_Win - INFO - not in software yet
2025-05-13 15:17:16,857[33572] - OBS_Win - INFO - attempting to open OBS_Win, trial 1 in 3 times...
2025-05-13 15:17:20,393[33572] - OBS_Win - INFO - OBS_Win started
2025-05-13 15:17:20,393[33572] - RobotTest_AcidicPlatform - INFO - unloading the sample to rack_id #4...
2025-05-13 15:18:18,649[33572] - RobotTest_AcidicPlatform - INFO - sample successfully unloaded from the cell
2025-05-13 15:18:22,232[33572] - OBS_Win - INFO - OBS_Win stopped
2025-05-13 15:18:22,669[33572] - OBS_Win - WARNING - cannot find ['OBS_start_record.png'] on screen
2025-05-13 15:18:26,012[33572] - OBS_Win - INFO - OBS_Win started
2025-05-13 15:18:26,012[33572] - RobotTest_AcidicPlatform - INFO - loading the sample from rack_id #5...
2025-05-13 15:18:59,643[33572] - RobotTest_AcidicPlatform - INFO - sample successfully loaded into the cell
2025-05-13 15:19:00,197[33572] - OBS_Win - INFO - OBS_Win stopped
2025-05-13 15:19:03,443[33572] - EC_Lab_Win11 - INFO - not in software yet
2025-05-13 15:19:03,752[33572] - EC_Lab_Win11 - INFO - attempting to open EC_Lab_Win11, trial 1 in 3 times...
2025-05-13 15:45:35,599[33572] - EC_Lab_Win11 - INFO - test is complete
2025-05-13 15:45:35,599[33572] - RobotTest_AcidicPlatform - INFO - test MOR_PtX_6or8_comp_trial3_sample#6_2025-05-13_15-18-22 finished
2025-05-13 15:45:35,795[33572] - OBS_Win - INFO - not in software yet
2025-05-13 15:45:36,119[33572] - OBS_Win - INFO - attempting to open OBS_Win, trial 1 in 3 times...
2025-05-13 15:45:39,674[33572] - OBS_Win - INFO - OBS_Win started
2025-05-13 15:45:39,674[33572] - RobotTest_AcidicPlatform - INFO - unloading the sample to rack_id #5...
2025-05-13 15:46:37,493[33572] - RobotTest_AcidicPlatform - INFO - sample successfully unloaded from the cell
2025-05-13 15:46:41,119[33572] - OBS_Win - INFO - OBS_Win stopped
2025-05-13 18:18:02,916[35388] - RobotTest_AcidicPlatform - INFO - started a batch of test, with sample_rack_id : sample_id = {0: 88, 1: 89, 2: 90, 3: 91, 4: 92, 5: 93, 6: 94, 7: 95, 8: 96, 9: 97, 10: 98, 11: 99, 12: 100, 13: 101, 14: 102, 15: 103, 16: 104, 17: 105, 18: 106, 19: 107, 20: 108, 21: 109, 22: 110, 23: 111, 24: 112, 25: 113, 26: 114, 27: 115, 28: 116, 29: 117, 30: 118, 31: 119, 32: 120, 33: 121, 34: 122, 35: 123}
2025-05-13 18:18:08,950[35388] - OBS_Win - INFO - not in software yet
2025-05-13 18:18:09,288[35388] - OBS_Win - INFO - attempting to open OBS_Win, trial 1 in 3 times...
2025-05-13 18:18:12,886[35388] - OBS_Win - INFO - OBS_Win started
2025-05-13 18:18:12,886[35388] - RobotTest_AcidicPlatform - INFO - loading the sample from rack_id #0...
2025-05-13 18:18:52,091[35388] - RobotTest_AcidicPlatform - INFO - sample successfully loaded into the cell
2025-05-13 18:18:52,720[35388] - OBS_Win - INFO - OBS_Win stopped
2025-05-13 18:18:55,984[35388] - EC_Lab_Win11 - INFO - not in software yet
2025-05-13 18:18:56,311[35388] - EC_Lab_Win11 - INFO - attempting to open EC_Lab_Win11, trial 1 in 3 times...
2025-05-13 18:46:20,314[35388] - EC_Lab_Win11 - INFO - test is complete
2025-05-13 18:46:20,315[35388] - RobotTest_AcidicPlatform - INFO - test MOR_PtX_6or8_comp_trial3_sample#88_2025-05-13_18-18-08 finished
2025-05-13 18:46:20,514[35388] - OBS_Win - INFO - not in software yet
2025-05-13 18:46:20,826[35388] - OBS_Win - INFO - attempting to open OBS_Win, trial 1 in 3 times...
2025-05-13 18:46:24,415[35388] - OBS_Win - INFO - OBS_Win started
2025-05-13 18:46:24,415[35388] - RobotTest_AcidicPlatform - INFO - unloading the sample to rack_id #0...
2025-05-13 18:47:24,175[35388] - RobotTest_AcidicPlatform - INFO - sample successfully unloaded from the cell
2025-05-13 18:47:27,817[35388] - OBS_Win - INFO - OBS_Win stopped
2025-05-13 18:47:28,306[35388] - OBS_Win - WARNING - cannot find ['OBS_start_record.png'] on screen
2025-05-13 18:47:31,647[35388] - OBS_Win - INFO - OBS_Win started
2025-05-13 18:47:31,647[35388] - RobotTest_AcidicPlatform - INFO - loading the sample from rack_id #1...
2025-05-13 18:48:03,569[35388] - RobotTest_AcidicPlatform - INFO - sample successfully loaded into the cell
2025-05-13 18:48:04,170[35388] - OBS_Win - INFO - OBS_Win stopped
2025-05-13 18:48:07,427[35388] - EC_Lab_Win11 - INFO - not in software yet
2025-05-13 18:48:07,761[35388] - EC_Lab_Win11 - INFO - attempting to open EC_Lab_Win11, trial 1 in 3 times...
2025-05-13 19:15:32,080[35388] - EC_Lab_Win11 - INFO - test is complete
2025-05-13 19:15:32,080[35388] - RobotTest_AcidicPlatform - INFO - test MOR_PtX_6or8_comp_trial3_sample#89_2025-05-13_18-47-27 finished
2025-05-13 19:15:32,306[35388] - OBS_Win - INFO - not in software yet
2025-05-13 19:15:32,619[35388] - OBS_Win - INFO - attempting to open OBS_Win, trial 1 in 3 times...
2025-05-13 19:15:36,176[35388] - OBS_Win - INFO - OBS_Win started
2025-05-13 19:15:36,176[35388] - RobotTest_AcidicPlatform - INFO - unloading the sample to rack_id #1...
2025-05-13 19:16:35,535[35388] - RobotTest_AcidicPlatform - INFO - sample successfully unloaded from the cell
2025-05-13 19:16:39,132[35388] - OBS_Win - INFO - OBS_Win stopped
2025-05-13 19:16:39,629[35388] - OBS_Win - WARNING - cannot find ['OBS_start_record.png'] on screen
2025-05-13 19:16:42,971[35388] - OBS_Win - INFO - OBS_Win started
2025-05-13 19:16:42,971[35388] - RobotTest_AcidicPlatform - INFO - loading the sample from rack_id #2...
2025-05-13 19:17:15,319[35388] - RobotTest_AcidicPlatform - INFO - sample successfully loaded into the cell
2025-05-13 19:17:15,965[35388] - OBS_Win - INFO - OBS_Win stopped
2025-05-13 19:17:19,242[35388] - EC_Lab_Win11 - INFO - not in software yet
2025-05-13 19:17:19,562[35388] - EC_Lab_Win11 - INFO - attempting to open EC_Lab_Win11, trial 1 in 3 times...
2025-05-13 19:44:45,971[35388] - EC_Lab_Win11 - INFO - test is complete
2025-05-13 19:44:45,971[35388] - RobotTest_AcidicPlatform - INFO - test MOR_PtX_6or8_comp_trial3_sample#90_2025-05-13_19-16-39 finished
2025-05-13 19:44:46,179[35388] - OBS_Win - INFO - not in software yet
2025-05-13 19:44:46,508[35388] - OBS_Win - INFO - attempting to open OBS_Win, trial 1 in 3 times...
2025-05-13 19:44:50,087[35388] - OBS_Win - INFO - OBS_Win started
2025-05-13 19:44:50,087[35388] - RobotTest_AcidicPlatform - INFO - unloading the sample to rack_id #2...
2025-05-13 19:45:49,077[35388] - RobotTest_AcidicPlatform - INFO - sample successfully unloaded from the cell
2025-05-13 19:45:52,674[35388] - OBS_Win - INFO - OBS_Win stopped
2025-05-13 19:45:53,119[35388] - OBS_Win - WARNING - cannot find ['OBS_start_record.png'] on screen
2025-05-13 19:45:56,450[35388] - OBS_Win - INFO - OBS_Win started
2025-05-13 19:45:56,450[35388] - RobotTest_AcidicPlatform - INFO - loading the sample from rack_id #3...
2025-05-13 19:46:29,270[35388] - RobotTest_AcidicPlatform - INFO - sample successfully loaded into the cell
2025-05-13 19:46:29,863[35388] - OBS_Win - INFO - OBS_Win stopped
2025-05-13 19:46:33,122[35388] - EC_Lab_Win11 - INFO - not in software yet
2025-05-13 19:46:33,440[35388] - EC_Lab_Win11 - INFO - attempting to open EC_Lab_Win11, trial 1 in 3 times...
2025-05-13 20:13:56,367[35388] - EC_Lab_Win11 - INFO - test is complete
2025-05-13 20:13:56,367[35388] - RobotTest_AcidicPlatform - INFO - test MOR_PtX_6or8_comp_trial3_sample#91_2025-05-13_19-45-52 finished
2025-05-13 20:13:56,586[35388] - OBS_Win - INFO - not in software yet
2025-05-13 20:13:56,918[35388] - OBS_Win - INFO - attempting to open OBS_Win, trial 1 in 3 times...
2025-05-13 20:14:00,497[35388] - OBS_Win - INFO - OBS_Win started
2025-05-13 20:14:00,497[35388] - RobotTest_AcidicPlatform - INFO - unloading the sample to rack_id #3...
2025-05-13 20:14:59,021[35388] - RobotTest_AcidicPlatform - INFO - sample successfully unloaded from the cell
2025-05-13 20:15:02,624[35388] - OBS_Win - INFO - OBS_Win stopped
2025-05-13 20:15:03,093[35388] - OBS_Win - WARNING - cannot find ['OBS_start_record.png'] on screen
2025-05-13 20:15:06,438[35388] - OBS_Win - INFO - OBS_Win started
2025-05-13 20:15:06,438[35388] - RobotTest_AcidicPlatform - INFO - loading the sample from rack_id #4...
2025-05-13 20:15:39,610[35388] - RobotTest_AcidicPlatform - INFO - sample successfully loaded into the cell
2025-05-13 20:15:40,177[35388] - OBS_Win - INFO - OBS_Win stopped
2025-05-13 20:15:43,421[35388] - EC_Lab_Win11 - INFO - not in software yet
2025-05-13 20:15:43,732[35388] - EC_Lab_Win11 - INFO - attempting to open EC_Lab_Win11, trial 1 in 3 times...
2025-05-13 20:43:11,864[35388] - EC_Lab_Win11 - INFO - test is complete
2025-05-13 20:43:11,865[35388] - RobotTest_AcidicPlatform - INFO - test MOR_PtX_6or8_comp_trial3_sample#92_2025-05-13_20-15-02 finished
2025-05-13 20:43:12,069[35388] - OBS_Win - INFO - not in software yet
2025-05-13 20:43:12,389[35388] - OBS_Win - INFO - attempting to open OBS_Win, trial 1 in 3 times...
2025-05-13 20:43:15,954[35388] - OBS_Win - INFO - OBS_Win started
2025-05-13 20:43:15,954[35388] - RobotTest_AcidicPlatform - INFO - unloading the sample to rack_id #4...
2025-05-13 20:44:14,031[35388] - RobotTest_AcidicPlatform - INFO - sample successfully unloaded from the cell
2025-05-13 20:44:17,633[35388] - OBS_Win - INFO - OBS_Win stopped
2025-05-13 20:44:18,111[35388] - OBS_Win - WARNING - cannot find ['OBS_start_record.png'] on screen
2025-05-13 20:44:21,449[35388] - OBS_Win - INFO - OBS_Win started
2025-05-13 20:44:21,449[35388] - RobotTest_AcidicPlatform - INFO - loading the sample from rack_id #5...
2025-05-13 20:44:55,017[35388] - RobotTest_AcidicPlatform - INFO - sample successfully loaded into the cell
2025-05-13 20:44:55,570[35388] - OBS_Win - INFO - OBS_Win stopped
2025-05-13 20:44:58,821[35388] - EC_Lab_Win11 - INFO - not in software yet
2025-05-13 20:44:59,139[35388] - EC_Lab_Win11 - INFO - attempting to open EC_Lab_Win11, trial 1 in 3 times...
2025-05-13 21:12:27,634[35388] - EC_Lab_Win11 - INFO - test is complete
2025-05-13 21:12:27,634[35388] - RobotTest_AcidicPlatform - INFO - test MOR_PtX_6or8_comp_trial3_sample#93_2025-05-13_20-44-17 finished
2025-05-13 21:12:27,831[35388] - OBS_Win - INFO - not in software yet
2025-05-13 21:12:28,146[35388] - OBS_Win - INFO - attempting to open OBS_Win, trial 1 in 3 times...
2025-05-13 21:12:31,715[35388] - OBS_Win - INFO - OBS_Win started
2025-05-13 21:12:31,715[35388] - RobotTest_AcidicPlatform - INFO - unloading the sample to rack_id #5...
2025-05-13 21:13:29,436[35388] - RobotTest_AcidicPlatform - INFO - sample successfully unloaded from the cell
2025-05-13 21:13:33,046[35388] - OBS_Win - INFO - OBS_Win stopped
2025-05-13 21:13:33,501[35388] - OBS_Win - WARNING - cannot find ['OBS_start_record.png'] on screen
2025-05-13 21:13:36,829[35388] - OBS_Win - INFO - OBS_Win started
2025-05-13 21:13:36,829[35388] - RobotTest_AcidicPlatform - INFO - loading the sample from rack_id #6...
2025-05-13 21:14:11,013[35388] - RobotTest_AcidicPlatform - INFO - sample successfully loaded into the cell
2025-05-13 21:14:11,607[35388] - OBS_Win - INFO - OBS_Win stopped
2025-05-13 21:14:14,859[35388] - EC_Lab_Win11 - INFO - not in software yet
2025-05-13 21:14:15,169[35388] - EC_Lab_Win11 - INFO - attempting to open EC_Lab_Win11, trial 1 in 3 times...
2025-05-13 21:41:43,715[35388] - EC_Lab_Win11 - INFO - test is complete
2025-05-13 21:41:43,715[35388] - RobotTest_AcidicPlatform - INFO - test MOR_PtX_6or8_comp_trial3_sample#94_2025-05-13_21-13-33 finished
2025-05-13 21:41:43,919[35388] - OBS_Win - INFO - not in software yet
2025-05-13 21:41:44,233[35388] - OBS_Win - INFO - attempting to open OBS_Win, trial 1 in 3 times...
2025-05-13 21:41:47,787[35388] - OBS_Win - INFO - OBS_Win started
2025-05-13 21:41:47,787[35388] - RobotTest_AcidicPlatform - INFO - unloading the sample to rack_id #6...
2025-05-13 21:42:44,958[35388] - RobotTest_AcidicPlatform - INFO - sample successfully unloaded from the cell
2025-05-13 21:42:48,549[35388] - OBS_Win - INFO - OBS_Win stopped
2025-05-13 21:42:48,992[35388] - OBS_Win - WARNING - cannot find ['OBS_start_record.png'] on screen
2025-05-13 21:42:52,324[35388] - OBS_Win - INFO - OBS_Win started
2025-05-13 21:42:52,324[35388] - RobotTest_AcidicPlatform - INFO - loading the sample from rack_id #7...
2025-05-13 21:43:26,703[35388] - RobotTest_AcidicPlatform - INFO - sample successfully loaded into the cell
2025-05-13 21:43:27,270[35388] - OBS_Win - INFO - OBS_Win stopped
2025-05-13 21:43:30,512[35388] - EC_Lab_Win11 - INFO - not in software yet
2025-05-13 21:43:30,814[35388] - EC_Lab_Win11 - INFO - attempting to open EC_Lab_Win11, trial 1 in 3 times...
2025-05-13 21:49:10,300[35388] - RobotTest_AcidicPlatform - INFO - human operating, fail to detect...
2025-05-13 21:49:20,305[35388] - RobotTest_AcidicPlatform - INFO - human operating, fail to detect...
2025-05-13 21:49:30,313[35388] - RobotTest_AcidicPlatform - INFO - human operating, fail to detect...
2025-05-13 21:49:41,148[35388] - EC_Lab_Win11 - INFO - not in software yet
2025-05-13 21:49:41,480[35388] - EC_Lab_Win11 - INFO - attempting to open EC_Lab_Win11, trial 1 in 3 times...
2025-05-13 21:49:44,724[35388] - EC_Lab_Win11 - INFO - not in software yet
2025-05-13 21:49:45,061[35388] - EC_Lab_Win11 - INFO - attempting to open EC_Lab_Win11, trial 2 in 3 times...
2025-05-13 22:09:20,086[35388] - RobotTest_AcidicPlatform - INFO - human operating, fail to detect...
2025-05-13 22:09:30,087[35388] - RobotTest_AcidicPlatform - INFO - human operating, fail to detect...
2025-05-13 22:09:40,095[35388] - RobotTest_AcidicPlatform - INFO - human operating, fail to detect...
2025-05-13 22:09:50,095[35388] - RobotTest_AcidicPlatform - INFO - human operating, fail to detect...
2025-05-13 22:10:00,938[35388] - EC_Lab_Win11 - INFO - not in software yet
2025-05-13 22:10:01,266[35388] - EC_Lab_Win11 - INFO - attempting to open EC_Lab_Win11, trial 1 in 3 times...
2025-05-13 22:10:04,514[35388] - EC_Lab_Win11 - INFO - not in software yet
2025-05-13 22:10:04,824[35388] - EC_Lab_Win11 - INFO - attempting to open EC_Lab_Win11, trial 2 in 3 times...
2025-05-13 22:10:53,650[35388] - EC_Lab_Win11 - INFO - test is complete
2025-05-13 22:10:53,650[35388] - RobotTest_AcidicPlatform - INFO - test MOR_PtX_6or8_comp_trial3_sample#95_2025-05-13_21-42-48 finished
2025-05-13 22:10:53,845[35388] - OBS_Win - INFO - not in software yet
2025-05-13 22:10:54,160[35388] - OBS_Win - INFO - attempting to open OBS_Win, trial 1 in 3 times...
2025-05-13 22:10:57,718[35388] - OBS_Win - INFO - OBS_Win started
2025-05-13 22:10:57,718[35388] - RobotTest_AcidicPlatform - INFO - unloading the sample to rack_id #7...
2025-05-13 22:11:54,372[35388] - RobotTest_AcidicPlatform - INFO - sample successfully unloaded from the cell
2025-05-13 22:11:57,940[35388] - OBS_Win - INFO - OBS_Win stopped
2025-05-13 22:11:58,400[35388] - OBS_Win - WARNING - cannot find ['OBS_start_record.png'] on screen
2025-05-13 22:12:01,730[35388] - OBS_Win - INFO - OBS_Win started
2025-05-13 22:12:01,730[35388] - RobotTest_AcidicPlatform - INFO - loading the sample from rack_id #8...
2025-05-13 22:12:36,632[35388] - RobotTest_AcidicPlatform - INFO - sample successfully loaded into the cell
2025-05-13 22:12:37,201[35388] - OBS_Win - INFO - OBS_Win stopped
2025-05-13 22:12:40,450[35388] - EC_Lab_Win11 - INFO - not in software yet
2025-05-13 22:12:40,767[35388] - EC_Lab_Win11 - INFO - attempting to open EC_Lab_Win11, trial 1 in 3 times...
2025-05-13 22:40:09,480[35388] - EC_Lab_Win11 - INFO - test is complete
2025-05-13 22:40:09,480[35388] - RobotTest_AcidicPlatform - INFO - test MOR_PtX_6or8_comp_trial3_sample#96_2025-05-13_22-11-57 finished
2025-05-13 22:40:09,684[35388] - OBS_Win - INFO - not in software yet
2025-05-13 22:40:10,011[35388] - OBS_Win - INFO - attempting to open OBS_Win, trial 1 in 3 times...
2025-05-13 22:40:13,565[35388] - OBS_Win - INFO - OBS_Win started
2025-05-13 22:40:13,565[35388] - RobotTest_AcidicPlatform - INFO - unloading the sample to rack_id #8...
2025-05-13 22:41:10,430[35388] - RobotTest_AcidicPlatform - INFO - sample successfully unloaded from the cell
2025-05-13 22:41:14,001[35388] - OBS_Win - INFO - OBS_Win stopped
2025-05-13 22:41:14,481[35388] - OBS_Win - WARNING - cannot find ['OBS_start_record.png'] on screen
2025-05-13 22:41:17,829[35388] - OBS_Win - INFO - OBS_Win started
2025-05-13 22:41:17,829[35388] - RobotTest_AcidicPlatform - INFO - loading the sample from rack_id #9...
2025-05-13 22:41:53,200[35388] - RobotTest_AcidicPlatform - INFO - sample successfully loaded into the cell
2025-05-13 22:41:53,781[35388] - OBS_Win - INFO - OBS_Win stopped
2025-05-13 22:41:57,041[35388] - EC_Lab_Win11 - INFO - not in software yet
2025-05-13 22:41:57,361[35388] - EC_Lab_Win11 - INFO - attempting to open EC_Lab_Win11, trial 1 in 3 times...
2025-05-13 23:09:30,047[35388] - EC_Lab_Win11 - INFO - test is complete
2025-05-13 23:09:30,047[35388] - RobotTest_AcidicPlatform - INFO - test MOR_PtX_6or8_comp_trial3_sample#97_2025-05-13_22-41-14 finished
2025-05-13 23:09:30,255[35388] - OBS_Win - INFO - not in software yet
2025-05-13 23:09:30,572[35388] - OBS_Win - INFO - attempting to open OBS_Win, trial 1 in 3 times...
2025-05-13 23:09:34,144[35388] - OBS_Win - INFO - OBS_Win started
2025-05-13 23:09:34,144[35388] - RobotTest_AcidicPlatform - INFO - unloading the sample to rack_id #9...
2025-05-13 23:10:31,234[35388] - RobotTest_AcidicPlatform - INFO - sample successfully unloaded from the cell
2025-05-13 23:10:34,848[35388] - OBS_Win - INFO - OBS_Win stopped
2025-05-13 23:10:35,315[35388] - OBS_Win - WARNING - cannot find ['OBS_start_record.png'] on screen
2025-05-13 23:10:38,661[35388] - OBS_Win - INFO - OBS_Win started
2025-05-13 23:10:38,661[35388] - RobotTest_AcidicPlatform - INFO - loading the sample from rack_id #10...
2025-05-13 23:11:14,463[35388] - RobotTest_AcidicPlatform - INFO - sample successfully loaded into the cell
2025-05-13 23:11:15,065[35388] - OBS_Win - INFO - OBS_Win stopped
2025-05-13 23:11:18,312[35388] - EC_Lab_Win11 - INFO - not in software yet
2025-05-13 23:11:18,637[35388] - EC_Lab_Win11 - INFO - attempting to open EC_Lab_Win11, trial 1 in 3 times...
2025-05-13 23:38:50,114[35388] - EC_Lab_Win11 - INFO - test is complete
2025-05-13 23:38:50,114[35388] - RobotTest_AcidicPlatform - INFO - test MOR_PtX_6or8_comp_trial3_sample#98_2025-05-13_23-10-34 finished
2025-05-13 23:38:50,321[35388] - OBS_Win - INFO - not in software yet
2025-05-13 23:38:50,642[35388] - OBS_Win - INFO - attempting to open OBS_Win, trial 1 in 3 times...
2025-05-13 23:38:54,196[35388] - OBS_Win - INFO - OBS_Win started
2025-05-13 23:38:54,196[35388] - RobotTest_AcidicPlatform - INFO - unloading the sample to rack_id #10...
2025-05-13 23:39:51,697[35388] - RobotTest_AcidicPlatform - INFO - sample successfully unloaded from the cell
2025-05-13 23:39:55,305[35388] - OBS_Win - INFO - OBS_Win stopped
2025-05-13 23:39:55,768[35388] - OBS_Win - WARNING - cannot find ['OBS_start_record.png'] on screen
2025-05-13 23:39:59,102[35388] - OBS_Win - INFO - OBS_Win started
2025-05-13 23:39:59,102[35388] - RobotTest_AcidicPlatform - INFO - loading the sample from rack_id #11...
2025-05-13 23:40:35,248[35388] - RobotTest_AcidicPlatform - INFO - sample successfully loaded into the cell
2025-05-13 23:40:35,833[35388] - OBS_Win - INFO - OBS_Win stopped
2025-05-13 23:40:39,084[35388] - EC_Lab_Win11 - INFO - not in software yet
2025-05-13 23:40:39,383[35388] - EC_Lab_Win11 - INFO - attempting to open EC_Lab_Win11, trial 1 in 3 times...
2025-05-14 00:08:07,704[35388] - EC_Lab_Win11 - INFO - test is complete
2025-05-14 00:08:07,704[35388] - RobotTest_AcidicPlatform - INFO - test MOR_PtX_6or8_comp_trial3_sample#99_2025-05-13_23-39-55 finished
2025-05-14 00:08:07,912[35388] - OBS_Win - INFO - not in software yet
2025-05-14 00:08:08,231[35388] - OBS_Win - INFO - attempting to open OBS_Win, trial 1 in 3 times...
2025-05-14 00:08:11,758[35388] - OBS_Win - INFO - OBS_Win started
2025-05-14 00:08:11,758[35388] - RobotTest_AcidicPlatform - INFO - unloading the sample to rack_id #11...
2025-05-14 00:09:09,824[35388] - RobotTest_AcidicPlatform - INFO - sample successfully unloaded from the cell
2025-05-14 00:09:13,415[35388] - OBS_Win - INFO - OBS_Win stopped
2025-05-14 00:09:13,882[35388] - OBS_Win - WARNING - cannot find ['OBS_start_record.png'] on screen
2025-05-14 00:09:17,223[35388] - OBS_Win - INFO - OBS_Win started
2025-05-14 00:09:17,223[35388] - RobotTest_AcidicPlatform - INFO - loading the sample from rack_id #12...
2025-05-14 00:09:53,843[35388] - RobotTest_AcidicPlatform - INFO - sample successfully loaded into the cell
2025-05-14 00:09:54,425[35388] - OBS_Win - INFO - OBS_Win stopped
2025-05-14 00:09:57,696[35388] - EC_Lab_Win11 - INFO - not in software yet
2025-05-14 00:09:58,023[35388] - EC_Lab_Win11 - INFO - attempting to open EC_Lab_Win11, trial 1 in 3 times...
2025-05-14 00:37:26,888[35388] - EC_Lab_Win11 - INFO - test is complete
2025-05-14 00:37:26,888[35388] - RobotTest_AcidicPlatform - INFO - test MOR_PtX_6or8_comp_trial3_sample#100_2025-05-14_00-09-13 finished
2025-05-14 00:37:27,096[35388] - OBS_Win - INFO - not in software yet
2025-05-14 00:37:27,413[35388] - OBS_Win - INFO - attempting to open OBS_Win, trial 1 in 3 times...
2025-05-14 00:37:30,982[35388] - OBS_Win - INFO - OBS_Win started
2025-05-14 00:37:30,982[35388] - RobotTest_AcidicPlatform - INFO - unloading the sample to rack_id #12...
2025-05-14 00:38:29,401[35388] - RobotTest_AcidicPlatform - INFO - sample successfully unloaded from the cell
2025-05-14 00:38:32,986[35388] - OBS_Win - INFO - OBS_Win stopped
2025-05-14 00:38:33,427[35388] - OBS_Win - WARNING - cannot find ['OBS_start_record.png'] on screen
2025-05-14 00:38:36,770[35388] - OBS_Win - INFO - OBS_Win started
2025-05-14 00:38:36,770[35388] - RobotTest_AcidicPlatform - INFO - loading the sample from rack_id #13...
2025-05-14 00:39:13,884[35388] - RobotTest_AcidicPlatform - INFO - sample successfully loaded into the cell
2025-05-14 00:39:14,437[35388] - OBS_Win - INFO - OBS_Win stopped
2025-05-14 00:39:17,688[35388] - EC_Lab_Win11 - INFO - not in software yet
2025-05-14 00:39:17,997[35388] - EC_Lab_Win11 - INFO - attempting to open EC_Lab_Win11, trial 1 in 3 times...
2025-05-14 01:06:46,808[35388] - EC_Lab_Win11 - INFO - test is complete
2025-05-14 01:06:46,808[35388] - RobotTest_AcidicPlatform - INFO - test MOR_PtX_6or8_comp_trial3_sample#101_2025-05-14_00-38-32 finished
2025-05-14 01:06:47,019[35388] - OBS_Win - INFO - not in software yet
2025-05-14 01:06:47,328[35388] - OBS_Win - INFO - attempting to open OBS_Win, trial 1 in 3 times...
2025-05-14 01:06:50,882[35388] - OBS_Win - INFO - OBS_Win started
2025-05-14 01:06:50,882[35388] - RobotTest_AcidicPlatform - INFO - unloading the sample to rack_id #13...
2025-05-14 01:07:49,793[35388] - RobotTest_AcidicPlatform - INFO - sample successfully unloaded from the cell
2025-05-14 01:07:53,402[35388] - OBS_Win - INFO - OBS_Win stopped
2025-05-14 01:07:53,860[35388] - OBS_Win - WARNING - cannot find ['OBS_start_record.png'] on screen
2025-05-14 01:07:57,190[35388] - OBS_Win - INFO - OBS_Win started
2025-05-14 01:07:57,190[35388] - RobotTest_AcidicPlatform - INFO - loading the sample from rack_id #14...
2025-05-14 01:08:34,698[35388] - RobotTest_AcidicPlatform - INFO - sample successfully loaded into the cell
2025-05-14 01:08:35,283[35388] - OBS_Win - INFO - OBS_Win stopped
2025-05-14 01:08:38,530[35388] - EC_Lab_Win11 - INFO - not in software yet
2025-05-14 01:08:38,834[35388] - EC_Lab_Win11 - INFO - attempting to open EC_Lab_Win11, trial 1 in 3 times...
2025-05-14 01:15:14,477[35388] - RobotTest_AcidicPlatform - INFO - human operating, fail to detect...
2025-05-14 01:15:24,489[35388] - RobotTest_AcidicPlatform - INFO - human operating, fail to detect...
2025-05-14 01:15:34,503[35388] - RobotTest_AcidicPlatform - INFO - human operating, fail to detect...
2025-05-14 01:15:44,515[35388] - RobotTest_AcidicPlatform - INFO - human operating, fail to detect...
2025-05-14 01:15:54,528[35388] - RobotTest_AcidicPlatform - INFO - human operating, fail to detect...
2025-05-14 01:16:04,541[35388] - RobotTest_AcidicPlatform - INFO - human operating, fail to detect...
2025-05-14 01:16:14,545[35388] - RobotTest_AcidicPlatform - INFO - human operating, fail to detect...
2025-05-14 01:16:24,549[35388] - RobotTest_AcidicPlatform - INFO - human operating, fail to detect...
2025-05-14 01:16:34,559[35388] - RobotTest_AcidicPlatform - INFO - human operating, fail to detect...
2025-05-14 01:16:44,565[35388] - RobotTest_AcidicPlatform - INFO - human operating, fail to detect...
2025-05-14 01:16:54,572[35388] - RobotTest_AcidicPlatform - INFO - human operating, fail to detect...
2025-05-14 01:17:04,581[35388] - RobotTest_AcidicPlatform - INFO - human operating, fail to detect...
2025-05-14 01:17:14,585[35388] - RobotTest_AcidicPlatform - INFO - human operating, fail to detect...
2025-05-14 01:17:24,586[35388] - RobotTest_AcidicPlatform - INFO - human operating, fail to detect...
2025-05-14 01:17:34,601[35388] - RobotTest_AcidicPlatform - INFO - human operating, fail to detect...
2025-05-14 01:17:44,616[35388] - RobotTest_AcidicPlatform - INFO - human operating, fail to detect...
2025-05-14 01:17:54,631[35388] - RobotTest_AcidicPlatform - INFO - human operating, fail to detect...
2025-05-14 01:18:04,641[35388] - RobotTest_AcidicPlatform - INFO - human operating, fail to detect...
2025-05-14 01:18:14,651[35388] - RobotTest_AcidicPlatform - INFO - human operating, fail to detect...
2025-05-14 01:18:24,666[35388] - RobotTest_AcidicPlatform - INFO - human operating, fail to detect...
2025-05-14 01:18:34,669[35388] - RobotTest_AcidicPlatform - INFO - human operating, fail to detect...
2025-05-14 01:18:44,675[35388] - RobotTest_AcidicPlatform - INFO - human operating, fail to detect...
2025-05-14 01:18:54,677[35388] - RobotTest_AcidicPlatform - INFO - human operating, fail to detect...
2025-05-14 01:19:04,677[35388] - RobotTest_AcidicPlatform - INFO - human operating, fail to detect...
2025-05-14 01:19:25,952[35388] - RobotTest_AcidicPlatform - INFO - human operating, fail to detect...
2025-05-14 01:19:35,958[35388] - RobotTest_AcidicPlatform - INFO - human operating, fail to detect...
2025-05-14 01:19:45,968[35388] - RobotTest_AcidicPlatform - INFO - human operating, fail to detect...
2025-05-14 01:19:55,977[35388] - RobotTest_AcidicPlatform - INFO - human operating, fail to detect...
2025-05-14 01:20:05,983[35388] - RobotTest_AcidicPlatform - INFO - human operating, fail to detect...
2025-05-14 01:20:15,997[35388] - RobotTest_AcidicPlatform - INFO - human operating, fail to detect...
2025-05-14 01:20:26,001[35388] - RobotTest_AcidicPlatform - INFO - human operating, fail to detect...
2025-05-14 01:20:36,003[35388] - RobotTest_AcidicPlatform - INFO - human operating, fail to detect...
2025-05-14 01:20:46,008[35388] - RobotTest_AcidicPlatform - INFO - human operating, fail to detect...
2025-05-14 01:20:56,018[35388] - RobotTest_AcidicPlatform - INFO - human operating, fail to detect...
2025-05-14 01:21:06,023[35388] - RobotTest_AcidicPlatform - INFO - human operating, fail to detect...
2025-05-14 01:21:16,033[35388] - RobotTest_AcidicPlatform - INFO - human operating, fail to detect...
2025-05-14 01:21:26,040[35388] - RobotTest_AcidicPlatform - INFO - human operating, fail to detect...
2025-05-14 01:21:36,048[35388] - RobotTest_AcidicPlatform - INFO - human operating, fail to detect...
2025-05-14 01:21:46,050[35388] - RobotTest_AcidicPlatform - INFO - human operating, fail to detect...
2025-05-14 01:21:56,064[35388] - RobotTest_AcidicPlatform - INFO - human operating, fail to detect...
2025-05-14 01:22:06,078[35388] - RobotTest_AcidicPlatform - INFO - human operating, fail to detect...
2025-05-14 01:22:16,087[35388] - RobotTest_AcidicPlatform - INFO - human operating, fail to detect...
2025-05-14 01:22:26,100[35388] - RobotTest_AcidicPlatform - INFO - human operating, fail to detect...
2025-05-14 01:22:36,110[35388] - RobotTest_AcidicPlatform - INFO - human operating, fail to detect...
2025-05-14 01:22:46,112[35388] - RobotTest_AcidicPlatform - INFO - human operating, fail to detect...
2025-05-14 01:22:56,124[35388] - RobotTest_AcidicPlatform - INFO - human operating, fail to detect...
2025-05-14 01:23:06,930[35388] - EC_Lab_Win11 - INFO - not in software yet
2025-05-14 01:23:07,235[35388] - EC_Lab_Win11 - INFO - attempting to open EC_Lab_Win11, trial 1 in 3 times...
2025-05-14 01:23:10,458[35388] - EC_Lab_Win11 - INFO - not in software yet
2025-05-14 01:23:10,777[35388] - EC_Lab_Win11 - INFO - attempting to open EC_Lab_Win11, trial 2 in 3 times...
2025-05-14 01:36:08,580[35388] - EC_Lab_Win11 - INFO - test is complete
2025-05-14 01:36:08,580[35388] - RobotTest_AcidicPlatform - INFO - test MOR_PtX_6or8_comp_trial3_sample#102_2025-05-14_01-07-53 finished
2025-05-14 01:36:08,790[35388] - OBS_Win - INFO - not in software yet
2025-05-14 01:36:09,081[35388] - OBS_Win - INFO - attempting to open OBS_Win, trial 1 in 3 times...
2025-05-14 01:36:12,638[35388] - OBS_Win - INFO - OBS_Win started
2025-05-14 01:36:12,638[35388] - RobotTest_AcidicPlatform - INFO - unloading the sample to rack_id #14...
2025-05-14 01:37:11,978[35388] - RobotTest_AcidicPlatform - INFO - sample successfully unloaded from the cell
2025-05-14 01:37:15,575[35388] - OBS_Win - INFO - OBS_Win stopped
2025-05-14 01:37:16,055[35388] - OBS_Win - WARNING - cannot find ['OBS_start_record.png'] on screen
2025-05-14 01:37:19,402[35388] - OBS_Win - INFO - OBS_Win started
2025-05-14 01:37:19,402[35388] - RobotTest_AcidicPlatform - INFO - loading the sample from rack_id #15...
2025-05-14 01:37:57,355[35388] - RobotTest_AcidicPlatform - INFO - sample successfully loaded into the cell
2025-05-14 01:37:57,957[35388] - OBS_Win - INFO - OBS_Win stopped
2025-05-14 01:38:01,211[35388] - EC_Lab_Win11 - INFO - not in software yet
2025-05-14 01:38:01,526[35388] - EC_Lab_Win11 - INFO - attempting to open EC_Lab_Win11, trial 1 in 3 times...
2025-05-14 02:05:29,422[35388] - EC_Lab_Win11 - INFO - test is complete
2025-05-14 02:05:29,422[35388] - RobotTest_AcidicPlatform - INFO - test MOR_PtX_6or8_comp_trial3_sample#103_2025-05-14_01-37-15 finished
2025-05-14 02:05:29,628[35388] - OBS_Win - INFO - not in software yet
2025-05-14 02:05:29,938[35388] - OBS_Win - INFO - attempting to open OBS_Win, trial 1 in 3 times...
2025-05-14 02:05:33,496[35388] - OBS_Win - INFO - OBS_Win started
2025-05-14 02:05:33,496[35388] - RobotTest_AcidicPlatform - INFO - unloading the sample to rack_id #15...
2025-05-14 02:06:33,089[35388] - RobotTest_AcidicPlatform - INFO - sample successfully unloaded from the cell
2025-05-14 02:06:36,707[35388] - OBS_Win - INFO - OBS_Win stopped
2025-05-14 02:06:37,168[35388] - OBS_Win - WARNING - cannot find ['OBS_start_record.png'] on screen
2025-05-14 02:06:40,485[35388] - OBS_Win - INFO - OBS_Win started
2025-05-14 02:06:40,485[35388] - RobotTest_AcidicPlatform - INFO - loading the sample from rack_id #16...
2025-05-14 02:07:18,762[35388] - RobotTest_AcidicPlatform - INFO - sample successfully loaded into the cell
2025-05-14 02:07:19,329[35388] - OBS_Win - INFO - OBS_Win stopped
2025-05-14 02:07:22,580[35388] - EC_Lab_Win11 - INFO - not in software yet
2025-05-14 02:07:22,911[35388] - EC_Lab_Win11 - INFO - attempting to open EC_Lab_Win11, trial 1 in 3 times...
2025-05-14 02:34:45,647[35388] - EC_Lab_Win11 - INFO - test is complete
2025-05-14 02:34:45,647[35388] - RobotTest_AcidicPlatform - INFO - test MOR_PtX_6or8_comp_trial3_sample#104_2025-05-14_02-06-36 finished
2025-05-14 02:34:45,847[35388] - OBS_Win - INFO - not in software yet
2025-05-14 02:34:46,163[35388] - OBS_Win - INFO - attempting to open OBS_Win, trial 1 in 3 times...
2025-05-14 02:34:49,718[35388] - OBS_Win - INFO - OBS_Win started
2025-05-14 02:34:49,718[35388] - RobotTest_AcidicPlatform - INFO - unloading the sample to rack_id #16...
2025-05-14 02:35:49,848[35388] - RobotTest_AcidicPlatform - INFO - sample successfully unloaded from the cell
2025-05-14 02:35:53,463[35388] - OBS_Win - INFO - OBS_Win stopped
2025-05-14 02:35:53,917[35388] - OBS_Win - WARNING - cannot find ['OBS_start_record.png'] on screen
2025-05-14 02:35:57,255[35388] - OBS_Win - INFO - OBS_Win started
2025-05-14 02:35:57,255[35388] - RobotTest_AcidicPlatform - INFO - loading the sample from rack_id #17...
2025-05-14 02:36:36,085[35388] - RobotTest_AcidicPlatform - INFO - sample successfully loaded into the cell
2025-05-14 02:36:36,670[35388] - OBS_Win - INFO - OBS_Win stopped
2025-05-14 02:36:39,921[35388] - EC_Lab_Win11 - INFO - not in software yet
2025-05-14 02:36:40,278[35388] - EC_Lab_Win11 - INFO - attempting to open EC_Lab_Win11, trial 1 in 3 times...
2025-05-14 03:04:03,247[35388] - EC_Lab_Win11 - INFO - test is complete
2025-05-14 03:04:03,247[35388] - RobotTest_AcidicPlatform - INFO - test MOR_PtX_6or8_comp_trial3_sample#105_2025-05-14_02-35-53 finished
2025-05-14 03:04:03,469[35388] - OBS_Win - INFO - not in software yet
2025-05-14 03:04:03,785[35388] - OBS_Win - INFO - attempting to open OBS_Win, trial 1 in 3 times...
2025-05-14 03:04:07,351[35388] - OBS_Win - INFO - OBS_Win started
2025-05-14 03:04:07,351[35388] - RobotTest_AcidicPlatform - INFO - unloading the sample to rack_id #17...
2025-05-14 03:05:07,880[35388] - RobotTest_AcidicPlatform - INFO - sample successfully unloaded from the cell
2025-05-14 03:05:11,498[35388] - OBS_Win - INFO - OBS_Win stopped
2025-05-14 03:05:11,969[35388] - OBS_Win - WARNING - cannot find ['OBS_start_record.png'] on screen
2025-05-14 03:05:15,288[35388] - OBS_Win - INFO - OBS_Win started
2025-05-14 03:05:15,288[35388] - RobotTest_AcidicPlatform - INFO - loading the sample from rack_id #18...
2025-05-14 03:05:54,584[35388] - RobotTest_AcidicPlatform - INFO - sample successfully loaded into the cell
2025-05-14 03:05:55,217[35388] - OBS_Win - INFO - OBS_Win stopped
2025-05-14 03:05:58,493[35388] - EC_Lab_Win11 - INFO - not in software yet
2025-05-14 03:05:58,826[35388] - EC_Lab_Win11 - INFO - attempting to open EC_Lab_Win11, trial 1 in 3 times...
2025-05-14 03:33:21,953[35388] - EC_Lab_Win11 - INFO - test is complete
2025-05-14 03:33:21,953[35388] - RobotTest_AcidicPlatform - INFO - test MOR_PtX_6or8_comp_trial3_sample#106_2025-05-14_03-05-11 finished
2025-05-14 03:33:22,148[35388] - OBS_Win - INFO - not in software yet
2025-05-14 03:33:22,461[35388] - OBS_Win - INFO - attempting to open OBS_Win, trial 1 in 3 times...
2025-05-14 03:33:26,032[35388] - OBS_Win - INFO - OBS_Win started
2025-05-14 03:33:26,032[35388] - RobotTest_AcidicPlatform - INFO - unloading the sample to rack_id #18...
2025-05-14 03:34:27,143[35388] - RobotTest_AcidicPlatform - INFO - sample successfully unloaded from the cell
2025-05-14 03:34:30,735[35388] - OBS_Win - INFO - OBS_Win stopped
2025-05-14 03:34:31,192[35388] - OBS_Win - WARNING - cannot find ['OBS_start_record.png'] on screen
2025-05-14 03:34:34,530[35388] - OBS_Win - INFO - OBS_Win started
2025-05-14 03:34:34,530[35388] - RobotTest_AcidicPlatform - INFO - loading the sample from rack_id #19...
2025-05-14 03:35:14,206[35388] - RobotTest_AcidicPlatform - INFO - sample successfully loaded into the cell
2025-05-14 03:35:14,803[35388] - OBS_Win - INFO - OBS_Win stopped
2025-05-14 03:35:18,052[35388] - EC_Lab_Win11 - INFO - not in software yet
2025-05-14 03:35:18,376[35388] - EC_Lab_Win11 - INFO - attempting to open EC_Lab_Win11, trial 1 in 3 times...
2025-05-14 04:02:41,552[35388] - EC_Lab_Win11 - INFO - test is complete
2025-05-14 04:02:41,553[35388] - RobotTest_AcidicPlatform - INFO - test MOR_PtX_6or8_comp_trial3_sample#107_2025-05-14_03-34-30 finished
2025-05-14 04:02:41,758[35388] - OBS_Win - INFO - not in software yet
2025-05-14 04:02:42,063[35388] - OBS_Win - INFO - attempting to open OBS_Win, trial 1 in 3 times...
2025-05-14 04:02:45,625[35388] - OBS_Win - INFO - OBS_Win started
2025-05-14 04:02:45,625[35388] - RobotTest_AcidicPlatform - INFO - unloading the sample to rack_id #19...
2025-05-14 04:03:47,000[35388] - RobotTest_AcidicPlatform - INFO - sample successfully unloaded from the cell
2025-05-14 04:03:50,596[35388] - OBS_Win - INFO - OBS_Win stopped
2025-05-14 04:03:51,061[35388] - OBS_Win - WARNING - cannot find ['OBS_start_record.png'] on screen
2025-05-14 04:03:54,403[35388] - OBS_Win - INFO - OBS_Win started
2025-05-14 04:03:54,403[35388] - RobotTest_AcidicPlatform - INFO - loading the sample from rack_id #20...
2025-05-14 04:04:34,556[35388] - RobotTest_AcidicPlatform - INFO - sample successfully loaded into the cell
2025-05-14 04:04:35,141[35388] - OBS_Win - INFO - OBS_Win stopped
2025-05-14 04:04:38,397[35388] - EC_Lab_Win11 - INFO - not in software yet
2025-05-14 04:04:38,718[35388] - EC_Lab_Win11 - INFO - attempting to open EC_Lab_Win11, trial 1 in 3 times...
2025-05-14 04:32:10,296[35388] - EC_Lab_Win11 - INFO - test is complete
2025-05-14 04:32:10,297[35388] - RobotTest_AcidicPlatform - INFO - test MOR_PtX_6or8_comp_trial3_sample#108_2025-05-14_04-03-50 finished
2025-05-14 04:32:10,503[35388] - OBS_Win - INFO - not in software yet
2025-05-14 04:32:10,823[35388] - OBS_Win - INFO - attempting to open OBS_Win, trial 1 in 3 times...
2025-05-14 04:32:14,382[35388] - OBS_Win - INFO - OBS_Win started
2025-05-14 04:32:14,382[35388] - RobotTest_AcidicPlatform - INFO - unloading the sample to rack_id #20...
2025-05-14 04:33:16,203[35388] - RobotTest_AcidicPlatform - INFO - sample successfully unloaded from the cell
2025-05-14 04:33:19,813[35388] - OBS_Win - INFO - OBS_Win stopped
2025-05-14 04:33:20,294[35388] - OBS_Win - WARNING - cannot find ['OBS_start_record.png'] on screen
2025-05-14 04:33:23,640[35388] - OBS_Win - INFO - OBS_Win started
2025-05-14 04:33:23,640[35388] - RobotTest_AcidicPlatform - INFO - loading the sample from rack_id #21...
2025-05-14 04:34:04,115[35388] - RobotTest_AcidicPlatform - INFO - sample successfully loaded into the cell
2025-05-14 04:34:04,694[35388] - OBS_Win - INFO - OBS_Win stopped
2025-05-14 04:34:07,940[35388] - EC_Lab_Win11 - INFO - not in software yet
2025-05-14 04:34:08,282[35388] - EC_Lab_Win11 - INFO - attempting to open EC_Lab_Win11, trial 1 in 3 times...
2025-05-14 05:01:35,674[35388] - EC_Lab_Win11 - INFO - test is complete
2025-05-14 05:01:35,674[35388] - RobotTest_AcidicPlatform - INFO - test MOR_PtX_6or8_comp_trial3_sample#109_2025-05-14_04-33-19 finished
2025-05-14 05:01:35,877[35388] - OBS_Win - INFO - not in software yet
2025-05-14 05:01:36,198[35388] - OBS_Win - INFO - attempting to open OBS_Win, trial 1 in 3 times...
2025-05-14 05:01:39,736[35388] - OBS_Win - INFO - OBS_Win started
2025-05-14 05:01:39,736[35388] - RobotTest_AcidicPlatform - INFO - unloading the sample to rack_id #21...
2025-05-14 05:02:41,984[35388] - RobotTest_AcidicPlatform - INFO - sample successfully unloaded from the cell
2025-05-14 05:02:45,582[35388] - OBS_Win - INFO - OBS_Win stopped
2025-05-14 05:02:46,021[35388] - OBS_Win - WARNING - cannot find ['OBS_start_record.png'] on screen
2025-05-14 05:02:49,359[35388] - OBS_Win - INFO - OBS_Win started
2025-05-14 05:02:49,359[35388] - RobotTest_AcidicPlatform - INFO - loading the sample from rack_id #22...
2025-05-14 05:03:30,268[35388] - RobotTest_AcidicPlatform - INFO - sample successfully loaded into the cell
2025-05-14 05:03:30,853[35388] - OBS_Win - INFO - OBS_Win stopped
2025-05-14 05:03:34,099[35388] - EC_Lab_Win11 - INFO - not in software yet
2025-05-14 05:03:34,410[35388] - EC_Lab_Win11 - INFO - attempting to open EC_Lab_Win11, trial 1 in 3 times...
2025-05-14 05:31:01,328[35388] - EC_Lab_Win11 - INFO - test is complete
2025-05-14 05:31:01,328[35388] - RobotTest_AcidicPlatform - INFO - test MOR_PtX_6or8_comp_trial3_sample#110_2025-05-14_05-02-45 finished
2025-05-14 05:31:01,535[35388] - OBS_Win - INFO - not in software yet
2025-05-14 05:31:01,861[35388] - OBS_Win - INFO - attempting to open OBS_Win, trial 1 in 3 times...
2025-05-14 05:31:05,420[35388] - OBS_Win - INFO - OBS_Win started
2025-05-14 05:31:05,420[35388] - RobotTest_AcidicPlatform - INFO - unloading the sample to rack_id #22...
2025-05-14 05:32:08,197[35388] - RobotTest_AcidicPlatform - INFO - sample successfully unloaded from the cell
2025-05-14 05:32:11,802[35388] - OBS_Win - INFO - OBS_Win stopped
2025-05-14 05:32:12,239[35388] - OBS_Win - WARNING - cannot find ['OBS_start_record.png'] on screen
2025-05-14 05:32:15,567[35388] - OBS_Win - INFO - OBS_Win started
2025-05-14 05:32:15,567[35388] - RobotTest_AcidicPlatform - INFO - loading the sample from rack_id #23...
2025-05-14 05:32:56,901[35388] - RobotTest_AcidicPlatform - INFO - sample successfully loaded into the cell
2025-05-14 05:32:57,470[35388] - OBS_Win - INFO - OBS_Win stopped
2025-05-14 05:33:00,707[35388] - EC_Lab_Win11 - INFO - not in software yet
2025-05-14 05:33:01,017[35388] - EC_Lab_Win11 - INFO - attempting to open EC_Lab_Win11, trial 1 in 3 times...
2025-05-14 06:00:27,731[35388] - EC_Lab_Win11 - INFO - test is complete
2025-05-14 06:00:27,731[35388] - RobotTest_AcidicPlatform - INFO - test MOR_PtX_6or8_comp_trial3_sample#111_2025-05-14_05-32-11 finished
2025-05-14 06:00:27,929[35388] - OBS_Win - INFO - not in software yet
2025-05-14 06:00:28,256[35388] - OBS_Win - INFO - attempting to open OBS_Win, trial 1 in 3 times...
2025-05-14 06:00:31,795[35388] - OBS_Win - INFO - OBS_Win started
2025-05-14 06:00:31,795[35388] - RobotTest_AcidicPlatform - INFO - unloading the sample to rack_id #23...
2025-05-14 06:01:34,820[35388] - RobotTest_AcidicPlatform - INFO - sample successfully unloaded from the cell
2025-05-14 06:01:38,409[35388] - OBS_Win - INFO - OBS_Win stopped
2025-05-14 06:01:38,880[35388] - OBS_Win - WARNING - cannot find ['OBS_start_record.png'] on screen
2025-05-14 06:01:42,204[35388] - OBS_Win - INFO - OBS_Win started
2025-05-14 06:01:42,204[35388] - RobotTest_AcidicPlatform - INFO - loading the sample from rack_id #24...
2025-05-14 06:02:24,175[35388] - RobotTest_AcidicPlatform - INFO - sample successfully loaded into the cell
2025-05-14 06:02:24,784[35388] - OBS_Win - INFO - OBS_Win stopped
2025-05-14 06:02:28,043[35388] - EC_Lab_Win11 - INFO - not in software yet
2025-05-14 06:02:28,383[35388] - EC_Lab_Win11 - INFO - attempting to open EC_Lab_Win11, trial 1 in 3 times...
2025-05-14 06:29:56,360[35388] - EC_Lab_Win11 - INFO - test is complete
2025-05-14 06:29:56,360[35388] - RobotTest_AcidicPlatform - INFO - test MOR_PtX_6or8_comp_trial3_sample#112_2025-05-14_06-01-38 finished
2025-05-14 06:29:56,558[35388] - OBS_Win - INFO - not in software yet
2025-05-14 06:29:56,862[35388] - OBS_Win - INFO - attempting to open OBS_Win, trial 1 in 3 times...
2025-05-14 06:30:00,424[35388] - OBS_Win - INFO - OBS_Win started
2025-05-14 06:30:00,424[35388] - RobotTest_AcidicPlatform - INFO - unloading the sample to rack_id #24...
2025-05-14 06:31:04,057[35388] - RobotTest_AcidicPlatform - INFO - sample successfully unloaded from the cell
2025-05-14 06:31:07,661[35388] - OBS_Win - INFO - OBS_Win stopped
2025-05-14 06:31:08,124[35388] - OBS_Win - WARNING - cannot find ['OBS_start_record.png'] on screen
2025-05-14 06:31:11,469[35388] - OBS_Win - INFO - OBS_Win started
2025-05-14 06:31:11,469[35388] - RobotTest_AcidicPlatform - INFO - loading the sample from rack_id #25...
2025-05-14 06:31:53,661[35388] - RobotTest_AcidicPlatform - INFO - sample successfully loaded into the cell
2025-05-14 06:31:54,260[35388] - OBS_Win - INFO - OBS_Win stopped
2025-05-14 06:31:57,508[35388] - EC_Lab_Win11 - INFO - not in software yet
2025-05-14 06:31:57,836[35388] - EC_Lab_Win11 - INFO - attempting to open EC_Lab_Win11, trial 1 in 3 times...
2025-05-14 06:59:24,602[35388] - EC_Lab_Win11 - INFO - test is complete
2025-05-14 06:59:24,602[35388] - RobotTest_AcidicPlatform - INFO - test MOR_PtX_6or8_comp_trial3_sample#113_2025-05-14_06-31-07 finished
2025-05-14 06:59:24,807[35388] - OBS_Win - INFO - not in software yet
2025-05-14 06:59:25,133[35388] - OBS_Win - INFO - attempting to open OBS_Win, trial 1 in 3 times...
2025-05-14 06:59:28,678[35388] - OBS_Win - INFO - OBS_Win started
2025-05-14 06:59:28,678[35388] - RobotTest_AcidicPlatform - INFO - unloading the sample to rack_id #25...
2025-05-14 07:00:32,825[35388] - RobotTest_AcidicPlatform - INFO - sample successfully unloaded from the cell
2025-05-14 07:00:36,428[35388] - OBS_Win - INFO - OBS_Win stopped
2025-05-14 07:00:36,915[35388] - OBS_Win - WARNING - cannot find ['OBS_start_record.png'] on screen
2025-05-14 07:00:40,235[35388] - OBS_Win - INFO - OBS_Win started
2025-05-14 07:00:40,235[35388] - RobotTest_AcidicPlatform - INFO - loading the sample from rack_id #26...
2025-05-14 07:01:22,916[35388] - RobotTest_AcidicPlatform - INFO - sample successfully loaded into the cell
2025-05-14 07:01:23,548[35388] - OBS_Win - INFO - OBS_Win stopped
2025-05-14 07:01:26,810[35388] - EC_Lab_Win11 - INFO - not in software yet
2025-05-14 07:01:27,139[35388] - EC_Lab_Win11 - INFO - attempting to open EC_Lab_Win11, trial 1 in 3 times...
2025-05-14 07:02:03,046[35388] - EC_Lab_Win11 - INFO - not in software yet
2025-05-14 07:02:03,373[35388] - EC_Lab_Win11 - INFO - attempting to open EC_Lab_Win11, trial 1 in 3 times...
2025-05-14 07:02:06,609[35388] - EC_Lab_Win11 - INFO - not in software yet
2025-05-14 07:02:06,943[35388] - EC_Lab_Win11 - INFO - attempting to open EC_Lab_Win11, trial 2 in 3 times...
2025-05-14 07:28:50,897[35388] - EC_Lab_Win11 - INFO - test is complete
2025-05-14 07:28:50,897[35388] - RobotTest_AcidicPlatform - INFO - test MOR_PtX_6or8_comp_trial3_sample#114_2025-05-14_07-00-36 finished
2025-05-14 07:28:51,111[35388] - OBS_Win - INFO - not in software yet
2025-05-14 07:28:51,430[35388] - OBS_Win - INFO - attempting to open OBS_Win, trial 1 in 3 times...
2025-05-14 07:28:55,009[35388] - OBS_Win - INFO - OBS_Win started
2025-05-14 07:28:55,009[35388] - RobotTest_AcidicPlatform - INFO - unloading the sample to rack_id #26...
2025-05-14 07:29:59,399[35388] - RobotTest_AcidicPlatform - INFO - sample successfully unloaded from the cell
2025-05-14 07:30:03,027[35388] - OBS_Win - INFO - OBS_Win stopped
2025-05-14 07:30:03,480[35388] - OBS_Win - WARNING - cannot find ['OBS_start_record.png'] on screen
2025-05-14 07:30:06,822[35388] - OBS_Win - INFO - OBS_Win started
2025-05-14 07:30:06,822[35388] - RobotTest_AcidicPlatform - INFO - loading the sample from rack_id #27...
2025-05-14 07:30:49,756[35388] - RobotTest_AcidicPlatform - INFO - sample successfully loaded into the cell
2025-05-14 07:30:50,355[35388] - OBS_Win - INFO - OBS_Win stopped
2025-05-14 07:30:53,621[35388] - EC_Lab_Win11 - INFO - not in software yet
2025-05-14 07:30:53,941[35388] - EC_Lab_Win11 - INFO - attempting to open EC_Lab_Win11, trial 1 in 3 times...
2025-05-14 07:58:21,082[35388] - EC_Lab_Win11 - INFO - test is complete
2025-05-14 07:58:21,082[35388] - RobotTest_AcidicPlatform - INFO - test MOR_PtX_6or8_comp_trial3_sample#115_2025-05-14_07-30-03 finished
2025-05-14 07:58:21,280[35388] - OBS_Win - INFO - not in software yet
2025-05-14 07:58:21,596[35388] - OBS_Win - INFO - attempting to open OBS_Win, trial 1 in 3 times...
2025-05-14 07:58:25,138[35388] - OBS_Win - INFO - OBS_Win started
2025-05-14 07:58:25,138[35388] - RobotTest_AcidicPlatform - INFO - unloading the sample to rack_id #27...
2025-05-14 07:59:30,016[35388] - RobotTest_AcidicPlatform - INFO - sample successfully unloaded from the cell
2025-05-14 07:59:33,604[35388] - OBS_Win - INFO - OBS_Win stopped
2025-05-14 07:59:34,076[35388] - OBS_Win - WARNING - cannot find ['OBS_start_record.png'] on screen
2025-05-14 07:59:37,395[35388] - OBS_Win - INFO - OBS_Win started
2025-05-14 07:59:37,395[35388] - RobotTest_AcidicPlatform - INFO - loading the sample from rack_id #28...
2025-05-14 08:00:20,833[35388] - RobotTest_AcidicPlatform - INFO - sample successfully loaded into the cell
2025-05-14 08:00:21,433[35388] - OBS_Win - INFO - OBS_Win stopped
2025-05-14 08:00:24,684[35388] - EC_Lab_Win11 - INFO - not in software yet
2025-05-14 08:00:25,046[35388] - EC_Lab_Win11 - INFO - attempting to open EC_Lab_Win11, trial 1 in 3 times...
2025-05-14 08:27:52,865[35388] - EC_Lab_Win11 - INFO - test is complete
2025-05-14 08:27:52,865[35388] - RobotTest_AcidicPlatform - INFO - test MOR_PtX_6or8_comp_trial3_sample#116_2025-05-14_07-59-33 finished
2025-05-14 08:27:53,064[35388] - OBS_Win - INFO - not in software yet
2025-05-14 08:27:53,387[35388] - OBS_Win - INFO - attempting to open OBS_Win, trial 1 in 3 times...
2025-05-14 08:27:56,951[35388] - OBS_Win - INFO - OBS_Win started
2025-05-14 08:27:56,951[35388] - RobotTest_AcidicPlatform - INFO - unloading the sample to rack_id #28...
2025-05-14 08:29:02,154[35388] - RobotTest_AcidicPlatform - INFO - sample successfully unloaded from the cell
2025-05-14 08:29:05,755[35388] - OBS_Win - INFO - OBS_Win stopped
2025-05-14 08:29:06,236[35388] - OBS_Win - WARNING - cannot find ['OBS_start_record.png'] on screen
2025-05-14 08:29:09,598[35388] - OBS_Win - INFO - OBS_Win started
2025-05-14 08:29:09,598[35388] - RobotTest_AcidicPlatform - INFO - loading the sample from rack_id #29...
2025-05-14 08:29:53,401[35388] - RobotTest_AcidicPlatform - INFO - sample successfully loaded into the cell
2025-05-14 08:29:53,998[35388] - OBS_Win - INFO - OBS_Win stopped
2025-05-14 08:29:57,253[35388] - EC_Lab_Win11 - INFO - not in software yet
2025-05-14 08:29:57,589[35388] - EC_Lab_Win11 - INFO - attempting to open EC_Lab_Win11, trial 1 in 3 times...
2025-05-14 08:57:24,958[35388] - EC_Lab_Win11 - INFO - test is complete
2025-05-14 08:57:24,959[35388] - RobotTest_AcidicPlatform - INFO - test MOR_PtX_6or8_comp_trial3_sample#117_2025-05-14_08-29-05 finished
2025-05-14 08:57:25,174[35388] - OBS_Win - INFO - not in software yet
2025-05-14 08:57:25,503[35388] - OBS_Win - INFO - attempting to open OBS_Win, trial 1 in 3 times...
2025-05-14 08:57:29,111[35388] - OBS_Win - INFO - OBS_Win started
2025-05-14 08:57:29,111[35388] - RobotTest_AcidicPlatform - INFO - unloading the sample to rack_id #29...
2025-05-14 08:58:34,705[35388] - RobotTest_AcidicPlatform - INFO - sample successfully unloaded from the cell
2025-05-14 08:58:38,322[35388] - OBS_Win - INFO - OBS_Win stopped
2025-05-14 08:58:38,784[35388] - OBS_Win - WARNING - cannot find ['OBS_start_record.png'] on screen
2025-05-14 08:58:42,112[35388] - OBS_Win - INFO - OBS_Win started
2025-05-14 08:58:42,112[35388] - RobotTest_AcidicPlatform - INFO - loading the sample from rack_id #30...
2025-05-14 08:59:26,240[35388] - RobotTest_AcidicPlatform - INFO - sample successfully loaded into the cell
2025-05-14 08:59:26,820[35388] - OBS_Win - INFO - OBS_Win stopped
2025-05-14 08:59:30,072[35388] - EC_Lab_Win11 - INFO - not in software yet
2025-05-14 08:59:30,406[35388] - EC_Lab_Win11 - INFO - attempting to open EC_Lab_Win11, trial 1 in 3 times...
2025-05-14 09:26:59,081[35388] - EC_Lab_Win11 - INFO - test is complete
2025-05-14 09:26:59,081[35388] - RobotTest_AcidicPlatform - INFO - test MOR_PtX_6or8_comp_trial3_sample#118_2025-05-14_08-58-38 finished
2025-05-14 09:26:59,282[35388] - OBS_Win - INFO - not in software yet
2025-05-14 09:26:59,599[35388] - OBS_Win - INFO - attempting to open OBS_Win, trial 1 in 3 times...
2025-05-14 09:27:03,149[35388] - OBS_Win - INFO - OBS_Win started
2025-05-14 09:27:03,149[35388] - RobotTest_AcidicPlatform - INFO - unloading the sample to rack_id #30...
2025-05-14 09:28:02,653[35388] - RobotTest_AcidicPlatform - INFO - sample successfully unloaded from the cell
2025-05-14 09:28:06,278[35388] - OBS_Win - INFO - OBS_Win stopped
2025-05-14 09:28:06,760[35388] - OBS_Win - WARNING - cannot find ['OBS_start_record.png'] on screen
2025-05-14 09:28:10,099[35388] - OBS_Win - INFO - OBS_Win started
2025-05-14 09:28:10,099[35388] - RobotTest_AcidicPlatform - INFO - loading the sample from rack_id #31...
2025-05-14 09:28:41,716[35388] - RobotTest_AcidicPlatform - INFO - sample successfully loaded into the cell
2025-05-14 09:28:42,302[35388] - OBS_Win - INFO - OBS_Win stopped
2025-05-14 09:28:45,556[35388] - EC_Lab_Win11 - INFO - not in software yet
2025-05-14 09:28:45,920[35388] - EC_Lab_Win11 - INFO - attempting to open EC_Lab_Win11, trial 1 in 3 times...
2025-05-14 09:56:14,349[35388] - EC_Lab_Win11 - INFO - test is complete
2025-05-14 09:56:14,349[35388] - RobotTest_AcidicPlatform - INFO - test MOR_PtX_6or8_comp_trial3_sample#119_2025-05-14_09-28-06 finished
2025-05-14 09:56:14,551[35388] - OBS_Win - INFO - not in software yet
2025-05-14 09:56:14,874[35388] - OBS_Win - INFO - attempting to open OBS_Win, trial 1 in 3 times...
2025-05-14 09:56:18,416[35388] - OBS_Win - INFO - OBS_Win started
2025-05-14 09:56:18,416[35388] - RobotTest_AcidicPlatform - INFO - unloading the sample to rack_id #31...
2025-05-14 09:57:17,465[35388] - RobotTest_AcidicPlatform - INFO - sample successfully unloaded from the cell
2025-05-14 09:57:21,090[35388] - OBS_Win - INFO - OBS_Win stopped
2025-05-14 09:57:21,543[35388] - OBS_Win - WARNING - cannot find ['OBS_start_record.png'] on screen
2025-05-14 09:57:24,882[35388] - OBS_Win - INFO - OBS_Win started
2025-05-14 09:57:24,882[35388] - RobotTest_AcidicPlatform - INFO - loading the sample from rack_id #32...
2025-05-14 09:57:56,975[35388] - RobotTest_AcidicPlatform - INFO - sample successfully loaded into the cell
2025-05-14 09:57:57,552[35388] - OBS_Win - INFO - OBS_Win stopped
2025-05-14 09:58:00,817[35388] - EC_Lab_Win11 - INFO - not in software yet
2025-05-14 09:58:01,150[35388] - EC_Lab_Win11 - INFO - attempting to open EC_Lab_Win11, trial 1 in 3 times...
2025-05-14 10:25:29,146[35388] - EC_Lab_Win11 - INFO - test is complete
2025-05-14 10:25:29,147[35388] - RobotTest_AcidicPlatform - INFO - test MOR_PtX_6or8_comp_trial3_sample#120_2025-05-14_09-57-21 finished
2025-05-14 10:25:29,356[35388] - OBS_Win - INFO - not in software yet
2025-05-14 10:25:29,676[35388] - OBS_Win - INFO - attempting to open OBS_Win, trial 1 in 3 times...
2025-05-14 10:25:33,202[35388] - OBS_Win - INFO - OBS_Win started
2025-05-14 10:25:33,202[35388] - RobotTest_AcidicPlatform - INFO - unloading the sample to rack_id #32...
2025-05-14 10:26:31,793[35388] - RobotTest_AcidicPlatform - INFO - sample successfully unloaded from the cell
2025-05-14 10:26:35,382[35388] - OBS_Win - INFO - OBS_Win stopped
2025-05-14 10:26:35,831[35388] - OBS_Win - WARNING - cannot find ['OBS_start_record.png'] on screen
2025-05-14 10:26:39,159[35388] - OBS_Win - INFO - OBS_Win started
2025-05-14 10:26:39,159[35388] - RobotTest_AcidicPlatform - INFO - loading the sample from rack_id #33...
2025-05-14 10:27:11,505[35388] - RobotTest_AcidicPlatform - INFO - sample successfully loaded into the cell
2025-05-14 10:27:12,101[35388] - OBS_Win - INFO - OBS_Win stopped
2025-05-14 10:27:15,351[35388] - EC_Lab_Win11 - INFO - not in software yet
2025-05-14 10:27:15,679[35388] - EC_Lab_Win11 - INFO - attempting to open EC_Lab_Win11, trial 1 in 3 times...
2025-05-14 10:54:45,803[35388] - EC_Lab_Win11 - INFO - test is complete
2025-05-14 10:54:45,803[35388] - RobotTest_AcidicPlatform - INFO - test MOR_PtX_6or8_comp_trial3_sample#121_2025-05-14_10-26-35 finished
2025-05-14 10:54:46,008[35388] - OBS_Win - INFO - not in software yet
2025-05-14 10:54:46,320[35388] - OBS_Win - INFO - attempting to open OBS_Win, trial 1 in 3 times...
2025-05-14 10:54:49,938[35388] - OBS_Win - INFO - OBS_Win started
2025-05-14 10:54:49,938[35388] - RobotTest_AcidicPlatform - INFO - unloading the sample to rack_id #33...
2025-05-14 10:55:48,303[35388] - RobotTest_AcidicPlatform - INFO - sample successfully unloaded from the cell
2025-05-14 10:55:52,200[35388] - OBS_Win - INFO - OBS_Win stopped
2025-05-14 10:55:52,818[35388] - OBS_Win - WARNING - cannot find ['OBS_start_record.png'] on screen
2025-05-14 10:55:56,221[35388] - OBS_Win - INFO - OBS_Win started
2025-05-14 10:55:56,222[35388] - RobotTest_AcidicPlatform - INFO - loading the sample from rack_id #34...
2025-05-14 10:56:29,043[35388] - RobotTest_AcidicPlatform - INFO - sample successfully loaded into the cell
2025-05-14 10:56:29,849[35388] - OBS_Win - INFO - OBS_Win stopped
2025-05-14 10:56:33,199[35388] - EC_Lab_Win11 - INFO - not in software yet
2025-05-14 10:56:33,593[35388] - EC_Lab_Win11 - INFO - attempting to open EC_Lab_Win11, trial 1 in 3 times...
2025-05-14 10:57:08,766[35388] - RobotTest_AcidicPlatform - INFO - human operating, fail to detect...
2025-05-14 10:57:18,779[35388] - RobotTest_AcidicPlatform - INFO - human operating, fail to detect...
2025-05-14 10:57:28,782[35388] - RobotTest_AcidicPlatform - INFO - human operating, fail to detect...
2025-05-14 10:57:38,785[35388] - RobotTest_AcidicPlatform - INFO - human operating, fail to detect...
2025-05-14 10:57:48,798[35388] - RobotTest_AcidicPlatform - INFO - human operating, fail to detect...
2025-05-14 10:57:58,803[35388] - RobotTest_AcidicPlatform - INFO - human operating, fail to detect...
2025-05-14 10:58:08,813[35388] - RobotTest_AcidicPlatform - INFO - human operating, fail to detect...
2025-05-14 10:58:18,825[35388] - RobotTest_AcidicPlatform - INFO - human operating, fail to detect...
2025-05-14 10:58:28,838[35388] - RobotTest_AcidicPlatform - INFO - human operating, fail to detect...
2025-05-14 10:58:38,839[35388] - RobotTest_AcidicPlatform - INFO - human operating, fail to detect...
2025-05-14 10:58:48,850[35388] - RobotTest_AcidicPlatform - INFO - human operating, fail to detect...
2025-05-14 10:58:58,861[35388] - RobotTest_AcidicPlatform - INFO - human operating, fail to detect...
2025-05-14 10:59:08,869[35388] - RobotTest_AcidicPlatform - INFO - human operating, fail to detect...
2025-05-14 10:59:18,881[35388] - RobotTest_AcidicPlatform - INFO - human operating, fail to detect...
2025-05-14 10:59:28,889[35388] - RobotTest_AcidicPlatform - INFO - human operating, fail to detect...
2025-05-14 10:59:38,900[35388] - RobotTest_AcidicPlatform - INFO - human operating, fail to detect...
2025-05-14 10:59:48,915[35388] - RobotTest_AcidicPlatform - INFO - human operating, fail to detect...
2025-05-14 10:59:58,923[35388] - RobotTest_AcidicPlatform - INFO - human operating, fail to detect...
2025-05-14 11:00:09,822[35388] - EC_Lab_Win11 - INFO - not in software yet
2025-05-14 11:00:10,151[35388] - EC_Lab_Win11 - INFO - attempting to open EC_Lab_Win11, trial 1 in 3 times...
2025-05-14 11:00:23,823[35388] - RobotTest_AcidicPlatform - INFO - human operating, fail to detect...
2025-05-14 11:00:45,142[35388] - RobotTest_AcidicPlatform - INFO - human operating, fail to detect...
2025-05-14 11:00:55,157[35388] - RobotTest_AcidicPlatform - INFO - human operating, fail to detect...
2025-05-14 11:01:05,172[35388] - RobotTest_AcidicPlatform - INFO - human operating, fail to detect...
2025-05-14 11:01:15,187[35388] - RobotTest_AcidicPlatform - INFO - human operating, fail to detect...
2025-05-14 11:01:26,331[35388] - EC_Lab_Win11 - INFO - not in software yet
2025-05-14 11:01:26,706[35388] - EC_Lab_Win11 - INFO - attempting to open EC_Lab_Win11, trial 1 in 3 times...
2025-05-14 11:02:14,165[35388] - RobotTest_AcidicPlatform - INFO - human operating, fail to detect...
2025-05-14 11:02:24,177[35388] - RobotTest_AcidicPlatform - INFO - human operating, fail to detect...
2025-05-14 11:24:02,785[35388] - EC_Lab_Win11 - INFO - test is complete
2025-05-14 11:24:02,785[35388] - RobotTest_AcidicPlatform - INFO - test MOR_PtX_6or8_comp_trial3_sample#122_2025-05-14_10-55-52 finished
2025-05-14 11:24:02,991[35388] - OBS_Win - INFO - not in software yet
2025-05-14 11:24:03,302[35388] - OBS_Win - INFO - attempting to open OBS_Win, trial 1 in 3 times...
2025-05-14 11:24:06,939[35388] - OBS_Win - INFO - OBS_Win started
2025-05-14 11:24:06,939[35388] - RobotTest_AcidicPlatform - INFO - unloading the sample to rack_id #34...
2025-05-14 11:25:04,886[35388] - RobotTest_AcidicPlatform - INFO - sample successfully unloaded from the cell
2025-05-14 11:25:08,644[35388] - OBS_Win - INFO - OBS_Win stopped
2025-05-14 11:25:09,261[35388] - OBS_Win - WARNING - cannot find ['OBS_start_record.png'] on screen
2025-05-14 11:25:12,645[35388] - OBS_Win - INFO - OBS_Win started
2025-05-14 11:25:12,645[35388] - RobotTest_AcidicPlatform - INFO - loading the sample from rack_id #35...
2025-05-14 11:25:45,896[35388] - RobotTest_AcidicPlatform - INFO - sample successfully loaded into the cell
2025-05-14 11:25:46,652[35388] - OBS_Win - INFO - OBS_Win stopped
2025-05-14 11:25:49,958[35388] - EC_Lab_Win11 - INFO - not in software yet
2025-05-14 11:25:50,350[35388] - EC_Lab_Win11 - INFO - attempting to open EC_Lab_Win11, trial 1 in 3 times...
2025-05-14 11:46:21,871[35388] - EC_Lab_Win11 - INFO - not in software yet
2025-05-14 11:46:22,189[35388] - EC_Lab_Win11 - INFO - attempting to open EC_Lab_Win11, trial 1 in 3 times...
2025-05-14 11:46:35,891[35388] - RobotTest_AcidicPlatform - INFO - human operating, fail to detect...
2025-05-14 11:46:45,903[35388] - RobotTest_AcidicPlatform - INFO - human operating, fail to detect...
2025-05-14 11:52:22,952[35388] - RobotTest_AcidicPlatform - INFO - human operating, fail to detect...
2025-05-14 11:53:19,317[35388] - EC_Lab_Win11 - INFO - test is complete
2025-05-14 11:53:19,317[35388] - RobotTest_AcidicPlatform - INFO - test MOR_PtX_6or8_comp_trial3_sample#123_2025-05-14_11-25-08 finished
2025-05-14 11:53:19,525[35388] - OBS_Win - INFO - not in software yet
2025-05-14 11:53:19,837[35388] - OBS_Win - INFO - attempting to open OBS_Win, trial 1 in 3 times...
2025-05-14 11:53:23,493[35388] - OBS_Win - INFO - OBS_Win started
2025-05-14 11:53:23,494[35388] - RobotTest_AcidicPlatform - INFO - unloading the sample to rack_id #35...
2025-05-14 11:54:20,876[35388] - RobotTest_AcidicPlatform - INFO - sample successfully unloaded from the cell
2025-05-14 11:54:24,647[35388] - OBS_Win - INFO - OBS_Win stopped
2025-05-14 17:04:35,877[40204] - RobotTest_AcidicPlatform - INFO - started a batch of test, with sample_rack_id : sample_id = {0: 'retest_1'}
2025-05-14 17:04:41,986[40204] - OBS_Win - INFO - not in software yet
2025-05-14 17:04:42,301[40204] - OBS_Win - INFO - attempting to open OBS_Win, trial 1 in 3 times...
2025-05-14 17:04:45,994[40204] - OBS_Win - INFO - OBS_Win started
2025-05-14 17:04:45,994[40204] - RobotTest_AcidicPlatform - INFO - loading the sample from rack_id #0...
2025-05-14 17:05:25,193[40204] - RobotTest_AcidicPlatform - INFO - sample successfully loaded into the cell
2025-05-14 17:05:25,464[40204] - OBS_Win - INFO - not in software yet
2025-05-14 17:05:25,804[40204] - OBS_Win - INFO - attempting to open OBS_Win, trial 1 in 3 times...
2025-05-14 17:05:29,644[40204] - OBS_Win - INFO - OBS_Win stopped
2025-05-14 17:05:33,004[40204] - EC_Lab_Win11 - INFO - not in software yet
2025-05-14 17:05:33,393[40204] - EC_Lab_Win11 - INFO - attempting to open EC_Lab_Win11, trial 1 in 3 times...
2025-05-14 17:06:09,091[40204] - RobotTest_AcidicPlatform - INFO - human operating, fail to detect...
2025-05-14 17:06:30,440[40204] - RobotTest_AcidicPlatform - INFO - human operating, fail to detect...
2025-05-14 17:06:40,446[40204] - RobotTest_AcidicPlatform - INFO - human operating, fail to detect...
2025-05-14 17:06:50,451[40204] - RobotTest_AcidicPlatform - INFO - human operating, fail to detect...
2025-05-14 17:07:00,467[40204] - RobotTest_AcidicPlatform - INFO - human operating, fail to detect...
2025-05-14 17:07:10,474[40204] - RobotTest_AcidicPlatform - INFO - human operating, fail to detect...
2025-05-14 17:07:20,483[40204] - RobotTest_AcidicPlatform - INFO - human operating, fail to detect...
2025-05-14 17:08:16,097[40204] - RobotTest_AcidicPlatform - INFO - human operating, fail to detect...
2025-05-14 17:33:04,589[40204] - EC_Lab_Win11 - INFO - test is complete
2025-05-14 17:33:04,590[40204] - RobotTest_AcidicPlatform - INFO - test MOR_PtX_6or8_comp_trial3_sample#retest_1_2025-05-14_17-04-41 finished
2025-05-14 17:33:04,803[40204] - OBS_Win - INFO - not in software yet
2025-05-14 17:33:05,153[40204] - OBS_Win - INFO - attempting to open OBS_Win, trial 1 in 3 times...
2025-05-14 17:33:08,747[40204] - OBS_Win - WARNING - cannot find ['OBS_start_record.png'] on screen
2025-05-14 17:33:12,065[40204] - OBS_Win - WARNING - cannot find ['OBS_start_record.png'] on screen
2025-05-14 17:33:15,371[40204] - OBS_Win - WARNING - cannot find ['OBS_start_record.png'] on screen
2025-05-14 17:33:18,666[40204] - OBS_Win - WARNING - cannot find ['OBS_start_record.png'] on screen
2025-05-14 17:33:21,982[40204] - OBS_Win - WARNING - cannot find ['OBS_start_record.png'] on screen
2025-05-14 17:33:25,300[40204] - OBS_Win - WARNING - cannot find ['OBS_start_record.png'] on screen
2025-05-14 17:33:28,629[40204] - OBS_Win - WARNING - cannot find ['OBS_start_record.png'] on screen
2025-05-14 17:33:31,930[40204] - OBS_Win - WARNING - cannot find ['OBS_start_record.png'] on screen
2025-05-14 17:33:35,213[40204] - OBS_Win - WARNING - cannot find ['OBS_start_record.png'] on screen
2025-05-14 17:33:38,542[40204] - OBS_Win - WARNING - cannot find ['OBS_start_record.png'] on screen
2025-05-14 17:33:41,865[40204] - OBS_Win - WARNING - cannot find ['OBS_start_record.png'] on screen
2025-05-14 17:33:45,170[40204] - OBS_Win - WARNING - cannot find ['OBS_start_record.png'] on screen
2025-05-14 17:33:48,447[40204] - OBS_Win - WARNING - cannot find ['OBS_start_record.png'] on screen
2025-05-14 17:33:51,728[40204] - OBS_Win - WARNING - cannot find ['OBS_start_record.png'] on screen
2025-05-14 17:33:55,065[40204] - OBS_Win - WARNING - cannot find ['OBS_start_record.png'] on screen
2025-05-14 17:33:58,394[40204] - OBS_Win - WARNING - cannot find ['OBS_start_record.png'] on screen
2025-05-14 17:34:01,681[40204] - OBS_Win - WARNING - cannot find ['OBS_start_record.png'] on screen
2025-05-14 17:34:04,976[40204] - OBS_Win - WARNING - cannot find ['OBS_start_record.png'] on screen
2025-05-14 17:34:08,283[40204] - OBS_Win - WARNING - cannot find ['OBS_start_record.png'] on screen
2025-05-14 17:34:11,592[40204] - OBS_Win - WARNING - cannot find ['OBS_start_record.png'] on screen
2025-05-14 17:34:14,897[40204] - OBS_Win - WARNING - cannot find ['OBS_start_record.png'] on screen
2025-05-14 17:34:18,193[40204] - OBS_Win - WARNING - cannot find ['OBS_start_record.png'] on screen
2025-05-14 17:34:21,492[40204] - OBS_Win - WARNING - cannot find ['OBS_start_record.png'] on screen
2025-05-14 17:34:24,781[40204] - OBS_Win - WARNING - cannot find ['OBS_start_record.png'] on screen
2025-05-14 17:34:28,087[40204] - OBS_Win - WARNING - cannot find ['OBS_start_record.png'] on screen
2025-05-14 17:34:31,397[40204] - OBS_Win - WARNING - cannot find ['OBS_start_record.png'] on screen
2025-05-14 17:34:34,689[40204] - OBS_Win - WARNING - cannot find ['OBS_start_record.png'] on screen
2025-05-14 17:34:37,974[40204] - OBS_Win - WARNING - cannot find ['OBS_start_record.png'] on screen
2025-05-14 17:34:41,288[40204] - OBS_Win - WARNING - cannot find ['OBS_start_record.png'] on screen
2025-05-14 17:34:44,602[40204] - OBS_Win - WARNING - cannot find ['OBS_start_record.png'] on screen
2025-05-14 17:34:47,896[40204] - OBS_Win - WARNING - cannot find ['OBS_start_record.png'] on screen
2025-05-14 17:34:51,204[40204] - OBS_Win - WARNING - cannot find ['OBS_start_record.png'] on screen
2025-05-14 17:34:54,558[40204] - OBS_Win - WARNING - cannot find ['OBS_start_record.png'] on screen
2025-05-14 17:34:57,849[40204] - OBS_Win - WARNING - cannot find ['OBS_start_record.png'] on screen
2025-05-14 17:35:01,152[40204] - OBS_Win - WARNING - cannot find ['OBS_start_record.png'] on screen
2025-05-14 17:35:04,424[40204] - OBS_Win - WARNING - cannot find ['OBS_start_record.png'] on screen
2025-05-14 17:35:07,807[40204] - OBS_Win - WARNING - cannot find ['OBS_start_record.png'] on screen
2025-05-14 17:35:11,139[40204] - OBS_Win - WARNING - cannot find ['OBS_start_record.png'] on screen
2025-05-14 17:35:14,441[40204] - OBS_Win - WARNING - cannot find ['OBS_start_record.png'] on screen
2025-05-14 17:35:17,761[40204] - OBS_Win - WARNING - cannot find ['OBS_start_record.png'] on screen
2025-05-14 17:35:21,057[40204] - OBS_Win - WARNING - cannot find ['OBS_start_record.png'] on screen
2025-05-14 17:35:24,356[40204] - OBS_Win - WARNING - cannot find ['OBS_start_record.png'] on screen
2025-05-14 17:35:27,665[40204] - OBS_Win - WARNING - cannot find ['OBS_start_record.png'] on screen
2025-05-14 17:35:30,964[40204] - OBS_Win - WARNING - cannot find ['OBS_start_record.png'] on screen
2025-05-14 17:35:34,279[40204] - OBS_Win - WARNING - cannot find ['OBS_start_record.png'] on screen
2025-05-14 17:35:37,598[40204] - OBS_Win - WARNING - cannot find ['OBS_start_record.png'] on screen
2025-05-14 17:35:40,898[40204] - OBS_Win - WARNING - cannot find ['OBS_start_record.png'] on screen
2025-05-14 17:35:44,210[40204] - OBS_Win - WARNING - cannot find ['OBS_start_record.png'] on screen
2025-05-14 17:35:47,516[40204] - OBS_Win - WARNING - cannot find ['OBS_start_record.png'] on screen
2025-05-14 17:35:50,785[40204] - OBS_Win - WARNING - cannot find ['OBS_start_record.png'] on screen
2025-05-14 17:35:54,049[40204] - OBS_Win - WARNING - cannot find ['OBS_start_record.png'] on screen
2025-05-14 17:35:57,351[40204] - OBS_Win - WARNING - cannot find ['OBS_start_record.png'] on screen
2025-05-14 17:36:00,649[40204] - OBS_Win - WARNING - cannot find ['OBS_start_record.png'] on screen
2025-05-14 17:36:03,954[40204] - OBS_Win - WARNING - cannot find ['OBS_start_record.png'] on screen
2025-05-14 17:36:07,244[40204] - OBS_Win - WARNING - cannot find ['OBS_start_record.png'] on screen
2025-05-14 17:36:10,546[40204] - OBS_Win - WARNING - cannot find ['OBS_start_record.png'] on screen
2025-05-14 17:36:13,839[40204] - OBS_Win - WARNING - cannot find ['OBS_start_record.png'] on screen
2025-05-14 17:36:17,140[40204] - OBS_Win - WARNING - cannot find ['OBS_start_record.png'] on screen
2025-05-14 17:36:20,456[40204] - OBS_Win - WARNING - cannot find ['OBS_start_record.png'] on screen
2025-05-14 17:36:23,776[40204] - OBS_Win - WARNING - cannot find ['OBS_start_record.png'] on screen
2025-05-14 17:36:27,081[40204] - OBS_Win - WARNING - cannot find ['OBS_start_record.png'] on screen
2025-05-14 17:36:30,366[40204] - OBS_Win - WARNING - cannot find ['OBS_start_record.png'] on screen
2025-05-14 17:36:33,683[40204] - OBS_Win - WARNING - cannot find ['OBS_start_record.png'] on screen
2025-05-14 17:36:37,002[40204] - OBS_Win - WARNING - cannot find ['OBS_start_record.png'] on screen
2025-05-14 17:36:40,321[40204] - OBS_Win - WARNING - cannot find ['OBS_start_record.png'] on screen
2025-05-14 17:36:43,664[40204] - OBS_Win - WARNING - cannot find ['OBS_start_record.png'] on screen
2025-05-14 17:36:46,949[40204] - OBS_Win - WARNING - cannot find ['OBS_start_record.png'] on screen
2025-05-14 17:36:50,209[40204] - OBS_Win - WARNING - cannot find ['OBS_start_record.png'] on screen
2025-05-14 17:36:53,455[40204] - OBS_Win - WARNING - cannot find ['OBS_start_record.png'] on screen
2025-05-14 17:36:56,690[40204] - OBS_Win - WARNING - cannot find ['OBS_start_record.png'] on screen
2025-05-14 17:36:59,923[40204] - OBS_Win - WARNING - cannot find ['OBS_start_record.png'] on screen
2025-05-14 17:37:03,156[40204] - OBS_Win - WARNING - cannot find ['OBS_start_record.png'] on screen
2025-05-14 17:37:06,395[40204] - OBS_Win - WARNING - cannot find ['OBS_start_record.png'] on screen
2025-05-14 17:37:09,620[40204] - OBS_Win - WARNING - cannot find ['OBS_start_record.png'] on screen
2025-05-14 17:37:12,852[40204] - OBS_Win - WARNING - cannot find ['OBS_start_record.png'] on screen
2025-05-14 17:37:16,091[40204] - OBS_Win - WARNING - cannot find ['OBS_start_record.png'] on screen
2025-05-14 17:37:19,326[40204] - OBS_Win - WARNING - cannot find ['OBS_start_record.png'] on screen
2025-05-14 17:37:22,566[40204] - OBS_Win - WARNING - cannot find ['OBS_start_record.png'] on screen
2025-05-14 17:37:25,797[40204] - OBS_Win - WARNING - cannot find ['OBS_start_record.png'] on screen
2025-05-14 17:37:29,034[40204] - OBS_Win - WARNING - cannot find ['OBS_start_record.png'] on screen
2025-05-14 17:37:32,279[40204] - OBS_Win - WARNING - cannot find ['OBS_start_record.png'] on screen
2025-05-14 17:37:35,539[40204] - OBS_Win - WARNING - cannot find ['OBS_start_record.png'] on screen
2025-05-14 17:37:38,782[40204] - OBS_Win - WARNING - cannot find ['OBS_start_record.png'] on screen
2025-05-14 17:37:42,019[40204] - OBS_Win - WARNING - cannot find ['OBS_start_record.png'] on screen
2025-05-14 17:37:45,255[40204] - OBS_Win - WARNING - cannot find ['OBS_start_record.png'] on screen
2025-05-14 17:37:48,497[40204] - OBS_Win - WARNING - cannot find ['OBS_start_record.png'] on screen
2025-05-14 17:37:51,724[40204] - OBS_Win - WARNING - cannot find ['OBS_start_record.png'] on screen
2025-05-14 17:37:54,964[40204] - OBS_Win - WARNING - cannot find ['OBS_start_record.png'] on screen
2025-05-14 17:37:58,220[40204] - OBS_Win - WARNING - cannot find ['OBS_start_record.png'] on screen
2025-05-14 17:38:01,471[40204] - OBS_Win - WARNING - cannot find ['OBS_start_record.png'] on screen
2025-05-14 17:38:04,702[40204] - OBS_Win - WARNING - cannot find ['OBS_start_record.png'] on screen
2025-05-14 17:38:07,939[40204] - OBS_Win - WARNING - cannot find ['OBS_start_record.png'] on screen
2025-05-14 17:38:11,179[40204] - OBS_Win - WARNING - cannot find ['OBS_start_record.png'] on screen
2025-05-14 17:38:14,421[40204] - OBS_Win - WARNING - cannot find ['OBS_start_record.png'] on screen
2025-05-14 17:38:17,657[40204] - OBS_Win - WARNING - cannot find ['OBS_start_record.png'] on screen
2025-05-14 17:38:20,894[40204] - OBS_Win - WARNING - cannot find ['OBS_start_record.png'] on screen
2025-05-14 17:38:24,142[40204] - OBS_Win - WARNING - cannot find ['OBS_start_record.png'] on screen
2025-05-14 17:38:27,373[40204] - OBS_Win - WARNING - cannot find ['OBS_start_record.png'] on screen
2025-05-14 17:38:30,620[40204] - OBS_Win - WARNING - cannot find ['OBS_start_record.png'] on screen
2025-05-14 17:38:33,854[40204] - OBS_Win - WARNING - cannot find ['OBS_start_record.png'] on screen
2025-05-14 17:38:36,864[40204] - OBS_Win - ERROR - 5 min timed out for finding ['OBS_start_record.png']
2025-05-14 17:38:36,864[40204] - RobotTest_AcidicPlatform - ERROR - 5 min timed out for finding ['OBS_start_record.png']
Traceback (most recent call last):
  File "C:\Users\li\PycharmProjects\catalyst\robotic_testing\common\robot_test.py", line 45, in wrapper
    return func(self, *args, **kwargs)
  File "C:\Users\li\PycharmProjects\catalyst\robotic_testing\common\robot_test.py", line 189, in run
    self.test_main_workflow(
  File "C:\Users\li\PycharmProjects\catalyst\robotic_testing\common\robot_test.py", line 300, in test_main_workflow
    self.camera.start()
  File "C:\Users\li\PycharmProjects\catalyst\software_control\software_control_base.py", line 138, in start
    self.click_button(self.icons_dict['start'])
  File "C:\Users\li\PycharmProjects\catalyst\software_control\software_control_base.py", line 75, in click_button
    raise SystemError(f'5 min timed out for finding {file_name_list}')
SystemError: 5 min timed out for finding ['OBS_start_record.png']
