2025-04-14 20:13:34,198[10732] - RobotTest_AcidicPlatform - INFO - started a batch of test, with sample_rack_id : sample_id = {0: 1, 1: 2, 2: 3, 3: 4, 4: 5, 5: 6, 6: 7, 7: 8, 8: 9, 9: 10, 10: 11, 11: 12, 12: 13, 13: 14, 14: 15, 15: 16, 16: 17, 17: 18, 18: 19, 19: 20, 20: 21, 21: 22, 22: 23, 23: 24, 24: 25, 25: 26, 26: 27, 27: 28, 28: 29, 29: 30, 30: 31, 31: 32, 32: 33}
2025-04-14 20:13:40,268[10732] - OBS_Win - INFO - not in software yet
2025-04-14 20:13:40,576[10732] - OBS_Win - INFO - attempting to open OBS_Win, trial 1 in 3 times...
2025-04-14 20:13:44,099[10732] - OBS_Win - INFO - OBS_Win started
2025-04-14 20:13:44,100[10732] - RobotTest_AcidicPlatform - INFO - loading the sample from rack_id #0...
2025-04-14 20:14:23,316[10732] - RobotTest_AcidicPlatform - INFO - sample successfully loaded into the cell
2025-04-14 20:14:23,882[10732] - OBS_Win - INFO - OBS_Win stopped
2025-04-14 20:14:27,086[10732] - EC_Lab_Win11 - INFO - not in software yet
2025-04-14 20:14:27,399[10732] - EC_Lab_Win11 - INFO - attempting to open EC_Lab_Win11, trial 1 in 3 times...
2025-04-14 20:15:57,949[10732] - RobotTest_AcidicPlatform - INFO - human operating, fail to detect...
2025-04-14 20:19:51,638[16388] - RobotTest_AcidicPlatform - INFO - started a batch of test, with sample_rack_id : sample_id = {0: 1, 1: 2, 2: 3, 3: 4, 4: 5, 5: 6, 6: 7, 7: 8, 8: 9, 9: 10, 10: 11, 11: 12, 12: 13, 13: 14, 14: 15, 15: 16, 16: 17, 17: 18, 18: 19, 19: 20, 20: 21, 21: 22, 22: 23, 23: 24, 24: 25, 25: 26, 26: 27, 27: 28, 28: 29, 29: 30, 30: 31, 31: 32, 32: 33}
2025-04-14 20:19:57,651[16388] - OBS_Win - INFO - not in software yet
2025-04-14 20:19:57,955[16388] - OBS_Win - INFO - attempting to open OBS_Win, trial 1 in 3 times...
2025-04-14 20:20:01,475[16388] - OBS_Win - INFO - OBS_Win started
2025-04-14 20:20:01,475[16388] - RobotTest_AcidicPlatform - INFO - loading the sample from rack_id #0...
2025-04-14 20:20:40,752[16388] - RobotTest_AcidicPlatform - INFO - sample successfully loaded into the cell
2025-04-14 20:20:41,306[16388] - OBS_Win - INFO - OBS_Win stopped
2025-04-14 20:20:44,516[16388] - EC_Lab_Win11 - INFO - not in software yet
2025-04-14 20:20:44,821[16388] - EC_Lab_Win11 - INFO - attempting to open EC_Lab_Win11, trial 1 in 3 times...
2025-04-14 20:21:19,516[16388] - RobotTest_AcidicPlatform - INFO - human operating, fail to detect...
2025-04-14 20:21:29,520[16388] - RobotTest_AcidicPlatform - INFO - human operating, fail to detect...
2025-04-14 20:21:39,529[16388] - RobotTest_AcidicPlatform - INFO - human operating, fail to detect...
2025-04-14 20:21:49,541[16388] - RobotTest_AcidicPlatform - INFO - human operating, fail to detect...
2025-04-14 20:46:59,809[1288] - RobotTest_AcidicPlatform - INFO - started a batch of test, with sample_rack_id : sample_id = {0: 1, 1: 2, 2: 3, 3: 4, 4: 5, 5: 6, 6: 7, 7: 8, 8: 9, 9: 10, 10: 11, 11: 12, 12: 13, 13: 14, 14: 15, 15: 16, 16: 17, 17: 18, 18: 19, 19: 20, 20: 21, 21: 22, 22: 23, 23: 24, 24: 25, 25: 26, 26: 27, 27: 28, 28: 29, 29: 30, 30: 31, 31: 32, 32: 33}
2025-04-14 20:47:05,808[1288] - OBS_Win - INFO - not in software yet
2025-04-14 20:47:06,136[1288] - OBS_Win - INFO - attempting to open OBS_Win, trial 1 in 3 times...
2025-04-14 20:47:09,644[1288] - OBS_Win - INFO - OBS_Win started
2025-04-14 20:47:09,644[1288] - RobotTest_AcidicPlatform - INFO - loading the sample from rack_id #0...
2025-04-14 20:47:48,908[1288] - RobotTest_AcidicPlatform - INFO - sample successfully loaded into the cell
2025-04-14 20:47:49,476[1288] - OBS_Win - INFO - OBS_Win stopped
2025-04-14 20:48:00,905[1288] - EC_Lab_Win11 - WARNING - cannot find ['save.png'] on screen
2025-04-14 20:50:05,062[17932] - RobotTest_AcidicPlatform - INFO - started a batch of test, with sample_rack_id : sample_id = {0: 1, 1: 2, 2: 3, 3: 4, 4: 5, 5: 6, 6: 7, 7: 8, 8: 9, 9: 10, 10: 11, 11: 12, 12: 13, 13: 14, 14: 15, 15: 16, 16: 17, 17: 18, 18: 19, 19: 20, 20: 21, 21: 22, 22: 23, 23: 24, 24: 25, 25: 26, 26: 27, 27: 28, 28: 29, 29: 30, 30: 31, 31: 32, 32: 33}
2025-04-14 20:50:11,088[17932] - OBS_Win - INFO - not in software yet
2025-04-14 20:50:11,391[17932] - OBS_Win - INFO - attempting to open OBS_Win, trial 1 in 3 times...
2025-04-14 20:50:14,916[17932] - OBS_Win - INFO - OBS_Win started
2025-04-14 20:50:14,916[17932] - RobotTest_AcidicPlatform - INFO - loading the sample from rack_id #0...
2025-04-14 20:50:54,108[17932] - RobotTest_AcidicPlatform - INFO - sample successfully loaded into the cell
2025-04-14 20:50:54,676[17932] - OBS_Win - INFO - OBS_Win stopped
2025-04-14 20:50:57,893[17932] - EC_Lab_Win11 - INFO - not in software yet
2025-04-14 20:50:58,192[17932] - EC_Lab_Win11 - INFO - attempting to open EC_Lab_Win11, trial 1 in 3 times...
2025-04-14 20:53:02,270[17932] - RobotTest_AcidicPlatform - INFO - human operating, fail to detect...
2025-04-14 20:53:45,811[17932] - RobotTest_AcidicPlatform - INFO - human operating, fail to detect...
2025-04-14 20:53:55,816[17932] - RobotTest_AcidicPlatform - INFO - human operating, fail to detect...
2025-04-14 20:54:05,830[17932] - RobotTest_AcidicPlatform - INFO - human operating, fail to detect...
2025-04-14 20:54:49,321[17932] - RobotTest_AcidicPlatform - INFO - human operating, fail to detect...
2025-04-14 20:54:59,325[17932] - RobotTest_AcidicPlatform - INFO - human operating, fail to detect...
2025-04-14 20:55:09,332[17932] - RobotTest_AcidicPlatform - INFO - human operating, fail to detect...
2025-04-14 20:55:19,338[17932] - RobotTest_AcidicPlatform - INFO - human operating, fail to detect...
2025-04-14 20:55:29,340[17932] - RobotTest_AcidicPlatform - INFO - human operating, fail to detect...
2025-04-14 20:55:39,349[17932] - RobotTest_AcidicPlatform - INFO - human operating, fail to detect...
2025-04-14 20:55:49,359[17932] - RobotTest_AcidicPlatform - INFO - human operating, fail to detect...
2025-04-14 20:55:59,371[17932] - RobotTest_AcidicPlatform - INFO - human operating, fail to detect...
2025-04-14 20:56:09,383[17932] - RobotTest_AcidicPlatform - INFO - human operating, fail to detect...
2025-04-14 20:56:19,394[17932] - RobotTest_AcidicPlatform - INFO - human operating, fail to detect...
2025-04-14 20:56:29,397[17932] - RobotTest_AcidicPlatform - INFO - human operating, fail to detect...
2025-04-14 20:56:39,406[17932] - RobotTest_AcidicPlatform - INFO - human operating, fail to detect...
2025-04-14 20:56:49,418[17932] - RobotTest_AcidicPlatform - INFO - human operating, fail to detect...
2025-04-14 20:56:59,429[17932] - RobotTest_AcidicPlatform - INFO - human operating, fail to detect...
2025-04-14 21:17:27,362[17932] - EC_Lab_Win11 - INFO - test is complete
2025-04-14 21:17:27,362[17932] - RobotTest_AcidicPlatform - INFO - test MOR_PtX_6or8_comp_trial1_sample#1_2025-04-14_20-50-10 finished
2025-04-14 21:17:27,547[17932] - OBS_Win - INFO - not in software yet
2025-04-14 21:17:27,851[17932] - OBS_Win - INFO - attempting to open OBS_Win, trial 1 in 3 times...
2025-04-14 21:17:31,389[17932] - OBS_Win - INFO - OBS_Win started
2025-04-14 21:17:31,389[17932] - RobotTest_AcidicPlatform - INFO - unloading the sample to rack_id #0...
2025-04-14 21:18:31,148[17932] - RobotTest_AcidicPlatform - INFO - sample successfully unloaded from the cell
2025-04-14 21:18:34,715[17932] - OBS_Win - INFO - OBS_Win stopped
2025-04-14 21:18:35,121[17932] - OBS_Win - WARNING - cannot find ['OBS_start_record.png'] on screen
2025-04-14 21:18:38,421[17932] - OBS_Win - INFO - OBS_Win started
2025-04-14 21:18:38,421[17932] - RobotTest_AcidicPlatform - INFO - loading the sample from rack_id #1...
2025-04-14 21:19:10,283[17932] - RobotTest_AcidicPlatform - INFO - sample successfully loaded into the cell
2025-04-14 21:19:10,800[17932] - OBS_Win - INFO - OBS_Win stopped
2025-04-14 21:19:14,002[17932] - EC_Lab_Win11 - INFO - not in software yet
2025-04-14 21:19:14,307[17932] - EC_Lab_Win11 - INFO - attempting to open EC_Lab_Win11, trial 1 in 3 times...
2025-04-14 21:45:42,843[17932] - EC_Lab_Win11 - INFO - test is complete
2025-04-14 21:45:42,844[17932] - RobotTest_AcidicPlatform - INFO - test MOR_PtX_6or8_comp_trial1_sample#2_2025-04-14_21-18-34 finished
2025-04-14 21:45:43,038[17932] - OBS_Win - INFO - not in software yet
2025-04-14 21:45:43,333[17932] - OBS_Win - INFO - attempting to open OBS_Win, trial 1 in 3 times...
2025-04-14 21:45:46,860[17932] - OBS_Win - INFO - OBS_Win started
2025-04-14 21:45:46,860[17932] - RobotTest_AcidicPlatform - INFO - unloading the sample to rack_id #1...
2025-04-14 21:46:46,053[17932] - RobotTest_AcidicPlatform - INFO - sample successfully unloaded from the cell
2025-04-14 21:46:49,576[17932] - OBS_Win - INFO - OBS_Win stopped
2025-04-14 21:46:49,982[17932] - OBS_Win - WARNING - cannot find ['OBS_start_record.png'] on screen
2025-04-14 21:46:53,303[17932] - OBS_Win - INFO - OBS_Win started
2025-04-14 21:46:53,303[17932] - RobotTest_AcidicPlatform - INFO - loading the sample from rack_id #2...
2025-04-14 21:47:25,606[17932] - RobotTest_AcidicPlatform - INFO - sample successfully loaded into the cell
2025-04-14 21:47:26,141[17932] - OBS_Win - INFO - OBS_Win stopped
2025-04-14 21:47:29,353[17932] - EC_Lab_Win11 - INFO - not in software yet
2025-04-14 21:47:29,660[17932] - EC_Lab_Win11 - INFO - attempting to open EC_Lab_Win11, trial 1 in 3 times...
2025-04-14 21:52:32,317[17932] - RobotTest_AcidicPlatform - INFO - human operating, fail to detect...
2025-04-14 21:52:42,328[17932] - RobotTest_AcidicPlatform - INFO - human operating, fail to detect...
2025-04-14 21:52:52,343[17932] - RobotTest_AcidicPlatform - INFO - human operating, fail to detect...
2025-04-14 21:53:02,352[17932] - RobotTest_AcidicPlatform - INFO - human operating, fail to detect...
2025-04-14 21:53:12,356[17932] - RobotTest_AcidicPlatform - INFO - human operating, fail to detect...
2025-04-14 21:53:23,158[17932] - EC_Lab_Win11 - INFO - not in software yet
2025-04-14 21:53:23,456[17932] - EC_Lab_Win11 - INFO - attempting to open EC_Lab_Win11, trial 1 in 3 times...
2025-04-14 21:53:26,660[17932] - EC_Lab_Win11 - INFO - not in software yet
2025-04-14 21:53:26,970[17932] - EC_Lab_Win11 - INFO - attempting to open EC_Lab_Win11, trial 2 in 3 times...
2025-04-14 22:13:59,583[17932] - EC_Lab_Win11 - INFO - test is complete
2025-04-14 22:13:59,583[17932] - RobotTest_AcidicPlatform - INFO - test MOR_PtX_6or8_comp_trial1_sample#3_2025-04-14_21-46-49 finished
2025-04-14 22:13:59,770[17932] - OBS_Win - INFO - not in software yet
2025-04-14 22:14:00,081[17932] - OBS_Win - INFO - attempting to open OBS_Win, trial 1 in 3 times...
2025-04-14 22:14:03,611[17932] - OBS_Win - INFO - OBS_Win started
2025-04-14 22:14:03,611[17932] - RobotTest_AcidicPlatform - INFO - unloading the sample to rack_id #2...
2025-04-14 22:15:02,396[17932] - RobotTest_AcidicPlatform - INFO - sample successfully unloaded from the cell
2025-04-14 22:15:05,956[17932] - OBS_Win - INFO - OBS_Win stopped
2025-04-14 22:15:06,389[17932] - OBS_Win - WARNING - cannot find ['OBS_start_record.png'] on screen
2025-04-14 22:15:09,709[17932] - OBS_Win - INFO - OBS_Win started
2025-04-14 22:15:09,709[17932] - RobotTest_AcidicPlatform - INFO - loading the sample from rack_id #3...
2025-04-14 22:15:42,346[17932] - RobotTest_AcidicPlatform - INFO - sample successfully loaded into the cell
2025-04-14 22:15:42,880[17932] - OBS_Win - INFO - OBS_Win stopped
2025-04-14 22:15:46,081[17932] - EC_Lab_Win11 - INFO - not in software yet
2025-04-14 22:15:46,392[17932] - EC_Lab_Win11 - INFO - attempting to open EC_Lab_Win11, trial 1 in 3 times...
2025-04-14 22:19:19,839[17932] - RobotTest_AcidicPlatform - INFO - human operating, fail to detect...
2025-04-14 22:19:29,850[17932] - RobotTest_AcidicPlatform - INFO - human operating, fail to detect...
2025-04-14 22:19:39,853[17932] - RobotTest_AcidicPlatform - INFO - human operating, fail to detect...
2025-04-14 22:19:49,854[17932] - RobotTest_AcidicPlatform - INFO - human operating, fail to detect...
2025-04-14 22:19:59,869[17932] - RobotTest_AcidicPlatform - INFO - human operating, fail to detect...
2025-04-14 22:20:09,882[17932] - RobotTest_AcidicPlatform - INFO - human operating, fail to detect...
2025-04-14 22:20:19,896[17932] - RobotTest_AcidicPlatform - INFO - human operating, fail to detect...
2025-04-14 22:20:29,899[17932] - RobotTest_AcidicPlatform - INFO - human operating, fail to detect...
2025-04-14 22:20:40,687[17932] - EC_Lab_Win11 - INFO - not in software yet
2025-04-14 22:20:41,019[17932] - EC_Lab_Win11 - INFO - attempting to open EC_Lab_Win11, trial 1 in 3 times...
2025-04-14 22:20:44,237[17932] - EC_Lab_Win11 - INFO - not in software yet
2025-04-14 22:20:44,546[17932] - EC_Lab_Win11 - INFO - attempting to open EC_Lab_Win11, trial 2 in 3 times...
2025-04-14 22:42:12,987[17932] - EC_Lab_Win11 - INFO - test is complete
2025-04-14 22:42:12,987[17932] - RobotTest_AcidicPlatform - INFO - test MOR_PtX_6or8_comp_trial1_sample#4_2025-04-14_22-15-05 finished
2025-04-14 22:42:13,171[17932] - OBS_Win - INFO - not in software yet
2025-04-14 22:42:13,464[17932] - OBS_Win - INFO - attempting to open OBS_Win, trial 1 in 3 times...
2025-04-14 22:42:16,984[17932] - OBS_Win - INFO - OBS_Win started
2025-04-14 22:42:16,984[17932] - RobotTest_AcidicPlatform - INFO - unloading the sample to rack_id #3...
2025-04-14 22:43:15,232[17932] - RobotTest_AcidicPlatform - INFO - sample successfully unloaded from the cell
2025-04-14 22:43:18,767[17932] - OBS_Win - INFO - OBS_Win stopped
2025-04-14 22:43:19,173[17932] - OBS_Win - WARNING - cannot find ['OBS_start_record.png'] on screen
2025-04-14 22:43:22,475[17932] - OBS_Win - INFO - OBS_Win started
2025-04-14 22:43:22,475[17932] - RobotTest_AcidicPlatform - INFO - loading the sample from rack_id #4...
2025-04-14 22:43:55,655[17932] - RobotTest_AcidicPlatform - INFO - sample successfully loaded into the cell
2025-04-14 22:43:56,171[17932] - OBS_Win - INFO - OBS_Win stopped
2025-04-14 22:43:59,367[17932] - EC_Lab_Win11 - INFO - not in software yet
2025-04-14 22:43:59,673[17932] - EC_Lab_Win11 - INFO - attempting to open EC_Lab_Win11, trial 1 in 3 times...
2025-04-14 22:49:02,696[17932] - RobotTest_AcidicPlatform - INFO - human operating, fail to detect...
2025-04-14 22:49:12,704[17932] - RobotTest_AcidicPlatform - INFO - human operating, fail to detect...
2025-04-14 22:49:33,885[17932] - RobotTest_AcidicPlatform - INFO - human operating, fail to detect...
2025-04-14 22:49:55,044[17932] - RobotTest_AcidicPlatform - INFO - human operating, fail to detect...
2025-04-14 22:50:05,786[17932] - EC_Lab_Win11 - INFO - not in software yet
2025-04-14 22:50:06,094[17932] - EC_Lab_Win11 - INFO - attempting to open EC_Lab_Win11, trial 1 in 3 times...
2025-04-14 22:50:09,301[17932] - EC_Lab_Win11 - INFO - not in software yet
2025-04-14 22:50:09,610[17932] - EC_Lab_Win11 - INFO - attempting to open EC_Lab_Win11, trial 2 in 3 times...
2025-04-14 23:10:28,342[17932] - EC_Lab_Win11 - INFO - test is complete
2025-04-14 23:10:28,342[17932] - RobotTest_AcidicPlatform - INFO - test MOR_PtX_6or8_comp_trial1_sample#5_2025-04-14_22-43-18 finished
2025-04-14 23:10:28,521[17932] - OBS_Win - INFO - not in software yet
2025-04-14 23:10:28,819[17932] - OBS_Win - INFO - attempting to open OBS_Win, trial 1 in 3 times...
2025-04-14 23:10:32,355[17932] - OBS_Win - INFO - OBS_Win started
2025-04-14 23:10:32,356[17932] - RobotTest_AcidicPlatform - INFO - unloading the sample to rack_id #4...
2025-04-14 23:11:30,301[17932] - RobotTest_AcidicPlatform - INFO - sample successfully unloaded from the cell
2025-04-14 23:11:33,862[17932] - OBS_Win - INFO - OBS_Win stopped
2025-04-14 23:11:34,284[17932] - OBS_Win - WARNING - cannot find ['OBS_start_record.png'] on screen
2025-04-14 23:11:37,606[17932] - OBS_Win - INFO - OBS_Win started
2025-04-14 23:11:37,606[17932] - RobotTest_AcidicPlatform - INFO - loading the sample from rack_id #5...
2025-04-14 23:12:11,152[17932] - RobotTest_AcidicPlatform - INFO - sample successfully loaded into the cell
2025-04-14 23:12:11,689[17932] - OBS_Win - INFO - OBS_Win stopped
2025-04-14 23:12:14,889[17932] - EC_Lab_Win11 - INFO - not in software yet
2025-04-14 23:12:15,202[17932] - EC_Lab_Win11 - INFO - attempting to open EC_Lab_Win11, trial 1 in 3 times...
2025-04-14 23:38:43,530[17932] - EC_Lab_Win11 - INFO - test is complete
2025-04-14 23:38:43,531[17932] - RobotTest_AcidicPlatform - INFO - test MOR_PtX_6or8_comp_trial1_sample#6_2025-04-14_23-11-33 finished
2025-04-14 23:38:43,716[17932] - OBS_Win - INFO - not in software yet
2025-04-14 23:38:44,019[17932] - OBS_Win - INFO - attempting to open OBS_Win, trial 1 in 3 times...
2025-04-14 23:38:47,541[17932] - OBS_Win - INFO - OBS_Win started
2025-04-14 23:38:47,541[17932] - RobotTest_AcidicPlatform - INFO - unloading the sample to rack_id #5...
2025-04-14 23:39:45,136[17932] - RobotTest_AcidicPlatform - INFO - sample successfully unloaded from the cell
2025-04-14 23:39:48,700[17932] - OBS_Win - INFO - OBS_Win stopped
2025-04-14 23:39:49,111[17932] - OBS_Win - WARNING - cannot find ['OBS_start_record.png'] on screen
2025-04-14 23:39:52,429[17932] - OBS_Win - INFO - OBS_Win started
2025-04-14 23:39:52,429[17932] - RobotTest_AcidicPlatform - INFO - loading the sample from rack_id #6...
2025-04-14 23:40:26,468[17932] - RobotTest_AcidicPlatform - INFO - sample successfully loaded into the cell
2025-04-14 23:40:27,002[17932] - OBS_Win - INFO - OBS_Win stopped
2025-04-14 23:40:30,217[17932] - EC_Lab_Win11 - INFO - not in software yet
2025-04-14 23:40:30,521[17932] - EC_Lab_Win11 - INFO - attempting to open EC_Lab_Win11, trial 1 in 3 times...
2025-04-15 00:06:58,650[17932] - EC_Lab_Win11 - INFO - test is complete
2025-04-15 00:06:58,650[17932] - RobotTest_AcidicPlatform - INFO - test MOR_PtX_6or8_comp_trial1_sample#7_2025-04-14_23-39-48 finished
2025-04-15 00:06:58,836[17932] - OBS_Win - INFO - not in software yet
2025-04-15 00:06:59,141[17932] - OBS_Win - INFO - attempting to open OBS_Win, trial 1 in 3 times...
2025-04-15 00:07:02,688[17932] - OBS_Win - INFO - OBS_Win started
2025-04-15 00:07:02,688[17932] - RobotTest_AcidicPlatform - INFO - unloading the sample to rack_id #6...
2025-04-15 00:07:59,762[17932] - RobotTest_AcidicPlatform - INFO - sample successfully unloaded from the cell
2025-04-15 00:08:03,340[17932] - OBS_Win - INFO - OBS_Win stopped
2025-04-15 00:08:03,745[17932] - OBS_Win - WARNING - cannot find ['OBS_start_record.png'] on screen
2025-04-15 00:08:07,061[17932] - OBS_Win - INFO - OBS_Win started
2025-04-15 00:08:07,061[17932] - RobotTest_AcidicPlatform - INFO - loading the sample from rack_id #7...
2025-04-15 00:08:41,544[17932] - RobotTest_AcidicPlatform - INFO - sample successfully loaded into the cell
2025-04-15 00:08:42,081[17932] - OBS_Win - INFO - OBS_Win stopped
2025-04-15 00:08:45,293[17932] - EC_Lab_Win11 - INFO - not in software yet
2025-04-15 00:08:45,597[17932] - EC_Lab_Win11 - INFO - attempting to open EC_Lab_Win11, trial 1 in 3 times...
2025-04-15 00:35:13,559[17932] - EC_Lab_Win11 - INFO - test is complete
2025-04-15 00:35:13,560[17932] - RobotTest_AcidicPlatform - INFO - test MOR_PtX_6or8_comp_trial1_sample#8_2025-04-15_00-08-03 finished
2025-04-15 00:35:13,744[17932] - OBS_Win - INFO - not in software yet
2025-04-15 00:35:14,052[17932] - OBS_Win - INFO - attempting to open OBS_Win, trial 1 in 3 times...
2025-04-15 00:35:17,586[17932] - OBS_Win - INFO - OBS_Win started
2025-04-15 00:35:17,586[17932] - RobotTest_AcidicPlatform - INFO - unloading the sample to rack_id #7...
2025-04-15 00:36:14,115[17932] - RobotTest_AcidicPlatform - INFO - sample successfully unloaded from the cell
2025-04-15 00:36:17,666[17932] - OBS_Win - INFO - OBS_Win stopped
2025-04-15 00:36:18,119[17932] - OBS_Win - WARNING - cannot find ['OBS_start_record.png'] on screen
2025-04-15 00:36:21,435[17932] - OBS_Win - INFO - OBS_Win started
2025-04-15 00:36:21,435[17932] - RobotTest_AcidicPlatform - INFO - loading the sample from rack_id #8...
2025-04-15 00:36:56,174[17932] - RobotTest_AcidicPlatform - INFO - sample successfully loaded into the cell
2025-04-15 00:36:56,693[17932] - OBS_Win - INFO - OBS_Win stopped
2025-04-15 00:36:59,894[17932] - EC_Lab_Win11 - INFO - not in software yet
2025-04-15 00:37:00,202[17932] - EC_Lab_Win11 - INFO - attempting to open EC_Lab_Win11, trial 1 in 3 times...
2025-04-15 01:03:39,160[17932] - EC_Lab_Win11 - INFO - test is complete
2025-04-15 01:03:39,160[17932] - RobotTest_AcidicPlatform - INFO - test MOR_PtX_6or8_comp_trial1_sample#9_2025-04-15_00-36-17 finished
2025-04-15 01:03:39,346[17932] - OBS_Win - INFO - not in software yet
2025-04-15 01:03:39,650[17932] - OBS_Win - INFO - attempting to open OBS_Win, trial 1 in 3 times...
2025-04-15 01:03:43,158[17932] - OBS_Win - INFO - OBS_Win started
2025-04-15 01:03:43,158[17932] - RobotTest_AcidicPlatform - INFO - unloading the sample to rack_id #8...
2025-04-15 01:04:39,754[17932] - RobotTest_AcidicPlatform - INFO - sample successfully unloaded from the cell
2025-04-15 01:04:43,315[17932] - OBS_Win - INFO - OBS_Win stopped
2025-04-15 01:04:43,757[17932] - OBS_Win - WARNING - cannot find ['OBS_start_record.png'] on screen
2025-04-15 01:04:47,072[17932] - OBS_Win - INFO - OBS_Win started
2025-04-15 01:04:47,072[17932] - RobotTest_AcidicPlatform - INFO - loading the sample from rack_id #9...
2025-04-15 01:05:22,263[17932] - RobotTest_AcidicPlatform - INFO - sample successfully loaded into the cell
2025-04-15 01:05:22,813[17932] - OBS_Win - INFO - OBS_Win stopped
2025-04-15 01:05:26,019[17932] - EC_Lab_Win11 - INFO - not in software yet
2025-04-15 01:05:26,324[17932] - EC_Lab_Win11 - INFO - attempting to open EC_Lab_Win11, trial 1 in 3 times...
2025-04-15 01:31:54,651[17932] - EC_Lab_Win11 - INFO - test is complete
2025-04-15 01:31:54,651[17932] - RobotTest_AcidicPlatform - INFO - test MOR_PtX_6or8_comp_trial1_sample#10_2025-04-15_01-04-43 finished
2025-04-15 01:31:54,838[17932] - OBS_Win - INFO - not in software yet
2025-04-15 01:31:55,140[17932] - OBS_Win - INFO - attempting to open OBS_Win, trial 1 in 3 times...
2025-04-15 01:31:58,668[17932] - OBS_Win - INFO - OBS_Win started
2025-04-15 01:31:58,668[17932] - RobotTest_AcidicPlatform - INFO - unloading the sample to rack_id #9...
2025-04-15 01:32:55,756[17932] - RobotTest_AcidicPlatform - INFO - sample successfully unloaded from the cell
2025-04-15 01:32:59,333[17932] - OBS_Win - INFO - OBS_Win stopped
2025-04-15 01:32:59,785[17932] - OBS_Win - WARNING - cannot find ['OBS_start_record.png'] on screen
2025-04-15 01:33:03,109[17932] - OBS_Win - INFO - OBS_Win started
2025-04-15 01:33:03,109[17932] - RobotTest_AcidicPlatform - INFO - loading the sample from rack_id #10...
2025-04-15 01:33:38,738[17932] - RobotTest_AcidicPlatform - INFO - sample successfully loaded into the cell
2025-04-15 01:33:39,286[17932] - OBS_Win - INFO - OBS_Win stopped
2025-04-15 01:33:42,488[17932] - EC_Lab_Win11 - INFO - not in software yet
2025-04-15 01:33:42,793[17932] - EC_Lab_Win11 - INFO - attempting to open EC_Lab_Win11, trial 1 in 3 times...
2025-04-15 02:00:10,757[17932] - EC_Lab_Win11 - INFO - test is complete
2025-04-15 02:00:10,757[17932] - RobotTest_AcidicPlatform - INFO - test MOR_PtX_6or8_comp_trial1_sample#11_2025-04-15_01-32-59 finished
2025-04-15 02:00:10,945[17932] - OBS_Win - INFO - not in software yet
2025-04-15 02:00:11,240[17932] - OBS_Win - INFO - attempting to open OBS_Win, trial 1 in 3 times...
2025-04-15 02:00:14,769[17932] - OBS_Win - INFO - OBS_Win started
2025-04-15 02:00:14,769[17932] - RobotTest_AcidicPlatform - INFO - unloading the sample to rack_id #10...
2025-04-15 02:01:12,314[17932] - RobotTest_AcidicPlatform - INFO - sample successfully unloaded from the cell
2025-04-15 02:01:15,870[17932] - OBS_Win - INFO - OBS_Win stopped
2025-04-15 02:01:16,286[17932] - OBS_Win - WARNING - cannot find ['OBS_start_record.png'] on screen
2025-04-15 02:01:19,604[17932] - OBS_Win - INFO - OBS_Win started
2025-04-15 02:01:19,604[17932] - RobotTest_AcidicPlatform - INFO - loading the sample from rack_id #11...
2025-04-15 02:01:55,537[17932] - RobotTest_AcidicPlatform - INFO - sample successfully loaded into the cell
2025-04-15 02:01:56,088[17932] - OBS_Win - INFO - OBS_Win stopped
2025-04-15 02:01:59,293[17932] - EC_Lab_Win11 - INFO - not in software yet
2025-04-15 02:01:59,598[17932] - EC_Lab_Win11 - INFO - attempting to open EC_Lab_Win11, trial 1 in 3 times...
2025-04-15 02:28:28,408[17932] - EC_Lab_Win11 - INFO - test is complete
2025-04-15 02:28:28,409[17932] - RobotTest_AcidicPlatform - INFO - test MOR_PtX_6or8_comp_trial1_sample#12_2025-04-15_02-01-15 finished
2025-04-15 02:28:28,626[17932] - OBS_Win - INFO - not in software yet
2025-04-15 02:28:28,934[17932] - OBS_Win - INFO - attempting to open OBS_Win, trial 1 in 3 times...
2025-04-15 02:28:32,455[17932] - OBS_Win - INFO - OBS_Win started
2025-04-15 02:28:32,455[17932] - RobotTest_AcidicPlatform - INFO - unloading the sample to rack_id #11...
2025-04-15 02:29:30,369[17932] - RobotTest_AcidicPlatform - INFO - sample successfully unloaded from the cell
2025-04-15 02:29:33,902[17932] - OBS_Win - INFO - OBS_Win stopped
2025-04-15 02:29:34,307[17932] - OBS_Win - WARNING - cannot find ['OBS_start_record.png'] on screen
2025-04-15 02:29:37,637[17932] - OBS_Win - INFO - OBS_Win started
2025-04-15 02:29:37,637[17932] - RobotTest_AcidicPlatform - INFO - loading the sample from rack_id #12...
2025-04-15 02:30:14,390[17932] - RobotTest_AcidicPlatform - INFO - sample successfully loaded into the cell
2025-04-15 02:30:14,905[17932] - OBS_Win - INFO - OBS_Win stopped
2025-04-15 02:30:18,117[17932] - EC_Lab_Win11 - INFO - not in software yet
2025-04-15 02:30:18,422[17932] - EC_Lab_Win11 - INFO - attempting to open EC_Lab_Win11, trial 1 in 3 times...
2025-04-15 02:30:53,898[17932] - EC_Lab_Win11 - INFO - not in software yet
2025-04-15 02:30:54,193[17932] - EC_Lab_Win11 - INFO - attempting to open EC_Lab_Win11, trial 1 in 3 times...
2025-04-15 02:30:57,410[17932] - EC_Lab_Win11 - INFO - not in software yet
2025-04-15 02:30:57,734[17932] - EC_Lab_Win11 - INFO - attempting to open EC_Lab_Win11, trial 2 in 3 times...
2025-04-15 02:56:53,617[17932] - EC_Lab_Win11 - INFO - test is complete
2025-04-15 02:56:53,617[17932] - RobotTest_AcidicPlatform - INFO - test MOR_PtX_6or8_comp_trial1_sample#13_2025-04-15_02-29-33 finished
2025-04-15 02:56:53,807[17932] - OBS_Win - INFO - not in software yet
2025-04-15 02:56:54,096[17932] - OBS_Win - INFO - attempting to open OBS_Win, trial 1 in 3 times...
2025-04-15 02:56:57,628[17932] - OBS_Win - INFO - OBS_Win started
2025-04-15 02:56:57,628[17932] - RobotTest_AcidicPlatform - INFO - unloading the sample to rack_id #12...
2025-04-15 02:57:56,153[17932] - RobotTest_AcidicPlatform - INFO - sample successfully unloaded from the cell
2025-04-15 02:57:59,693[17932] - OBS_Win - INFO - OBS_Win stopped
2025-04-15 02:58:00,109[17932] - OBS_Win - WARNING - cannot find ['OBS_start_record.png'] on screen
2025-04-15 02:58:03,436[17932] - OBS_Win - INFO - OBS_Win started
2025-04-15 02:58:03,436[17932] - RobotTest_AcidicPlatform - INFO - loading the sample from rack_id #13...
2025-04-15 02:58:40,351[17932] - RobotTest_AcidicPlatform - INFO - sample successfully loaded into the cell
2025-04-15 02:58:40,897[17932] - OBS_Win - INFO - OBS_Win stopped
2025-04-15 02:58:44,101[17932] - EC_Lab_Win11 - INFO - not in software yet
2025-04-15 02:58:44,416[17932] - EC_Lab_Win11 - INFO - attempting to open EC_Lab_Win11, trial 1 in 3 times...
2025-04-15 03:25:12,893[17932] - EC_Lab_Win11 - INFO - test is complete
2025-04-15 03:25:12,893[17932] - RobotTest_AcidicPlatform - INFO - test MOR_PtX_6or8_comp_trial1_sample#14_2025-04-15_02-57-59 finished
2025-04-15 03:25:13,080[17932] - OBS_Win - INFO - not in software yet
2025-04-15 03:25:13,392[17932] - OBS_Win - INFO - attempting to open OBS_Win, trial 1 in 3 times...
2025-04-15 03:25:16,931[17932] - OBS_Win - INFO - OBS_Win started
2025-04-15 03:25:16,932[17932] - RobotTest_AcidicPlatform - INFO - unloading the sample to rack_id #13...
2025-04-15 03:26:15,799[17932] - RobotTest_AcidicPlatform - INFO - sample successfully unloaded from the cell
2025-04-15 03:26:19,366[17932] - OBS_Win - INFO - OBS_Win stopped
2025-04-15 03:26:19,772[17932] - OBS_Win - WARNING - cannot find ['OBS_start_record.png'] on screen
2025-04-15 03:26:23,092[17932] - OBS_Win - INFO - OBS_Win started
2025-04-15 03:26:23,092[17932] - RobotTest_AcidicPlatform - INFO - loading the sample from rack_id #14...
2025-04-15 03:27:00,333[17932] - RobotTest_AcidicPlatform - INFO - sample successfully loaded into the cell
2025-04-15 03:27:00,864[17932] - OBS_Win - INFO - OBS_Win stopped
2025-04-15 03:27:04,073[17932] - EC_Lab_Win11 - INFO - not in software yet
2025-04-15 03:27:04,376[17932] - EC_Lab_Win11 - INFO - attempting to open EC_Lab_Win11, trial 1 in 3 times...
2025-04-15 03:53:32,842[17932] - EC_Lab_Win11 - INFO - test is complete
2025-04-15 03:53:32,842[17932] - RobotTest_AcidicPlatform - INFO - test MOR_PtX_6or8_comp_trial1_sample#15_2025-04-15_03-26-19 finished
2025-04-15 03:53:33,027[17932] - OBS_Win - INFO - not in software yet
2025-04-15 03:53:33,331[17932] - OBS_Win - INFO - attempting to open OBS_Win, trial 1 in 3 times...
2025-04-15 03:53:36,859[17932] - OBS_Win - INFO - OBS_Win started
2025-04-15 03:53:36,859[17932] - RobotTest_AcidicPlatform - INFO - unloading the sample to rack_id #14...
2025-04-15 03:54:36,032[17932] - RobotTest_AcidicPlatform - INFO - sample successfully unloaded from the cell
2025-04-15 03:54:39,594[17932] - OBS_Win - INFO - OBS_Win stopped
2025-04-15 03:54:39,996[17932] - OBS_Win - WARNING - cannot find ['OBS_start_record.png'] on screen
2025-04-15 03:54:43,322[17932] - OBS_Win - INFO - OBS_Win started
2025-04-15 03:54:43,322[17932] - RobotTest_AcidicPlatform - INFO - loading the sample from rack_id #15...
2025-04-15 03:55:21,003[17932] - RobotTest_AcidicPlatform - INFO - sample successfully loaded into the cell
2025-04-15 03:55:21,540[17932] - OBS_Win - INFO - OBS_Win stopped
2025-04-15 03:55:24,746[17932] - EC_Lab_Win11 - INFO - not in software yet
2025-04-15 03:55:25,053[17932] - EC_Lab_Win11 - INFO - attempting to open EC_Lab_Win11, trial 1 in 3 times...
2025-04-15 04:21:53,300[17932] - EC_Lab_Win11 - INFO - test is complete
2025-04-15 04:21:53,301[17932] - RobotTest_AcidicPlatform - INFO - test MOR_PtX_6or8_comp_trial1_sample#16_2025-04-15_03-54-39 finished
2025-04-15 04:21:53,486[17932] - OBS_Win - INFO - not in software yet
2025-04-15 04:21:53,787[17932] - OBS_Win - INFO - attempting to open OBS_Win, trial 1 in 3 times...
2025-04-15 04:21:57,311[17932] - OBS_Win - INFO - OBS_Win started
2025-04-15 04:21:57,311[17932] - RobotTest_AcidicPlatform - INFO - unloading the sample to rack_id #15...
2025-04-15 04:22:56,884[17932] - RobotTest_AcidicPlatform - INFO - sample successfully unloaded from the cell
2025-04-15 04:23:00,446[17932] - OBS_Win - INFO - OBS_Win stopped
2025-04-15 04:23:00,892[17932] - OBS_Win - WARNING - cannot find ['OBS_start_record.png'] on screen
2025-04-15 04:23:04,221[17932] - OBS_Win - INFO - OBS_Win started
2025-04-15 04:23:04,221[17932] - RobotTest_AcidicPlatform - INFO - loading the sample from rack_id #16...
2025-04-15 04:23:42,485[17932] - RobotTest_AcidicPlatform - INFO - sample successfully loaded into the cell
2025-04-15 04:23:43,003[17932] - OBS_Win - INFO - OBS_Win stopped
2025-04-15 04:23:46,210[17932] - EC_Lab_Win11 - INFO - not in software yet
2025-04-15 04:23:46,517[17932] - EC_Lab_Win11 - INFO - attempting to open EC_Lab_Win11, trial 1 in 3 times...
2025-04-15 04:50:15,051[17932] - EC_Lab_Win11 - INFO - test is complete
2025-04-15 04:50:15,052[17932] - RobotTest_AcidicPlatform - INFO - test MOR_PtX_6or8_comp_trial1_sample#17_2025-04-15_04-23-00 finished
2025-04-15 04:50:15,235[17932] - OBS_Win - INFO - not in software yet
2025-04-15 04:50:15,536[17932] - OBS_Win - INFO - attempting to open OBS_Win, trial 1 in 3 times...
2025-04-15 04:50:19,069[17932] - OBS_Win - INFO - OBS_Win started
2025-04-15 04:50:19,069[17932] - RobotTest_AcidicPlatform - INFO - unloading the sample to rack_id #16...
2025-04-15 04:51:19,191[17932] - RobotTest_AcidicPlatform - INFO - sample successfully unloaded from the cell
2025-04-15 04:51:22,725[17932] - OBS_Win - INFO - OBS_Win stopped
2025-04-15 04:51:23,140[17932] - OBS_Win - WARNING - cannot find ['OBS_start_record.png'] on screen
2025-04-15 04:51:26,441[17932] - OBS_Win - INFO - OBS_Win started
2025-04-15 04:51:26,441[17932] - RobotTest_AcidicPlatform - INFO - loading the sample from rack_id #17...
2025-04-15 04:52:05,097[17932] - RobotTest_AcidicPlatform - INFO - sample successfully loaded into the cell
2025-04-15 04:52:05,629[17932] - OBS_Win - INFO - OBS_Win stopped
2025-04-15 04:52:08,841[17932] - EC_Lab_Win11 - INFO - not in software yet
2025-04-15 04:52:09,149[17932] - EC_Lab_Win11 - INFO - attempting to open EC_Lab_Win11, trial 1 in 3 times...
2025-04-15 05:18:37,583[17932] - EC_Lab_Win11 - INFO - test is complete
2025-04-15 05:18:37,583[17932] - RobotTest_AcidicPlatform - INFO - test MOR_PtX_6or8_comp_trial1_sample#18_2025-04-15_04-51-22 finished
2025-04-15 05:18:37,765[17932] - OBS_Win - INFO - not in software yet
2025-04-15 05:18:38,066[17932] - OBS_Win - INFO - attempting to open OBS_Win, trial 1 in 3 times...
2025-04-15 05:18:41,597[17932] - OBS_Win - INFO - OBS_Win started
2025-04-15 05:18:41,597[17932] - RobotTest_AcidicPlatform - INFO - unloading the sample to rack_id #17...
2025-04-15 05:19:42,079[17932] - RobotTest_AcidicPlatform - INFO - sample successfully unloaded from the cell
2025-04-15 05:19:45,644[17932] - OBS_Win - INFO - OBS_Win stopped
2025-04-15 05:19:46,079[17932] - OBS_Win - WARNING - cannot find ['OBS_start_record.png'] on screen
2025-04-15 05:19:49,386[17932] - OBS_Win - INFO - OBS_Win started
2025-04-15 05:19:49,386[17932] - RobotTest_AcidicPlatform - INFO - loading the sample from rack_id #18...
2025-04-15 05:20:28,527[17932] - RobotTest_AcidicPlatform - INFO - sample successfully loaded into the cell
2025-04-15 05:20:29,063[17932] - OBS_Win - INFO - OBS_Win stopped
2025-04-15 05:20:32,252[17932] - EC_Lab_Win11 - INFO - not in software yet
2025-04-15 05:20:32,570[17932] - EC_Lab_Win11 - INFO - attempting to open EC_Lab_Win11, trial 1 in 3 times...
2025-04-15 05:47:11,733[17932] - EC_Lab_Win11 - INFO - test is complete
2025-04-15 05:47:11,733[17932] - RobotTest_AcidicPlatform - INFO - test MOR_PtX_6or8_comp_trial1_sample#19_2025-04-15_05-19-45 finished
2025-04-15 05:47:11,923[17932] - OBS_Win - INFO - not in software yet
2025-04-15 05:47:12,233[17932] - OBS_Win - INFO - attempting to open OBS_Win, trial 1 in 3 times...
2025-04-15 05:47:15,763[17932] - OBS_Win - INFO - OBS_Win started
2025-04-15 05:47:15,763[17932] - RobotTest_AcidicPlatform - INFO - unloading the sample to rack_id #18...
2025-04-15 05:48:16,667[17932] - RobotTest_AcidicPlatform - INFO - sample successfully unloaded from the cell
2025-04-15 05:48:20,248[17932] - OBS_Win - INFO - OBS_Win stopped
2025-04-15 05:48:20,685[17932] - OBS_Win - WARNING - cannot find ['OBS_start_record.png'] on screen
2025-04-15 05:48:24,013[17932] - OBS_Win - INFO - OBS_Win started
2025-04-15 05:48:24,013[17932] - RobotTest_AcidicPlatform - INFO - loading the sample from rack_id #19...
2025-04-15 05:49:03,510[17932] - RobotTest_AcidicPlatform - INFO - sample successfully loaded into the cell
2025-04-15 05:49:04,075[17932] - OBS_Win - INFO - OBS_Win stopped
2025-04-15 05:49:07,284[17932] - EC_Lab_Win11 - INFO - not in software yet
2025-04-15 05:49:07,595[17932] - EC_Lab_Win11 - INFO - attempting to open EC_Lab_Win11, trial 1 in 3 times...
2025-04-15 06:15:35,819[17932] - EC_Lab_Win11 - INFO - test is complete
2025-04-15 06:15:35,819[17932] - RobotTest_AcidicPlatform - INFO - test MOR_PtX_6or8_comp_trial1_sample#20_2025-04-15_05-48-20 finished
2025-04-15 06:15:36,008[17932] - OBS_Win - INFO - not in software yet
2025-04-15 06:15:36,317[17932] - OBS_Win - INFO - attempting to open OBS_Win, trial 1 in 3 times...
2025-04-15 06:15:39,844[17932] - OBS_Win - INFO - OBS_Win started
2025-04-15 06:15:39,844[17932] - RobotTest_AcidicPlatform - INFO - unloading the sample to rack_id #19...
2025-04-15 06:16:41,204[17932] - RobotTest_AcidicPlatform - INFO - sample successfully unloaded from the cell
2025-04-15 06:16:44,795[17932] - OBS_Win - INFO - OBS_Win stopped
2025-04-15 06:16:45,213[17932] - OBS_Win - WARNING - cannot find ['OBS_start_record.png'] on screen
2025-04-15 06:16:48,538[17932] - OBS_Win - INFO - OBS_Win started
2025-04-15 06:16:48,538[17932] - RobotTest_AcidicPlatform - INFO - loading the sample from rack_id #20...
2025-04-15 06:17:28,456[17932] - RobotTest_AcidicPlatform - INFO - sample successfully loaded into the cell
2025-04-15 06:17:28,988[17932] - OBS_Win - INFO - OBS_Win stopped
2025-04-15 06:17:32,197[17932] - EC_Lab_Win11 - INFO - not in software yet
2025-04-15 06:17:32,504[17932] - EC_Lab_Win11 - INFO - attempting to open EC_Lab_Win11, trial 1 in 3 times...
2025-04-15 06:44:00,718[17932] - EC_Lab_Win11 - INFO - test is complete
2025-04-15 06:44:00,718[17932] - RobotTest_AcidicPlatform - INFO - test MOR_PtX_6or8_comp_trial1_sample#21_2025-04-15_06-16-44 finished
2025-04-15 06:44:00,902[17932] - OBS_Win - INFO - not in software yet
2025-04-15 06:44:01,196[17932] - OBS_Win - INFO - attempting to open OBS_Win, trial 1 in 3 times...
2025-04-15 06:44:04,718[17932] - OBS_Win - INFO - OBS_Win started
2025-04-15 06:44:04,718[17932] - RobotTest_AcidicPlatform - INFO - unloading the sample to rack_id #20...
2025-04-15 06:45:06,520[17932] - RobotTest_AcidicPlatform - INFO - sample successfully unloaded from the cell
2025-04-15 06:45:10,084[17932] - OBS_Win - INFO - OBS_Win stopped
2025-04-15 06:45:10,518[17932] - OBS_Win - WARNING - cannot find ['OBS_start_record.png'] on screen
2025-04-15 06:45:13,853[17932] - OBS_Win - INFO - OBS_Win started
2025-04-15 06:45:13,853[17932] - RobotTest_AcidicPlatform - INFO - loading the sample from rack_id #21...
2025-04-15 06:45:54,185[17932] - RobotTest_AcidicPlatform - INFO - sample successfully loaded into the cell
2025-04-15 06:45:54,718[17932] - OBS_Win - INFO - OBS_Win stopped
2025-04-15 06:45:57,930[17932] - EC_Lab_Win11 - INFO - not in software yet
2025-04-15 06:45:58,235[17932] - EC_Lab_Win11 - INFO - attempting to open EC_Lab_Win11, trial 1 in 3 times...
2025-04-15 07:12:37,564[17932] - EC_Lab_Win11 - INFO - test is complete
2025-04-15 07:12:37,564[17932] - RobotTest_AcidicPlatform - INFO - test MOR_PtX_6or8_comp_trial1_sample#22_2025-04-15_06-45-10 finished
2025-04-15 07:12:37,751[17932] - OBS_Win - INFO - not in software yet
2025-04-15 07:12:38,053[17932] - OBS_Win - INFO - attempting to open OBS_Win, trial 1 in 3 times...
2025-04-15 07:12:41,590[17932] - OBS_Win - INFO - OBS_Win started
2025-04-15 07:12:41,590[17932] - RobotTest_AcidicPlatform - INFO - unloading the sample to rack_id #21...
2025-04-15 07:13:43,769[17932] - RobotTest_AcidicPlatform - INFO - sample successfully unloaded from the cell
2025-04-15 07:13:47,332[17932] - OBS_Win - INFO - OBS_Win stopped
2025-04-15 07:13:47,739[17932] - OBS_Win - WARNING - cannot find ['OBS_start_record.png'] on screen
2025-04-15 07:13:51,056[17932] - OBS_Win - INFO - OBS_Win started
2025-04-15 07:13:51,056[17932] - RobotTest_AcidicPlatform - INFO - loading the sample from rack_id #22...
2025-04-15 07:14:31,782[17932] - RobotTest_AcidicPlatform - INFO - sample successfully loaded into the cell
2025-04-15 07:14:32,317[17932] - OBS_Win - INFO - OBS_Win stopped
2025-04-15 07:14:35,521[17932] - EC_Lab_Win11 - INFO - not in software yet
2025-04-15 07:14:35,804[17932] - EC_Lab_Win11 - INFO - attempting to open EC_Lab_Win11, trial 1 in 3 times...
2025-04-15 07:41:04,085[17932] - EC_Lab_Win11 - INFO - test is complete
2025-04-15 07:41:04,085[17932] - RobotTest_AcidicPlatform - INFO - test MOR_PtX_6or8_comp_trial1_sample#23_2025-04-15_07-13-47 finished
2025-04-15 07:41:04,270[17932] - OBS_Win - INFO - not in software yet
2025-04-15 07:41:04,570[17932] - OBS_Win - INFO - attempting to open OBS_Win, trial 1 in 3 times...
2025-04-15 07:41:08,085[17932] - OBS_Win - INFO - OBS_Win started
2025-04-15 07:41:08,085[17932] - RobotTest_AcidicPlatform - INFO - unloading the sample to rack_id #22...
2025-04-15 07:42:10,627[17932] - RobotTest_AcidicPlatform - INFO - sample successfully unloaded from the cell
2025-04-15 07:42:14,192[17932] - OBS_Win - INFO - OBS_Win stopped
2025-04-15 07:42:14,621[17932] - OBS_Win - WARNING - cannot find ['OBS_start_record.png'] on screen
2025-04-15 07:42:17,946[17932] - OBS_Win - INFO - OBS_Win started
2025-04-15 07:42:17,946[17932] - RobotTest_AcidicPlatform - INFO - loading the sample from rack_id #23...
2025-04-15 07:42:59,080[17932] - RobotTest_AcidicPlatform - INFO - sample successfully loaded into the cell
2025-04-15 07:42:59,617[17932] - OBS_Win - INFO - OBS_Win stopped
2025-04-15 07:43:02,827[17932] - EC_Lab_Win11 - INFO - not in software yet
2025-04-15 07:43:03,129[17932] - EC_Lab_Win11 - INFO - attempting to open EC_Lab_Win11, trial 1 in 3 times...
2025-04-15 08:09:20,060[17932] - EC_Lab_Win11 - INFO - test is complete
2025-04-15 08:09:20,060[17932] - RobotTest_AcidicPlatform - INFO - test MOR_PtX_6or8_comp_trial1_sample#24_2025-04-15_07-42-14 finished
2025-04-15 08:09:20,240[17932] - OBS_Win - INFO - not in software yet
2025-04-15 08:09:20,535[17932] - OBS_Win - INFO - attempting to open OBS_Win, trial 1 in 3 times...
2025-04-15 08:09:24,058[17932] - OBS_Win - INFO - OBS_Win started
2025-04-15 08:09:24,058[17932] - RobotTest_AcidicPlatform - INFO - unloading the sample to rack_id #23...
2025-04-15 08:10:27,111[17932] - RobotTest_AcidicPlatform - INFO - sample successfully unloaded from the cell
2025-04-15 08:10:30,670[17932] - OBS_Win - INFO - OBS_Win stopped
2025-04-15 08:10:31,088[17932] - OBS_Win - WARNING - cannot find ['OBS_start_record.png'] on screen
2025-04-15 08:10:34,403[17932] - OBS_Win - INFO - OBS_Win started
2025-04-15 08:10:34,403[17932] - RobotTest_AcidicPlatform - INFO - loading the sample from rack_id #24...
2025-04-15 08:11:16,181[17932] - RobotTest_AcidicPlatform - INFO - sample successfully loaded into the cell
2025-04-15 08:11:16,731[17932] - OBS_Win - INFO - OBS_Win stopped
2025-04-15 08:11:19,941[17932] - EC_Lab_Win11 - INFO - not in software yet
2025-04-15 08:11:20,236[17932] - EC_Lab_Win11 - INFO - attempting to open EC_Lab_Win11, trial 1 in 3 times...
2025-04-15 08:37:48,666[17932] - EC_Lab_Win11 - INFO - test is complete
2025-04-15 08:37:48,667[17932] - RobotTest_AcidicPlatform - INFO - test MOR_PtX_6or8_comp_trial1_sample#25_2025-04-15_08-10-30 finished
2025-04-15 08:37:48,868[17932] - OBS_Win - INFO - not in software yet
2025-04-15 08:37:49,195[17932] - OBS_Win - INFO - attempting to open OBS_Win, trial 1 in 3 times...
2025-04-15 08:37:52,708[17932] - OBS_Win - INFO - OBS_Win started
2025-04-15 08:37:52,709[17932] - RobotTest_AcidicPlatform - INFO - unloading the sample to rack_id #24...
2025-04-15 08:38:56,229[17932] - RobotTest_AcidicPlatform - INFO - sample successfully unloaded from the cell
2025-04-15 08:38:59,791[17932] - OBS_Win - INFO - OBS_Win stopped
2025-04-15 08:39:00,208[17932] - OBS_Win - WARNING - cannot find ['OBS_start_record.png'] on screen
2025-04-15 08:39:03,534[17932] - OBS_Win - INFO - OBS_Win started
2025-04-15 08:39:03,534[17932] - RobotTest_AcidicPlatform - INFO - loading the sample from rack_id #25...
2025-04-15 08:39:45,558[17932] - RobotTest_AcidicPlatform - INFO - sample successfully loaded into the cell
2025-04-15 08:39:46,093[17932] - OBS_Win - INFO - OBS_Win stopped
2025-04-15 08:39:49,313[17932] - EC_Lab_Win11 - INFO - not in software yet
2025-04-15 08:39:49,611[17932] - EC_Lab_Win11 - INFO - attempting to open EC_Lab_Win11, trial 1 in 3 times...
2025-04-15 09:06:17,711[17932] - EC_Lab_Win11 - INFO - test is complete
2025-04-15 09:06:17,712[17932] - RobotTest_AcidicPlatform - INFO - test MOR_PtX_6or8_comp_trial1_sample#26_2025-04-15_08-38-59 finished
2025-04-15 09:06:17,896[17932] - OBS_Win - INFO - not in software yet
2025-04-15 09:06:18,218[17932] - OBS_Win - INFO - attempting to open OBS_Win, trial 1 in 3 times...
2025-04-15 09:06:21,757[17932] - OBS_Win - INFO - OBS_Win started
2025-04-15 09:06:21,757[17932] - RobotTest_AcidicPlatform - INFO - unloading the sample to rack_id #25...
2025-04-15 09:07:25,672[17932] - RobotTest_AcidicPlatform - INFO - sample successfully unloaded from the cell
2025-04-15 09:07:29,225[17932] - OBS_Win - INFO - OBS_Win stopped
2025-04-15 09:07:29,644[17932] - OBS_Win - WARNING - cannot find ['OBS_start_record.png'] on screen
2025-04-15 09:07:32,956[17932] - OBS_Win - INFO - OBS_Win started
2025-04-15 09:07:32,956[17932] - RobotTest_AcidicPlatform - INFO - loading the sample from rack_id #26...
2025-04-15 09:08:15,546[17932] - RobotTest_AcidicPlatform - INFO - sample successfully loaded into the cell
2025-04-15 09:08:16,101[17932] - OBS_Win - INFO - OBS_Win stopped
2025-04-15 09:08:19,313[17932] - EC_Lab_Win11 - INFO - not in software yet
2025-04-15 09:08:19,631[17932] - EC_Lab_Win11 - INFO - attempting to open EC_Lab_Win11, trial 1 in 3 times...
2025-04-15 09:34:48,037[17932] - EC_Lab_Win11 - INFO - test is complete
2025-04-15 09:34:48,037[17932] - RobotTest_AcidicPlatform - INFO - test MOR_PtX_6or8_comp_trial1_sample#27_2025-04-15_09-07-29 finished
2025-04-15 09:34:48,223[17932] - OBS_Win - INFO - not in software yet
2025-04-15 09:34:48,526[17932] - OBS_Win - INFO - attempting to open OBS_Win, trial 1 in 3 times...
2025-04-15 09:34:52,054[17932] - OBS_Win - INFO - OBS_Win started
2025-04-15 09:34:52,054[17932] - RobotTest_AcidicPlatform - INFO - unloading the sample to rack_id #26...
2025-04-15 09:35:56,455[17932] - RobotTest_AcidicPlatform - INFO - sample successfully unloaded from the cell
2025-04-15 09:36:00,010[17932] - OBS_Win - INFO - OBS_Win stopped
2025-04-15 09:36:00,437[17932] - OBS_Win - WARNING - cannot find ['OBS_start_record.png'] on screen
2025-04-15 09:36:03,764[17932] - OBS_Win - INFO - OBS_Win started
2025-04-15 09:36:03,764[17932] - RobotTest_AcidicPlatform - INFO - loading the sample from rack_id #27...
2025-04-15 09:36:46,653[17932] - RobotTest_AcidicPlatform - INFO - sample successfully loaded into the cell
2025-04-15 09:36:47,173[17932] - OBS_Win - INFO - OBS_Win stopped
2025-04-15 09:36:50,384[17932] - EC_Lab_Win11 - INFO - not in software yet
2025-04-15 09:36:50,694[17932] - EC_Lab_Win11 - INFO - attempting to open EC_Lab_Win11, trial 1 in 3 times...
2025-04-15 10:03:18,994[17932] - EC_Lab_Win11 - INFO - test is complete
2025-04-15 10:03:18,994[17932] - RobotTest_AcidicPlatform - INFO - test MOR_PtX_6or8_comp_trial1_sample#28_2025-04-15_09-36-00 finished
2025-04-15 10:03:19,180[17932] - OBS_Win - INFO - not in software yet
2025-04-15 10:03:19,508[17932] - OBS_Win - INFO - attempting to open OBS_Win, trial 1 in 3 times...
2025-04-15 10:03:23,041[17932] - OBS_Win - INFO - OBS_Win started
2025-04-15 10:03:23,041[17932] - RobotTest_AcidicPlatform - INFO - unloading the sample to rack_id #27...
2025-04-15 10:04:27,795[17932] - RobotTest_AcidicPlatform - INFO - sample successfully unloaded from the cell
2025-04-15 10:04:31,376[17932] - OBS_Win - INFO - OBS_Win stopped
2025-04-15 10:04:31,789[17932] - OBS_Win - WARNING - cannot find ['OBS_start_record.png'] on screen
2025-04-15 10:04:35,112[17932] - OBS_Win - INFO - OBS_Win started
2025-04-15 10:04:35,112[17932] - RobotTest_AcidicPlatform - INFO - loading the sample from rack_id #28...
2025-04-15 10:05:18,392[17932] - RobotTest_AcidicPlatform - INFO - sample successfully loaded into the cell
2025-04-15 10:05:18,925[17932] - OBS_Win - INFO - OBS_Win stopped
2025-04-15 10:05:22,143[17932] - EC_Lab_Win11 - INFO - not in software yet
2025-04-15 10:05:22,445[17932] - EC_Lab_Win11 - INFO - attempting to open EC_Lab_Win11, trial 1 in 3 times...
2025-04-15 10:11:33,138[17932] - EC_Lab_Win11 - INFO - not in software yet
2025-04-15 10:11:33,438[17932] - EC_Lab_Win11 - INFO - attempting to open EC_Lab_Win11, trial 1 in 3 times...
2025-04-15 10:11:36,629[17932] - EC_Lab_Win11 - INFO - not in software yet
2025-04-15 10:11:36,945[17932] - EC_Lab_Win11 - INFO - attempting to open EC_Lab_Win11, trial 2 in 3 times...
2025-04-15 10:31:57,637[17932] - EC_Lab_Win11 - INFO - test is complete
2025-04-15 10:31:57,637[17932] - RobotTest_AcidicPlatform - INFO - test MOR_PtX_6or8_comp_trial1_sample#29_2025-04-15_10-04-31 finished
2025-04-15 10:31:57,823[17932] - OBS_Win - INFO - not in software yet
2025-04-15 10:31:58,116[17932] - OBS_Win - INFO - attempting to open OBS_Win, trial 1 in 3 times...
2025-04-15 10:32:01,647[17932] - OBS_Win - INFO - OBS_Win started
2025-04-15 10:32:01,647[17932] - RobotTest_AcidicPlatform - INFO - unloading the sample to rack_id #28...
2025-04-15 10:33:06,903[17932] - RobotTest_AcidicPlatform - INFO - sample successfully unloaded from the cell
2025-04-15 10:33:10,459[17932] - OBS_Win - INFO - OBS_Win stopped
2025-04-15 10:33:10,881[17932] - OBS_Win - WARNING - cannot find ['OBS_start_record.png'] on screen
2025-04-15 10:33:14,207[17932] - OBS_Win - INFO - OBS_Win started
2025-04-15 10:33:14,207[17932] - RobotTest_AcidicPlatform - INFO - loading the sample from rack_id #29...
2025-04-15 10:33:20,587[17932] - RobotTest_AcidicPlatform - ERROR - robotic arm error!
Traceback (most recent call last):
  File "C:\Users\li\PycharmProjects\catalyst\robotic_testing\common\robot_test.py", line 45, in wrapper
    return func(self, *args, **kwargs)
  File "C:\Users\li\PycharmProjects\catalyst\robotic_testing\common\robot_test.py", line 189, in run
    self.test_main_workflow(
  File "C:\Users\li\PycharmProjects\catalyst\robotic_testing\common\robot_test.py", line 284, in test_main_workflow
    self.arm.load_sample(sample_rack_index=sample_rack_id)
  File "C:\Users\li\PycharmProjects\catalyst\robotic_testing\common\robotic_arms\xarm6\xarm6.py", line 80, in load_sample
    self.pick_up_sample(sample_rack_index)
  File "C:\Users\li\PycharmProjects\catalyst\robotic_testing\common\robotic_arms\xarm6\xarm6.py", line 74, in pick_up_sample
    self.move_to_pos(self.config.pos_dict['backward_avoid_hooking'], relative=True)
  File "C:\Users\li\PycharmProjects\catalyst\robotic_testing\common\robotic_arms\xarm6\xarm6.py", line 49, in move_to_pos
    return self.set_position(*pos_rel, *args, **kwargs)
  File "C:\Users\li\PycharmProjects\catalyst\robotic_testing\common\robotic_arms\xarm_control.py", line 81, in error_checker
    raise SystemError('robotic arm error!')
SystemError: robotic arm error!
2025-04-15 12:45:04,114[11048] - RobotTest_AcidicPlatform - INFO - started a batch of test, with sample_rack_id : sample_id = {24: 25, 25: 26, 26: 27, 27: 28, 28: 29, 29: 30, 30: 31, 31: 32, 32: 33}
2025-04-15 12:45:10,163[11048] - OBS_Win - INFO - not in software yet
2025-04-15 12:45:10,494[11048] - OBS_Win - INFO - attempting to open OBS_Win, trial 1 in 3 times...
2025-04-15 12:45:14,113[11048] - OBS_Win - INFO - OBS_Win started
2025-04-15 12:45:14,113[11048] - RobotTest_AcidicPlatform - INFO - loading the sample from rack_id #24...
2025-04-15 12:45:46,039[11048] - RobotTest_AcidicPlatform - INFO - sample successfully loaded into the cell
2025-04-15 12:45:46,260[11048] - OBS_Win - INFO - not in software yet
2025-04-15 12:45:46,592[11048] - OBS_Win - INFO - attempting to open OBS_Win, trial 1 in 3 times...
2025-04-15 12:45:50,270[11048] - OBS_Win - INFO - OBS_Win stopped
2025-04-15 12:45:53,511[11048] - EC_Lab_Win11 - INFO - not in software yet
2025-04-15 12:45:53,864[11048] - EC_Lab_Win11 - INFO - attempting to open EC_Lab_Win11, trial 1 in 3 times...
2025-04-15 12:46:05,307[11048] - EC_Lab_Win11 - WARNING - cannot find ['save.png'] on screen
2025-04-15 12:46:08,511[11048] - EC_Lab_Win11 - WARNING - cannot find ['save.png'] on screen
2025-04-15 12:48:25,649[15480] - RobotTest_AcidicPlatform - INFO - started a batch of test, with sample_rack_id : sample_id = {24: 25, 25: 26, 26: 27, 27: 28, 28: 29, 29: 30, 30: 31, 31: 32, 32: 33}
2025-04-15 12:48:31,669[15480] - OBS_Win - INFO - not in software yet
2025-04-15 12:48:31,996[15480] - OBS_Win - INFO - attempting to open OBS_Win, trial 1 in 3 times...
2025-04-15 12:48:35,605[15480] - OBS_Win - INFO - OBS_Win started
2025-04-15 12:48:35,606[15480] - RobotTest_AcidicPlatform - INFO - loading the sample from rack_id #24...
2025-04-15 12:49:24,782[15480] - RobotTest_AcidicPlatform - INFO - sample successfully loaded into the cell
2025-04-15 12:49:25,508[15480] - OBS_Win - INFO - OBS_Win stopped
2025-04-15 12:49:28,743[15480] - EC_Lab_Win11 - INFO - not in software yet
2025-04-15 12:49:29,095[15480] - EC_Lab_Win11 - INFO - attempting to open EC_Lab_Win11, trial 1 in 3 times...
2025-04-15 13:01:48,183[15480] - RobotTest_AcidicPlatform - INFO - human operating, fail to detect...
2025-04-15 13:01:58,191[15480] - RobotTest_AcidicPlatform - INFO - human operating, fail to detect...
2025-04-15 13:02:08,205[15480] - RobotTest_AcidicPlatform - INFO - human operating, fail to detect...
2025-04-15 13:02:18,210[15480] - RobotTest_AcidicPlatform - INFO - human operating, fail to detect...
2025-04-15 13:16:05,138[15480] - EC_Lab_Win11 - INFO - test is complete
2025-04-15 13:16:05,138[15480] - RobotTest_AcidicPlatform - INFO - test MOR_PtX_6or8_comp_trial1_sample#25_2025-04-15_12-48-31 finished
2025-04-15 13:16:05,325[15480] - OBS_Win - INFO - not in software yet
2025-04-15 13:16:05,632[15480] - OBS_Win - INFO - attempting to open OBS_Win, trial 1 in 3 times...
2025-04-15 13:16:09,259[15480] - OBS_Win - INFO - OBS_Win started
2025-04-15 13:16:09,259[15480] - RobotTest_AcidicPlatform - INFO - unloading the sample to rack_id #24...
2025-04-15 13:17:12,806[15480] - RobotTest_AcidicPlatform - INFO - sample successfully unloaded from the cell
2025-04-15 13:17:16,462[15480] - OBS_Win - INFO - OBS_Win stopped
2025-04-15 13:17:16,961[15480] - OBS_Win - WARNING - cannot find ['OBS_start_record.png'] on screen
2025-04-15 13:17:20,312[15480] - OBS_Win - INFO - OBS_Win started
2025-04-15 13:17:20,312[15480] - RobotTest_AcidicPlatform - INFO - loading the sample from rack_id #25...
2025-04-15 13:18:02,603[15480] - RobotTest_AcidicPlatform - INFO - sample successfully loaded into the cell
2025-04-15 13:18:03,218[15480] - OBS_Win - INFO - OBS_Win stopped
2025-04-15 13:18:06,458[15480] - EC_Lab_Win11 - INFO - not in software yet
2025-04-15 13:18:06,803[15480] - EC_Lab_Win11 - INFO - attempting to open EC_Lab_Win11, trial 1 in 3 times...
2025-04-15 13:44:35,679[15480] - EC_Lab_Win11 - INFO - test is complete
2025-04-15 13:44:35,679[15480] - RobotTest_AcidicPlatform - INFO - test MOR_PtX_6or8_comp_trial1_sample#26_2025-04-15_13-17-16 finished
2025-04-15 13:44:35,863[15480] - OBS_Win - INFO - not in software yet
2025-04-15 13:44:36,176[15480] - OBS_Win - INFO - attempting to open OBS_Win, trial 1 in 3 times...
2025-04-15 13:44:39,852[15480] - OBS_Win - INFO - OBS_Win started
2025-04-15 13:44:39,852[15480] - RobotTest_AcidicPlatform - INFO - unloading the sample to rack_id #25...
2025-04-15 13:45:43,844[15480] - RobotTest_AcidicPlatform - INFO - sample successfully unloaded from the cell
2025-04-15 13:45:47,500[15480] - OBS_Win - INFO - OBS_Win stopped
2025-04-15 13:45:48,026[15480] - OBS_Win - WARNING - cannot find ['OBS_start_record.png'] on screen
2025-04-15 13:45:51,398[15480] - OBS_Win - INFO - OBS_Win started
2025-04-15 13:45:51,398[15480] - RobotTest_AcidicPlatform - INFO - loading the sample from rack_id #26...
2025-04-15 13:46:33,834[15480] - RobotTest_AcidicPlatform - INFO - sample successfully loaded into the cell
2025-04-15 13:46:34,461[15480] - OBS_Win - INFO - OBS_Win stopped
2025-04-15 13:46:37,696[15480] - EC_Lab_Win11 - INFO - not in software yet
2025-04-15 13:46:38,062[15480] - EC_Lab_Win11 - INFO - attempting to open EC_Lab_Win11, trial 1 in 3 times...
2025-04-15 14:09:33,439[15480] - RobotTest_AcidicPlatform - INFO - human operating, fail to detect...
2025-04-15 14:09:43,448[15480] - RobotTest_AcidicPlatform - INFO - human operating, fail to detect...
2025-04-15 14:09:53,461[15480] - RobotTest_AcidicPlatform - INFO - human operating, fail to detect...
2025-04-15 14:10:03,476[15480] - RobotTest_AcidicPlatform - INFO - human operating, fail to detect...
2025-04-15 14:10:13,487[15480] - RobotTest_AcidicPlatform - INFO - human operating, fail to detect...
2025-04-15 14:10:23,489[15480] - RobotTest_AcidicPlatform - INFO - human operating, fail to detect...
2025-04-15 14:10:33,504[15480] - RobotTest_AcidicPlatform - INFO - human operating, fail to detect...
2025-04-15 14:10:43,515[15480] - RobotTest_AcidicPlatform - INFO - human operating, fail to detect...
2025-04-15 14:10:53,518[15480] - RobotTest_AcidicPlatform - INFO - human operating, fail to detect...
2025-04-15 14:11:03,523[15480] - RobotTest_AcidicPlatform - INFO - human operating, fail to detect...
2025-04-15 14:11:13,535[15480] - RobotTest_AcidicPlatform - INFO - human operating, fail to detect...
2025-04-15 14:11:23,543[15480] - RobotTest_AcidicPlatform - INFO - human operating, fail to detect...
2025-04-15 14:13:15,294[15480] - EC_Lab_Win11 - INFO - test is complete
2025-04-15 14:13:15,294[15480] - RobotTest_AcidicPlatform - INFO - test MOR_PtX_6or8_comp_trial1_sample#27_2025-04-15_13-45-47 finished
2025-04-15 14:13:15,476[15480] - OBS_Win - INFO - not in software yet
2025-04-15 14:13:15,781[15480] - OBS_Win - INFO - attempting to open OBS_Win, trial 1 in 3 times...
2025-04-15 14:13:19,396[15480] - OBS_Win - INFO - OBS_Win started
2025-04-15 14:13:19,396[15480] - RobotTest_AcidicPlatform - INFO - unloading the sample to rack_id #26...
2025-04-15 14:14:23,751[15480] - RobotTest_AcidicPlatform - INFO - sample successfully unloaded from the cell
2025-04-15 14:14:27,425[15480] - OBS_Win - INFO - OBS_Win stopped
2025-04-15 14:14:27,938[15480] - OBS_Win - WARNING - cannot find ['OBS_start_record.png'] on screen
2025-04-15 14:14:31,308[15480] - OBS_Win - INFO - OBS_Win started
2025-04-15 14:14:31,308[15480] - RobotTest_AcidicPlatform - INFO - loading the sample from rack_id #27...
2025-04-15 14:15:14,120[15480] - RobotTest_AcidicPlatform - INFO - sample successfully loaded into the cell
2025-04-15 14:15:14,759[15480] - OBS_Win - INFO - OBS_Win stopped
2025-04-15 14:15:18,004[15480] - EC_Lab_Win11 - INFO - not in software yet
2025-04-15 14:15:18,366[15480] - EC_Lab_Win11 - INFO - attempting to open EC_Lab_Win11, trial 1 in 3 times...
2025-04-15 14:15:53,113[15480] - RobotTest_AcidicPlatform - INFO - human operating, fail to detect...
2025-04-15 14:16:03,128[15480] - RobotTest_AcidicPlatform - INFO - human operating, fail to detect...
2025-04-15 14:16:13,141[15480] - RobotTest_AcidicPlatform - INFO - human operating, fail to detect...
2025-04-15 14:16:23,149[15480] - RobotTest_AcidicPlatform - INFO - human operating, fail to detect...
2025-04-15 14:16:33,151[15480] - RobotTest_AcidicPlatform - INFO - human operating, fail to detect...
2025-04-15 14:37:01,427[15480] - RobotTest_AcidicPlatform - INFO - human operating, fail to detect...
2025-04-15 14:37:11,428[15480] - RobotTest_AcidicPlatform - INFO - human operating, fail to detect...
2025-04-15 14:37:21,443[15480] - RobotTest_AcidicPlatform - INFO - human operating, fail to detect...
2025-04-15 14:37:31,455[15480] - RobotTest_AcidicPlatform - INFO - human operating, fail to detect...
2025-04-15 14:37:41,459[15480] - RobotTest_AcidicPlatform - INFO - human operating, fail to detect...
2025-04-15 14:41:47,301[15480] - EC_Lab_Win11 - INFO - test is complete
2025-04-15 14:41:47,301[15480] - RobotTest_AcidicPlatform - INFO - test MOR_PtX_6or8_comp_trial1_sample#28_2025-04-15_14-14-27 finished
2025-04-15 14:41:47,490[15480] - OBS_Win - INFO - not in software yet
2025-04-15 14:41:47,813[15480] - OBS_Win - INFO - attempting to open OBS_Win, trial 1 in 3 times...
2025-04-15 14:41:51,424[15480] - OBS_Win - INFO - OBS_Win started
2025-04-15 14:41:51,424[15480] - RobotTest_AcidicPlatform - INFO - unloading the sample to rack_id #27...
2025-04-15 14:42:56,028[15480] - RobotTest_AcidicPlatform - INFO - sample successfully unloaded from the cell
2025-04-15 14:42:59,694[15480] - OBS_Win - INFO - OBS_Win stopped
2025-04-15 14:43:00,363[15480] - OBS_Win - INFO - OBS_Win started
2025-04-15 14:43:00,364[15480] - RobotTest_AcidicPlatform - INFO - loading the sample from rack_id #28...
2025-04-15 14:43:43,598[15480] - RobotTest_AcidicPlatform - INFO - sample successfully loaded into the cell
2025-04-15 14:43:44,259[15480] - OBS_Win - INFO - OBS_Win stopped
2025-04-15 14:43:47,492[15480] - EC_Lab_Win11 - INFO - not in software yet
2025-04-15 14:43:47,859[15480] - EC_Lab_Win11 - INFO - attempting to open EC_Lab_Win11, trial 1 in 3 times...
2025-04-15 15:00:01,487[15480] - RobotTest_AcidicPlatform - INFO - human operating, fail to detect...
2025-04-15 15:00:11,494[15480] - RobotTest_AcidicPlatform - INFO - human operating, fail to detect...
2025-04-15 15:10:26,161[15480] - EC_Lab_Win11 - INFO - test is complete
2025-04-15 15:10:26,161[15480] - RobotTest_AcidicPlatform - INFO - test MOR_PtX_6or8_comp_trial1_sample#29_2025-04-15_14-42-59 finished
2025-04-15 15:10:26,349[15480] - OBS_Win - INFO - not in software yet
2025-04-15 15:10:26,641[15480] - OBS_Win - INFO - attempting to open OBS_Win, trial 1 in 3 times...
2025-04-15 15:10:30,248[15480] - OBS_Win - INFO - OBS_Win started
2025-04-15 15:10:30,254[15480] - RobotTest_AcidicPlatform - INFO - unloading the sample to rack_id #28...
2025-04-15 15:11:35,383[15480] - RobotTest_AcidicPlatform - INFO - sample successfully unloaded from the cell
2025-04-15 15:11:39,064[15480] - OBS_Win - INFO - OBS_Win stopped
2025-04-15 15:11:39,584[15480] - OBS_Win - WARNING - cannot find ['OBS_start_record.png'] on screen
2025-04-15 15:11:42,952[15480] - OBS_Win - INFO - OBS_Win started
2025-04-15 15:11:42,952[15480] - RobotTest_AcidicPlatform - INFO - loading the sample from rack_id #29...
2025-04-15 15:11:49,393[15480] - RobotTest_AcidicPlatform - ERROR - robotic arm error!
Traceback (most recent call last):
  File "C:\Users\li\PycharmProjects\catalyst\robotic_testing\common\robot_test.py", line 45, in wrapper
    return func(self, *args, **kwargs)
  File "C:\Users\li\PycharmProjects\catalyst\robotic_testing\common\robot_test.py", line 189, in run
    self.test_main_workflow(
  File "C:\Users\li\PycharmProjects\catalyst\robotic_testing\common\robot_test.py", line 284, in test_main_workflow
    self.arm.load_sample(sample_rack_index=sample_rack_id)
  File "C:\Users\li\PycharmProjects\catalyst\robotic_testing\common\robotic_arms\xarm6\xarm6.py", line 80, in load_sample
    self.pick_up_sample(sample_rack_index)
  File "C:\Users\li\PycharmProjects\catalyst\robotic_testing\common\robotic_arms\xarm6\xarm6.py", line 74, in pick_up_sample
    self.move_to_pos(self.config.pos_dict['backward_avoid_hooking'], relative=True)
  File "C:\Users\li\PycharmProjects\catalyst\robotic_testing\common\robotic_arms\xarm6\xarm6.py", line 49, in move_to_pos
    return self.set_position(*pos_rel, *args, **kwargs)
  File "C:\Users\li\PycharmProjects\catalyst\robotic_testing\common\robotic_arms\xarm_control.py", line 81, in error_checker
    raise SystemError('robotic arm error!')
SystemError: robotic arm error!
2025-04-15 15:33:15,094[10684] - RobotTest_AcidicPlatform - INFO - started a batch of test, with sample_rack_id : sample_id = {24: 'water_Fe_plus5mA_15min'}
2025-04-15 15:33:15,362[10684] - OBS_Win - INFO - not in software yet
2025-04-15 15:33:15,695[10684] - OBS_Win - INFO - attempting to open OBS_Win, trial 1 in 3 times...
2025-04-15 15:33:19,318[10684] - OBS_Win - INFO - OBS_Win started
2025-04-15 15:33:19,318[10684] - RobotTest_AcidicPlatform - INFO - loading the sample from rack_id #24...
2025-04-15 15:33:37,071[10684] - RobotTest_AcidicPlatform - INFO - sample successfully loaded into the cell
2025-04-15 15:33:37,762[10684] - OBS_Win - INFO - OBS_Win stopped
2025-04-15 15:33:41,007[10684] - EC_Lab_Win11 - INFO - not in software yet
2025-04-15 15:33:41,348[10684] - EC_Lab_Win11 - INFO - attempting to open EC_Lab_Win11, trial 1 in 3 times...
2025-04-15 15:33:55,017[10684] - EC_Lab_Win11 - WARNING - cannot find ['save.png'] on screen
2025-04-15 15:33:58,222[10684] - EC_Lab_Win11 - WARNING - cannot find ['save.png'] on screen
2025-04-15 15:34:01,410[10684] - EC_Lab_Win11 - WARNING - cannot find ['save.png'] on screen
2025-04-15 15:34:04,610[10684] - EC_Lab_Win11 - WARNING - cannot find ['save.png'] on screen
2025-04-15 15:34:07,821[10684] - EC_Lab_Win11 - WARNING - cannot find ['save.png'] on screen
2025-04-15 15:34:11,015[10684] - EC_Lab_Win11 - WARNING - cannot find ['save.png'] on screen
2025-04-15 15:34:14,219[10684] - EC_Lab_Win11 - WARNING - cannot find ['save.png'] on screen
2025-04-15 15:34:17,422[10684] - EC_Lab_Win11 - WARNING - cannot find ['save.png'] on screen
2025-04-15 15:34:20,698[10684] - EC_Lab_Win11 - WARNING - cannot find ['save.png'] on screen
2025-04-15 15:34:23,895[10684] - EC_Lab_Win11 - WARNING - cannot find ['save.png'] on screen
2025-04-15 15:34:27,100[10684] - EC_Lab_Win11 - WARNING - cannot find ['save.png'] on screen
2025-04-15 15:34:30,290[10684] - EC_Lab_Win11 - WARNING - cannot find ['save.png'] on screen
2025-04-15 15:36:33,156[1484] - RobotTest_AcidicPlatform - ERROR - list index out of range
Traceback (most recent call last):
  File "C:\Users\li\PycharmProjects\catalyst\robotic_testing\common\robot_test.py", line 45, in wrapper
    return func(self, *args, **kwargs)
  File "C:\Users\li\PycharmProjects\catalyst\robotic_testing\common\robot_test.py", line 178, in run
    sample_rack_id_to_sample_id_dict = self.run_initialization(
  File "C:\Users\li\PycharmProjects\catalyst\robotic_testing\common\robot_test.py", line 103, in run_initialization
    sample_id_list = [*range(sample_id_list[0], sample_id_list[1] + 1)] if sequence else sample_id_list
IndexError: list index out of range
2025-04-15 15:36:42,516[1484] - RobotTest_AcidicPlatform - INFO - started a batch of test, with sample_rack_id : sample_id = {0: 30}
2025-04-15 15:36:57,842[1484] - OBS_Win - INFO - not in software yet
2025-04-15 15:36:58,158[1484] - OBS_Win - INFO - attempting to open OBS_Win, trial 1 in 3 times...
2025-04-15 15:37:01,791[1484] - OBS_Win - INFO - OBS_Win started
2025-04-15 15:37:01,791[1484] - RobotTest_AcidicPlatform - INFO - loading the sample from rack_id #0...
2025-04-15 15:37:39,085[1484] - RobotTest_AcidicPlatform - INFO - sample successfully loaded into the cell
2025-04-15 15:37:39,813[1484] - OBS_Win - INFO - OBS_Win stopped
2025-04-15 15:37:43,049[1484] - EC_Lab_Win11 - INFO - not in software yet
2025-04-15 15:37:43,432[1484] - EC_Lab_Win11 - INFO - attempting to open EC_Lab_Win11, trial 1 in 3 times...
2025-04-15 15:38:18,218[1484] - RobotTest_AcidicPlatform - INFO - human operating, fail to detect...
2025-04-15 15:47:35,769[1484] - RobotTest_AcidicPlatform - INFO - human operating, fail to detect...
2025-04-15 15:47:45,776[1484] - RobotTest_AcidicPlatform - INFO - human operating, fail to detect...
2025-04-15 16:04:20,028[1484] - EC_Lab_Win11 - INFO - test is complete
2025-04-15 16:04:20,028[1484] - RobotTest_AcidicPlatform - INFO - test MOR_PtX_6or8_comp_trial1_sample#30_2025-04-15_15-36-57 finished
2025-04-15 16:04:20,222[1484] - OBS_Win - INFO - not in software yet
2025-04-15 16:04:20,527[1484] - OBS_Win - INFO - attempting to open OBS_Win, trial 1 in 3 times...
2025-04-15 16:04:24,137[1484] - OBS_Win - INFO - OBS_Win started
2025-04-15 16:04:24,138[1484] - RobotTest_AcidicPlatform - INFO - unloading the sample to rack_id #0...
2025-04-15 16:05:23,828[1484] - RobotTest_AcidicPlatform - INFO - sample successfully unloaded from the cell
2025-04-15 16:05:27,527[1484] - OBS_Win - INFO - OBS_Win stopped
2025-04-15 16:19:15,928[1484] - RobotTest_AcidicPlatform - INFO - started a batch of test, with sample_rack_id : sample_id = {30: 31, 31: 32, 32: 33}
2025-04-15 16:19:21,936[1484] - OBS_Win - INFO - not in software yet
2025-04-15 16:19:22,255[1484] - OBS_Win - INFO - attempting to open OBS_Win, trial 1 in 3 times...
2025-04-15 16:19:25,889[1484] - OBS_Win - INFO - OBS_Win started
2025-04-15 16:19:25,889[1484] - RobotTest_AcidicPlatform - INFO - loading the sample from rack_id #30...
2025-04-15 16:20:03,766[1484] - RobotTest_AcidicPlatform - INFO - sample successfully loaded into the cell
2025-04-15 16:20:04,380[1484] - OBS_Win - INFO - OBS_Win stopped
2025-04-15 16:20:07,635[1484] - EC_Lab_Win11 - INFO - not in software yet
2025-04-15 16:20:07,963[1484] - EC_Lab_Win11 - INFO - attempting to open EC_Lab_Win11, trial 1 in 3 times...
2025-04-15 16:46:37,465[1484] - EC_Lab_Win11 - INFO - test is complete
2025-04-15 16:46:37,465[1484] - RobotTest_AcidicPlatform - INFO - test MOR_PtX_6or8_comp_trial1_sample#31_2025-04-15_16-19-21 finished
2025-04-15 16:46:37,654[1484] - OBS_Win - INFO - not in software yet
2025-04-15 16:46:37,946[1484] - OBS_Win - INFO - attempting to open OBS_Win, trial 1 in 3 times...
2025-04-15 16:46:41,574[1484] - OBS_Win - INFO - OBS_Win started
2025-04-15 16:46:41,574[1484] - RobotTest_AcidicPlatform - INFO - unloading the sample to rack_id #30...
2025-04-15 16:47:40,907[1484] - RobotTest_AcidicPlatform - INFO - sample successfully unloaded from the cell
2025-04-15 16:47:44,622[1484] - OBS_Win - INFO - OBS_Win stopped
2025-04-15 16:47:45,128[1484] - OBS_Win - WARNING - cannot find ['OBS_start_record.png'] on screen
2025-04-15 16:47:48,496[1484] - OBS_Win - INFO - OBS_Win started
2025-04-15 16:47:48,496[1484] - RobotTest_AcidicPlatform - INFO - loading the sample from rack_id #31...
2025-04-15 16:48:20,001[1484] - RobotTest_AcidicPlatform - INFO - sample successfully loaded into the cell
2025-04-15 16:48:20,633[1484] - OBS_Win - INFO - OBS_Win stopped
2025-04-15 16:48:23,892[1484] - EC_Lab_Win11 - INFO - not in software yet
2025-04-15 16:48:24,240[1484] - EC_Lab_Win11 - INFO - attempting to open EC_Lab_Win11, trial 1 in 3 times...
2025-04-15 17:14:53,459[1484] - EC_Lab_Win11 - INFO - test is complete
2025-04-15 17:14:53,459[1484] - RobotTest_AcidicPlatform - INFO - test MOR_PtX_6or8_comp_trial1_sample#32_2025-04-15_16-47-44 finished
2025-04-15 17:14:53,646[1484] - OBS_Win - INFO - not in software yet
2025-04-15 17:14:53,950[1484] - OBS_Win - INFO - attempting to open OBS_Win, trial 1 in 3 times...
2025-04-15 17:14:57,766[1484] - OBS_Win - INFO - OBS_Win started
2025-04-15 17:14:57,766[1484] - RobotTest_AcidicPlatform - INFO - unloading the sample to rack_id #31...
2025-04-15 17:15:57,151[1484] - RobotTest_AcidicPlatform - INFO - sample successfully unloaded from the cell
2025-04-15 17:16:00,904[1484] - OBS_Win - INFO - OBS_Win stopped
2025-04-15 17:16:01,488[1484] - OBS_Win - WARNING - cannot find ['OBS_start_record.png'] on screen
2025-04-15 17:16:04,906[1484] - OBS_Win - INFO - OBS_Win started
2025-04-15 17:16:04,906[1484] - RobotTest_AcidicPlatform - INFO - loading the sample from rack_id #32...
2025-04-15 17:16:37,225[1484] - RobotTest_AcidicPlatform - INFO - sample successfully loaded into the cell
2025-04-15 17:16:38,038[1484] - OBS_Win - INFO - OBS_Win stopped
2025-04-15 17:16:41,362[1484] - EC_Lab_Win11 - INFO - not in software yet
2025-04-15 17:16:41,769[1484] - EC_Lab_Win11 - INFO - attempting to open EC_Lab_Win11, trial 1 in 3 times...
2025-04-15 17:43:11,250[1484] - EC_Lab_Win11 - INFO - test is complete
2025-04-15 17:43:11,250[1484] - RobotTest_AcidicPlatform - INFO - test MOR_PtX_6or8_comp_trial1_sample#33_2025-04-15_17-16-00 finished
2025-04-15 17:43:11,433[1484] - OBS_Win - INFO - not in software yet
2025-04-15 17:43:11,737[1484] - OBS_Win - INFO - attempting to open OBS_Win, trial 1 in 3 times...
2025-04-15 17:43:15,505[1484] - OBS_Win - INFO - OBS_Win started
2025-04-15 17:43:15,505[1484] - RobotTest_AcidicPlatform - INFO - unloading the sample to rack_id #32...
2025-04-15 17:44:14,407[1484] - RobotTest_AcidicPlatform - INFO - sample successfully unloaded from the cell
2025-04-15 17:44:18,215[1484] - OBS_Win - INFO - OBS_Win stopped
2025-04-15 18:34:20,989[2944] - RobotTest_AcidicPlatform - INFO - started a batch of test, with sample_rack_id : sample_id = {0: 1, 1: 2, 2: 3, 3: 4, 4: 5, 5: 6, 6: 7, 7: 8, 8: 9, 9: 10, 10: 11, 11: 12, 12: 13, 13: 14, 14: 15, 15: 16, 16: 17, 17: 18, 18: 19, 19: 20, 20: 21, 21: 22, 22: 23, 23: 24, 24: 25, 25: 26, 26: 27, 27: 28, 28: 29, 29: 30, 30: 31, 31: 32, 32: 33}
2025-04-15 18:34:27,003[2944] - OBS_Win - INFO - not in software yet
2025-04-15 18:34:27,345[2944] - OBS_Win - INFO - attempting to open OBS_Win, trial 1 in 3 times...
2025-04-15 18:34:30,977[2944] - OBS_Win - INFO - OBS_Win started
2025-04-15 18:34:30,977[2944] - RobotTest_AcidicPlatform - INFO - loading the sample from rack_id #0...
2025-04-15 18:35:10,118[2944] - RobotTest_AcidicPlatform - INFO - sample successfully loaded into the cell
2025-04-15 18:35:10,831[2944] - OBS_Win - INFO - OBS_Win stopped
2025-04-15 18:35:14,090[2944] - EC_Lab_Win11 - INFO - not in software yet
2025-04-15 18:35:14,427[2944] - EC_Lab_Win11 - INFO - attempting to open EC_Lab_Win11, trial 1 in 3 times...
2025-04-15 19:02:38,882[2944] - EC_Lab_Win11 - INFO - test is complete
2025-04-15 19:02:38,882[2944] - RobotTest_AcidicPlatform - INFO - test MOR_PtX_6or8_comp_trial1_sample#1_2025-04-15_18-34-26 finished
2025-04-15 19:02:39,071[2944] - OBS_Win - INFO - not in software yet
2025-04-15 19:02:39,377[2944] - OBS_Win - INFO - attempting to open OBS_Win, trial 1 in 3 times...
2025-04-15 19:02:42,976[2944] - OBS_Win - INFO - OBS_Win started
2025-04-15 19:02:42,976[2944] - RobotTest_AcidicPlatform - INFO - unloading the sample to rack_id #0...
2025-04-15 19:03:42,555[2944] - RobotTest_AcidicPlatform - INFO - sample successfully unloaded from the cell
2025-04-15 19:03:46,188[2944] - OBS_Win - INFO - OBS_Win stopped
2025-04-15 19:03:46,707[2944] - OBS_Win - WARNING - cannot find ['OBS_start_record.png'] on screen
2025-04-15 19:03:50,085[2944] - OBS_Win - INFO - OBS_Win started
2025-04-15 19:03:50,085[2944] - RobotTest_AcidicPlatform - INFO - loading the sample from rack_id #1...
2025-04-15 19:04:22,028[2944] - RobotTest_AcidicPlatform - INFO - sample successfully loaded into the cell
2025-04-15 19:04:22,658[2944] - OBS_Win - INFO - OBS_Win stopped
2025-04-15 19:04:25,901[2944] - EC_Lab_Win11 - INFO - not in software yet
2025-04-15 19:04:26,256[2944] - EC_Lab_Win11 - INFO - attempting to open EC_Lab_Win11, trial 1 in 3 times...
2025-04-15 19:27:10,125[2944] - RobotTest_AcidicPlatform - INFO - human operating, fail to detect...
2025-04-15 19:27:20,132[2944] - RobotTest_AcidicPlatform - INFO - human operating, fail to detect...
2025-04-15 19:27:30,919[2944] - EC_Lab_Win11 - INFO - not in software yet
2025-04-15 19:27:31,216[2944] - EC_Lab_Win11 - INFO - attempting to open EC_Lab_Win11, trial 1 in 3 times...
2025-04-15 19:27:34,419[2944] - EC_Lab_Win11 - INFO - not in software yet
2025-04-15 19:27:34,724[2944] - EC_Lab_Win11 - INFO - attempting to open EC_Lab_Win11, trial 2 in 3 times...
2025-04-15 19:31:55,093[2944] - EC_Lab_Win11 - INFO - test is complete
2025-04-15 19:31:55,093[2944] - RobotTest_AcidicPlatform - INFO - test MOR_PtX_6or8_comp_trial1_sample#2_2025-04-15_19-03-46 finished
2025-04-15 19:31:55,286[2944] - OBS_Win - INFO - not in software yet
2025-04-15 19:31:55,581[2944] - OBS_Win - INFO - attempting to open OBS_Win, trial 1 in 3 times...
2025-04-15 19:31:59,100[2944] - OBS_Win - INFO - OBS_Win started
2025-04-15 19:31:59,100[2944] - RobotTest_AcidicPlatform - INFO - unloading the sample to rack_id #1...
2025-04-15 19:32:58,227[2944] - RobotTest_AcidicPlatform - INFO - sample successfully unloaded from the cell
2025-04-15 19:33:01,752[2944] - OBS_Win - INFO - OBS_Win stopped
2025-04-15 19:33:02,162[2944] - OBS_Win - WARNING - cannot find ['OBS_start_record.png'] on screen
2025-04-15 19:33:05,477[2944] - OBS_Win - INFO - OBS_Win started
2025-04-15 19:33:05,477[2944] - RobotTest_AcidicPlatform - INFO - loading the sample from rack_id #2...
2025-04-15 19:33:37,715[2944] - RobotTest_AcidicPlatform - INFO - sample successfully loaded into the cell
2025-04-15 19:33:38,267[2944] - OBS_Win - INFO - OBS_Win stopped
2025-04-15 19:33:41,467[2944] - EC_Lab_Win11 - INFO - not in software yet
2025-04-15 19:33:41,785[2944] - EC_Lab_Win11 - INFO - attempting to open EC_Lab_Win11, trial 1 in 3 times...
2025-04-15 19:39:17,874[2944] - RobotTest_AcidicPlatform - INFO - human operating, fail to detect...
2025-04-15 19:39:27,874[2944] - RobotTest_AcidicPlatform - INFO - human operating, fail to detect...
2025-04-15 19:39:37,875[2944] - RobotTest_AcidicPlatform - INFO - human operating, fail to detect...
2025-04-15 19:39:47,881[2944] - RobotTest_AcidicPlatform - INFO - human operating, fail to detect...
2025-04-15 19:39:58,648[2944] - EC_Lab_Win11 - INFO - not in software yet
2025-04-15 19:39:58,944[2944] - EC_Lab_Win11 - INFO - attempting to open EC_Lab_Win11, trial 1 in 3 times...
2025-04-15 19:40:02,150[2944] - EC_Lab_Win11 - INFO - not in software yet
2025-04-15 19:40:02,453[2944] - EC_Lab_Win11 - INFO - attempting to open EC_Lab_Win11, trial 2 in 3 times...
2025-04-15 20:00:22,652[2944] - EC_Lab_Win11 - INFO - test is complete
2025-04-15 20:00:22,653[2944] - RobotTest_AcidicPlatform - INFO - test MOR_PtX_6or8_comp_trial1_sample#3_2025-04-15_19-33-01 finished
2025-04-15 20:00:22,840[2944] - OBS_Win - INFO - not in software yet
2025-04-15 20:00:23,147[2944] - OBS_Win - INFO - attempting to open OBS_Win, trial 1 in 3 times...
2025-04-15 20:00:26,676[2944] - OBS_Win - INFO - OBS_Win started
2025-04-15 20:00:26,676[2944] - RobotTest_AcidicPlatform - INFO - unloading the sample to rack_id #2...
2025-04-15 20:01:25,421[2944] - RobotTest_AcidicPlatform - INFO - sample successfully unloaded from the cell
2025-04-15 20:01:28,984[2944] - OBS_Win - INFO - OBS_Win stopped
2025-04-15 20:01:29,419[2944] - OBS_Win - WARNING - cannot find ['OBS_start_record.png'] on screen
2025-04-15 20:01:32,738[2944] - OBS_Win - INFO - OBS_Win started
2025-04-15 20:01:32,738[2944] - RobotTest_AcidicPlatform - INFO - loading the sample from rack_id #3...
2025-04-15 20:02:05,576[2944] - RobotTest_AcidicPlatform - INFO - sample successfully loaded into the cell
2025-04-15 20:02:06,095[2944] - OBS_Win - INFO - OBS_Win stopped
2025-04-15 20:02:09,303[2944] - EC_Lab_Win11 - INFO - not in software yet
2025-04-15 20:02:09,610[2944] - EC_Lab_Win11 - INFO - attempting to open EC_Lab_Win11, trial 1 in 3 times...
2025-04-15 20:30:06,268[2944] - EC_Lab_Win11 - INFO - test is complete
2025-04-15 20:30:06,268[2944] - RobotTest_AcidicPlatform - INFO - test MOR_PtX_6or8_comp_trial1_sample#4_2025-04-15_20-01-28 finished
2025-04-15 20:30:06,456[2944] - OBS_Win - INFO - not in software yet
2025-04-15 20:30:06,788[2944] - OBS_Win - INFO - attempting to open OBS_Win, trial 1 in 3 times...
2025-04-15 20:30:10,319[2944] - OBS_Win - INFO - OBS_Win started
2025-04-15 20:30:10,319[2944] - RobotTest_AcidicPlatform - INFO - unloading the sample to rack_id #3...
2025-04-15 20:31:08,628[2944] - RobotTest_AcidicPlatform - INFO - sample successfully unloaded from the cell
2025-04-15 20:31:12,254[2944] - OBS_Win - INFO - OBS_Win stopped
2025-04-15 20:31:12,656[2944] - OBS_Win - WARNING - cannot find ['OBS_start_record.png'] on screen
2025-04-15 20:31:15,956[2944] - OBS_Win - INFO - OBS_Win started
2025-04-15 20:31:15,956[2944] - RobotTest_AcidicPlatform - INFO - loading the sample from rack_id #4...
2025-04-15 20:31:49,072[2944] - RobotTest_AcidicPlatform - INFO - sample successfully loaded into the cell
2025-04-15 20:31:49,593[2944] - OBS_Win - INFO - OBS_Win stopped
2025-04-15 20:31:52,793[2944] - EC_Lab_Win11 - INFO - not in software yet
2025-04-15 20:31:53,094[2944] - EC_Lab_Win11 - INFO - attempting to open EC_Lab_Win11, trial 1 in 3 times...
2025-04-15 20:59:15,643[2944] - EC_Lab_Win11 - INFO - test is complete
2025-04-15 20:59:15,643[2944] - RobotTest_AcidicPlatform - INFO - test MOR_PtX_6or8_comp_trial1_sample#5_2025-04-15_20-31-12 finished
2025-04-15 20:59:15,828[2944] - OBS_Win - INFO - not in software yet
2025-04-15 20:59:16,124[2944] - OBS_Win - INFO - attempting to open OBS_Win, trial 1 in 3 times...
2025-04-15 20:59:19,652[2944] - OBS_Win - INFO - OBS_Win started
2025-04-15 20:59:19,652[2944] - RobotTest_AcidicPlatform - INFO - unloading the sample to rack_id #4...
2025-04-15 21:00:17,655[2944] - RobotTest_AcidicPlatform - INFO - sample successfully unloaded from the cell
2025-04-15 21:00:21,214[2944] - OBS_Win - INFO - OBS_Win stopped
2025-04-15 21:00:21,616[2944] - OBS_Win - WARNING - cannot find ['OBS_start_record.png'] on screen
2025-04-15 21:00:24,937[2944] - OBS_Win - INFO - OBS_Win started
2025-04-15 21:00:24,937[2944] - RobotTest_AcidicPlatform - INFO - loading the sample from rack_id #5...
2025-04-15 21:00:58,587[2944] - RobotTest_AcidicPlatform - INFO - sample successfully loaded into the cell
2025-04-15 21:00:59,124[2944] - OBS_Win - INFO - OBS_Win stopped
2025-04-15 21:01:02,327[2944] - EC_Lab_Win11 - INFO - not in software yet
2025-04-15 21:01:02,637[2944] - EC_Lab_Win11 - INFO - attempting to open EC_Lab_Win11, trial 1 in 3 times...
2025-04-15 21:28:25,734[2944] - EC_Lab_Win11 - INFO - test is complete
2025-04-15 21:28:25,734[2944] - RobotTest_AcidicPlatform - INFO - test MOR_PtX_6or8_comp_trial1_sample#6_2025-04-15_21-00-21 finished
2025-04-15 21:28:25,924[2944] - OBS_Win - INFO - not in software yet
2025-04-15 21:28:26,218[2944] - OBS_Win - INFO - attempting to open OBS_Win, trial 1 in 3 times...
2025-04-15 21:28:29,740[2944] - OBS_Win - INFO - OBS_Win started
2025-04-15 21:28:29,740[2944] - RobotTest_AcidicPlatform - INFO - unloading the sample to rack_id #5...
2025-04-15 21:29:27,265[2944] - RobotTest_AcidicPlatform - INFO - sample successfully unloaded from the cell
2025-04-15 21:29:30,835[2944] - OBS_Win - INFO - OBS_Win stopped
2025-04-15 21:29:31,249[2944] - OBS_Win - WARNING - cannot find ['OBS_start_record.png'] on screen
2025-04-15 21:29:34,569[2944] - OBS_Win - INFO - OBS_Win started
2025-04-15 21:29:34,569[2944] - RobotTest_AcidicPlatform - INFO - loading the sample from rack_id #6...
2025-04-15 21:30:08,689[2944] - RobotTest_AcidicPlatform - INFO - sample successfully loaded into the cell
2025-04-15 21:30:09,222[2944] - OBS_Win - INFO - OBS_Win stopped
2025-04-15 21:30:12,424[2944] - EC_Lab_Win11 - INFO - not in software yet
2025-04-15 21:30:12,720[2944] - EC_Lab_Win11 - INFO - attempting to open EC_Lab_Win11, trial 1 in 3 times...
2025-04-15 21:57:35,395[2944] - EC_Lab_Win11 - INFO - test is complete
2025-04-15 21:57:35,396[2944] - RobotTest_AcidicPlatform - INFO - test MOR_PtX_6or8_comp_trial1_sample#7_2025-04-15_21-29-30 finished
2025-04-15 21:57:35,583[2944] - OBS_Win - INFO - not in software yet
2025-04-15 21:57:35,882[2944] - OBS_Win - INFO - attempting to open OBS_Win, trial 1 in 3 times...
2025-04-15 21:57:39,408[2944] - OBS_Win - INFO - OBS_Win started
2025-04-15 21:57:39,408[2944] - RobotTest_AcidicPlatform - INFO - unloading the sample to rack_id #6...
2025-04-15 21:58:36,340[2944] - RobotTest_AcidicPlatform - INFO - sample successfully unloaded from the cell
2025-04-15 21:58:39,902[2944] - OBS_Win - INFO - OBS_Win stopped
2025-04-15 21:58:40,336[2944] - OBS_Win - WARNING - cannot find ['OBS_start_record.png'] on screen
2025-04-15 21:58:43,641[2944] - OBS_Win - INFO - OBS_Win started
2025-04-15 21:58:43,641[2944] - RobotTest_AcidicPlatform - INFO - loading the sample from rack_id #7...
2025-04-15 21:59:18,008[2944] - RobotTest_AcidicPlatform - INFO - sample successfully loaded into the cell
2025-04-15 21:59:18,544[2944] - OBS_Win - INFO - OBS_Win stopped
2025-04-15 21:59:21,754[2944] - EC_Lab_Win11 - INFO - not in software yet
2025-04-15 21:59:22,060[2944] - EC_Lab_Win11 - INFO - attempting to open EC_Lab_Win11, trial 1 in 3 times...
2025-04-15 22:26:44,776[2944] - EC_Lab_Win11 - INFO - test is complete
2025-04-15 22:26:44,776[2944] - RobotTest_AcidicPlatform - INFO - test MOR_PtX_6or8_comp_trial1_sample#8_2025-04-15_21-58-39 finished
2025-04-15 22:26:44,965[2944] - OBS_Win - INFO - not in software yet
2025-04-15 22:26:45,259[2944] - OBS_Win - INFO - attempting to open OBS_Win, trial 1 in 3 times...
2025-04-15 22:26:48,784[2944] - OBS_Win - INFO - OBS_Win started
2025-04-15 22:26:48,784[2944] - RobotTest_AcidicPlatform - INFO - unloading the sample to rack_id #7...
2025-04-15 22:27:45,366[2944] - RobotTest_AcidicPlatform - INFO - sample successfully unloaded from the cell
2025-04-15 22:27:48,952[2944] - OBS_Win - INFO - OBS_Win stopped
2025-04-15 22:27:49,385[2944] - OBS_Win - WARNING - cannot find ['OBS_start_record.png'] on screen
2025-04-15 22:27:52,697[2944] - OBS_Win - INFO - OBS_Win started
2025-04-15 22:27:52,697[2944] - RobotTest_AcidicPlatform - INFO - loading the sample from rack_id #8...
2025-04-15 22:28:27,698[2944] - RobotTest_AcidicPlatform - INFO - sample successfully loaded into the cell
2025-04-15 22:28:28,235[2944] - OBS_Win - INFO - OBS_Win stopped
2025-04-15 22:28:31,430[2944] - EC_Lab_Win11 - INFO - not in software yet
2025-04-15 22:28:31,727[2944] - EC_Lab_Win11 - INFO - attempting to open EC_Lab_Win11, trial 1 in 3 times...
2025-04-15 22:55:54,553[2944] - EC_Lab_Win11 - INFO - test is complete
2025-04-15 22:55:54,553[2944] - RobotTest_AcidicPlatform - INFO - test MOR_PtX_6or8_comp_trial1_sample#9_2025-04-15_22-27-48 finished
2025-04-15 22:55:54,738[2944] - OBS_Win - INFO - not in software yet
2025-04-15 22:55:55,054[2944] - OBS_Win - INFO - attempting to open OBS_Win, trial 1 in 3 times...
2025-04-15 22:55:58,583[2944] - OBS_Win - INFO - OBS_Win started
2025-04-15 22:55:58,583[2944] - RobotTest_AcidicPlatform - INFO - unloading the sample to rack_id #8...
2025-04-15 22:56:55,282[2944] - RobotTest_AcidicPlatform - INFO - sample successfully unloaded from the cell
2025-04-15 22:56:58,851[2944] - OBS_Win - INFO - OBS_Win stopped
2025-04-15 22:56:59,283[2944] - OBS_Win - WARNING - cannot find ['OBS_start_record.png'] on screen
2025-04-15 22:57:02,601[2944] - OBS_Win - INFO - OBS_Win started
2025-04-15 22:57:02,601[2944] - RobotTest_AcidicPlatform - INFO - loading the sample from rack_id #9...
2025-04-15 22:57:37,670[2944] - RobotTest_AcidicPlatform - INFO - sample successfully loaded into the cell
2025-04-15 22:57:38,207[2944] - OBS_Win - INFO - OBS_Win stopped
2025-04-15 22:57:41,412[2944] - EC_Lab_Win11 - INFO - not in software yet
2025-04-15 22:57:41,719[2944] - EC_Lab_Win11 - INFO - attempting to open EC_Lab_Win11, trial 1 in 3 times...
2025-04-15 22:58:27,629[2944] - RobotTest_AcidicPlatform - INFO - human operating, fail to detect...
2025-04-15 22:58:37,637[2944] - RobotTest_AcidicPlatform - INFO - human operating, fail to detect...
2025-04-15 22:58:47,642[2944] - RobotTest_AcidicPlatform - INFO - human operating, fail to detect...
2025-04-15 22:58:57,651[2944] - RobotTest_AcidicPlatform - INFO - human operating, fail to detect...
2025-04-15 22:59:07,653[2944] - RobotTest_AcidicPlatform - INFO - human operating, fail to detect...
2025-04-15 22:59:17,667[2944] - RobotTest_AcidicPlatform - INFO - human operating, fail to detect...
2025-04-15 23:00:57,119[2944] - RobotTest_AcidicPlatform - INFO - human operating, fail to detect...
2025-04-15 23:01:52,591[2944] - EC_Lab_Win11 - INFO - not in software yet
2025-04-15 23:01:52,894[2944] - EC_Lab_Win11 - INFO - attempting to open EC_Lab_Win11, trial 1 in 3 times...
2025-04-15 23:01:56,105[2944] - EC_Lab_Win11 - INFO - not in software yet
2025-04-15 23:01:56,392[2944] - EC_Lab_Win11 - INFO - attempting to open EC_Lab_Win11, trial 2 in 3 times...
2025-04-15 23:25:03,722[2944] - EC_Lab_Win11 - INFO - test is complete
2025-04-15 23:25:03,723[2944] - RobotTest_AcidicPlatform - INFO - test MOR_PtX_6or8_comp_trial1_sample#10_2025-04-15_22-56-58 finished
2025-04-15 23:25:03,915[2944] - OBS_Win - INFO - not in software yet
2025-04-15 23:25:04,230[2944] - OBS_Win - INFO - attempting to open OBS_Win, trial 1 in 3 times...
2025-04-15 23:25:07,748[2944] - OBS_Win - INFO - OBS_Win started
2025-04-15 23:25:07,748[2944] - RobotTest_AcidicPlatform - INFO - unloading the sample to rack_id #9...
2025-04-15 23:26:04,842[2944] - RobotTest_AcidicPlatform - INFO - sample successfully unloaded from the cell
2025-04-15 23:26:08,380[2944] - OBS_Win - INFO - OBS_Win stopped
2025-04-15 23:26:08,795[2944] - OBS_Win - WARNING - cannot find ['OBS_start_record.png'] on screen
2025-04-15 23:26:12,124[2944] - OBS_Win - INFO - OBS_Win started
2025-04-15 23:26:12,124[2944] - RobotTest_AcidicPlatform - INFO - loading the sample from rack_id #10...
2025-04-15 23:26:47,902[2944] - RobotTest_AcidicPlatform - INFO - sample successfully loaded into the cell
2025-04-15 23:26:48,439[2944] - OBS_Win - INFO - OBS_Win stopped
2025-04-15 23:26:51,653[2944] - EC_Lab_Win11 - INFO - not in software yet
2025-04-15 23:26:51,956[2944] - EC_Lab_Win11 - INFO - attempting to open EC_Lab_Win11, trial 1 in 3 times...
2025-04-15 23:40:50,226[2944] - RobotTest_AcidicPlatform - INFO - human operating, fail to detect...
2025-04-15 23:41:22,583[2944] - RobotTest_AcidicPlatform - INFO - human operating, fail to detect...
2025-04-15 23:41:32,587[2944] - RobotTest_AcidicPlatform - INFO - human operating, fail to detect...
2025-04-15 23:42:16,086[2944] - RobotTest_AcidicPlatform - INFO - human operating, fail to detect...
2025-04-15 23:42:26,087[2944] - RobotTest_AcidicPlatform - INFO - human operating, fail to detect...
2025-04-15 23:42:36,089[2944] - RobotTest_AcidicPlatform - INFO - human operating, fail to detect...
2025-04-15 23:42:46,093[2944] - RobotTest_AcidicPlatform - INFO - human operating, fail to detect...
2025-04-15 23:42:56,107[2944] - RobotTest_AcidicPlatform - INFO - human operating, fail to detect...
2025-04-15 23:43:06,859[2944] - EC_Lab_Win11 - INFO - not in software yet
2025-04-15 23:43:07,160[2944] - EC_Lab_Win11 - INFO - attempting to open EC_Lab_Win11, trial 1 in 3 times...
2025-04-15 23:43:10,349[2944] - EC_Lab_Win11 - INFO - not in software yet
2025-04-15 23:43:10,668[2944] - EC_Lab_Win11 - INFO - attempting to open EC_Lab_Win11, trial 2 in 3 times...
2025-04-15 23:54:22,346[2944] - EC_Lab_Win11 - INFO - test is complete
2025-04-15 23:54:22,346[2944] - RobotTest_AcidicPlatform - INFO - test MOR_PtX_6or8_comp_trial1_sample#11_2025-04-15_23-26-08 finished
2025-04-15 23:54:22,531[2944] - OBS_Win - INFO - not in software yet
2025-04-15 23:54:22,834[2944] - OBS_Win - INFO - attempting to open OBS_Win, trial 1 in 3 times...
2025-04-15 23:54:26,363[2944] - OBS_Win - INFO - OBS_Win started
2025-04-15 23:54:26,363[2944] - RobotTest_AcidicPlatform - INFO - unloading the sample to rack_id #10...
2025-04-15 23:55:23,800[2944] - RobotTest_AcidicPlatform - INFO - sample successfully unloaded from the cell
2025-04-15 23:55:27,343[2944] - OBS_Win - INFO - OBS_Win stopped
2025-04-15 23:55:27,761[2944] - OBS_Win - WARNING - cannot find ['OBS_start_record.png'] on screen
2025-04-15 23:55:31,084[2944] - OBS_Win - INFO - OBS_Win started
2025-04-15 23:55:31,084[2944] - RobotTest_AcidicPlatform - INFO - loading the sample from rack_id #11...
2025-04-15 23:56:07,148[2944] - RobotTest_AcidicPlatform - INFO - sample successfully loaded into the cell
2025-04-15 23:56:07,697[2944] - OBS_Win - INFO - OBS_Win stopped
2025-04-15 23:56:10,902[2944] - EC_Lab_Win11 - INFO - not in software yet
2025-04-15 23:56:11,215[2944] - EC_Lab_Win11 - INFO - attempting to open EC_Lab_Win11, trial 1 in 3 times...
2025-04-16 00:23:33,710[2944] - EC_Lab_Win11 - INFO - test is complete
2025-04-16 00:23:33,711[2944] - RobotTest_AcidicPlatform - INFO - test MOR_PtX_6or8_comp_trial1_sample#12_2025-04-15_23-55-27 finished
2025-04-16 00:23:33,899[2944] - OBS_Win - INFO - not in software yet
2025-04-16 00:23:34,204[2944] - OBS_Win - INFO - attempting to open OBS_Win, trial 1 in 3 times...
2025-04-16 00:23:37,710[2944] - OBS_Win - INFO - OBS_Win started
2025-04-16 00:23:37,710[2944] - RobotTest_AcidicPlatform - INFO - unloading the sample to rack_id #11...
2025-04-16 00:24:35,539[2944] - RobotTest_AcidicPlatform - INFO - sample successfully unloaded from the cell
2025-04-16 00:24:39,122[2944] - OBS_Win - INFO - OBS_Win stopped
2025-04-16 00:24:39,541[2944] - OBS_Win - WARNING - cannot find ['OBS_start_record.png'] on screen
2025-04-16 00:24:42,858[2944] - OBS_Win - INFO - OBS_Win started
2025-04-16 00:24:42,858[2944] - RobotTest_AcidicPlatform - INFO - loading the sample from rack_id #12...
2025-04-16 00:25:19,588[2944] - RobotTest_AcidicPlatform - INFO - sample successfully loaded into the cell
2025-04-16 00:25:20,122[2944] - OBS_Win - INFO - OBS_Win stopped
2025-04-16 00:25:23,339[2944] - EC_Lab_Win11 - INFO - not in software yet
2025-04-16 00:25:23,630[2944] - EC_Lab_Win11 - INFO - attempting to open EC_Lab_Win11, trial 1 in 3 times...
2025-04-16 00:52:46,245[2944] - EC_Lab_Win11 - INFO - test is complete
2025-04-16 00:52:46,245[2944] - RobotTest_AcidicPlatform - INFO - test MOR_PtX_6or8_comp_trial1_sample#13_2025-04-16_00-24-39 finished
2025-04-16 00:52:46,434[2944] - OBS_Win - INFO - not in software yet
2025-04-16 00:52:46,739[2944] - OBS_Win - INFO - attempting to open OBS_Win, trial 1 in 3 times...
2025-04-16 00:52:50,269[2944] - OBS_Win - INFO - OBS_Win started
2025-04-16 00:52:50,269[2944] - RobotTest_AcidicPlatform - INFO - unloading the sample to rack_id #12...
2025-04-16 00:53:48,692[2944] - RobotTest_AcidicPlatform - INFO - sample successfully unloaded from the cell
2025-04-16 00:53:52,254[2944] - OBS_Win - INFO - OBS_Win stopped
2025-04-16 00:53:52,679[2944] - OBS_Win - WARNING - cannot find ['OBS_start_record.png'] on screen
2025-04-16 00:53:56,008[2944] - OBS_Win - INFO - OBS_Win started
2025-04-16 00:53:56,008[2944] - RobotTest_AcidicPlatform - INFO - loading the sample from rack_id #13...
2025-04-16 00:54:32,947[2944] - RobotTest_AcidicPlatform - INFO - sample successfully loaded into the cell
2025-04-16 00:54:33,504[2944] - OBS_Win - INFO - OBS_Win stopped
2025-04-16 00:54:36,693[2944] - EC_Lab_Win11 - INFO - not in software yet
2025-04-16 00:54:36,995[2944] - EC_Lab_Win11 - INFO - attempting to open EC_Lab_Win11, trial 1 in 3 times...
2025-04-16 01:21:59,219[2944] - EC_Lab_Win11 - INFO - test is complete
2025-04-16 01:21:59,220[2944] - RobotTest_AcidicPlatform - INFO - test MOR_PtX_6or8_comp_trial1_sample#14_2025-04-16_00-53-52 finished
2025-04-16 01:21:59,410[2944] - OBS_Win - INFO - not in software yet
2025-04-16 01:21:59,710[2944] - OBS_Win - INFO - attempting to open OBS_Win, trial 1 in 3 times...
2025-04-16 01:22:03,224[2944] - OBS_Win - INFO - OBS_Win started
2025-04-16 01:22:03,224[2944] - RobotTest_AcidicPlatform - INFO - unloading the sample to rack_id #13...
2025-04-16 01:23:01,982[2944] - RobotTest_AcidicPlatform - INFO - sample successfully unloaded from the cell
2025-04-16 01:23:05,562[2944] - OBS_Win - INFO - OBS_Win stopped
2025-04-16 01:23:05,966[2944] - OBS_Win - WARNING - cannot find ['OBS_start_record.png'] on screen
2025-04-16 01:23:09,282[2944] - OBS_Win - INFO - OBS_Win started
2025-04-16 01:23:09,282[2944] - RobotTest_AcidicPlatform - INFO - loading the sample from rack_id #14...
2025-04-16 01:23:46,672[2944] - RobotTest_AcidicPlatform - INFO - sample successfully loaded into the cell
2025-04-16 01:23:47,220[2944] - OBS_Win - INFO - OBS_Win stopped
2025-04-16 01:23:50,414[2944] - EC_Lab_Win11 - INFO - not in software yet
2025-04-16 01:23:50,723[2944] - EC_Lab_Win11 - INFO - attempting to open EC_Lab_Win11, trial 1 in 3 times...
2025-04-16 01:51:23,080[2944] - EC_Lab_Win11 - INFO - test is complete
2025-04-16 01:51:23,080[2944] - RobotTest_AcidicPlatform - INFO - test MOR_PtX_6or8_comp_trial1_sample#15_2025-04-16_01-23-05 finished
2025-04-16 01:51:23,267[2944] - OBS_Win - INFO - not in software yet
2025-04-16 01:51:23,570[2944] - OBS_Win - INFO - attempting to open OBS_Win, trial 1 in 3 times...
2025-04-16 01:51:27,125[2944] - OBS_Win - INFO - OBS_Win started
2025-04-16 01:51:27,125[2944] - RobotTest_AcidicPlatform - INFO - unloading the sample to rack_id #14...
2025-04-16 01:52:26,282[2944] - RobotTest_AcidicPlatform - INFO - sample successfully unloaded from the cell
2025-04-16 01:52:29,831[2944] - OBS_Win - INFO - OBS_Win stopped
2025-04-16 01:52:30,265[2944] - OBS_Win - WARNING - cannot find ['OBS_start_record.png'] on screen
2025-04-16 01:52:33,582[2944] - OBS_Win - INFO - OBS_Win started
2025-04-16 01:52:33,582[2944] - RobotTest_AcidicPlatform - INFO - loading the sample from rack_id #15...
2025-04-16 01:53:11,378[2944] - RobotTest_AcidicPlatform - INFO - sample successfully loaded into the cell
2025-04-16 01:53:11,909[2944] - OBS_Win - INFO - OBS_Win stopped
2025-04-16 01:53:15,120[2944] - EC_Lab_Win11 - INFO - not in software yet
2025-04-16 01:53:15,425[2944] - EC_Lab_Win11 - INFO - attempting to open EC_Lab_Win11, trial 1 in 3 times...
2025-04-16 02:20:48,120[2944] - EC_Lab_Win11 - INFO - test is complete
2025-04-16 02:20:48,121[2944] - RobotTest_AcidicPlatform - INFO - test MOR_PtX_6or8_comp_trial1_sample#16_2025-04-16_01-52-29 finished
2025-04-16 02:20:48,316[2944] - OBS_Win - INFO - not in software yet
2025-04-16 02:20:48,609[2944] - OBS_Win - INFO - attempting to open OBS_Win, trial 1 in 3 times...
2025-04-16 02:20:52,155[2944] - OBS_Win - INFO - OBS_Win started
2025-04-16 02:20:52,155[2944] - RobotTest_AcidicPlatform - INFO - unloading the sample to rack_id #15...
2025-04-16 02:21:51,798[2944] - RobotTest_AcidicPlatform - INFO - sample successfully unloaded from the cell
2025-04-16 02:21:55,341[2944] - OBS_Win - INFO - OBS_Win stopped
2025-04-16 02:21:55,750[2944] - OBS_Win - WARNING - cannot find ['OBS_start_record.png'] on screen
2025-04-16 02:21:59,050[2944] - OBS_Win - INFO - OBS_Win started
2025-04-16 02:21:59,050[2944] - RobotTest_AcidicPlatform - INFO - loading the sample from rack_id #16...
2025-04-16 02:22:37,355[2944] - RobotTest_AcidicPlatform - INFO - sample successfully loaded into the cell
2025-04-16 02:22:37,885[2944] - OBS_Win - INFO - OBS_Win stopped
2025-04-16 02:22:41,087[2944] - EC_Lab_Win11 - INFO - not in software yet
2025-04-16 02:22:41,393[2944] - EC_Lab_Win11 - INFO - attempting to open EC_Lab_Win11, trial 1 in 3 times...
2025-04-16 02:36:28,653[2944] - EC_Lab_Win11 - INFO - not in software yet
2025-04-16 02:36:28,954[2944] - EC_Lab_Win11 - INFO - attempting to open EC_Lab_Win11, trial 1 in 3 times...
2025-04-16 02:36:32,157[2944] - EC_Lab_Win11 - INFO - not in software yet
2025-04-16 02:36:32,454[2944] - EC_Lab_Win11 - INFO - attempting to open EC_Lab_Win11, trial 2 in 3 times...
2025-04-16 02:50:09,612[2944] - EC_Lab_Win11 - INFO - test is complete
2025-04-16 02:50:09,612[2944] - RobotTest_AcidicPlatform - INFO - test MOR_PtX_6or8_comp_trial1_sample#17_2025-04-16_02-21-55 finished
2025-04-16 02:50:09,796[2944] - OBS_Win - INFO - not in software yet
2025-04-16 02:50:10,102[2944] - OBS_Win - INFO - attempting to open OBS_Win, trial 1 in 3 times...
2025-04-16 02:50:13,627[2944] - OBS_Win - INFO - OBS_Win started
2025-04-16 02:50:13,627[2944] - RobotTest_AcidicPlatform - INFO - unloading the sample to rack_id #16...
2025-04-16 02:51:13,687[2944] - RobotTest_AcidicPlatform - INFO - sample successfully unloaded from the cell
2025-04-16 02:51:17,278[2944] - OBS_Win - INFO - OBS_Win stopped
2025-04-16 02:51:17,692[2944] - OBS_Win - WARNING - cannot find ['OBS_start_record.png'] on screen
2025-04-16 02:51:21,019[2944] - OBS_Win - INFO - OBS_Win started
2025-04-16 02:51:21,019[2944] - RobotTest_AcidicPlatform - INFO - loading the sample from rack_id #17...
2025-04-16 02:51:59,551[2944] - RobotTest_AcidicPlatform - INFO - sample successfully loaded into the cell
2025-04-16 02:52:00,102[2944] - OBS_Win - INFO - OBS_Win stopped
2025-04-16 02:52:03,311[2944] - EC_Lab_Win11 - INFO - not in software yet
2025-04-16 02:52:03,608[2944] - EC_Lab_Win11 - INFO - attempting to open EC_Lab_Win11, trial 1 in 3 times...
2025-04-16 03:19:24,896[2944] - EC_Lab_Win11 - INFO - test is complete
2025-04-16 03:19:24,896[2944] - RobotTest_AcidicPlatform - INFO - test MOR_PtX_6or8_comp_trial1_sample#18_2025-04-16_02-51-17 finished
2025-04-16 03:19:25,084[2944] - OBS_Win - INFO - not in software yet
2025-04-16 03:19:25,391[2944] - OBS_Win - INFO - attempting to open OBS_Win, trial 1 in 3 times...
2025-04-16 03:19:28,934[2944] - OBS_Win - INFO - OBS_Win started
2025-04-16 03:19:28,934[2944] - RobotTest_AcidicPlatform - INFO - unloading the sample to rack_id #17...
2025-04-16 03:20:29,264[2944] - RobotTest_AcidicPlatform - INFO - sample successfully unloaded from the cell
2025-04-16 03:20:32,832[2944] - OBS_Win - INFO - OBS_Win stopped
2025-04-16 03:20:33,258[2944] - OBS_Win - WARNING - cannot find ['OBS_start_record.png'] on screen
2025-04-16 03:20:36,588[2944] - OBS_Win - INFO - OBS_Win started
2025-04-16 03:20:36,588[2944] - RobotTest_AcidicPlatform - INFO - loading the sample from rack_id #18...
2025-04-16 03:21:15,758[2944] - RobotTest_AcidicPlatform - INFO - sample successfully loaded into the cell
2025-04-16 03:21:16,276[2944] - OBS_Win - INFO - OBS_Win stopped
2025-04-16 03:21:19,487[2944] - EC_Lab_Win11 - INFO - not in software yet
2025-04-16 03:21:19,776[2944] - EC_Lab_Win11 - INFO - attempting to open EC_Lab_Win11, trial 1 in 3 times...
2025-04-16 03:48:42,364[2944] - EC_Lab_Win11 - INFO - test is complete
2025-04-16 03:48:42,364[2944] - RobotTest_AcidicPlatform - INFO - test MOR_PtX_6or8_comp_trial1_sample#19_2025-04-16_03-20-32 finished
2025-04-16 03:48:42,550[2944] - OBS_Win - INFO - not in software yet
2025-04-16 03:48:42,848[2944] - OBS_Win - INFO - attempting to open OBS_Win, trial 1 in 3 times...
2025-04-16 03:48:46,374[2944] - OBS_Win - INFO - OBS_Win started
2025-04-16 03:48:46,374[2944] - RobotTest_AcidicPlatform - INFO - unloading the sample to rack_id #18...
2025-04-16 03:49:47,331[2944] - RobotTest_AcidicPlatform - INFO - sample successfully unloaded from the cell
2025-04-16 03:49:50,891[2944] - OBS_Win - INFO - OBS_Win stopped
2025-04-16 03:49:51,303[2944] - OBS_Win - WARNING - cannot find ['OBS_start_record.png'] on screen
2025-04-16 03:49:54,634[2944] - OBS_Win - INFO - OBS_Win started
2025-04-16 03:49:54,634[2944] - RobotTest_AcidicPlatform - INFO - loading the sample from rack_id #19...
2025-04-16 03:50:34,220[2944] - RobotTest_AcidicPlatform - INFO - sample successfully loaded into the cell
2025-04-16 03:50:34,760[2944] - OBS_Win - INFO - OBS_Win stopped
2025-04-16 03:50:37,966[2944] - EC_Lab_Win11 - INFO - not in software yet
2025-04-16 03:50:38,277[2944] - EC_Lab_Win11 - INFO - attempting to open EC_Lab_Win11, trial 1 in 3 times...
2025-04-16 04:18:10,611[2944] - EC_Lab_Win11 - INFO - test is complete
2025-04-16 04:18:10,611[2944] - RobotTest_AcidicPlatform - INFO - test MOR_PtX_6or8_comp_trial1_sample#20_2025-04-16_03-49-50 finished
2025-04-16 04:18:10,827[2944] - OBS_Win - INFO - not in software yet
2025-04-16 04:18:11,126[2944] - OBS_Win - INFO - attempting to open OBS_Win, trial 1 in 3 times...
2025-04-16 04:18:14,663[2944] - OBS_Win - INFO - OBS_Win started
2025-04-16 04:18:14,664[2944] - RobotTest_AcidicPlatform - INFO - unloading the sample to rack_id #19...
2025-04-16 04:19:16,024[2944] - RobotTest_AcidicPlatform - INFO - sample successfully unloaded from the cell
2025-04-16 04:19:19,576[2944] - OBS_Win - INFO - OBS_Win stopped
2025-04-16 04:19:20,006[2944] - OBS_Win - WARNING - cannot find ['OBS_start_record.png'] on screen
2025-04-16 04:19:23,332[2944] - OBS_Win - INFO - OBS_Win started
2025-04-16 04:19:23,332[2944] - RobotTest_AcidicPlatform - INFO - loading the sample from rack_id #20...
2025-04-16 04:20:03,352[2944] - RobotTest_AcidicPlatform - INFO - sample successfully loaded into the cell
2025-04-16 04:20:03,903[2944] - OBS_Win - INFO - OBS_Win stopped
2025-04-16 04:20:07,103[2944] - EC_Lab_Win11 - INFO - not in software yet
2025-04-16 04:20:07,404[2944] - EC_Lab_Win11 - INFO - attempting to open EC_Lab_Win11, trial 1 in 3 times...
2025-04-16 04:47:28,762[2944] - EC_Lab_Win11 - INFO - test is complete
2025-04-16 04:47:28,762[2944] - RobotTest_AcidicPlatform - INFO - test MOR_PtX_6or8_comp_trial1_sample#21_2025-04-16_04-19-19 finished
2025-04-16 04:47:28,950[2944] - OBS_Win - INFO - not in software yet
2025-04-16 04:47:29,246[2944] - OBS_Win - INFO - attempting to open OBS_Win, trial 1 in 3 times...
2025-04-16 04:47:32,785[2944] - OBS_Win - INFO - OBS_Win started
2025-04-16 04:47:32,785[2944] - RobotTest_AcidicPlatform - INFO - unloading the sample to rack_id #20...
2025-04-16 04:48:34,633[2944] - RobotTest_AcidicPlatform - INFO - sample successfully unloaded from the cell
2025-04-16 04:48:38,208[2944] - OBS_Win - INFO - OBS_Win stopped
2025-04-16 04:48:38,618[2944] - OBS_Win - WARNING - cannot find ['OBS_start_record.png'] on screen
2025-04-16 04:48:41,934[2944] - OBS_Win - INFO - OBS_Win started
2025-04-16 04:48:41,934[2944] - RobotTest_AcidicPlatform - INFO - loading the sample from rack_id #21...
2025-04-16 04:49:22,172[2944] - RobotTest_AcidicPlatform - INFO - sample successfully loaded into the cell
2025-04-16 04:49:22,690[2944] - OBS_Win - INFO - OBS_Win stopped
2025-04-16 04:49:25,891[2944] - EC_Lab_Win11 - INFO - not in software yet
2025-04-16 04:49:26,196[2944] - EC_Lab_Win11 - INFO - attempting to open EC_Lab_Win11, trial 1 in 3 times...
2025-04-16 04:50:01,732[2944] - EC_Lab_Win11 - INFO - not in software yet
2025-04-16 04:50:02,044[2944] - EC_Lab_Win11 - INFO - attempting to open EC_Lab_Win11, trial 1 in 3 times...
2025-04-16 04:50:05,246[2944] - EC_Lab_Win11 - INFO - not in software yet
2025-04-16 04:50:05,554[2944] - EC_Lab_Win11 - INFO - attempting to open EC_Lab_Win11, trial 2 in 3 times...
2025-04-16 05:16:54,379[2944] - EC_Lab_Win11 - INFO - test is complete
2025-04-16 05:16:54,379[2944] - RobotTest_AcidicPlatform - INFO - test MOR_PtX_6or8_comp_trial1_sample#22_2025-04-16_04-48-38 finished
2025-04-16 05:16:54,562[2944] - OBS_Win - INFO - not in software yet
2025-04-16 05:16:54,868[2944] - OBS_Win - INFO - attempting to open OBS_Win, trial 1 in 3 times...
2025-04-16 05:16:58,398[2944] - OBS_Win - INFO - OBS_Win started
2025-04-16 05:16:58,401[2944] - RobotTest_AcidicPlatform - INFO - unloading the sample to rack_id #21...
2025-04-16 05:18:00,471[2944] - RobotTest_AcidicPlatform - INFO - sample successfully unloaded from the cell
2025-04-16 05:18:04,032[2944] - OBS_Win - INFO - OBS_Win stopped
2025-04-16 05:18:04,432[2944] - OBS_Win - WARNING - cannot find ['OBS_start_record.png'] on screen
2025-04-16 05:18:07,757[2944] - OBS_Win - INFO - OBS_Win started
2025-04-16 05:18:07,757[2944] - RobotTest_AcidicPlatform - INFO - loading the sample from rack_id #22...
2025-04-16 05:18:48,472[2944] - RobotTest_AcidicPlatform - INFO - sample successfully loaded into the cell
2025-04-16 05:18:49,008[2944] - OBS_Win - INFO - OBS_Win stopped
2025-04-16 05:18:52,208[2944] - EC_Lab_Win11 - INFO - not in software yet
2025-04-16 05:18:52,520[2944] - EC_Lab_Win11 - INFO - attempting to open EC_Lab_Win11, trial 1 in 3 times...
2025-04-16 05:46:13,625[2944] - EC_Lab_Win11 - INFO - test is complete
2025-04-16 05:46:13,626[2944] - RobotTest_AcidicPlatform - INFO - test MOR_PtX_6or8_comp_trial1_sample#23_2025-04-16_05-18-04 finished
2025-04-16 05:46:13,812[2944] - OBS_Win - INFO - not in software yet
2025-04-16 05:46:14,112[2944] - OBS_Win - INFO - attempting to open OBS_Win, trial 1 in 3 times...
2025-04-16 05:46:17,619[2944] - OBS_Win - INFO - OBS_Win started
2025-04-16 05:46:17,619[2944] - RobotTest_AcidicPlatform - INFO - unloading the sample to rack_id #22...
2025-04-16 05:47:20,218[2944] - RobotTest_AcidicPlatform - INFO - sample successfully unloaded from the cell
2025-04-16 05:47:23,766[2944] - OBS_Win - INFO - OBS_Win stopped
2025-04-16 05:47:24,183[2944] - OBS_Win - WARNING - cannot find ['OBS_start_record.png'] on screen
2025-04-16 05:47:27,502[2944] - OBS_Win - INFO - OBS_Win started
2025-04-16 05:47:27,502[2944] - RobotTest_AcidicPlatform - INFO - loading the sample from rack_id #23...
2025-04-16 05:48:08,661[2944] - RobotTest_AcidicPlatform - INFO - sample successfully loaded into the cell
2025-04-16 05:48:09,193[2944] - OBS_Win - INFO - OBS_Win stopped
2025-04-16 05:48:12,388[2944] - EC_Lab_Win11 - INFO - not in software yet
2025-04-16 05:48:12,681[2944] - EC_Lab_Win11 - INFO - attempting to open EC_Lab_Win11, trial 1 in 3 times...
2025-04-16 06:15:35,519[2944] - EC_Lab_Win11 - INFO - test is complete
2025-04-16 06:15:35,519[2944] - RobotTest_AcidicPlatform - INFO - test MOR_PtX_6or8_comp_trial1_sample#24_2025-04-16_05-47-23 finished
2025-04-16 06:15:35,702[2944] - OBS_Win - INFO - not in software yet
2025-04-16 06:15:36,017[2944] - OBS_Win - INFO - attempting to open OBS_Win, trial 1 in 3 times...
2025-04-16 06:15:39,545[2944] - OBS_Win - INFO - OBS_Win started
2025-04-16 06:15:39,545[2944] - RobotTest_AcidicPlatform - INFO - unloading the sample to rack_id #23...
2025-04-16 06:16:42,567[2944] - RobotTest_AcidicPlatform - INFO - sample successfully unloaded from the cell
2025-04-16 06:16:46,087[2944] - OBS_Win - INFO - OBS_Win stopped
2025-04-16 06:16:46,514[2944] - OBS_Win - WARNING - cannot find ['OBS_start_record.png'] on screen
2025-04-16 06:16:49,827[2944] - OBS_Win - INFO - OBS_Win started
2025-04-16 06:16:49,827[2944] - RobotTest_AcidicPlatform - INFO - loading the sample from rack_id #24...
2025-04-16 06:17:31,482[2944] - RobotTest_AcidicPlatform - INFO - sample successfully loaded into the cell
2025-04-16 06:17:32,014[2944] - OBS_Win - INFO - OBS_Win stopped
2025-04-16 06:17:35,213[2944] - EC_Lab_Win11 - INFO - not in software yet
2025-04-16 06:17:35,506[2944] - EC_Lab_Win11 - INFO - attempting to open EC_Lab_Win11, trial 1 in 3 times...
2025-04-16 06:44:56,779[2944] - EC_Lab_Win11 - INFO - test is complete
2025-04-16 06:44:56,779[2944] - RobotTest_AcidicPlatform - INFO - test MOR_PtX_6or8_comp_trial1_sample#25_2025-04-16_06-16-46 finished
2025-04-16 06:44:56,960[2944] - OBS_Win - INFO - not in software yet
2025-04-16 06:44:57,270[2944] - OBS_Win - INFO - attempting to open OBS_Win, trial 1 in 3 times...
2025-04-16 06:45:00,824[2944] - OBS_Win - INFO - OBS_Win started
2025-04-16 06:45:00,824[2944] - RobotTest_AcidicPlatform - INFO - unloading the sample to rack_id #24...
2025-04-16 06:46:04,411[2944] - RobotTest_AcidicPlatform - INFO - sample successfully unloaded from the cell
2025-04-16 06:46:07,989[2944] - OBS_Win - INFO - OBS_Win stopped
2025-04-16 06:46:08,406[2944] - OBS_Win - WARNING - cannot find ['OBS_start_record.png'] on screen
2025-04-16 06:46:11,732[2944] - OBS_Win - INFO - OBS_Win started
2025-04-16 06:46:11,732[2944] - RobotTest_AcidicPlatform - INFO - loading the sample from rack_id #25...
2025-04-16 06:46:53,942[2944] - RobotTest_AcidicPlatform - INFO - sample successfully loaded into the cell
2025-04-16 06:46:54,476[2944] - OBS_Win - INFO - OBS_Win stopped
2025-04-16 06:46:57,693[2944] - EC_Lab_Win11 - INFO - not in software yet
2025-04-16 06:46:57,996[2944] - EC_Lab_Win11 - INFO - attempting to open EC_Lab_Win11, trial 1 in 3 times...
2025-04-16 07:14:30,759[2944] - EC_Lab_Win11 - INFO - test is complete
2025-04-16 07:14:30,759[2944] - RobotTest_AcidicPlatform - INFO - test MOR_PtX_6or8_comp_trial1_sample#26_2025-04-16_06-46-07 finished
2025-04-16 07:14:30,942[2944] - OBS_Win - INFO - not in software yet
2025-04-16 07:14:31,256[2944] - OBS_Win - INFO - attempting to open OBS_Win, trial 1 in 3 times...
2025-04-16 07:14:34,787[2944] - OBS_Win - INFO - OBS_Win started
2025-04-16 07:14:34,788[2944] - RobotTest_AcidicPlatform - INFO - unloading the sample to rack_id #25...
2025-04-16 07:15:38,680[2944] - RobotTest_AcidicPlatform - INFO - sample successfully unloaded from the cell
2025-04-16 07:15:42,211[2944] - OBS_Win - INFO - OBS_Win stopped
2025-04-16 07:15:42,634[2944] - OBS_Win - WARNING - cannot find ['OBS_start_record.png'] on screen
2025-04-16 07:15:45,953[2944] - OBS_Win - INFO - OBS_Win started
2025-04-16 07:15:45,953[2944] - RobotTest_AcidicPlatform - INFO - loading the sample from rack_id #26...
2025-04-16 07:16:28,483[2944] - RobotTest_AcidicPlatform - INFO - sample successfully loaded into the cell
2025-04-16 07:16:29,003[2944] - OBS_Win - INFO - OBS_Win stopped
2025-04-16 07:16:32,189[2944] - EC_Lab_Win11 - INFO - not in software yet
2025-04-16 07:16:32,476[2944] - EC_Lab_Win11 - INFO - attempting to open EC_Lab_Win11, trial 1 in 3 times...
2025-04-16 07:43:53,166[2944] - EC_Lab_Win11 - INFO - test is complete
2025-04-16 07:43:53,167[2944] - RobotTest_AcidicPlatform - INFO - test MOR_PtX_6or8_comp_trial1_sample#27_2025-04-16_07-15-42 finished
2025-04-16 07:43:53,353[2944] - OBS_Win - INFO - not in software yet
2025-04-16 07:43:53,659[2944] - OBS_Win - INFO - attempting to open OBS_Win, trial 1 in 3 times...
2025-04-16 07:43:57,167[2944] - OBS_Win - INFO - OBS_Win started
2025-04-16 07:43:57,167[2944] - RobotTest_AcidicPlatform - INFO - unloading the sample to rack_id #26...
2025-04-16 07:45:01,508[2944] - RobotTest_AcidicPlatform - INFO - sample successfully unloaded from the cell
2025-04-16 07:45:05,053[2944] - OBS_Win - INFO - OBS_Win stopped
2025-04-16 07:45:05,471[2944] - OBS_Win - WARNING - cannot find ['OBS_start_record.png'] on screen
2025-04-16 07:45:08,805[2944] - OBS_Win - INFO - OBS_Win started
2025-04-16 07:45:08,805[2944] - RobotTest_AcidicPlatform - INFO - loading the sample from rack_id #27...
2025-04-16 07:45:51,740[2944] - RobotTest_AcidicPlatform - INFO - sample successfully loaded into the cell
2025-04-16 07:45:52,273[2944] - OBS_Win - INFO - OBS_Win stopped
2025-04-16 07:45:55,468[2944] - EC_Lab_Win11 - INFO - not in software yet
2025-04-16 07:45:55,770[2944] - EC_Lab_Win11 - INFO - attempting to open EC_Lab_Win11, trial 1 in 3 times...
2025-04-16 08:13:17,128[2944] - EC_Lab_Win11 - INFO - test is complete
2025-04-16 08:13:17,128[2944] - RobotTest_AcidicPlatform - INFO - test MOR_PtX_6or8_comp_trial1_sample#28_2025-04-16_07-45-05 finished
2025-04-16 08:13:17,311[2944] - OBS_Win - INFO - not in software yet
2025-04-16 08:13:17,632[2944] - OBS_Win - INFO - attempting to open OBS_Win, trial 1 in 3 times...
2025-04-16 08:13:21,152[2944] - OBS_Win - INFO - OBS_Win started
2025-04-16 08:13:21,152[2944] - RobotTest_AcidicPlatform - INFO - unloading the sample to rack_id #27...
2025-04-16 08:14:25,872[2944] - RobotTest_AcidicPlatform - INFO - sample successfully unloaded from the cell
2025-04-16 08:14:29,420[2944] - OBS_Win - INFO - OBS_Win stopped
2025-04-16 08:14:29,827[2944] - OBS_Win - WARNING - cannot find ['OBS_start_record.png'] on screen
2025-04-16 08:14:33,177[2944] - OBS_Win - INFO - OBS_Win started
2025-04-16 08:14:33,177[2944] - RobotTest_AcidicPlatform - INFO - loading the sample from rack_id #28...
2025-04-16 08:15:16,604[2944] - RobotTest_AcidicPlatform - INFO - sample successfully loaded into the cell
2025-04-16 08:15:17,172[2944] - OBS_Win - INFO - OBS_Win stopped
2025-04-16 08:15:20,374[2944] - EC_Lab_Win11 - INFO - not in software yet
2025-04-16 08:15:20,676[2944] - EC_Lab_Win11 - INFO - attempting to open EC_Lab_Win11, trial 1 in 3 times...
2025-04-16 08:42:52,979[2944] - EC_Lab_Win11 - INFO - test is complete
2025-04-16 08:42:52,979[2944] - RobotTest_AcidicPlatform - INFO - test MOR_PtX_6or8_comp_trial1_sample#29_2025-04-16_08-14-29 finished
2025-04-16 08:42:53,164[2944] - OBS_Win - INFO - not in software yet
2025-04-16 08:42:53,478[2944] - OBS_Win - INFO - attempting to open OBS_Win, trial 1 in 3 times...
2025-04-16 08:42:57,005[2944] - OBS_Win - INFO - OBS_Win started
2025-04-16 08:42:57,005[2944] - RobotTest_AcidicPlatform - INFO - unloading the sample to rack_id #28...
2025-04-16 08:44:02,182[2944] - RobotTest_AcidicPlatform - INFO - sample successfully unloaded from the cell
2025-04-16 08:44:05,764[2944] - OBS_Win - INFO - OBS_Win stopped
2025-04-16 08:44:06,183[2944] - OBS_Win - WARNING - cannot find ['OBS_start_record.png'] on screen
2025-04-16 08:44:09,502[2944] - OBS_Win - INFO - OBS_Win started
2025-04-16 08:44:09,502[2944] - RobotTest_AcidicPlatform - INFO - loading the sample from rack_id #29...
2025-04-16 08:44:53,221[2944] - RobotTest_AcidicPlatform - INFO - sample successfully loaded into the cell
2025-04-16 08:44:53,760[2944] - OBS_Win - INFO - OBS_Win stopped
2025-04-16 08:44:56,972[2944] - EC_Lab_Win11 - INFO - not in software yet
2025-04-16 08:44:57,270[2944] - EC_Lab_Win11 - INFO - attempting to open EC_Lab_Win11, trial 1 in 3 times...
2025-04-16 09:12:29,296[2944] - EC_Lab_Win11 - INFO - test is complete
2025-04-16 09:12:29,296[2944] - RobotTest_AcidicPlatform - INFO - test MOR_PtX_6or8_comp_trial1_sample#30_2025-04-16_08-44-05 finished
2025-04-16 09:12:29,484[2944] - OBS_Win - INFO - not in software yet
2025-04-16 09:12:29,786[2944] - OBS_Win - INFO - attempting to open OBS_Win, trial 1 in 3 times...
2025-04-16 09:12:33,321[2944] - OBS_Win - INFO - OBS_Win started
2025-04-16 09:12:33,321[2944] - RobotTest_AcidicPlatform - INFO - unloading the sample to rack_id #29...
2025-04-16 09:13:38,897[2944] - RobotTest_AcidicPlatform - INFO - sample successfully unloaded from the cell
2025-04-16 09:13:42,489[2944] - OBS_Win - INFO - OBS_Win stopped
2025-04-16 09:13:42,927[2944] - OBS_Win - WARNING - cannot find ['OBS_start_record.png'] on screen
2025-04-16 09:13:46,229[2944] - OBS_Win - INFO - OBS_Win started
2025-04-16 09:13:46,229[2944] - RobotTest_AcidicPlatform - INFO - loading the sample from rack_id #30...
2025-04-16 09:14:30,343[2944] - RobotTest_AcidicPlatform - INFO - sample successfully loaded into the cell
2025-04-16 09:14:30,907[2944] - OBS_Win - INFO - OBS_Win stopped
2025-04-16 09:14:34,118[2944] - EC_Lab_Win11 - INFO - not in software yet
2025-04-16 09:14:34,427[2944] - EC_Lab_Win11 - INFO - attempting to open EC_Lab_Win11, trial 1 in 3 times...
2025-04-16 09:41:56,944[2944] - EC_Lab_Win11 - INFO - test is complete
2025-04-16 09:41:56,944[2944] - RobotTest_AcidicPlatform - INFO - test MOR_PtX_6or8_comp_trial1_sample#31_2025-04-16_09-13-42 finished
2025-04-16 09:41:57,137[2944] - OBS_Win - INFO - not in software yet
2025-04-16 09:41:57,428[2944] - OBS_Win - INFO - attempting to open OBS_Win, trial 1 in 3 times...
2025-04-16 09:42:00,942[2944] - OBS_Win - INFO - OBS_Win started
2025-04-16 09:42:00,942[2944] - RobotTest_AcidicPlatform - INFO - unloading the sample to rack_id #30...
2025-04-16 09:43:00,223[2944] - RobotTest_AcidicPlatform - INFO - sample successfully unloaded from the cell
2025-04-16 09:43:03,783[2944] - OBS_Win - INFO - OBS_Win stopped
2025-04-16 09:43:04,191[2944] - OBS_Win - WARNING - cannot find ['OBS_start_record.png'] on screen
2025-04-16 09:43:07,516[2944] - OBS_Win - INFO - OBS_Win started
2025-04-16 09:43:07,516[2944] - RobotTest_AcidicPlatform - INFO - loading the sample from rack_id #31...
2025-04-16 09:43:39,097[2944] - RobotTest_AcidicPlatform - INFO - sample successfully loaded into the cell
2025-04-16 09:43:39,633[2944] - OBS_Win - INFO - OBS_Win stopped
2025-04-16 09:43:42,840[2944] - EC_Lab_Win11 - INFO - not in software yet
2025-04-16 09:43:43,143[2944] - EC_Lab_Win11 - INFO - attempting to open EC_Lab_Win11, trial 1 in 3 times...
2025-04-16 10:11:06,055[2944] - EC_Lab_Win11 - INFO - test is complete
2025-04-16 10:11:06,056[2944] - RobotTest_AcidicPlatform - INFO - test MOR_PtX_6or8_comp_trial1_sample#32_2025-04-16_09-43-03 finished
2025-04-16 10:11:06,244[2944] - OBS_Win - INFO - not in software yet
2025-04-16 10:11:06,536[2944] - OBS_Win - INFO - attempting to open OBS_Win, trial 1 in 3 times...
2025-04-16 10:11:10,070[2944] - OBS_Win - INFO - OBS_Win started
2025-04-16 10:11:10,070[2944] - RobotTest_AcidicPlatform - INFO - unloading the sample to rack_id #31...
2025-04-16 10:12:09,042[2944] - RobotTest_AcidicPlatform - INFO - sample successfully unloaded from the cell
2025-04-16 10:12:12,594[2944] - OBS_Win - INFO - OBS_Win stopped
2025-04-16 10:12:13,007[2944] - OBS_Win - WARNING - cannot find ['OBS_start_record.png'] on screen
2025-04-16 10:12:16,314[2944] - OBS_Win - INFO - OBS_Win started
2025-04-16 10:12:16,314[2944] - RobotTest_AcidicPlatform - INFO - loading the sample from rack_id #32...
2025-04-16 10:12:48,268[2944] - RobotTest_AcidicPlatform - INFO - sample successfully loaded into the cell
2025-04-16 10:12:48,803[2944] - OBS_Win - INFO - OBS_Win stopped
2025-04-16 10:12:51,991[2944] - EC_Lab_Win11 - INFO - not in software yet
2025-04-16 10:12:52,290[2944] - EC_Lab_Win11 - INFO - attempting to open EC_Lab_Win11, trial 1 in 3 times...
2025-04-16 10:40:15,488[2944] - EC_Lab_Win11 - INFO - test is complete
2025-04-16 10:40:15,488[2944] - RobotTest_AcidicPlatform - INFO - test MOR_PtX_6or8_comp_trial1_sample#33_2025-04-16_10-12-12 finished
2025-04-16 10:40:15,670[2944] - OBS_Win - INFO - not in software yet
2025-04-16 10:40:15,966[2944] - OBS_Win - INFO - attempting to open OBS_Win, trial 1 in 3 times...
2025-04-16 10:40:19,487[2944] - OBS_Win - INFO - OBS_Win started
2025-04-16 10:40:19,487[2944] - RobotTest_AcidicPlatform - INFO - unloading the sample to rack_id #32...
2025-04-16 10:41:17,886[2944] - RobotTest_AcidicPlatform - INFO - sample successfully unloaded from the cell
2025-04-16 10:41:21,463[2944] - OBS_Win - INFO - OBS_Win stopped
