2025-04-19 18:32:32,569[1732] - RobotTest_AcidicPlatform - INFO - started a batch of test, with sample_rack_id : sample_id = {0: 34, 1: 35, 2: 36, 3: 37, 4: 38, 5: 39, 6: 40, 7: 41, 8: 42, 9: 43, 10: 44, 11: 45, 12: 46, 13: 47, 14: 48, 15: 49, 16: 50, 17: 51, 18: 52, 19: 53, 20: 54, 21: 55, 22: 56, 23: 57, 24: 58, 25: 59, 26: 60, 27: 61, 28: 62, 29: 63, 30: 64, 31: 65, 32: 66, 33: 67, 34: 68, 35: 69}
2025-04-19 18:32:38,562[1732] - OBS_Win - INFO - not in software yet
2025-04-19 18:32:38,873[1732] - OBS_Win - INFO - attempting to open OBS_Win, trial 1 in 3 times...
2025-04-19 18:32:42,404[1732] - OBS_Win - INFO - OBS_Win started
2025-04-19 18:32:42,404[1732] - RobotTest_AcidicPlatform - INFO - loading the sample from rack_id #0...
2025-04-19 18:33:21,654[1732] - RobotTest_AcidicPlatform - INFO - sample successfully loaded into the cell
2025-04-19 18:33:22,233[1732] - OBS_Win - INFO - OBS_Win stopped
2025-04-19 18:33:25,457[1732] - EC_Lab_Win11 - INFO - not in software yet
2025-04-19 18:33:25,791[1732] - EC_Lab_Win11 - INFO - attempting to open EC_Lab_Win11, trial 1 in 3 times...
2025-04-19 18:35:52,314[1732] - RobotTest_AcidicPlatform - INFO - human operating, fail to detect...
2025-04-19 18:36:02,327[1732] - RobotTest_AcidicPlatform - INFO - human operating, fail to detect...
2025-04-19 18:36:12,337[1732] - RobotTest_AcidicPlatform - INFO - human operating, fail to detect...
2025-04-19 18:36:22,349[1732] - RobotTest_AcidicPlatform - INFO - human operating, fail to detect...
2025-04-19 18:36:32,354[1732] - RobotTest_AcidicPlatform - INFO - human operating, fail to detect...
2025-04-19 18:36:42,363[1732] - RobotTest_AcidicPlatform - INFO - human operating, fail to detect...
2025-04-19 18:36:52,366[1732] - RobotTest_AcidicPlatform - INFO - human operating, fail to detect...
2025-04-19 18:37:02,381[1732] - RobotTest_AcidicPlatform - INFO - human operating, fail to detect...
2025-04-19 18:37:12,382[1732] - RobotTest_AcidicPlatform - INFO - human operating, fail to detect...
2025-04-19 18:37:22,390[1732] - RobotTest_AcidicPlatform - INFO - human operating, fail to detect...
2025-04-19 18:59:54,983[1732] - EC_Lab_Win11 - INFO - test is complete
2025-04-19 18:59:54,983[1732] - RobotTest_AcidicPlatform - INFO - test MOR_PtX_6or8_comp_trial2_sample#34_2025-04-19_18-32-38 finished
2025-04-19 18:59:55,166[1732] - OBS_Win - INFO - not in software yet
2025-04-19 18:59:55,466[1732] - OBS_Win - INFO - attempting to open OBS_Win, trial 1 in 3 times...
2025-04-19 18:59:59,005[1732] - OBS_Win - INFO - OBS_Win started
2025-04-19 18:59:59,005[1732] - RobotTest_AcidicPlatform - INFO - unloading the sample to rack_id #0...
2025-04-19 19:00:58,625[1732] - RobotTest_AcidicPlatform - INFO - sample successfully unloaded from the cell
2025-04-19 19:01:02,158[1732] - OBS_Win - INFO - OBS_Win stopped
2025-04-19 19:01:02,573[1732] - OBS_Win - WARNING - cannot find ['OBS_start_record.png'] on screen
2025-04-19 19:01:05,889[1732] - OBS_Win - INFO - OBS_Win started
2025-04-19 19:01:05,889[1732] - RobotTest_AcidicPlatform - INFO - loading the sample from rack_id #1...
2025-04-19 19:01:37,826[1732] - RobotTest_AcidicPlatform - INFO - sample successfully loaded into the cell
2025-04-19 19:01:38,345[1732] - OBS_Win - INFO - OBS_Win stopped
2025-04-19 19:01:41,544[1732] - EC_Lab_Win11 - INFO - not in software yet
2025-04-19 19:01:41,855[1732] - EC_Lab_Win11 - INFO - attempting to open EC_Lab_Win11, trial 1 in 3 times...
2025-04-19 19:28:10,791[1732] - EC_Lab_Win11 - INFO - test is complete
2025-04-19 19:28:10,791[1732] - RobotTest_AcidicPlatform - INFO - test MOR_PtX_6or8_comp_trial2_sample#35_2025-04-19_19-01-02 finished
2025-04-19 19:28:10,972[1732] - OBS_Win - INFO - not in software yet
2025-04-19 19:28:11,271[1732] - OBS_Win - INFO - attempting to open OBS_Win, trial 1 in 3 times...
2025-04-19 19:28:14,816[1732] - OBS_Win - INFO - OBS_Win started
2025-04-19 19:28:14,816[1732] - RobotTest_AcidicPlatform - INFO - unloading the sample to rack_id #1...
2025-04-19 19:29:14,094[1732] - RobotTest_AcidicPlatform - INFO - sample successfully unloaded from the cell
2025-04-19 19:29:17,658[1732] - OBS_Win - INFO - OBS_Win stopped
2025-04-19 19:29:18,109[1732] - OBS_Win - WARNING - cannot find ['OBS_start_record.png'] on screen
2025-04-19 19:29:21,427[1732] - OBS_Win - INFO - OBS_Win started
2025-04-19 19:29:21,427[1732] - RobotTest_AcidicPlatform - INFO - loading the sample from rack_id #2...
2025-04-19 19:29:53,812[1732] - RobotTest_AcidicPlatform - INFO - sample successfully loaded into the cell
2025-04-19 19:29:54,345[1732] - OBS_Win - INFO - OBS_Win stopped
2025-04-19 19:29:57,557[1732] - EC_Lab_Win11 - INFO - not in software yet
2025-04-19 19:29:57,859[1732] - EC_Lab_Win11 - INFO - attempting to open EC_Lab_Win11, trial 1 in 3 times...
2025-04-19 19:56:27,278[1732] - EC_Lab_Win11 - INFO - test is complete
2025-04-19 19:56:27,279[1732] - RobotTest_AcidicPlatform - INFO - test MOR_PtX_6or8_comp_trial2_sample#36_2025-04-19_19-29-17 finished
2025-04-19 19:56:27,467[1732] - OBS_Win - INFO - not in software yet
2025-04-19 19:56:27,766[1732] - OBS_Win - INFO - attempting to open OBS_Win, trial 1 in 3 times...
2025-04-19 19:56:31,294[1732] - OBS_Win - INFO - OBS_Win started
2025-04-19 19:56:31,294[1732] - RobotTest_AcidicPlatform - INFO - unloading the sample to rack_id #2...
2025-04-19 19:57:30,072[1732] - RobotTest_AcidicPlatform - INFO - sample successfully unloaded from the cell
2025-04-19 19:57:33,667[1732] - OBS_Win - INFO - OBS_Win stopped
2025-04-19 19:57:34,087[1732] - OBS_Win - WARNING - cannot find ['OBS_start_record.png'] on screen
2025-04-19 19:57:37,412[1732] - OBS_Win - INFO - OBS_Win started
2025-04-19 19:57:37,412[1732] - RobotTest_AcidicPlatform - INFO - loading the sample from rack_id #3...
2025-04-19 19:58:10,057[1732] - RobotTest_AcidicPlatform - INFO - sample successfully loaded into the cell
2025-04-19 19:58:10,626[1732] - OBS_Win - INFO - OBS_Win stopped
2025-04-19 19:58:13,829[1732] - EC_Lab_Win11 - INFO - not in software yet
2025-04-19 19:58:14,146[1732] - EC_Lab_Win11 - INFO - attempting to open EC_Lab_Win11, trial 1 in 3 times...
2025-04-19 20:24:42,952[1732] - EC_Lab_Win11 - INFO - test is complete
2025-04-19 20:24:42,953[1732] - RobotTest_AcidicPlatform - INFO - test MOR_PtX_6or8_comp_trial2_sample#37_2025-04-19_19-57-33 finished
2025-04-19 20:24:43,137[1732] - OBS_Win - INFO - not in software yet
2025-04-19 20:24:43,435[1732] - OBS_Win - INFO - attempting to open OBS_Win, trial 1 in 3 times...
2025-04-19 20:24:46,952[1732] - OBS_Win - INFO - OBS_Win started
2025-04-19 20:24:46,952[1732] - RobotTest_AcidicPlatform - INFO - unloading the sample to rack_id #3...
2025-04-19 20:25:45,246[1732] - RobotTest_AcidicPlatform - INFO - sample successfully unloaded from the cell
2025-04-19 20:25:48,839[1732] - OBS_Win - INFO - OBS_Win stopped
2025-04-19 20:25:49,252[1732] - OBS_Win - WARNING - cannot find ['OBS_start_record.png'] on screen
2025-04-19 20:25:52,579[1732] - OBS_Win - INFO - OBS_Win started
2025-04-19 20:25:52,579[1732] - RobotTest_AcidicPlatform - INFO - loading the sample from rack_id #4...
2025-04-19 20:26:25,658[1732] - RobotTest_AcidicPlatform - INFO - sample successfully loaded into the cell
2025-04-19 20:26:26,192[1732] - OBS_Win - INFO - OBS_Win stopped
2025-04-19 20:26:29,408[1732] - EC_Lab_Win11 - INFO - not in software yet
2025-04-19 20:26:29,706[1732] - EC_Lab_Win11 - INFO - attempting to open EC_Lab_Win11, trial 1 in 3 times...
2025-04-19 20:52:58,865[1732] - EC_Lab_Win11 - INFO - test is complete
2025-04-19 20:52:58,865[1732] - RobotTest_AcidicPlatform - INFO - test MOR_PtX_6or8_comp_trial2_sample#38_2025-04-19_20-25-48 finished
2025-04-19 20:52:59,050[1732] - OBS_Win - INFO - not in software yet
2025-04-19 20:52:59,349[1732] - OBS_Win - INFO - attempting to open OBS_Win, trial 1 in 3 times...
2025-04-19 20:53:02,870[1732] - OBS_Win - INFO - OBS_Win started
2025-04-19 20:53:02,870[1732] - RobotTest_AcidicPlatform - INFO - unloading the sample to rack_id #4...
2025-04-19 20:54:00,850[1732] - RobotTest_AcidicPlatform - INFO - sample successfully unloaded from the cell
2025-04-19 20:54:04,438[1732] - OBS_Win - INFO - OBS_Win stopped
2025-04-19 20:54:04,859[1732] - OBS_Win - WARNING - cannot find ['OBS_start_record.png'] on screen
2025-04-19 20:54:08,199[1732] - OBS_Win - INFO - OBS_Win started
2025-04-19 20:54:08,199[1732] - RobotTest_AcidicPlatform - INFO - loading the sample from rack_id #5...
2025-04-19 20:54:41,685[1732] - RobotTest_AcidicPlatform - INFO - sample successfully loaded into the cell
2025-04-19 20:54:42,218[1732] - OBS_Win - INFO - OBS_Win stopped
2025-04-19 20:54:45,428[1732] - EC_Lab_Win11 - INFO - not in software yet
2025-04-19 20:54:45,731[1732] - EC_Lab_Win11 - INFO - attempting to open EC_Lab_Win11, trial 1 in 3 times...
2025-04-19 21:21:14,937[1732] - EC_Lab_Win11 - INFO - test is complete
2025-04-19 21:21:14,937[1732] - RobotTest_AcidicPlatform - INFO - test MOR_PtX_6or8_comp_trial2_sample#39_2025-04-19_20-54-04 finished
2025-04-19 21:21:15,123[1732] - OBS_Win - INFO - not in software yet
2025-04-19 21:21:15,443[1732] - OBS_Win - INFO - attempting to open OBS_Win, trial 1 in 3 times...
2025-04-19 21:21:18,971[1732] - OBS_Win - INFO - OBS_Win started
2025-04-19 21:21:18,971[1732] - RobotTest_AcidicPlatform - INFO - unloading the sample to rack_id #5...
2025-04-19 21:22:16,505[1732] - RobotTest_AcidicPlatform - INFO - sample successfully unloaded from the cell
2025-04-19 21:22:20,096[1732] - OBS_Win - INFO - OBS_Win stopped
2025-04-19 21:22:20,516[1732] - OBS_Win - WARNING - cannot find ['OBS_start_record.png'] on screen
2025-04-19 21:22:23,829[1732] - OBS_Win - INFO - OBS_Win started
2025-04-19 21:22:23,829[1732] - RobotTest_AcidicPlatform - INFO - loading the sample from rack_id #6...
2025-04-19 21:22:57,952[1732] - RobotTest_AcidicPlatform - INFO - sample successfully loaded into the cell
2025-04-19 21:22:58,501[1732] - OBS_Win - INFO - OBS_Win stopped
2025-04-19 21:23:01,698[1732] - EC_Lab_Win11 - INFO - not in software yet
2025-04-19 21:23:02,009[1732] - EC_Lab_Win11 - INFO - attempting to open EC_Lab_Win11, trial 1 in 3 times...
2025-04-19 21:46:19,821[1732] - RobotTest_AcidicPlatform - INFO - human operating, fail to detect...
2025-04-19 21:46:29,826[1732] - RobotTest_AcidicPlatform - INFO - human operating, fail to detect...
2025-04-19 21:49:39,786[1732] - EC_Lab_Win11 - INFO - test is complete
2025-04-19 21:49:39,786[1732] - RobotTest_AcidicPlatform - INFO - test MOR_PtX_6or8_comp_trial2_sample#40_2025-04-19_21-22-20 finished
2025-04-19 21:49:39,974[1732] - OBS_Win - INFO - not in software yet
2025-04-19 21:49:40,268[1732] - OBS_Win - INFO - attempting to open OBS_Win, trial 1 in 3 times...
2025-04-19 21:49:43,803[1732] - OBS_Win - INFO - OBS_Win started
2025-04-19 21:49:43,803[1732] - RobotTest_AcidicPlatform - INFO - unloading the sample to rack_id #6...
2025-04-19 21:50:40,777[1732] - RobotTest_AcidicPlatform - INFO - sample successfully unloaded from the cell
2025-04-19 21:50:44,310[1732] - OBS_Win - INFO - OBS_Win stopped
2025-04-19 21:50:44,740[1732] - OBS_Win - WARNING - cannot find ['OBS_start_record.png'] on screen
2025-04-19 21:50:48,063[1732] - OBS_Win - INFO - OBS_Win started
2025-04-19 21:50:48,063[1732] - RobotTest_AcidicPlatform - INFO - loading the sample from rack_id #7...
2025-04-19 21:51:22,588[1732] - RobotTest_AcidicPlatform - INFO - sample successfully loaded into the cell
2025-04-19 21:51:23,132[1732] - OBS_Win - INFO - OBS_Win stopped
2025-04-19 21:51:26,326[1732] - EC_Lab_Win11 - INFO - not in software yet
2025-04-19 21:51:26,629[1732] - EC_Lab_Win11 - INFO - attempting to open EC_Lab_Win11, trial 1 in 3 times...
2025-04-19 22:18:01,285[1732] - EC_Lab_Win11 - INFO - test is complete
2025-04-19 22:18:01,285[1732] - RobotTest_AcidicPlatform - INFO - test MOR_PtX_6or8_comp_trial2_sample#41_2025-04-19_21-50-44 finished
2025-04-19 22:18:01,467[1732] - OBS_Win - INFO - not in software yet
2025-04-19 22:18:01,791[1732] - OBS_Win - INFO - attempting to open OBS_Win, trial 1 in 3 times...
2025-04-19 22:18:05,315[1732] - OBS_Win - INFO - OBS_Win started
2025-04-19 22:18:05,315[1732] - RobotTest_AcidicPlatform - INFO - unloading the sample to rack_id #7...
2025-04-19 22:19:01,932[1732] - RobotTest_AcidicPlatform - INFO - sample successfully unloaded from the cell
2025-04-19 22:19:05,488[1732] - OBS_Win - INFO - OBS_Win stopped
2025-04-19 22:19:05,913[1732] - OBS_Win - WARNING - cannot find ['OBS_start_record.png'] on screen
2025-04-19 22:19:09,251[1732] - OBS_Win - INFO - OBS_Win started
2025-04-19 22:19:09,251[1732] - RobotTest_AcidicPlatform - INFO - loading the sample from rack_id #8...
2025-04-19 22:19:44,233[1732] - RobotTest_AcidicPlatform - INFO - sample successfully loaded into the cell
2025-04-19 22:19:44,754[1732] - OBS_Win - INFO - OBS_Win stopped
2025-04-19 22:19:47,959[1732] - EC_Lab_Win11 - INFO - not in software yet
2025-04-19 22:19:48,257[1732] - EC_Lab_Win11 - INFO - attempting to open EC_Lab_Win11, trial 1 in 3 times...
2025-04-19 22:46:16,765[1732] - EC_Lab_Win11 - INFO - test is complete
2025-04-19 22:46:16,765[1732] - RobotTest_AcidicPlatform - INFO - test MOR_PtX_6or8_comp_trial2_sample#42_2025-04-19_22-19-05 finished
2025-04-19 22:46:16,955[1732] - OBS_Win - INFO - not in software yet
2025-04-19 22:46:17,250[1732] - OBS_Win - INFO - attempting to open OBS_Win, trial 1 in 3 times...
2025-04-19 22:46:20,771[1732] - OBS_Win - INFO - OBS_Win started
2025-04-19 22:46:20,771[1732] - RobotTest_AcidicPlatform - INFO - unloading the sample to rack_id #8...
2025-04-19 22:47:17,436[1732] - RobotTest_AcidicPlatform - INFO - sample successfully unloaded from the cell
2025-04-19 22:47:20,980[1732] - OBS_Win - INFO - OBS_Win stopped
2025-04-19 22:47:21,416[1732] - OBS_Win - WARNING - cannot find ['OBS_start_record.png'] on screen
2025-04-19 22:47:24,747[1732] - OBS_Win - INFO - OBS_Win started
2025-04-19 22:47:24,747[1732] - RobotTest_AcidicPlatform - INFO - loading the sample from rack_id #9...
2025-04-19 22:47:59,862[1732] - RobotTest_AcidicPlatform - INFO - sample successfully loaded into the cell
2025-04-19 22:48:00,395[1732] - OBS_Win - INFO - OBS_Win stopped
2025-04-19 22:48:03,608[1732] - EC_Lab_Win11 - INFO - not in software yet
2025-04-19 22:48:03,911[1732] - EC_Lab_Win11 - INFO - attempting to open EC_Lab_Win11, trial 1 in 3 times...
2025-04-19 23:14:32,997[1732] - EC_Lab_Win11 - INFO - test is complete
2025-04-19 23:14:32,997[1732] - RobotTest_AcidicPlatform - INFO - test MOR_PtX_6or8_comp_trial2_sample#43_2025-04-19_22-47-20 finished
2025-04-19 23:14:33,186[1732] - OBS_Win - INFO - not in software yet
2025-04-19 23:14:33,502[1732] - OBS_Win - INFO - attempting to open OBS_Win, trial 1 in 3 times...
2025-04-19 23:14:37,039[1732] - OBS_Win - INFO - OBS_Win started
2025-04-19 23:14:37,039[1732] - RobotTest_AcidicPlatform - INFO - unloading the sample to rack_id #9...
2025-04-19 23:15:34,109[1732] - RobotTest_AcidicPlatform - INFO - sample successfully unloaded from the cell
2025-04-19 23:15:37,688[1732] - OBS_Win - INFO - OBS_Win stopped
2025-04-19 23:15:38,104[1732] - OBS_Win - WARNING - cannot find ['OBS_start_record.png'] on screen
2025-04-19 23:15:41,433[1732] - OBS_Win - INFO - OBS_Win started
2025-04-19 23:15:41,433[1732] - RobotTest_AcidicPlatform - INFO - loading the sample from rack_id #10...
2025-04-19 23:16:17,073[1732] - RobotTest_AcidicPlatform - INFO - sample successfully loaded into the cell
2025-04-19 23:16:17,625[1732] - OBS_Win - INFO - OBS_Win stopped
2025-04-19 23:16:20,833[1732] - EC_Lab_Win11 - INFO - not in software yet
2025-04-19 23:16:21,142[1732] - EC_Lab_Win11 - INFO - attempting to open EC_Lab_Win11, trial 1 in 3 times...
2025-04-19 23:42:49,834[1732] - EC_Lab_Win11 - INFO - test is complete
2025-04-19 23:42:49,834[1732] - RobotTest_AcidicPlatform - INFO - test MOR_PtX_6or8_comp_trial2_sample#44_2025-04-19_23-15-37 finished
2025-04-19 23:42:50,022[1732] - OBS_Win - INFO - not in software yet
2025-04-19 23:42:50,328[1732] - OBS_Win - INFO - attempting to open OBS_Win, trial 1 in 3 times...
2025-04-19 23:42:53,865[1732] - OBS_Win - INFO - OBS_Win started
2025-04-19 23:42:53,865[1732] - RobotTest_AcidicPlatform - INFO - unloading the sample to rack_id #10...
2025-04-19 23:43:51,387[1732] - RobotTest_AcidicPlatform - INFO - sample successfully unloaded from the cell
2025-04-19 23:43:54,978[1732] - OBS_Win - INFO - OBS_Win stopped
2025-04-19 23:43:55,423[1732] - OBS_Win - WARNING - cannot find ['OBS_start_record.png'] on screen
2025-04-19 23:43:58,749[1732] - OBS_Win - INFO - OBS_Win started
2025-04-19 23:43:58,749[1732] - RobotTest_AcidicPlatform - INFO - loading the sample from rack_id #11...
2025-04-19 23:44:34,955[1732] - RobotTest_AcidicPlatform - INFO - sample successfully loaded into the cell
2025-04-19 23:44:35,490[1732] - OBS_Win - INFO - OBS_Win stopped
2025-04-19 23:44:38,708[1732] - EC_Lab_Win11 - INFO - not in software yet
2025-04-19 23:44:39,022[1732] - EC_Lab_Win11 - INFO - attempting to open EC_Lab_Win11, trial 1 in 3 times...
2025-04-20 00:10:34,380[1732] - EC_Lab_Win11 - INFO - test is complete
2025-04-20 00:10:34,380[1732] - RobotTest_AcidicPlatform - INFO - test MOR_PtX_6or8_comp_trial2_sample#45_2025-04-19_23-43-54 finished
2025-04-20 00:10:34,564[1732] - OBS_Win - INFO - not in software yet
2025-04-20 00:10:34,884[1732] - OBS_Win - INFO - attempting to open OBS_Win, trial 1 in 3 times...
2025-04-20 00:10:38,420[1732] - OBS_Win - INFO - OBS_Win started
2025-04-20 00:10:38,420[1732] - RobotTest_AcidicPlatform - INFO - unloading the sample to rack_id #11...
2025-04-20 00:11:36,205[1732] - RobotTest_AcidicPlatform - INFO - sample successfully unloaded from the cell
2025-04-20 00:11:39,772[1732] - OBS_Win - INFO - OBS_Win stopped
2025-04-20 00:11:40,198[1732] - OBS_Win - WARNING - cannot find ['OBS_start_record.png'] on screen
2025-04-20 00:11:43,528[1732] - OBS_Win - INFO - OBS_Win started
2025-04-20 00:11:43,528[1732] - RobotTest_AcidicPlatform - INFO - loading the sample from rack_id #12...
2025-04-20 00:12:20,265[1732] - RobotTest_AcidicPlatform - INFO - sample successfully loaded into the cell
2025-04-20 00:12:20,814[1732] - OBS_Win - INFO - OBS_Win stopped
2025-04-20 00:12:24,024[1732] - EC_Lab_Win11 - INFO - not in software yet
2025-04-20 00:12:24,328[1732] - EC_Lab_Win11 - INFO - attempting to open EC_Lab_Win11, trial 1 in 3 times...
2025-04-20 00:38:53,673[1732] - EC_Lab_Win11 - INFO - test is complete
2025-04-20 00:38:53,673[1732] - RobotTest_AcidicPlatform - INFO - test MOR_PtX_6or8_comp_trial2_sample#46_2025-04-20_00-11-39 finished
2025-04-20 00:38:53,867[1732] - OBS_Win - INFO - not in software yet
2025-04-20 00:38:54,183[1732] - OBS_Win - INFO - attempting to open OBS_Win, trial 1 in 3 times...
2025-04-20 00:38:57,710[1732] - OBS_Win - INFO - OBS_Win started
2025-04-20 00:38:57,710[1732] - RobotTest_AcidicPlatform - INFO - unloading the sample to rack_id #12...
2025-04-20 00:39:56,191[1732] - RobotTest_AcidicPlatform - INFO - sample successfully unloaded from the cell
2025-04-20 00:39:59,762[1732] - OBS_Win - INFO - OBS_Win stopped
2025-04-20 00:40:00,196[1732] - OBS_Win - WARNING - cannot find ['OBS_start_record.png'] on screen
2025-04-20 00:40:03,513[1732] - OBS_Win - INFO - OBS_Win started
2025-04-20 00:40:03,513[1732] - RobotTest_AcidicPlatform - INFO - loading the sample from rack_id #13...
2025-04-20 00:40:40,696[1732] - RobotTest_AcidicPlatform - INFO - sample successfully loaded into the cell
2025-04-20 00:40:41,245[1732] - OBS_Win - INFO - OBS_Win stopped
2025-04-20 00:40:44,447[1732] - EC_Lab_Win11 - INFO - not in software yet
2025-04-20 00:40:44,748[1732] - EC_Lab_Win11 - INFO - attempting to open EC_Lab_Win11, trial 1 in 3 times...
2025-04-20 01:07:12,866[1732] - EC_Lab_Win11 - INFO - test is complete
2025-04-20 01:07:12,866[1732] - RobotTest_AcidicPlatform - INFO - test MOR_PtX_6or8_comp_trial2_sample#47_2025-04-20_00-39-59 finished
2025-04-20 01:07:13,053[1732] - OBS_Win - INFO - not in software yet
2025-04-20 01:07:13,359[1732] - OBS_Win - INFO - attempting to open OBS_Win, trial 1 in 3 times...
2025-04-20 01:07:16,891[1732] - OBS_Win - INFO - OBS_Win started
2025-04-20 01:07:16,891[1732] - RobotTest_AcidicPlatform - INFO - unloading the sample to rack_id #13...
2025-04-20 01:08:15,669[1732] - RobotTest_AcidicPlatform - INFO - sample successfully unloaded from the cell
2025-04-20 01:08:19,272[1732] - OBS_Win - INFO - OBS_Win stopped
2025-04-20 01:08:19,682[1732] - OBS_Win - WARNING - cannot find ['OBS_start_record.png'] on screen
2025-04-20 01:08:23,005[1732] - OBS_Win - INFO - OBS_Win started
2025-04-20 01:08:23,005[1732] - RobotTest_AcidicPlatform - INFO - loading the sample from rack_id #14...
2025-04-20 01:09:00,414[1732] - RobotTest_AcidicPlatform - INFO - sample successfully loaded into the cell
2025-04-20 01:09:00,958[1732] - OBS_Win - INFO - OBS_Win stopped
2025-04-20 01:09:04,175[1732] - EC_Lab_Win11 - INFO - not in software yet
2025-04-20 01:09:04,472[1732] - EC_Lab_Win11 - INFO - attempting to open EC_Lab_Win11, trial 1 in 3 times...
2025-04-20 01:16:43,954[1732] - RobotTest_AcidicPlatform - INFO - human operating, fail to detect...
2025-04-20 01:16:54,959[1732] - EC_Lab_Win11 - INFO - not in software yet
2025-04-20 01:16:55,312[1732] - EC_Lab_Win11 - INFO - attempting to open EC_Lab_Win11, trial 1 in 3 times...
2025-04-20 01:17:20,112[1732] - RobotTest_AcidicPlatform - INFO - human operating, fail to detect...
2025-04-20 01:17:30,116[1732] - RobotTest_AcidicPlatform - INFO - human operating, fail to detect...
2025-04-20 01:17:40,126[1732] - RobotTest_AcidicPlatform - INFO - human operating, fail to detect...
2025-04-20 01:35:32,647[1732] - EC_Lab_Win11 - INFO - test is complete
2025-04-20 01:35:32,647[1732] - RobotTest_AcidicPlatform - INFO - test MOR_PtX_6or8_comp_trial2_sample#48_2025-04-20_01-08-19 finished
2025-04-20 01:35:32,845[1732] - OBS_Win - INFO - not in software yet
2025-04-20 01:35:33,155[1732] - OBS_Win - INFO - attempting to open OBS_Win, trial 1 in 3 times...
2025-04-20 01:35:36,692[1732] - OBS_Win - INFO - OBS_Win started
2025-04-20 01:35:36,693[1732] - RobotTest_AcidicPlatform - INFO - unloading the sample to rack_id #14...
2025-04-20 01:36:35,871[1732] - RobotTest_AcidicPlatform - INFO - sample successfully unloaded from the cell
2025-04-20 01:36:39,485[1732] - OBS_Win - INFO - OBS_Win stopped
2025-04-20 01:36:39,917[1732] - OBS_Win - WARNING - cannot find ['OBS_start_record.png'] on screen
2025-04-20 01:36:43,231[1732] - OBS_Win - INFO - OBS_Win started
2025-04-20 01:36:43,231[1732] - RobotTest_AcidicPlatform - INFO - loading the sample from rack_id #15...
2025-04-20 01:37:21,059[1732] - RobotTest_AcidicPlatform - INFO - sample successfully loaded into the cell
2025-04-20 01:37:21,609[1732] - OBS_Win - INFO - OBS_Win stopped
2025-04-20 01:37:24,824[1732] - EC_Lab_Win11 - INFO - not in software yet
2025-04-20 01:37:25,135[1732] - EC_Lab_Win11 - INFO - attempting to open EC_Lab_Win11, trial 1 in 3 times...
2025-04-20 02:03:53,776[1732] - EC_Lab_Win11 - INFO - test is complete
2025-04-20 02:03:53,776[1732] - RobotTest_AcidicPlatform - INFO - test MOR_PtX_6or8_comp_trial2_sample#49_2025-04-20_01-36-39 finished
2025-04-20 02:03:53,958[1732] - OBS_Win - INFO - not in software yet
2025-04-20 02:03:54,269[1732] - OBS_Win - INFO - attempting to open OBS_Win, trial 1 in 3 times...
2025-04-20 02:03:57,800[1732] - OBS_Win - INFO - OBS_Win started
2025-04-20 02:03:57,800[1732] - RobotTest_AcidicPlatform - INFO - unloading the sample to rack_id #15...
2025-04-20 02:04:57,418[1732] - RobotTest_AcidicPlatform - INFO - sample successfully unloaded from the cell
2025-04-20 02:05:01,003[1732] - OBS_Win - INFO - OBS_Win stopped
2025-04-20 02:05:01,440[1732] - OBS_Win - WARNING - cannot find ['OBS_start_record.png'] on screen
2025-04-20 02:05:04,771[1732] - OBS_Win - INFO - OBS_Win started
2025-04-20 02:05:04,771[1732] - RobotTest_AcidicPlatform - INFO - loading the sample from rack_id #16...
2025-04-20 02:05:43,032[1732] - RobotTest_AcidicPlatform - INFO - sample successfully loaded into the cell
2025-04-20 02:05:43,566[1732] - OBS_Win - INFO - OBS_Win stopped
2025-04-20 02:05:46,769[1732] - EC_Lab_Win11 - INFO - not in software yet
2025-04-20 02:05:47,077[1732] - EC_Lab_Win11 - INFO - attempting to open EC_Lab_Win11, trial 1 in 3 times...
2025-04-20 02:32:26,098[1732] - EC_Lab_Win11 - INFO - test is complete
2025-04-20 02:32:26,099[1732] - RobotTest_AcidicPlatform - INFO - test MOR_PtX_6or8_comp_trial2_sample#50_2025-04-20_02-05-01 finished
2025-04-20 02:32:26,295[1732] - OBS_Win - INFO - not in software yet
2025-04-20 02:32:26,616[1732] - OBS_Win - INFO - attempting to open OBS_Win, trial 1 in 3 times...
2025-04-20 02:32:30,145[1732] - OBS_Win - INFO - OBS_Win started
2025-04-20 02:32:30,146[1732] - RobotTest_AcidicPlatform - INFO - unloading the sample to rack_id #16...
2025-04-20 02:33:30,235[1732] - RobotTest_AcidicPlatform - INFO - sample successfully unloaded from the cell
2025-04-20 02:33:33,827[1732] - OBS_Win - INFO - OBS_Win stopped
2025-04-20 02:33:34,262[1732] - OBS_Win - WARNING - cannot find ['OBS_start_record.png'] on screen
2025-04-20 02:33:37,580[1732] - OBS_Win - INFO - OBS_Win started
2025-04-20 02:33:37,580[1732] - RobotTest_AcidicPlatform - INFO - loading the sample from rack_id #17...
2025-04-20 02:34:16,161[1732] - RobotTest_AcidicPlatform - INFO - sample successfully loaded into the cell
2025-04-20 02:34:16,706[1732] - OBS_Win - INFO - OBS_Win stopped
2025-04-20 02:34:19,933[1732] - EC_Lab_Win11 - INFO - not in software yet
2025-04-20 02:34:20,224[1732] - EC_Lab_Win11 - INFO - attempting to open EC_Lab_Win11, trial 1 in 3 times...
2025-04-20 03:00:58,776[1732] - EC_Lab_Win11 - INFO - test is complete
2025-04-20 03:00:58,776[1732] - RobotTest_AcidicPlatform - INFO - test MOR_PtX_6or8_comp_trial2_sample#51_2025-04-20_02-33-33 finished
2025-04-20 03:00:58,957[1732] - OBS_Win - INFO - not in software yet
2025-04-20 03:00:59,269[1732] - OBS_Win - INFO - attempting to open OBS_Win, trial 1 in 3 times...
2025-04-20 03:01:02,827[1732] - OBS_Win - INFO - OBS_Win started
2025-04-20 03:01:02,828[1732] - RobotTest_AcidicPlatform - INFO - unloading the sample to rack_id #17...
2025-04-20 03:02:03,341[1732] - RobotTest_AcidicPlatform - INFO - sample successfully unloaded from the cell
2025-04-20 03:02:06,910[1732] - OBS_Win - INFO - OBS_Win stopped
2025-04-20 03:02:07,332[1732] - OBS_Win - WARNING - cannot find ['OBS_start_record.png'] on screen
2025-04-20 03:02:10,659[1732] - OBS_Win - INFO - OBS_Win started
2025-04-20 03:02:10,659[1732] - RobotTest_AcidicPlatform - INFO - loading the sample from rack_id #18...
2025-04-20 03:02:49,742[1732] - RobotTest_AcidicPlatform - INFO - sample successfully loaded into the cell
2025-04-20 03:02:50,338[1732] - OBS_Win - INFO - OBS_Win stopped
2025-04-20 03:02:53,566[1732] - EC_Lab_Win11 - INFO - not in software yet
2025-04-20 03:02:53,882[1732] - EC_Lab_Win11 - INFO - attempting to open EC_Lab_Win11, trial 1 in 3 times...
2025-04-20 03:29:22,092[1732] - EC_Lab_Win11 - INFO - test is complete
2025-04-20 03:29:22,093[1732] - RobotTest_AcidicPlatform - INFO - test MOR_PtX_6or8_comp_trial2_sample#52_2025-04-20_03-02-06 finished
2025-04-20 03:29:22,272[1732] - OBS_Win - INFO - not in software yet
2025-04-20 03:29:22,591[1732] - OBS_Win - INFO - attempting to open OBS_Win, trial 1 in 3 times...
2025-04-20 03:29:26,110[1732] - OBS_Win - INFO - OBS_Win started
2025-04-20 03:29:26,110[1732] - RobotTest_AcidicPlatform - INFO - unloading the sample to rack_id #18...
2025-04-20 03:30:27,071[1732] - RobotTest_AcidicPlatform - INFO - sample successfully unloaded from the cell
2025-04-20 03:30:30,650[1732] - OBS_Win - INFO - OBS_Win stopped
2025-04-20 03:30:31,072[1732] - OBS_Win - WARNING - cannot find ['OBS_start_record.png'] on screen
2025-04-20 03:30:34,410[1732] - OBS_Win - INFO - OBS_Win started
2025-04-20 03:30:34,410[1732] - RobotTest_AcidicPlatform - INFO - loading the sample from rack_id #19...
2025-04-20 03:31:13,983[1732] - RobotTest_AcidicPlatform - INFO - sample successfully loaded into the cell
2025-04-20 03:31:14,532[1732] - OBS_Win - INFO - OBS_Win stopped
2025-04-20 03:31:17,754[1732] - EC_Lab_Win11 - INFO - not in software yet
2025-04-20 03:31:18,049[1732] - EC_Lab_Win11 - INFO - attempting to open EC_Lab_Win11, trial 1 in 3 times...
2025-04-20 03:57:56,912[1732] - EC_Lab_Win11 - INFO - test is complete
2025-04-20 03:57:56,913[1732] - RobotTest_AcidicPlatform - INFO - test MOR_PtX_6or8_comp_trial2_sample#53_2025-04-20_03-30-30 finished
2025-04-20 03:57:57,100[1732] - OBS_Win - INFO - not in software yet
2025-04-20 03:57:57,403[1732] - OBS_Win - INFO - attempting to open OBS_Win, trial 1 in 3 times...
2025-04-20 03:58:00,949[1732] - OBS_Win - INFO - OBS_Win started
2025-04-20 03:58:00,949[1732] - RobotTest_AcidicPlatform - INFO - unloading the sample to rack_id #19...
2025-04-20 03:59:02,334[1732] - RobotTest_AcidicPlatform - INFO - sample successfully unloaded from the cell
2025-04-20 03:59:05,888[1732] - OBS_Win - INFO - OBS_Win stopped
2025-04-20 03:59:06,314[1732] - OBS_Win - WARNING - cannot find ['OBS_start_record.png'] on screen
2025-04-20 03:59:09,624[1732] - OBS_Win - INFO - OBS_Win started
2025-04-20 03:59:09,624[1732] - RobotTest_AcidicPlatform - INFO - loading the sample from rack_id #20...
2025-04-20 03:59:49,657[1732] - RobotTest_AcidicPlatform - INFO - sample successfully loaded into the cell
2025-04-20 03:59:50,203[1732] - OBS_Win - INFO - OBS_Win stopped
2025-04-20 03:59:53,431[1732] - EC_Lab_Win11 - INFO - not in software yet
2025-04-20 03:59:53,738[1732] - EC_Lab_Win11 - INFO - attempting to open EC_Lab_Win11, trial 1 in 3 times...
2025-04-20 04:26:32,613[1732] - EC_Lab_Win11 - INFO - test is complete
2025-04-20 04:26:32,613[1732] - RobotTest_AcidicPlatform - INFO - test MOR_PtX_6or8_comp_trial2_sample#54_2025-04-20_03-59-05 finished
2025-04-20 04:26:32,793[1732] - OBS_Win - INFO - not in software yet
2025-04-20 04:26:33,098[1732] - OBS_Win - INFO - attempting to open OBS_Win, trial 1 in 3 times...
2025-04-20 04:26:36,644[1732] - OBS_Win - INFO - OBS_Win started
2025-04-20 04:26:36,644[1732] - RobotTest_AcidicPlatform - INFO - unloading the sample to rack_id #20...
2025-04-20 04:27:38,476[1732] - RobotTest_AcidicPlatform - INFO - sample successfully unloaded from the cell
2025-04-20 04:27:42,062[1732] - OBS_Win - INFO - OBS_Win stopped
2025-04-20 04:27:42,487[1732] - OBS_Win - WARNING - cannot find ['OBS_start_record.png'] on screen
2025-04-20 04:27:45,812[1732] - OBS_Win - INFO - OBS_Win started
2025-04-20 04:27:45,812[1732] - RobotTest_AcidicPlatform - INFO - loading the sample from rack_id #21...
2025-04-20 04:28:26,286[1732] - RobotTest_AcidicPlatform - INFO - sample successfully loaded into the cell
2025-04-20 04:28:26,818[1732] - OBS_Win - INFO - OBS_Win stopped
2025-04-20 04:28:30,026[1732] - EC_Lab_Win11 - INFO - not in software yet
2025-04-20 04:28:30,337[1732] - EC_Lab_Win11 - INFO - attempting to open EC_Lab_Win11, trial 1 in 3 times...
2025-04-20 04:54:58,648[1732] - EC_Lab_Win11 - INFO - test is complete
2025-04-20 04:54:58,648[1732] - RobotTest_AcidicPlatform - INFO - test MOR_PtX_6or8_comp_trial2_sample#55_2025-04-20_04-27-42 finished
2025-04-20 04:54:58,830[1732] - OBS_Win - INFO - not in software yet
2025-04-20 04:54:59,138[1732] - OBS_Win - INFO - attempting to open OBS_Win, trial 1 in 3 times...
2025-04-20 04:55:02,663[1732] - OBS_Win - INFO - OBS_Win started
2025-04-20 04:55:02,663[1732] - RobotTest_AcidicPlatform - INFO - unloading the sample to rack_id #21...
2025-04-20 04:56:04,813[1732] - RobotTest_AcidicPlatform - INFO - sample successfully unloaded from the cell
2025-04-20 04:56:08,380[1732] - OBS_Win - INFO - OBS_Win stopped
2025-04-20 04:56:08,820[1732] - OBS_Win - WARNING - cannot find ['OBS_start_record.png'] on screen
2025-04-20 04:56:12,144[1732] - OBS_Win - INFO - OBS_Win started
2025-04-20 04:56:12,144[1732] - RobotTest_AcidicPlatform - INFO - loading the sample from rack_id #22...
2025-04-20 04:56:52,836[1732] - RobotTest_AcidicPlatform - INFO - sample successfully loaded into the cell
2025-04-20 04:56:53,401[1732] - OBS_Win - INFO - OBS_Win stopped
2025-04-20 04:56:56,608[1732] - EC_Lab_Win11 - INFO - not in software yet
2025-04-20 04:56:56,913[1732] - EC_Lab_Win11 - INFO - attempting to open EC_Lab_Win11, trial 1 in 3 times...
2025-04-20 05:23:35,599[1732] - EC_Lab_Win11 - INFO - test is complete
2025-04-20 05:23:35,599[1732] - RobotTest_AcidicPlatform - INFO - test MOR_PtX_6or8_comp_trial2_sample#56_2025-04-20_04-56-08 finished
2025-04-20 05:23:35,788[1732] - OBS_Win - INFO - not in software yet
2025-04-20 05:23:36,091[1732] - OBS_Win - INFO - attempting to open OBS_Win, trial 1 in 3 times...
2025-04-20 05:23:39,614[1732] - OBS_Win - INFO - OBS_Win started
2025-04-20 05:23:39,614[1732] - RobotTest_AcidicPlatform - INFO - unloading the sample to rack_id #22...
2025-04-20 05:24:42,168[1732] - RobotTest_AcidicPlatform - INFO - sample successfully unloaded from the cell
2025-04-20 05:24:45,751[1732] - OBS_Win - INFO - OBS_Win stopped
2025-04-20 05:24:46,173[1732] - OBS_Win - WARNING - cannot find ['OBS_start_record.png'] on screen
2025-04-20 05:24:49,500[1732] - OBS_Win - INFO - OBS_Win started
2025-04-20 05:24:49,500[1732] - RobotTest_AcidicPlatform - INFO - loading the sample from rack_id #23...
2025-04-20 05:25:30,554[1732] - RobotTest_AcidicPlatform - INFO - sample successfully loaded into the cell
2025-04-20 05:25:31,114[1732] - OBS_Win - INFO - OBS_Win stopped
2025-04-20 05:25:34,326[1732] - EC_Lab_Win11 - INFO - not in software yet
2025-04-20 05:25:34,625[1732] - EC_Lab_Win11 - INFO - attempting to open EC_Lab_Win11, trial 1 in 3 times...
2025-04-20 05:52:14,136[1732] - EC_Lab_Win11 - INFO - test is complete
2025-04-20 05:52:14,136[1732] - RobotTest_AcidicPlatform - INFO - test MOR_PtX_6or8_comp_trial2_sample#57_2025-04-20_05-24-45 finished
2025-04-20 05:52:14,318[1732] - OBS_Win - INFO - not in software yet
2025-04-20 05:52:14,625[1732] - OBS_Win - INFO - attempting to open OBS_Win, trial 1 in 3 times...
2025-04-20 05:52:18,156[1732] - OBS_Win - INFO - OBS_Win started
2025-04-20 05:52:18,156[1732] - RobotTest_AcidicPlatform - INFO - unloading the sample to rack_id #23...
2025-04-20 05:53:21,168[1732] - RobotTest_AcidicPlatform - INFO - sample successfully unloaded from the cell
2025-04-20 05:53:24,740[1732] - OBS_Win - INFO - OBS_Win stopped
2025-04-20 05:53:25,176[1732] - OBS_Win - WARNING - cannot find ['OBS_start_record.png'] on screen
2025-04-20 05:53:28,480[1732] - OBS_Win - INFO - OBS_Win started
2025-04-20 05:53:28,480[1732] - RobotTest_AcidicPlatform - INFO - loading the sample from rack_id #24...
2025-04-20 05:54:10,240[1732] - RobotTest_AcidicPlatform - INFO - sample successfully loaded into the cell
2025-04-20 05:54:10,788[1732] - OBS_Win - INFO - OBS_Win stopped
2025-04-20 05:54:13,978[1732] - EC_Lab_Win11 - INFO - not in software yet
2025-04-20 05:54:14,278[1732] - EC_Lab_Win11 - INFO - attempting to open EC_Lab_Win11, trial 1 in 3 times...
2025-04-20 06:20:53,595[1732] - EC_Lab_Win11 - INFO - test is complete
2025-04-20 06:20:53,596[1732] - RobotTest_AcidicPlatform - INFO - test MOR_PtX_6or8_comp_trial2_sample#58_2025-04-20_05-53-24 finished
2025-04-20 06:20:53,787[1732] - OBS_Win - INFO - not in software yet
2025-04-20 06:20:54,090[1732] - OBS_Win - INFO - attempting to open OBS_Win, trial 1 in 3 times...
2025-04-20 06:20:57,617[1732] - OBS_Win - INFO - OBS_Win started
2025-04-20 06:20:57,617[1732] - RobotTest_AcidicPlatform - INFO - unloading the sample to rack_id #24...
2025-04-20 06:22:01,209[1732] - RobotTest_AcidicPlatform - INFO - sample successfully unloaded from the cell
2025-04-20 06:22:04,790[1732] - OBS_Win - INFO - OBS_Win stopped
2025-04-20 06:22:05,211[1732] - OBS_Win - WARNING - cannot find ['OBS_start_record.png'] on screen
2025-04-20 06:22:08,513[1732] - OBS_Win - INFO - OBS_Win started
2025-04-20 06:22:08,513[1732] - RobotTest_AcidicPlatform - INFO - loading the sample from rack_id #25...
2025-04-20 06:22:50,851[1732] - RobotTest_AcidicPlatform - INFO - sample successfully loaded into the cell
2025-04-20 06:22:51,397[1732] - OBS_Win - INFO - OBS_Win stopped
2025-04-20 06:22:54,620[1732] - EC_Lab_Win11 - INFO - not in software yet
2025-04-20 06:22:54,926[1732] - EC_Lab_Win11 - INFO - attempting to open EC_Lab_Win11, trial 1 in 3 times...
2025-04-20 06:49:33,926[1732] - EC_Lab_Win11 - INFO - test is complete
2025-04-20 06:49:33,926[1732] - RobotTest_AcidicPlatform - INFO - test MOR_PtX_6or8_comp_trial2_sample#59_2025-04-20_06-22-04 finished
2025-04-20 06:49:34,113[1732] - OBS_Win - INFO - not in software yet
2025-04-20 06:49:34,420[1732] - OBS_Win - INFO - attempting to open OBS_Win, trial 1 in 3 times...
2025-04-20 06:49:37,949[1732] - OBS_Win - INFO - OBS_Win started
2025-04-20 06:49:37,949[1732] - RobotTest_AcidicPlatform - INFO - unloading the sample to rack_id #25...
2025-04-20 06:50:41,808[1732] - RobotTest_AcidicPlatform - INFO - sample successfully unloaded from the cell
2025-04-20 06:50:45,397[1732] - OBS_Win - INFO - OBS_Win stopped
2025-04-20 06:50:45,839[1732] - OBS_Win - WARNING - cannot find ['OBS_start_record.png'] on screen
2025-04-20 06:50:49,163[1732] - OBS_Win - INFO - OBS_Win started
2025-04-20 06:50:49,163[1732] - RobotTest_AcidicPlatform - INFO - loading the sample from rack_id #26...
2025-04-20 06:51:31,678[1732] - RobotTest_AcidicPlatform - INFO - sample successfully loaded into the cell
2025-04-20 06:51:32,229[1732] - OBS_Win - INFO - OBS_Win stopped
2025-04-20 06:51:35,440[1732] - EC_Lab_Win11 - INFO - not in software yet
2025-04-20 06:51:35,742[1732] - EC_Lab_Win11 - INFO - attempting to open EC_Lab_Win11, trial 1 in 3 times...
2025-04-20 07:18:14,830[1732] - EC_Lab_Win11 - INFO - test is complete
2025-04-20 07:18:14,830[1732] - RobotTest_AcidicPlatform - INFO - test MOR_PtX_6or8_comp_trial2_sample#60_2025-04-20_06-50-45 finished
2025-04-20 07:18:15,010[1732] - OBS_Win - INFO - not in software yet
2025-04-20 07:18:15,307[1732] - OBS_Win - INFO - attempting to open OBS_Win, trial 1 in 3 times...
2025-04-20 07:18:18,847[1732] - OBS_Win - INFO - OBS_Win started
2025-04-20 07:18:18,847[1732] - RobotTest_AcidicPlatform - INFO - unloading the sample to rack_id #26...
2025-04-20 07:19:23,180[1732] - RobotTest_AcidicPlatform - INFO - sample successfully unloaded from the cell
2025-04-20 07:19:26,766[1732] - OBS_Win - INFO - OBS_Win stopped
2025-04-20 07:19:27,201[1732] - OBS_Win - WARNING - cannot find ['OBS_start_record.png'] on screen
2025-04-20 07:19:30,531[1732] - OBS_Win - INFO - OBS_Win started
2025-04-20 07:19:30,531[1732] - RobotTest_AcidicPlatform - INFO - loading the sample from rack_id #27...
2025-04-20 07:20:13,711[1732] - RobotTest_AcidicPlatform - INFO - sample successfully loaded into the cell
2025-04-20 07:20:14,288[1732] - OBS_Win - INFO - OBS_Win stopped
2025-04-20 07:20:17,496[1732] - EC_Lab_Win11 - INFO - not in software yet
2025-04-20 07:20:17,816[1732] - EC_Lab_Win11 - INFO - attempting to open EC_Lab_Win11, trial 1 in 3 times...
2025-04-20 07:20:53,356[1732] - EC_Lab_Win11 - INFO - not in software yet
2025-04-20 07:20:53,647[1732] - EC_Lab_Win11 - INFO - attempting to open EC_Lab_Win11, trial 1 in 3 times...
2025-04-20 07:20:56,846[1732] - EC_Lab_Win11 - INFO - not in software yet
2025-04-20 07:20:57,143[1732] - EC_Lab_Win11 - INFO - attempting to open EC_Lab_Win11, trial 2 in 3 times...
2025-04-20 07:46:52,671[1732] - EC_Lab_Win11 - INFO - test is complete
2025-04-20 07:46:52,671[1732] - RobotTest_AcidicPlatform - INFO - test MOR_PtX_6or8_comp_trial2_sample#61_2025-04-20_07-19-26 finished
2025-04-20 07:46:52,862[1732] - OBS_Win - INFO - not in software yet
2025-04-20 07:46:53,169[1732] - OBS_Win - INFO - attempting to open OBS_Win, trial 1 in 3 times...
2025-04-20 07:46:56,690[1732] - OBS_Win - INFO - OBS_Win started
2025-04-20 07:46:56,690[1732] - RobotTest_AcidicPlatform - INFO - unloading the sample to rack_id #27...
2025-04-20 07:48:01,496[1732] - RobotTest_AcidicPlatform - INFO - sample successfully unloaded from the cell
2025-04-20 07:48:05,084[1732] - OBS_Win - INFO - OBS_Win stopped
2025-04-20 07:48:05,517[1732] - OBS_Win - WARNING - cannot find ['OBS_start_record.png'] on screen
2025-04-20 07:48:08,832[1732] - OBS_Win - INFO - OBS_Win started
2025-04-20 07:48:08,832[1732] - RobotTest_AcidicPlatform - INFO - loading the sample from rack_id #28...
2025-04-20 07:48:52,357[1732] - RobotTest_AcidicPlatform - INFO - sample successfully loaded into the cell
2025-04-20 07:48:52,907[1732] - OBS_Win - INFO - OBS_Win stopped
2025-04-20 07:48:56,108[1732] - EC_Lab_Win11 - INFO - not in software yet
2025-04-20 07:48:56,425[1732] - EC_Lab_Win11 - INFO - attempting to open EC_Lab_Win11, trial 1 in 3 times...
2025-04-20 08:15:24,393[1732] - EC_Lab_Win11 - INFO - test is complete
2025-04-20 08:15:24,393[1732] - RobotTest_AcidicPlatform - INFO - test MOR_PtX_6or8_comp_trial2_sample#62_2025-04-20_07-48-05 finished
2025-04-20 08:15:24,582[1732] - OBS_Win - INFO - not in software yet
2025-04-20 08:15:24,879[1732] - OBS_Win - INFO - attempting to open OBS_Win, trial 1 in 3 times...
2025-04-20 08:15:28,402[1732] - OBS_Win - INFO - OBS_Win started
2025-04-20 08:15:28,402[1732] - RobotTest_AcidicPlatform - INFO - unloading the sample to rack_id #28...
2025-04-20 08:16:33,572[1732] - RobotTest_AcidicPlatform - INFO - sample successfully unloaded from the cell
2025-04-20 08:16:37,142[1732] - OBS_Win - INFO - OBS_Win stopped
2025-04-20 08:16:37,568[1732] - OBS_Win - WARNING - cannot find ['OBS_start_record.png'] on screen
2025-04-20 08:16:40,893[1732] - OBS_Win - INFO - OBS_Win started
2025-04-20 08:16:40,893[1732] - RobotTest_AcidicPlatform - INFO - loading the sample from rack_id #29...
2025-04-20 08:17:24,767[1732] - RobotTest_AcidicPlatform - INFO - sample successfully loaded into the cell
2025-04-20 08:17:25,314[1732] - OBS_Win - INFO - OBS_Win stopped
2025-04-20 08:17:28,524[1732] - EC_Lab_Win11 - INFO - not in software yet
2025-04-20 08:17:28,824[1732] - EC_Lab_Win11 - INFO - attempting to open EC_Lab_Win11, trial 1 in 3 times...
2025-04-20 08:44:08,014[1732] - EC_Lab_Win11 - INFO - test is complete
2025-04-20 08:44:08,014[1732] - RobotTest_AcidicPlatform - INFO - test MOR_PtX_6or8_comp_trial2_sample#63_2025-04-20_08-16-37 finished
2025-04-20 08:44:08,199[1732] - OBS_Win - INFO - not in software yet
2025-04-20 08:44:08,499[1732] - OBS_Win - INFO - attempting to open OBS_Win, trial 1 in 3 times...
2025-04-20 08:44:12,036[1732] - OBS_Win - INFO - OBS_Win started
2025-04-20 08:44:12,036[1732] - RobotTest_AcidicPlatform - INFO - unloading the sample to rack_id #29...
2025-04-20 08:45:17,554[1732] - RobotTest_AcidicPlatform - INFO - sample successfully unloaded from the cell
2025-04-20 08:45:21,163[1732] - OBS_Win - INFO - OBS_Win stopped
2025-04-20 08:45:21,609[1732] - OBS_Win - WARNING - cannot find ['OBS_start_record.png'] on screen
2025-04-20 08:45:24,948[1732] - OBS_Win - INFO - OBS_Win started
2025-04-20 08:45:24,948[1732] - RobotTest_AcidicPlatform - INFO - loading the sample from rack_id #30...
2025-04-20 08:46:08,905[1732] - RobotTest_AcidicPlatform - INFO - sample successfully loaded into the cell
2025-04-20 08:46:09,452[1732] - OBS_Win - INFO - OBS_Win stopped
2025-04-20 08:46:12,648[1732] - EC_Lab_Win11 - INFO - not in software yet
2025-04-20 08:46:12,955[1732] - EC_Lab_Win11 - INFO - attempting to open EC_Lab_Win11, trial 1 in 3 times...
2025-04-20 08:46:48,512[1732] - EC_Lab_Win11 - INFO - not in software yet
2025-04-20 08:46:48,804[1732] - EC_Lab_Win11 - INFO - attempting to open EC_Lab_Win11, trial 1 in 3 times...
2025-04-20 08:46:52,009[1732] - EC_Lab_Win11 - INFO - not in software yet
2025-04-20 08:46:52,320[1732] - EC_Lab_Win11 - INFO - attempting to open EC_Lab_Win11, trial 2 in 3 times...
2025-04-20 09:12:48,131[1732] - EC_Lab_Win11 - INFO - test is complete
2025-04-20 09:12:48,131[1732] - RobotTest_AcidicPlatform - INFO - test MOR_PtX_6or8_comp_trial2_sample#64_2025-04-20_08-45-21 finished
2025-04-20 09:12:48,319[1732] - OBS_Win - INFO - not in software yet
2025-04-20 09:12:48,625[1732] - OBS_Win - INFO - attempting to open OBS_Win, trial 1 in 3 times...
2025-04-20 09:12:52,192[1732] - OBS_Win - INFO - OBS_Win started
2025-04-20 09:12:52,192[1732] - RobotTest_AcidicPlatform - INFO - unloading the sample to rack_id #30...
2025-04-20 09:13:51,513[1732] - RobotTest_AcidicPlatform - INFO - sample successfully unloaded from the cell
2025-04-20 09:13:55,095[1732] - OBS_Win - INFO - OBS_Win stopped
2025-04-20 09:13:55,507[1732] - OBS_Win - WARNING - cannot find ['OBS_start_record.png'] on screen
2025-04-20 09:13:58,829[1732] - OBS_Win - INFO - OBS_Win started
2025-04-20 09:13:58,829[1732] - RobotTest_AcidicPlatform - INFO - loading the sample from rack_id #31...
2025-04-20 09:14:30,176[1732] - RobotTest_AcidicPlatform - INFO - sample successfully loaded into the cell
2025-04-20 09:14:30,739[1732] - OBS_Win - INFO - OBS_Win stopped
2025-04-20 09:14:33,950[1732] - EC_Lab_Win11 - INFO - not in software yet
2025-04-20 09:14:34,252[1732] - EC_Lab_Win11 - INFO - attempting to open EC_Lab_Win11, trial 1 in 3 times...
2025-04-20 09:41:13,225[1732] - EC_Lab_Win11 - INFO - test is complete
2025-04-20 09:41:13,225[1732] - RobotTest_AcidicPlatform - INFO - test MOR_PtX_6or8_comp_trial2_sample#65_2025-04-20_09-13-55 finished
2025-04-20 09:41:13,415[1732] - OBS_Win - INFO - not in software yet
2025-04-20 09:41:13,721[1732] - OBS_Win - INFO - attempting to open OBS_Win, trial 1 in 3 times...
2025-04-20 09:41:17,250[1732] - OBS_Win - INFO - OBS_Win started
2025-04-20 09:41:17,250[1732] - RobotTest_AcidicPlatform - INFO - unloading the sample to rack_id #31...
2025-04-20 09:42:16,163[1732] - RobotTest_AcidicPlatform - INFO - sample successfully unloaded from the cell
2025-04-20 09:42:19,691[1732] - OBS_Win - INFO - OBS_Win stopped
2025-04-20 09:42:20,127[1732] - OBS_Win - WARNING - cannot find ['OBS_start_record.png'] on screen
2025-04-20 09:42:23,441[1732] - OBS_Win - INFO - OBS_Win started
2025-04-20 09:42:23,441[1732] - RobotTest_AcidicPlatform - INFO - loading the sample from rack_id #32...
2025-04-20 09:42:55,381[1732] - RobotTest_AcidicPlatform - INFO - sample successfully loaded into the cell
2025-04-20 09:42:55,959[1732] - OBS_Win - INFO - OBS_Win stopped
2025-04-20 09:42:59,159[1732] - EC_Lab_Win11 - INFO - not in software yet
2025-04-20 09:42:59,480[1732] - EC_Lab_Win11 - INFO - attempting to open EC_Lab_Win11, trial 1 in 3 times...
2025-04-20 10:09:30,667[1732] - EC_Lab_Win11 - INFO - test is complete
2025-04-20 10:09:30,667[1732] - RobotTest_AcidicPlatform - INFO - test MOR_PtX_6or8_comp_trial2_sample#66_2025-04-20_09-42-19 finished
2025-04-20 10:09:30,869[1732] - OBS_Win - INFO - not in software yet
2025-04-20 10:09:31,217[1732] - OBS_Win - INFO - attempting to open OBS_Win, trial 1 in 3 times...
2025-04-20 10:09:34,759[1732] - OBS_Win - INFO - OBS_Win started
2025-04-20 10:09:34,760[1732] - RobotTest_AcidicPlatform - INFO - unloading the sample to rack_id #32...
2025-04-20 10:10:33,460[1732] - RobotTest_AcidicPlatform - INFO - sample successfully unloaded from the cell
2025-04-20 10:10:37,049[1732] - OBS_Win - INFO - OBS_Win stopped
2025-04-20 10:10:37,512[1732] - OBS_Win - WARNING - cannot find ['OBS_start_record.png'] on screen
2025-04-20 10:10:40,853[1732] - OBS_Win - INFO - OBS_Win started
2025-04-20 10:10:40,853[1732] - RobotTest_AcidicPlatform - INFO - loading the sample from rack_id #33...
2025-04-20 10:11:13,040[1732] - RobotTest_AcidicPlatform - INFO - sample successfully loaded into the cell
2025-04-20 10:11:13,591[1732] - OBS_Win - INFO - OBS_Win stopped
2025-04-20 10:11:16,799[1732] - EC_Lab_Win11 - INFO - not in software yet
2025-04-20 10:11:17,098[1732] - EC_Lab_Win11 - INFO - attempting to open EC_Lab_Win11, trial 1 in 3 times...
2025-04-20 10:37:47,349[1732] - EC_Lab_Win11 - INFO - test is complete
2025-04-20 10:37:47,349[1732] - RobotTest_AcidicPlatform - INFO - test MOR_PtX_6or8_comp_trial2_sample#67_2025-04-20_10-10-37 finished
2025-04-20 10:37:47,536[1732] - OBS_Win - INFO - not in software yet
2025-04-20 10:37:47,840[1732] - OBS_Win - INFO - attempting to open OBS_Win, trial 1 in 3 times...
2025-04-20 10:37:51,373[1732] - OBS_Win - INFO - OBS_Win started
2025-04-20 10:37:51,373[1732] - RobotTest_AcidicPlatform - INFO - unloading the sample to rack_id #33...
2025-04-20 10:38:49,614[1732] - RobotTest_AcidicPlatform - INFO - sample successfully unloaded from the cell
2025-04-20 10:38:53,184[1732] - OBS_Win - INFO - OBS_Win stopped
2025-04-20 10:38:53,596[1732] - OBS_Win - WARNING - cannot find ['OBS_start_record.png'] on screen
2025-04-20 10:38:56,940[1732] - OBS_Win - INFO - OBS_Win started
2025-04-20 10:38:56,940[1732] - RobotTest_AcidicPlatform - INFO - loading the sample from rack_id #34...
2025-04-20 10:39:29,645[1732] - RobotTest_AcidicPlatform - INFO - sample successfully loaded into the cell
2025-04-20 10:39:30,211[1732] - OBS_Win - INFO - OBS_Win stopped
2025-04-20 10:39:33,417[1732] - EC_Lab_Win11 - INFO - not in software yet
2025-04-20 10:39:33,730[1732] - EC_Lab_Win11 - INFO - attempting to open EC_Lab_Win11, trial 1 in 3 times...
2025-04-20 11:06:02,391[1732] - EC_Lab_Win11 - INFO - test is complete
2025-04-20 11:06:02,392[1732] - RobotTest_AcidicPlatform - INFO - test MOR_PtX_6or8_comp_trial2_sample#68_2025-04-20_10-38-53 finished
2025-04-20 11:06:02,574[1732] - OBS_Win - INFO - not in software yet
2025-04-20 11:06:02,900[1732] - OBS_Win - INFO - attempting to open OBS_Win, trial 1 in 3 times...
2025-04-20 11:06:06,448[1732] - OBS_Win - INFO - OBS_Win started
2025-04-20 11:06:06,448[1732] - RobotTest_AcidicPlatform - INFO - unloading the sample to rack_id #34...
2025-04-20 11:07:04,161[1732] - RobotTest_AcidicPlatform - INFO - sample successfully unloaded from the cell
2025-04-20 11:07:07,774[1732] - OBS_Win - INFO - OBS_Win stopped
2025-04-20 11:07:08,199[1732] - OBS_Win - WARNING - cannot find ['OBS_start_record.png'] on screen
2025-04-20 11:07:11,520[1732] - OBS_Win - INFO - OBS_Win started
2025-04-20 11:07:11,520[1732] - RobotTest_AcidicPlatform - INFO - loading the sample from rack_id #35...
2025-04-20 11:07:44,628[1732] - RobotTest_AcidicPlatform - INFO - sample successfully loaded into the cell
2025-04-20 11:07:45,158[1732] - OBS_Win - INFO - OBS_Win stopped
2025-04-20 11:07:48,378[1732] - EC_Lab_Win11 - INFO - not in software yet
2025-04-20 11:07:48,695[1732] - EC_Lab_Win11 - INFO - attempting to open EC_Lab_Win11, trial 1 in 3 times...
2025-04-20 11:22:21,137[1732] - RobotTest_AcidicPlatform - INFO - human operating, fail to detect...
2025-04-20 11:22:31,147[1732] - RobotTest_AcidicPlatform - INFO - human operating, fail to detect...
2025-04-20 11:22:41,155[1732] - RobotTest_AcidicPlatform - INFO - human operating, fail to detect...
2025-04-20 11:22:51,167[1732] - RobotTest_AcidicPlatform - INFO - human operating, fail to detect...
2025-04-20 11:23:01,174[1732] - RobotTest_AcidicPlatform - INFO - human operating, fail to detect...
2025-04-20 11:23:11,190[1732] - RobotTest_AcidicPlatform - INFO - human operating, fail to detect...
2025-04-20 11:34:21,697[1732] - EC_Lab_Win11 - INFO - test is complete
2025-04-20 11:34:21,697[1732] - RobotTest_AcidicPlatform - INFO - test MOR_PtX_6or8_comp_trial2_sample#69_2025-04-20_11-07-07 finished
2025-04-20 11:34:21,887[1732] - OBS_Win - INFO - not in software yet
2025-04-20 11:34:22,182[1732] - OBS_Win - INFO - attempting to open OBS_Win, trial 1 in 3 times...
2025-04-20 11:34:25,726[1732] - OBS_Win - INFO - OBS_Win started
2025-04-20 11:34:25,727[1732] - RobotTest_AcidicPlatform - INFO - unloading the sample to rack_id #35...
2025-04-20 11:35:22,954[1732] - RobotTest_AcidicPlatform - INFO - sample successfully unloaded from the cell
2025-04-20 11:35:26,555[1732] - OBS_Win - INFO - OBS_Win stopped
2025-04-27 17:19:02,313[25660] - RobotTest_AcidicPlatform - INFO - started a batch of test, with sample_rack_id : sample_id = {0: 70, 1: 71, 2: 72, 3: 73, 4: 74, 5: 75, 6: 76, 7: 77, 8: 78, 9: 79, 10: 80, 11: 81, 12: 82, 13: 83, 14: 84, 15: 85, 16: 86, 17: 87}
2025-04-27 17:19:08,367[25660] - OBS_Win - INFO - not in software yet
2025-04-27 17:19:08,705[25660] - OBS_Win - INFO - attempting to open OBS_Win, trial 1 in 3 times...
2025-04-27 17:19:12,262[25660] - OBS_Win - INFO - OBS_Win started
2025-04-27 17:19:12,262[25660] - RobotTest_AcidicPlatform - INFO - loading the sample from rack_id #0...
2025-04-27 17:19:51,490[25660] - RobotTest_AcidicPlatform - INFO - sample successfully loaded into the cell
2025-04-27 17:19:52,105[25660] - OBS_Win - INFO - OBS_Win stopped
2025-04-27 17:19:55,326[25660] - EC_Lab_Win11 - INFO - not in software yet
2025-04-27 17:19:55,647[25660] - EC_Lab_Win11 - INFO - attempting to open EC_Lab_Win11, trial 1 in 3 times...
2025-04-27 17:23:08,009[25660] - RobotTest_AcidicPlatform - INFO - human operating, fail to detect...
2025-04-27 17:23:18,022[25660] - RobotTest_AcidicPlatform - INFO - human operating, fail to detect...
2025-04-27 17:23:28,032[25660] - RobotTest_AcidicPlatform - INFO - human operating, fail to detect...
2025-04-27 17:23:38,042[25660] - RobotTest_AcidicPlatform - INFO - human operating, fail to detect...
2025-04-27 17:23:48,047[25660] - RobotTest_AcidicPlatform - INFO - human operating, fail to detect...
2025-04-27 17:23:58,374[25660] - RobotTest_AcidicPlatform - INFO - started a batch of test, with sample_rack_id : sample_id = {0: 70, 1: 71, 2: 72, 3: 73, 4: 74, 5: 75, 6: 76, 7: 77, 8: 78, 9: 79, 10: 80, 11: 81, 12: 82, 13: 83, 14: 84, 15: 85, 16: 86, 17: 87}
2025-04-27 17:23:58,377[25660] - RobotTest_AcidicPlatform - ERROR - Cannot go home, unload sample first!
Traceback (most recent call last):
  File "C:\Users\li\PycharmProjects\catalyst\robotic_testing\common\robot_test.py", line 45, in wrapper
    return func(self, *args, **kwargs)
  File "C:\Users\li\PycharmProjects\catalyst\robotic_testing\common\robot_test.py", line 182, in run
    self.robot_warming_up()
  File "C:\Users\li\PycharmProjects\catalyst\robotic_testing\common\robot_test.py", line 312, in robot_warming_up
    self.arm.home()
  File "C:\Users\li\PycharmProjects\catalyst\robotic_testing\common\robotic_arms\xarm6\xarm6.py", line 11, in home
    raise SystemError('Cannot go home, unload sample first!')
SystemError: Cannot go home, unload sample first!
2025-04-27 17:23:58,437[25660] - RobotTest_AcidicPlatform - INFO - started a batch of test, with sample_rack_id : sample_id = {0: 70, 1: 71, 2: 72, 3: 73, 4: 74, 5: 75, 6: 76, 7: 77, 8: 78, 9: 79, 10: 80, 11: 81, 12: 82, 13: 83, 14: 84, 15: 85, 16: 86, 17: 87}
2025-04-27 17:23:58,440[25660] - RobotTest_AcidicPlatform - ERROR - Cannot go home, unload sample first!
Traceback (most recent call last):
  File "C:\Users\li\PycharmProjects\catalyst\robotic_testing\common\robot_test.py", line 45, in wrapper
    return func(self, *args, **kwargs)
  File "C:\Users\li\PycharmProjects\catalyst\robotic_testing\common\robot_test.py", line 182, in run
    self.robot_warming_up()
  File "C:\Users\li\PycharmProjects\catalyst\robotic_testing\common\robot_test.py", line 312, in robot_warming_up
    self.arm.home()
  File "C:\Users\li\PycharmProjects\catalyst\robotic_testing\common\robotic_arms\xarm6\xarm6.py", line 11, in home
    raise SystemError('Cannot go home, unload sample first!')
SystemError: Cannot go home, unload sample first!
2025-04-27 17:23:58,500[25660] - RobotTest_AcidicPlatform - INFO - started a batch of test, with sample_rack_id : sample_id = {0: 70, 1: 71, 2: 72, 3: 73, 4: 74, 5: 75, 6: 76, 7: 77, 8: 78, 9: 79, 10: 80, 11: 81, 12: 82, 13: 83, 14: 84, 15: 85, 16: 86, 17: 87}
2025-04-27 17:23:58,503[25660] - RobotTest_AcidicPlatform - ERROR - Cannot go home, unload sample first!
Traceback (most recent call last):
  File "C:\Users\li\PycharmProjects\catalyst\robotic_testing\common\robot_test.py", line 45, in wrapper
    return func(self, *args, **kwargs)
  File "C:\Users\li\PycharmProjects\catalyst\robotic_testing\common\robot_test.py", line 182, in run
    self.robot_warming_up()
  File "C:\Users\li\PycharmProjects\catalyst\robotic_testing\common\robot_test.py", line 312, in robot_warming_up
    self.arm.home()
  File "C:\Users\li\PycharmProjects\catalyst\robotic_testing\common\robotic_arms\xarm6\xarm6.py", line 11, in home
    raise SystemError('Cannot go home, unload sample first!')
SystemError: Cannot go home, unload sample first!
2025-04-27 17:23:58,547[25660] - RobotTest_AcidicPlatform - INFO - started a batch of test, with sample_rack_id : sample_id = {0: 70, 1: 71, 2: 72, 3: 73, 4: 74, 5: 75, 6: 76, 7: 77, 8: 78, 9: 79, 10: 80, 11: 81, 12: 82, 13: 83, 14: 84, 15: 85, 16: 86, 17: 87}
2025-04-27 17:23:58,550[25660] - RobotTest_AcidicPlatform - ERROR - Cannot go home, unload sample first!
Traceback (most recent call last):
  File "C:\Users\li\PycharmProjects\catalyst\robotic_testing\common\robot_test.py", line 45, in wrapper
    return func(self, *args, **kwargs)
  File "C:\Users\li\PycharmProjects\catalyst\robotic_testing\common\robot_test.py", line 182, in run
    self.robot_warming_up()
  File "C:\Users\li\PycharmProjects\catalyst\robotic_testing\common\robot_test.py", line 312, in robot_warming_up
    self.arm.home()
  File "C:\Users\li\PycharmProjects\catalyst\robotic_testing\common\robotic_arms\xarm6\xarm6.py", line 11, in home
    raise SystemError('Cannot go home, unload sample first!')
SystemError: Cannot go home, unload sample first!
2025-04-27 17:23:58,592[25660] - RobotTest_AcidicPlatform - INFO - started a batch of test, with sample_rack_id : sample_id = {0: 70, 1: 71, 2: 72, 3: 73, 4: 74, 5: 75, 6: 76, 7: 77, 8: 78, 9: 79, 10: 80, 11: 81, 12: 82, 13: 83, 14: 84, 15: 85, 16: 86, 17: 87}
2025-04-27 17:23:58,595[25660] - RobotTest_AcidicPlatform - ERROR - Cannot go home, unload sample first!
Traceback (most recent call last):
  File "C:\Users\li\PycharmProjects\catalyst\robotic_testing\common\robot_test.py", line 45, in wrapper
    return func(self, *args, **kwargs)
  File "C:\Users\li\PycharmProjects\catalyst\robotic_testing\common\robot_test.py", line 182, in run
    self.robot_warming_up()
  File "C:\Users\li\PycharmProjects\catalyst\robotic_testing\common\robot_test.py", line 312, in robot_warming_up
    self.arm.home()
  File "C:\Users\li\PycharmProjects\catalyst\robotic_testing\common\robotic_arms\xarm6\xarm6.py", line 11, in home
    raise SystemError('Cannot go home, unload sample first!')
SystemError: Cannot go home, unload sample first!
2025-04-27 17:23:58,640[25660] - RobotTest_AcidicPlatform - INFO - started a batch of test, with sample_rack_id : sample_id = {0: 70, 1: 71, 2: 72, 3: 73, 4: 74, 5: 75, 6: 76, 7: 77, 8: 78, 9: 79, 10: 80, 11: 81, 12: 82, 13: 83, 14: 84, 15: 85, 16: 86, 17: 87}
2025-04-27 17:23:58,643[25660] - RobotTest_AcidicPlatform - ERROR - Cannot go home, unload sample first!
Traceback (most recent call last):
  File "C:\Users\li\PycharmProjects\catalyst\robotic_testing\common\robot_test.py", line 45, in wrapper
    return func(self, *args, **kwargs)
  File "C:\Users\li\PycharmProjects\catalyst\robotic_testing\common\robot_test.py", line 182, in run
    self.robot_warming_up()
  File "C:\Users\li\PycharmProjects\catalyst\robotic_testing\common\robot_test.py", line 312, in robot_warming_up
    self.arm.home()
  File "C:\Users\li\PycharmProjects\catalyst\robotic_testing\common\robotic_arms\xarm6\xarm6.py", line 11, in home
    raise SystemError('Cannot go home, unload sample first!')
SystemError: Cannot go home, unload sample first!
2025-04-27 17:23:58,692[25660] - RobotTest_AcidicPlatform - INFO - started a batch of test, with sample_rack_id : sample_id = {0: 70, 1: 71, 2: 72, 3: 73, 4: 74, 5: 75, 6: 76, 7: 77, 8: 78, 9: 79, 10: 80, 11: 81, 12: 82, 13: 83, 14: 84, 15: 85, 16: 86, 17: 87}
2025-04-27 17:23:58,694[25660] - RobotTest_AcidicPlatform - ERROR - Cannot go home, unload sample first!
Traceback (most recent call last):
  File "C:\Users\li\PycharmProjects\catalyst\robotic_testing\common\robot_test.py", line 45, in wrapper
    return func(self, *args, **kwargs)
  File "C:\Users\li\PycharmProjects\catalyst\robotic_testing\common\robot_test.py", line 182, in run
    self.robot_warming_up()
  File "C:\Users\li\PycharmProjects\catalyst\robotic_testing\common\robot_test.py", line 312, in robot_warming_up
    self.arm.home()
  File "C:\Users\li\PycharmProjects\catalyst\robotic_testing\common\robotic_arms\xarm6\xarm6.py", line 11, in home
    raise SystemError('Cannot go home, unload sample first!')
SystemError: Cannot go home, unload sample first!
2025-04-27 17:23:58,734[25660] - RobotTest_AcidicPlatform - INFO - started a batch of test, with sample_rack_id : sample_id = {0: 70, 1: 71, 2: 72, 3: 73, 4: 74, 5: 75, 6: 76, 7: 77, 8: 78, 9: 79, 10: 80, 11: 81, 12: 82, 13: 83, 14: 84, 15: 85, 16: 86, 17: 87}
2025-04-27 17:23:58,738[25660] - RobotTest_AcidicPlatform - ERROR - Cannot go home, unload sample first!
Traceback (most recent call last):
  File "C:\Users\li\PycharmProjects\catalyst\robotic_testing\common\robot_test.py", line 45, in wrapper
    return func(self, *args, **kwargs)
  File "C:\Users\li\PycharmProjects\catalyst\robotic_testing\common\robot_test.py", line 182, in run
    self.robot_warming_up()
  File "C:\Users\li\PycharmProjects\catalyst\robotic_testing\common\robot_test.py", line 312, in robot_warming_up
    self.arm.home()
  File "C:\Users\li\PycharmProjects\catalyst\robotic_testing\common\robotic_arms\xarm6\xarm6.py", line 11, in home
    raise SystemError('Cannot go home, unload sample first!')
SystemError: Cannot go home, unload sample first!
2025-04-27 17:23:58,785[25660] - RobotTest_AcidicPlatform - INFO - started a batch of test, with sample_rack_id : sample_id = {0: 70, 1: 71, 2: 72, 3: 73, 4: 74, 5: 75, 6: 76, 7: 77, 8: 78, 9: 79, 10: 80, 11: 81, 12: 82, 13: 83, 14: 84, 15: 85, 16: 86, 17: 87}
2025-04-27 17:23:58,788[25660] - RobotTest_AcidicPlatform - ERROR - Cannot go home, unload sample first!
Traceback (most recent call last):
  File "C:\Users\li\PycharmProjects\catalyst\robotic_testing\common\robot_test.py", line 45, in wrapper
    return func(self, *args, **kwargs)
  File "C:\Users\li\PycharmProjects\catalyst\robotic_testing\common\robot_test.py", line 182, in run
    self.robot_warming_up()
  File "C:\Users\li\PycharmProjects\catalyst\robotic_testing\common\robot_test.py", line 312, in robot_warming_up
    self.arm.home()
  File "C:\Users\li\PycharmProjects\catalyst\robotic_testing\common\robotic_arms\xarm6\xarm6.py", line 11, in home
    raise SystemError('Cannot go home, unload sample first!')
SystemError: Cannot go home, unload sample first!
2025-04-27 17:23:58,846[25660] - RobotTest_AcidicPlatform - INFO - started a batch of test, with sample_rack_id : sample_id = {0: 70, 1: 71, 2: 72, 3: 73, 4: 74, 5: 75, 6: 76, 7: 77, 8: 78, 9: 79, 10: 80, 11: 81, 12: 82, 13: 83, 14: 84, 15: 85, 16: 86, 17: 87}
2025-04-27 17:23:58,848[25660] - RobotTest_AcidicPlatform - ERROR - Cannot go home, unload sample first!
Traceback (most recent call last):
  File "C:\Users\li\PycharmProjects\catalyst\robotic_testing\common\robot_test.py", line 45, in wrapper
    return func(self, *args, **kwargs)
  File "C:\Users\li\PycharmProjects\catalyst\robotic_testing\common\robot_test.py", line 182, in run
    self.robot_warming_up()
  File "C:\Users\li\PycharmProjects\catalyst\robotic_testing\common\robot_test.py", line 312, in robot_warming_up
    self.arm.home()
  File "C:\Users\li\PycharmProjects\catalyst\robotic_testing\common\robotic_arms\xarm6\xarm6.py", line 11, in home
    raise SystemError('Cannot go home, unload sample first!')
SystemError: Cannot go home, unload sample first!
2025-04-27 17:23:58,894[25660] - RobotTest_AcidicPlatform - INFO - started a batch of test, with sample_rack_id : sample_id = {0: 70, 1: 71, 2: 72, 3: 73, 4: 74, 5: 75, 6: 76, 7: 77, 8: 78, 9: 79, 10: 80, 11: 81, 12: 82, 13: 83, 14: 84, 15: 85, 16: 86, 17: 87}
2025-04-27 17:23:58,896[25660] - RobotTest_AcidicPlatform - ERROR - Cannot go home, unload sample first!
Traceback (most recent call last):
  File "C:\Users\li\PycharmProjects\catalyst\robotic_testing\common\robot_test.py", line 45, in wrapper
    return func(self, *args, **kwargs)
  File "C:\Users\li\PycharmProjects\catalyst\robotic_testing\common\robot_test.py", line 182, in run
    self.robot_warming_up()
  File "C:\Users\li\PycharmProjects\catalyst\robotic_testing\common\robot_test.py", line 312, in robot_warming_up
    self.arm.home()
  File "C:\Users\li\PycharmProjects\catalyst\robotic_testing\common\robotic_arms\xarm6\xarm6.py", line 11, in home
    raise SystemError('Cannot go home, unload sample first!')
SystemError: Cannot go home, unload sample first!
2025-04-27 17:23:58,941[25660] - RobotTest_AcidicPlatform - INFO - started a batch of test, with sample_rack_id : sample_id = {0: 70, 1: 71, 2: 72, 3: 73, 4: 74, 5: 75, 6: 76, 7: 77, 8: 78, 9: 79, 10: 80, 11: 81, 12: 82, 13: 83, 14: 84, 15: 85, 16: 86, 17: 87}
2025-04-27 17:23:58,944[25660] - RobotTest_AcidicPlatform - ERROR - Cannot go home, unload sample first!
Traceback (most recent call last):
  File "C:\Users\li\PycharmProjects\catalyst\robotic_testing\common\robot_test.py", line 45, in wrapper
    return func(self, *args, **kwargs)
  File "C:\Users\li\PycharmProjects\catalyst\robotic_testing\common\robot_test.py", line 182, in run
    self.robot_warming_up()
  File "C:\Users\li\PycharmProjects\catalyst\robotic_testing\common\robot_test.py", line 312, in robot_warming_up
    self.arm.home()
  File "C:\Users\li\PycharmProjects\catalyst\robotic_testing\common\robotic_arms\xarm6\xarm6.py", line 11, in home
    raise SystemError('Cannot go home, unload sample first!')
SystemError: Cannot go home, unload sample first!
2025-04-27 17:23:58,990[25660] - RobotTest_AcidicPlatform - INFO - started a batch of test, with sample_rack_id : sample_id = {0: 70, 1: 71, 2: 72, 3: 73, 4: 74, 5: 75, 6: 76, 7: 77, 8: 78, 9: 79, 10: 80, 11: 81, 12: 82, 13: 83, 14: 84, 15: 85, 16: 86, 17: 87}
2025-04-27 17:23:58,993[25660] - RobotTest_AcidicPlatform - ERROR - Cannot go home, unload sample first!
Traceback (most recent call last):
  File "C:\Users\li\PycharmProjects\catalyst\robotic_testing\common\robot_test.py", line 45, in wrapper
    return func(self, *args, **kwargs)
  File "C:\Users\li\PycharmProjects\catalyst\robotic_testing\common\robot_test.py", line 182, in run
    self.robot_warming_up()
  File "C:\Users\li\PycharmProjects\catalyst\robotic_testing\common\robot_test.py", line 312, in robot_warming_up
    self.arm.home()
  File "C:\Users\li\PycharmProjects\catalyst\robotic_testing\common\robotic_arms\xarm6\xarm6.py", line 11, in home
    raise SystemError('Cannot go home, unload sample first!')
SystemError: Cannot go home, unload sample first!
2025-04-27 17:23:59,036[25660] - RobotTest_AcidicPlatform - INFO - started a batch of test, with sample_rack_id : sample_id = {0: 70, 1: 71, 2: 72, 3: 73, 4: 74, 5: 75, 6: 76, 7: 77, 8: 78, 9: 79, 10: 80, 11: 81, 12: 82, 13: 83, 14: 84, 15: 85, 16: 86, 17: 87}
2025-04-27 17:23:59,039[25660] - RobotTest_AcidicPlatform - ERROR - Cannot go home, unload sample first!
Traceback (most recent call last):
  File "C:\Users\li\PycharmProjects\catalyst\robotic_testing\common\robot_test.py", line 45, in wrapper
    return func(self, *args, **kwargs)
  File "C:\Users\li\PycharmProjects\catalyst\robotic_testing\common\robot_test.py", line 182, in run
    self.robot_warming_up()
  File "C:\Users\li\PycharmProjects\catalyst\robotic_testing\common\robot_test.py", line 312, in robot_warming_up
    self.arm.home()
  File "C:\Users\li\PycharmProjects\catalyst\robotic_testing\common\robotic_arms\xarm6\xarm6.py", line 11, in home
    raise SystemError('Cannot go home, unload sample first!')
SystemError: Cannot go home, unload sample first!
2025-04-27 17:25:40,942[24848] - RobotTest_AcidicPlatform - INFO - started a batch of test, with sample_rack_id : sample_id = {0: 70, 1: 71, 2: 72, 3: 73, 4: 74, 5: 75, 6: 76, 7: 77, 8: 78, 9: 79, 10: 80, 11: 81, 12: 82, 13: 83, 14: 84, 15: 85, 16: 86, 17: 87}
2025-04-27 17:25:40,942[24848] - RobotTest_AcidicPlatform - INFO - started a batch of test, with sample_rack_id : sample_id = {0: 70, 1: 71, 2: 72, 3: 73, 4: 74, 5: 75, 6: 76, 7: 77, 8: 78, 9: 79, 10: 80, 11: 81, 12: 82, 13: 83, 14: 84, 15: 85, 16: 86, 17: 87}
2025-04-27 17:25:46,992[24848] - OBS_Win - INFO - not in software yet
2025-04-27 17:25:46,992[24848] - OBS_Win - INFO - not in software yet
2025-04-27 17:25:47,344[24848] - OBS_Win - INFO - attempting to open OBS_Win, trial 1 in 3 times...
2025-04-27 17:25:47,344[24848] - OBS_Win - INFO - attempting to open OBS_Win, trial 1 in 3 times...
2025-04-27 17:25:51,053[24848] - OBS_Win - INFO - OBS_Win started
2025-04-27 17:25:51,053[24848] - OBS_Win - INFO - OBS_Win started
2025-04-27 17:25:51,054[24848] - RobotTest_AcidicPlatform - INFO - loading the sample from rack_id #0...
2025-04-27 17:25:51,054[24848] - RobotTest_AcidicPlatform - INFO - loading the sample from rack_id #0...
2025-04-27 17:26:30,173[24848] - RobotTest_AcidicPlatform - INFO - sample successfully loaded into the cell
2025-04-27 17:26:30,173[24848] - RobotTest_AcidicPlatform - INFO - sample successfully loaded into the cell
2025-04-27 17:26:31,009[24848] - OBS_Win - INFO - OBS_Win stopped
2025-04-27 17:26:31,009[24848] - OBS_Win - INFO - OBS_Win stopped
2025-04-27 17:26:34,284[24848] - EC_Lab_Win11 - INFO - not in software yet
2025-04-27 17:26:34,284[24848] - EC_Lab_Win11 - INFO - not in software yet
2025-04-27 17:26:34,691[24848] - EC_Lab_Win11 - INFO - attempting to open EC_Lab_Win11, trial 1 in 3 times...
2025-04-27 17:26:34,691[24848] - EC_Lab_Win11 - INFO - attempting to open EC_Lab_Win11, trial 1 in 3 times...
2025-04-27 17:26:38,327[24848] - EC_Lab_Win11 - WARNING - cannot find ['start.png'] on screen
2025-04-27 17:26:38,327[24848] - EC_Lab_Win11 - WARNING - cannot find ['start.png'] on screen
2025-04-27 17:26:41,542[24848] - EC_Lab_Win11 - WARNING - cannot find ['start.png'] on screen
2025-04-27 17:26:41,542[24848] - EC_Lab_Win11 - WARNING - cannot find ['start.png'] on screen
2025-04-27 17:26:44,768[24848] - EC_Lab_Win11 - WARNING - cannot find ['start.png'] on screen
2025-04-27 17:26:44,768[24848] - EC_Lab_Win11 - WARNING - cannot find ['start.png'] on screen
2025-04-27 17:26:47,978[24848] - EC_Lab_Win11 - WARNING - cannot find ['start.png'] on screen
2025-04-27 17:26:47,978[24848] - EC_Lab_Win11 - WARNING - cannot find ['start.png'] on screen
2025-04-27 17:26:51,213[24848] - EC_Lab_Win11 - WARNING - cannot find ['start.png'] on screen
2025-04-27 17:26:51,213[24848] - EC_Lab_Win11 - WARNING - cannot find ['start.png'] on screen
2025-04-27 17:26:54,432[24848] - EC_Lab_Win11 - WARNING - cannot find ['start.png'] on screen
2025-04-27 17:26:54,432[24848] - EC_Lab_Win11 - WARNING - cannot find ['start.png'] on screen
2025-04-27 17:26:57,640[24848] - EC_Lab_Win11 - WARNING - cannot find ['start.png'] on screen
2025-04-27 17:26:57,640[24848] - EC_Lab_Win11 - WARNING - cannot find ['start.png'] on screen
2025-04-27 17:27:00,863[24848] - EC_Lab_Win11 - WARNING - cannot find ['start.png'] on screen
2025-04-27 17:27:00,863[24848] - EC_Lab_Win11 - WARNING - cannot find ['start.png'] on screen
2025-04-27 17:27:04,062[24848] - EC_Lab_Win11 - WARNING - cannot find ['start.png'] on screen
2025-04-27 17:27:04,062[24848] - EC_Lab_Win11 - WARNING - cannot find ['start.png'] on screen
2025-04-27 17:27:15,144[24848] - EC_Lab_Win11 - WARNING - cannot find ['save.png'] on screen
2025-04-27 17:27:15,144[24848] - EC_Lab_Win11 - WARNING - cannot find ['save.png'] on screen
2025-04-27 17:27:18,359[24848] - EC_Lab_Win11 - WARNING - cannot find ['save.png'] on screen
2025-04-27 17:27:18,359[24848] - EC_Lab_Win11 - WARNING - cannot find ['save.png'] on screen
2025-04-27 17:27:21,565[24848] - EC_Lab_Win11 - WARNING - cannot find ['save.png'] on screen
2025-04-27 17:27:21,565[24848] - EC_Lab_Win11 - WARNING - cannot find ['save.png'] on screen
2025-04-27 17:27:24,769[24848] - EC_Lab_Win11 - WARNING - cannot find ['save.png'] on screen
2025-04-27 17:27:24,769[24848] - EC_Lab_Win11 - WARNING - cannot find ['save.png'] on screen
2025-04-27 17:29:05,917[28060] - RobotTest_AcidicPlatform - INFO - started a batch of test, with sample_rack_id : sample_id = {0: 70, 1: 71, 2: 72, 3: 73, 4: 74, 5: 75, 6: 76, 7: 77, 8: 78, 9: 79, 10: 80, 11: 81, 12: 82, 13: 83, 14: 84, 15: 85, 16: 86, 17: 87}
2025-04-27 17:29:05,917[28060] - RobotTest_AcidicPlatform - INFO - started a batch of test, with sample_rack_id : sample_id = {0: 70, 1: 71, 2: 72, 3: 73, 4: 74, 5: 75, 6: 76, 7: 77, 8: 78, 9: 79, 10: 80, 11: 81, 12: 82, 13: 83, 14: 84, 15: 85, 16: 86, 17: 87}
2025-04-27 17:29:11,949[28060] - OBS_Win - INFO - not in software yet
2025-04-27 17:29:11,949[28060] - OBS_Win - INFO - not in software yet
2025-04-27 17:29:12,291[28060] - OBS_Win - INFO - attempting to open OBS_Win, trial 1 in 3 times...
2025-04-27 17:29:12,291[28060] - OBS_Win - INFO - attempting to open OBS_Win, trial 1 in 3 times...
2025-04-27 17:29:15,877[28060] - OBS_Win - INFO - OBS_Win started
2025-04-27 17:29:15,877[28060] - OBS_Win - INFO - OBS_Win started
2025-04-27 17:29:15,877[28060] - RobotTest_AcidicPlatform - INFO - loading the sample from rack_id #0...
2025-04-27 17:29:15,877[28060] - RobotTest_AcidicPlatform - INFO - loading the sample from rack_id #0...
2025-04-27 17:29:55,047[28060] - RobotTest_AcidicPlatform - INFO - sample successfully loaded into the cell
2025-04-27 17:29:55,047[28060] - RobotTest_AcidicPlatform - INFO - sample successfully loaded into the cell
2025-04-27 17:29:55,661[28060] - OBS_Win - INFO - OBS_Win stopped
2025-04-27 17:29:55,661[28060] - OBS_Win - INFO - OBS_Win stopped
2025-04-27 17:29:58,877[28060] - EC_Lab_Win11 - INFO - not in software yet
2025-04-27 17:29:58,877[28060] - EC_Lab_Win11 - INFO - not in software yet
2025-04-27 17:29:59,211[28060] - EC_Lab_Win11 - INFO - attempting to open EC_Lab_Win11, trial 1 in 3 times...
2025-04-27 17:29:59,211[28060] - EC_Lab_Win11 - INFO - attempting to open EC_Lab_Win11, trial 1 in 3 times...
2025-04-27 17:31:30,632[28060] - RobotTest_AcidicPlatform - INFO - human operating, fail to detect...
2025-04-27 17:31:30,632[28060] - RobotTest_AcidicPlatform - INFO - human operating, fail to detect...
2025-04-27 17:56:27,865[28060] - EC_Lab_Win11 - INFO - test is complete
2025-04-27 17:56:27,865[28060] - EC_Lab_Win11 - INFO - test is complete
2025-04-27 17:56:27,866[28060] - RobotTest_AcidicPlatform - INFO - test MOR_PtX_6or8_comp_trial2_sample#70_2025-04-27_17-29-11 finished
2025-04-27 17:56:27,866[28060] - RobotTest_AcidicPlatform - INFO - test MOR_PtX_6or8_comp_trial2_sample#70_2025-04-27_17-29-11 finished
2025-04-27 17:56:28,071[28060] - OBS_Win - INFO - not in software yet
2025-04-27 17:56:28,071[28060] - OBS_Win - INFO - not in software yet
2025-04-27 17:56:28,382[28060] - OBS_Win - INFO - attempting to open OBS_Win, trial 1 in 3 times...
2025-04-27 17:56:28,382[28060] - OBS_Win - INFO - attempting to open OBS_Win, trial 1 in 3 times...
2025-04-27 17:56:31,906[28060] - OBS_Win - INFO - OBS_Win started
2025-04-27 17:56:31,906[28060] - OBS_Win - INFO - OBS_Win started
2025-04-27 17:56:31,906[28060] - RobotTest_AcidicPlatform - INFO - unloading the sample to rack_id #0...
2025-04-27 17:56:31,906[28060] - RobotTest_AcidicPlatform - INFO - unloading the sample to rack_id #0...
2025-04-27 17:57:31,665[28060] - RobotTest_AcidicPlatform - INFO - sample successfully unloaded from the cell
2025-04-27 17:57:31,665[28060] - RobotTest_AcidicPlatform - INFO - sample successfully unloaded from the cell
2025-04-27 17:57:35,227[28060] - OBS_Win - INFO - OBS_Win stopped
2025-04-27 17:57:35,227[28060] - OBS_Win - INFO - OBS_Win stopped
2025-04-27 17:57:35,677[28060] - OBS_Win - WARNING - cannot find ['OBS_start_record.png'] on screen
2025-04-27 17:57:35,677[28060] - OBS_Win - WARNING - cannot find ['OBS_start_record.png'] on screen
2025-04-27 17:57:38,999[28060] - OBS_Win - INFO - OBS_Win started
2025-04-27 17:57:38,999[28060] - OBS_Win - INFO - OBS_Win started
2025-04-27 17:57:39,000[28060] - RobotTest_AcidicPlatform - INFO - loading the sample from rack_id #1...
2025-04-27 17:57:39,000[28060] - RobotTest_AcidicPlatform - INFO - loading the sample from rack_id #1...
2025-04-27 17:58:10,797[28060] - RobotTest_AcidicPlatform - INFO - sample successfully loaded into the cell
2025-04-27 17:58:10,797[28060] - RobotTest_AcidicPlatform - INFO - sample successfully loaded into the cell
2025-04-27 17:58:11,382[28060] - OBS_Win - INFO - OBS_Win stopped
2025-04-27 17:58:11,382[28060] - OBS_Win - INFO - OBS_Win stopped
2025-04-27 17:58:14,597[28060] - EC_Lab_Win11 - INFO - not in software yet
2025-04-27 17:58:14,597[28060] - EC_Lab_Win11 - INFO - not in software yet
2025-04-27 17:58:14,925[28060] - EC_Lab_Win11 - INFO - attempting to open EC_Lab_Win11, trial 1 in 3 times...
2025-04-27 17:58:14,925[28060] - EC_Lab_Win11 - INFO - attempting to open EC_Lab_Win11, trial 1 in 3 times...
2025-04-27 18:24:52,528[28060] - EC_Lab_Win11 - INFO - test is complete
2025-04-27 18:24:52,528[28060] - EC_Lab_Win11 - INFO - test is complete
2025-04-27 18:24:52,528[28060] - RobotTest_AcidicPlatform - INFO - test MOR_PtX_6or8_comp_trial2_sample#71_2025-04-27_17-57-35 finished
2025-04-27 18:24:52,528[28060] - RobotTest_AcidicPlatform - INFO - test MOR_PtX_6or8_comp_trial2_sample#71_2025-04-27_17-57-35 finished
2025-04-27 18:24:52,743[28060] - OBS_Win - INFO - not in software yet
2025-04-27 18:24:52,743[28060] - OBS_Win - INFO - not in software yet
2025-04-27 18:24:53,060[28060] - OBS_Win - INFO - attempting to open OBS_Win, trial 1 in 3 times...
2025-04-27 18:24:53,060[28060] - OBS_Win - INFO - attempting to open OBS_Win, trial 1 in 3 times...
2025-04-27 18:24:56,581[28060] - OBS_Win - INFO - OBS_Win started
2025-04-27 18:24:56,581[28060] - OBS_Win - INFO - OBS_Win started
2025-04-27 18:24:56,581[28060] - RobotTest_AcidicPlatform - INFO - unloading the sample to rack_id #1...
2025-04-27 18:24:56,581[28060] - RobotTest_AcidicPlatform - INFO - unloading the sample to rack_id #1...
2025-04-27 18:25:55,999[28060] - RobotTest_AcidicPlatform - INFO - sample successfully unloaded from the cell
2025-04-27 18:25:55,999[28060] - RobotTest_AcidicPlatform - INFO - sample successfully unloaded from the cell
2025-04-27 18:25:59,602[28060] - OBS_Win - INFO - OBS_Win stopped
2025-04-27 18:25:59,602[28060] - OBS_Win - INFO - OBS_Win stopped
2025-04-27 18:26:00,073[28060] - OBS_Win - WARNING - cannot find ['OBS_start_record.png'] on screen
2025-04-27 18:26:00,073[28060] - OBS_Win - WARNING - cannot find ['OBS_start_record.png'] on screen
2025-04-27 18:26:03,410[28060] - OBS_Win - INFO - OBS_Win started
2025-04-27 18:26:03,410[28060] - OBS_Win - INFO - OBS_Win started
2025-04-27 18:26:03,410[28060] - RobotTest_AcidicPlatform - INFO - loading the sample from rack_id #2...
2025-04-27 18:26:03,410[28060] - RobotTest_AcidicPlatform - INFO - loading the sample from rack_id #2...
2025-04-27 18:26:35,627[28060] - RobotTest_AcidicPlatform - INFO - sample successfully loaded into the cell
2025-04-27 18:26:35,627[28060] - RobotTest_AcidicPlatform - INFO - sample successfully loaded into the cell
2025-04-27 18:26:36,175[28060] - OBS_Win - INFO - OBS_Win stopped
2025-04-27 18:26:36,175[28060] - OBS_Win - INFO - OBS_Win stopped
2025-04-27 18:26:39,377[28060] - EC_Lab_Win11 - INFO - not in software yet
2025-04-27 18:26:39,377[28060] - EC_Lab_Win11 - INFO - not in software yet
2025-04-27 18:26:39,681[28060] - EC_Lab_Win11 - INFO - attempting to open EC_Lab_Win11, trial 1 in 3 times...
2025-04-27 18:26:39,681[28060] - EC_Lab_Win11 - INFO - attempting to open EC_Lab_Win11, trial 1 in 3 times...
2025-04-27 18:53:07,353[28060] - EC_Lab_Win11 - INFO - test is complete
2025-04-27 18:53:07,353[28060] - EC_Lab_Win11 - INFO - test is complete
2025-04-27 18:53:07,354[28060] - RobotTest_AcidicPlatform - INFO - test MOR_PtX_6or8_comp_trial2_sample#72_2025-04-27_18-25-59 finished
2025-04-27 18:53:07,354[28060] - RobotTest_AcidicPlatform - INFO - test MOR_PtX_6or8_comp_trial2_sample#72_2025-04-27_18-25-59 finished
2025-04-27 18:53:07,560[28060] - OBS_Win - INFO - not in software yet
2025-04-27 18:53:07,560[28060] - OBS_Win - INFO - not in software yet
2025-04-27 18:53:07,886[28060] - OBS_Win - INFO - attempting to open OBS_Win, trial 1 in 3 times...
2025-04-27 18:53:07,886[28060] - OBS_Win - INFO - attempting to open OBS_Win, trial 1 in 3 times...
2025-04-27 18:53:11,430[28060] - OBS_Win - INFO - OBS_Win started
2025-04-27 18:53:11,430[28060] - OBS_Win - INFO - OBS_Win started
2025-04-27 18:53:11,430[28060] - RobotTest_AcidicPlatform - INFO - unloading the sample to rack_id #2...
2025-04-27 18:53:11,430[28060] - RobotTest_AcidicPlatform - INFO - unloading the sample to rack_id #2...
2025-04-27 18:54:10,319[28060] - RobotTest_AcidicPlatform - INFO - sample successfully unloaded from the cell
2025-04-27 18:54:10,319[28060] - RobotTest_AcidicPlatform - INFO - sample successfully unloaded from the cell
2025-04-27 18:54:13,968[28060] - OBS_Win - INFO - OBS_Win stopped
2025-04-27 18:54:13,968[28060] - OBS_Win - INFO - OBS_Win stopped
2025-04-27 18:54:14,458[28060] - OBS_Win - WARNING - cannot find ['OBS_start_record.png'] on screen
2025-04-27 18:54:14,458[28060] - OBS_Win - WARNING - cannot find ['OBS_start_record.png'] on screen
2025-04-27 18:54:17,786[28060] - OBS_Win - INFO - OBS_Win started
2025-04-27 18:54:17,786[28060] - OBS_Win - INFO - OBS_Win started
2025-04-27 18:54:17,786[28060] - RobotTest_AcidicPlatform - INFO - loading the sample from rack_id #3...
2025-04-27 18:54:17,786[28060] - RobotTest_AcidicPlatform - INFO - loading the sample from rack_id #3...
2025-04-27 18:54:50,472[28060] - RobotTest_AcidicPlatform - INFO - sample successfully loaded into the cell
2025-04-27 18:54:50,472[28060] - RobotTest_AcidicPlatform - INFO - sample successfully loaded into the cell
2025-04-27 18:54:51,087[28060] - OBS_Win - INFO - OBS_Win stopped
2025-04-27 18:54:51,087[28060] - OBS_Win - INFO - OBS_Win stopped
2025-04-27 18:54:54,299[28060] - EC_Lab_Win11 - INFO - not in software yet
2025-04-27 18:54:54,299[28060] - EC_Lab_Win11 - INFO - not in software yet
2025-04-27 18:54:54,612[28060] - EC_Lab_Win11 - INFO - attempting to open EC_Lab_Win11, trial 1 in 3 times...
2025-04-27 18:54:54,612[28060] - EC_Lab_Win11 - INFO - attempting to open EC_Lab_Win11, trial 1 in 3 times...
2025-04-27 19:21:32,235[28060] - EC_Lab_Win11 - INFO - test is complete
2025-04-27 19:21:32,235[28060] - EC_Lab_Win11 - INFO - test is complete
2025-04-27 19:21:32,236[28060] - RobotTest_AcidicPlatform - INFO - test MOR_PtX_6or8_comp_trial2_sample#73_2025-04-27_18-54-13 finished
2025-04-27 19:21:32,236[28060] - RobotTest_AcidicPlatform - INFO - test MOR_PtX_6or8_comp_trial2_sample#73_2025-04-27_18-54-13 finished
2025-04-27 19:21:32,444[28060] - OBS_Win - INFO - not in software yet
2025-04-27 19:21:32,444[28060] - OBS_Win - INFO - not in software yet
2025-04-27 19:21:32,766[28060] - OBS_Win - INFO - attempting to open OBS_Win, trial 1 in 3 times...
2025-04-27 19:21:32,766[28060] - OBS_Win - INFO - attempting to open OBS_Win, trial 1 in 3 times...
2025-04-27 19:21:36,307[28060] - OBS_Win - INFO - OBS_Win started
2025-04-27 19:21:36,307[28060] - OBS_Win - INFO - OBS_Win started
2025-04-27 19:21:36,307[28060] - RobotTest_AcidicPlatform - INFO - unloading the sample to rack_id #3...
2025-04-27 19:21:36,307[28060] - RobotTest_AcidicPlatform - INFO - unloading the sample to rack_id #3...
2025-04-27 19:22:34,760[28060] - RobotTest_AcidicPlatform - INFO - sample successfully unloaded from the cell
2025-04-27 19:22:34,760[28060] - RobotTest_AcidicPlatform - INFO - sample successfully unloaded from the cell
2025-04-27 19:22:38,446[28060] - OBS_Win - INFO - OBS_Win stopped
2025-04-27 19:22:38,446[28060] - OBS_Win - INFO - OBS_Win stopped
2025-04-27 19:22:38,871[28060] - OBS_Win - WARNING - cannot find ['OBS_start_record.png'] on screen
2025-04-27 19:22:38,871[28060] - OBS_Win - WARNING - cannot find ['OBS_start_record.png'] on screen
2025-04-27 19:22:42,209[28060] - OBS_Win - INFO - OBS_Win started
2025-04-27 19:22:42,209[28060] - OBS_Win - INFO - OBS_Win started
2025-04-27 19:22:42,209[28060] - RobotTest_AcidicPlatform - INFO - loading the sample from rack_id #4...
2025-04-27 19:22:42,209[28060] - RobotTest_AcidicPlatform - INFO - loading the sample from rack_id #4...
2025-04-27 19:23:15,217[28060] - RobotTest_AcidicPlatform - INFO - sample successfully loaded into the cell
2025-04-27 19:23:15,217[28060] - RobotTest_AcidicPlatform - INFO - sample successfully loaded into the cell
2025-04-27 19:23:15,771[28060] - OBS_Win - INFO - OBS_Win stopped
2025-04-27 19:23:15,771[28060] - OBS_Win - INFO - OBS_Win stopped
2025-04-27 19:23:18,986[28060] - EC_Lab_Win11 - INFO - not in software yet
2025-04-27 19:23:18,986[28060] - EC_Lab_Win11 - INFO - not in software yet
2025-04-27 19:23:19,298[28060] - EC_Lab_Win11 - INFO - attempting to open EC_Lab_Win11, trial 1 in 3 times...
2025-04-27 19:23:19,298[28060] - EC_Lab_Win11 - INFO - attempting to open EC_Lab_Win11, trial 1 in 3 times...
2025-04-27 19:49:57,351[28060] - EC_Lab_Win11 - INFO - test is complete
2025-04-27 19:49:57,351[28060] - EC_Lab_Win11 - INFO - test is complete
2025-04-27 19:49:57,351[28060] - RobotTest_AcidicPlatform - INFO - test MOR_PtX_6or8_comp_trial2_sample#74_2025-04-27_19-22-38 finished
2025-04-27 19:49:57,351[28060] - RobotTest_AcidicPlatform - INFO - test MOR_PtX_6or8_comp_trial2_sample#74_2025-04-27_19-22-38 finished
2025-04-27 19:49:57,560[28060] - OBS_Win - INFO - not in software yet
2025-04-27 19:49:57,560[28060] - OBS_Win - INFO - not in software yet
2025-04-27 19:49:57,877[28060] - OBS_Win - INFO - attempting to open OBS_Win, trial 1 in 3 times...
2025-04-27 19:49:57,877[28060] - OBS_Win - INFO - attempting to open OBS_Win, trial 1 in 3 times...
2025-04-27 19:50:01,441[28060] - OBS_Win - INFO - OBS_Win started
2025-04-27 19:50:01,441[28060] - OBS_Win - INFO - OBS_Win started
2025-04-27 19:50:01,441[28060] - RobotTest_AcidicPlatform - INFO - unloading the sample to rack_id #4...
2025-04-27 19:50:01,441[28060] - RobotTest_AcidicPlatform - INFO - unloading the sample to rack_id #4...
2025-04-27 19:50:59,655[28060] - RobotTest_AcidicPlatform - INFO - sample successfully unloaded from the cell
2025-04-27 19:50:59,655[28060] - RobotTest_AcidicPlatform - INFO - sample successfully unloaded from the cell
2025-04-27 19:51:03,260[28060] - OBS_Win - INFO - OBS_Win stopped
2025-04-27 19:51:03,260[28060] - OBS_Win - INFO - OBS_Win stopped
2025-04-27 19:51:03,710[28060] - OBS_Win - WARNING - cannot find ['OBS_start_record.png'] on screen
2025-04-27 19:51:03,710[28060] - OBS_Win - WARNING - cannot find ['OBS_start_record.png'] on screen
2025-04-27 19:51:07,028[28060] - OBS_Win - INFO - OBS_Win started
2025-04-27 19:51:07,028[28060] - OBS_Win - INFO - OBS_Win started
2025-04-27 19:51:07,028[28060] - RobotTest_AcidicPlatform - INFO - loading the sample from rack_id #5...
2025-04-27 19:51:07,028[28060] - RobotTest_AcidicPlatform - INFO - loading the sample from rack_id #5...
2025-04-27 19:51:40,536[28060] - RobotTest_AcidicPlatform - INFO - sample successfully loaded into the cell
2025-04-27 19:51:40,536[28060] - RobotTest_AcidicPlatform - INFO - sample successfully loaded into the cell
2025-04-27 19:51:41,118[28060] - OBS_Win - INFO - OBS_Win stopped
2025-04-27 19:51:41,118[28060] - OBS_Win - INFO - OBS_Win stopped
2025-04-27 19:51:44,337[28060] - EC_Lab_Win11 - INFO - not in software yet
2025-04-27 19:51:44,337[28060] - EC_Lab_Win11 - INFO - not in software yet
2025-04-27 19:51:44,646[28060] - EC_Lab_Win11 - INFO - attempting to open EC_Lab_Win11, trial 1 in 3 times...
2025-04-27 19:51:44,646[28060] - EC_Lab_Win11 - INFO - attempting to open EC_Lab_Win11, trial 1 in 3 times...
2025-04-27 20:18:21,513[28060] - EC_Lab_Win11 - INFO - test is complete
2025-04-27 20:18:21,513[28060] - EC_Lab_Win11 - INFO - test is complete
2025-04-27 20:18:21,513[28060] - RobotTest_AcidicPlatform - INFO - test MOR_PtX_6or8_comp_trial2_sample#75_2025-04-27_19-51-03 finished
2025-04-27 20:18:21,513[28060] - RobotTest_AcidicPlatform - INFO - test MOR_PtX_6or8_comp_trial2_sample#75_2025-04-27_19-51-03 finished
2025-04-27 20:18:21,704[28060] - OBS_Win - INFO - not in software yet
2025-04-27 20:18:21,704[28060] - OBS_Win - INFO - not in software yet
2025-04-27 20:18:22,002[28060] - OBS_Win - INFO - attempting to open OBS_Win, trial 1 in 3 times...
2025-04-27 20:18:22,002[28060] - OBS_Win - INFO - attempting to open OBS_Win, trial 1 in 3 times...
2025-04-27 20:18:25,559[28060] - OBS_Win - INFO - OBS_Win started
2025-04-27 20:18:25,559[28060] - OBS_Win - INFO - OBS_Win started
2025-04-27 20:18:25,559[28060] - RobotTest_AcidicPlatform - INFO - unloading the sample to rack_id #5...
2025-04-27 20:18:25,559[28060] - RobotTest_AcidicPlatform - INFO - unloading the sample to rack_id #5...
2025-04-27 20:19:23,201[28060] - RobotTest_AcidicPlatform - INFO - sample successfully unloaded from the cell
2025-04-27 20:19:23,201[28060] - RobotTest_AcidicPlatform - INFO - sample successfully unloaded from the cell
2025-04-27 20:19:26,805[28060] - OBS_Win - INFO - OBS_Win stopped
2025-04-27 20:19:26,805[28060] - OBS_Win - INFO - OBS_Win stopped
2025-04-27 20:19:27,261[28060] - OBS_Win - WARNING - cannot find ['OBS_start_record.png'] on screen
2025-04-27 20:19:27,261[28060] - OBS_Win - WARNING - cannot find ['OBS_start_record.png'] on screen
2025-04-27 20:19:30,614[28060] - OBS_Win - INFO - OBS_Win started
2025-04-27 20:19:30,614[28060] - OBS_Win - INFO - OBS_Win started
2025-04-27 20:19:30,614[28060] - RobotTest_AcidicPlatform - INFO - loading the sample from rack_id #6...
2025-04-27 20:19:30,614[28060] - RobotTest_AcidicPlatform - INFO - loading the sample from rack_id #6...
2025-04-27 20:20:04,746[28060] - RobotTest_AcidicPlatform - INFO - sample successfully loaded into the cell
2025-04-27 20:20:04,746[28060] - RobotTest_AcidicPlatform - INFO - sample successfully loaded into the cell
2025-04-27 20:20:05,329[28060] - OBS_Win - INFO - OBS_Win stopped
2025-04-27 20:20:05,329[28060] - OBS_Win - INFO - OBS_Win stopped
2025-04-27 20:20:08,565[28060] - EC_Lab_Win11 - INFO - not in software yet
2025-04-27 20:20:08,565[28060] - EC_Lab_Win11 - INFO - not in software yet
2025-04-27 20:20:08,890[28060] - EC_Lab_Win11 - INFO - attempting to open EC_Lab_Win11, trial 1 in 3 times...
2025-04-27 20:20:08,890[28060] - EC_Lab_Win11 - INFO - attempting to open EC_Lab_Win11, trial 1 in 3 times...
2025-04-27 20:46:47,195[28060] - EC_Lab_Win11 - INFO - test is complete
2025-04-27 20:46:47,195[28060] - EC_Lab_Win11 - INFO - test is complete
2025-04-27 20:46:47,195[28060] - RobotTest_AcidicPlatform - INFO - test MOR_PtX_6or8_comp_trial2_sample#76_2025-04-27_20-19-26 finished
2025-04-27 20:46:47,195[28060] - RobotTest_AcidicPlatform - INFO - test MOR_PtX_6or8_comp_trial2_sample#76_2025-04-27_20-19-26 finished
2025-04-27 20:46:47,393[28060] - OBS_Win - INFO - not in software yet
2025-04-27 20:46:47,393[28060] - OBS_Win - INFO - not in software yet
2025-04-27 20:46:47,695[28060] - OBS_Win - INFO - attempting to open OBS_Win, trial 1 in 3 times...
2025-04-27 20:46:47,695[28060] - OBS_Win - INFO - attempting to open OBS_Win, trial 1 in 3 times...
2025-04-27 20:46:51,250[28060] - OBS_Win - INFO - OBS_Win started
2025-04-27 20:46:51,250[28060] - OBS_Win - INFO - OBS_Win started
2025-04-27 20:46:51,250[28060] - RobotTest_AcidicPlatform - INFO - unloading the sample to rack_id #6...
2025-04-27 20:46:51,250[28060] - RobotTest_AcidicPlatform - INFO - unloading the sample to rack_id #6...
2025-04-27 20:47:48,279[28060] - RobotTest_AcidicPlatform - INFO - sample successfully unloaded from the cell
2025-04-27 20:47:48,279[28060] - RobotTest_AcidicPlatform - INFO - sample successfully unloaded from the cell
2025-04-27 20:47:51,910[28060] - OBS_Win - INFO - OBS_Win stopped
2025-04-27 20:47:51,910[28060] - OBS_Win - INFO - OBS_Win stopped
2025-04-27 20:47:52,367[28060] - OBS_Win - WARNING - cannot find ['OBS_start_record.png'] on screen
2025-04-27 20:47:52,367[28060] - OBS_Win - WARNING - cannot find ['OBS_start_record.png'] on screen
2025-04-27 20:47:55,707[28060] - OBS_Win - INFO - OBS_Win started
2025-04-27 20:47:55,707[28060] - OBS_Win - INFO - OBS_Win started
2025-04-27 20:47:55,707[28060] - RobotTest_AcidicPlatform - INFO - loading the sample from rack_id #7...
2025-04-27 20:47:55,707[28060] - RobotTest_AcidicPlatform - INFO - loading the sample from rack_id #7...
2025-04-27 20:48:30,074[28060] - RobotTest_AcidicPlatform - INFO - sample successfully loaded into the cell
2025-04-27 20:48:30,074[28060] - RobotTest_AcidicPlatform - INFO - sample successfully loaded into the cell
2025-04-27 20:48:30,658[28060] - OBS_Win - INFO - OBS_Win stopped
2025-04-27 20:48:30,658[28060] - OBS_Win - INFO - OBS_Win stopped
2025-04-27 20:48:33,872[28060] - EC_Lab_Win11 - INFO - not in software yet
2025-04-27 20:48:33,872[28060] - EC_Lab_Win11 - INFO - not in software yet
2025-04-27 20:48:34,209[28060] - EC_Lab_Win11 - INFO - attempting to open EC_Lab_Win11, trial 1 in 3 times...
2025-04-27 20:48:34,209[28060] - EC_Lab_Win11 - INFO - attempting to open EC_Lab_Win11, trial 1 in 3 times...
2025-04-27 21:15:12,103[28060] - EC_Lab_Win11 - INFO - test is complete
2025-04-27 21:15:12,103[28060] - EC_Lab_Win11 - INFO - test is complete
2025-04-27 21:15:12,104[28060] - RobotTest_AcidicPlatform - INFO - test MOR_PtX_6or8_comp_trial2_sample#77_2025-04-27_20-47-51 finished
2025-04-27 21:15:12,104[28060] - RobotTest_AcidicPlatform - INFO - test MOR_PtX_6or8_comp_trial2_sample#77_2025-04-27_20-47-51 finished
2025-04-27 21:15:12,306[28060] - OBS_Win - INFO - not in software yet
2025-04-27 21:15:12,306[28060] - OBS_Win - INFO - not in software yet
2025-04-27 21:15:12,634[28060] - OBS_Win - INFO - attempting to open OBS_Win, trial 1 in 3 times...
2025-04-27 21:15:12,634[28060] - OBS_Win - INFO - attempting to open OBS_Win, trial 1 in 3 times...
2025-04-27 21:15:16,230[28060] - OBS_Win - INFO - OBS_Win started
2025-04-27 21:15:16,230[28060] - OBS_Win - INFO - OBS_Win started
2025-04-27 21:15:16,230[28060] - RobotTest_AcidicPlatform - INFO - unloading the sample to rack_id #7...
2025-04-27 21:15:16,230[28060] - RobotTest_AcidicPlatform - INFO - unloading the sample to rack_id #7...
2025-04-27 21:16:12,883[28060] - RobotTest_AcidicPlatform - INFO - sample successfully unloaded from the cell
2025-04-27 21:16:12,883[28060] - RobotTest_AcidicPlatform - INFO - sample successfully unloaded from the cell
2025-04-27 21:16:16,490[28060] - OBS_Win - INFO - OBS_Win stopped
2025-04-27 21:16:16,490[28060] - OBS_Win - INFO - OBS_Win stopped
2025-04-27 21:16:16,964[28060] - OBS_Win - WARNING - cannot find ['OBS_start_record.png'] on screen
2025-04-27 21:16:16,964[28060] - OBS_Win - WARNING - cannot find ['OBS_start_record.png'] on screen
2025-04-27 21:16:20,330[28060] - OBS_Win - INFO - OBS_Win started
2025-04-27 21:16:20,330[28060] - OBS_Win - INFO - OBS_Win started
2025-04-27 21:16:20,330[28060] - RobotTest_AcidicPlatform - INFO - loading the sample from rack_id #8...
2025-04-27 21:16:20,330[28060] - RobotTest_AcidicPlatform - INFO - loading the sample from rack_id #8...
2025-04-27 21:16:55,154[28060] - RobotTest_AcidicPlatform - INFO - sample successfully loaded into the cell
2025-04-27 21:16:55,154[28060] - RobotTest_AcidicPlatform - INFO - sample successfully loaded into the cell
2025-04-27 21:16:55,722[28060] - OBS_Win - INFO - OBS_Win stopped
2025-04-27 21:16:55,722[28060] - OBS_Win - INFO - OBS_Win stopped
2025-04-27 21:16:58,933[28060] - EC_Lab_Win11 - INFO - not in software yet
2025-04-27 21:16:58,933[28060] - EC_Lab_Win11 - INFO - not in software yet
2025-04-27 21:16:59,242[28060] - EC_Lab_Win11 - INFO - attempting to open EC_Lab_Win11, trial 1 in 3 times...
2025-04-27 21:16:59,242[28060] - EC_Lab_Win11 - INFO - attempting to open EC_Lab_Win11, trial 1 in 3 times...
2025-04-27 21:43:38,083[28060] - EC_Lab_Win11 - INFO - test is complete
2025-04-27 21:43:38,083[28060] - EC_Lab_Win11 - INFO - test is complete
2025-04-27 21:43:38,084[28060] - RobotTest_AcidicPlatform - INFO - test MOR_PtX_6or8_comp_trial2_sample#78_2025-04-27_21-16-16 finished
2025-04-27 21:43:38,084[28060] - RobotTest_AcidicPlatform - INFO - test MOR_PtX_6or8_comp_trial2_sample#78_2025-04-27_21-16-16 finished
2025-04-27 21:43:38,293[28060] - OBS_Win - INFO - not in software yet
2025-04-27 21:43:38,293[28060] - OBS_Win - INFO - not in software yet
2025-04-27 21:43:38,602[28060] - OBS_Win - INFO - attempting to open OBS_Win, trial 1 in 3 times...
2025-04-27 21:43:38,602[28060] - OBS_Win - INFO - attempting to open OBS_Win, trial 1 in 3 times...
2025-04-27 21:43:42,156[28060] - OBS_Win - INFO - OBS_Win started
2025-04-27 21:43:42,156[28060] - OBS_Win - INFO - OBS_Win started
2025-04-27 21:43:42,156[28060] - RobotTest_AcidicPlatform - INFO - unloading the sample to rack_id #8...
2025-04-27 21:43:42,156[28060] - RobotTest_AcidicPlatform - INFO - unloading the sample to rack_id #8...
2025-04-27 21:44:38,960[28060] - RobotTest_AcidicPlatform - INFO - sample successfully unloaded from the cell
2025-04-27 21:44:38,960[28060] - RobotTest_AcidicPlatform - INFO - sample successfully unloaded from the cell
2025-04-27 21:44:42,529[28060] - OBS_Win - INFO - OBS_Win stopped
2025-04-27 21:44:42,529[28060] - OBS_Win - INFO - OBS_Win stopped
2025-04-27 21:44:43,004[28060] - OBS_Win - WARNING - cannot find ['OBS_start_record.png'] on screen
2025-04-27 21:44:43,004[28060] - OBS_Win - WARNING - cannot find ['OBS_start_record.png'] on screen
2025-04-27 21:44:46,342[28060] - OBS_Win - INFO - OBS_Win started
2025-04-27 21:44:46,342[28060] - OBS_Win - INFO - OBS_Win started
2025-04-27 21:44:46,342[28060] - RobotTest_AcidicPlatform - INFO - loading the sample from rack_id #9...
2025-04-27 21:44:46,342[28060] - RobotTest_AcidicPlatform - INFO - loading the sample from rack_id #9...
2025-04-27 21:45:21,575[28060] - RobotTest_AcidicPlatform - INFO - sample successfully loaded into the cell
2025-04-27 21:45:21,575[28060] - RobotTest_AcidicPlatform - INFO - sample successfully loaded into the cell
2025-04-27 21:45:22,142[28060] - OBS_Win - INFO - OBS_Win stopped
2025-04-27 21:45:22,142[28060] - OBS_Win - INFO - OBS_Win stopped
2025-04-27 21:45:25,365[28060] - EC_Lab_Win11 - INFO - not in software yet
2025-04-27 21:45:25,365[28060] - EC_Lab_Win11 - INFO - not in software yet
2025-04-27 21:45:25,693[28060] - EC_Lab_Win11 - INFO - attempting to open EC_Lab_Win11, trial 1 in 3 times...
2025-04-27 21:45:25,693[28060] - EC_Lab_Win11 - INFO - attempting to open EC_Lab_Win11, trial 1 in 3 times...
2025-04-27 22:12:03,721[28060] - EC_Lab_Win11 - INFO - test is complete
2025-04-27 22:12:03,721[28060] - EC_Lab_Win11 - INFO - test is complete
2025-04-27 22:12:03,722[28060] - RobotTest_AcidicPlatform - INFO - test MOR_PtX_6or8_comp_trial2_sample#79_2025-04-27_21-44-42 finished
2025-04-27 22:12:03,722[28060] - RobotTest_AcidicPlatform - INFO - test MOR_PtX_6or8_comp_trial2_sample#79_2025-04-27_21-44-42 finished
2025-04-27 22:12:03,914[28060] - OBS_Win - INFO - not in software yet
2025-04-27 22:12:03,914[28060] - OBS_Win - INFO - not in software yet
2025-04-27 22:12:04,235[28060] - OBS_Win - INFO - attempting to open OBS_Win, trial 1 in 3 times...
2025-04-27 22:12:04,235[28060] - OBS_Win - INFO - attempting to open OBS_Win, trial 1 in 3 times...
2025-04-27 22:12:07,777[28060] - OBS_Win - INFO - OBS_Win started
2025-04-27 22:12:07,777[28060] - OBS_Win - INFO - OBS_Win started
2025-04-27 22:12:07,777[28060] - RobotTest_AcidicPlatform - INFO - unloading the sample to rack_id #9...
2025-04-27 22:12:07,777[28060] - RobotTest_AcidicPlatform - INFO - unloading the sample to rack_id #9...
2025-04-27 22:13:04,846[28060] - RobotTest_AcidicPlatform - INFO - sample successfully unloaded from the cell
2025-04-27 22:13:04,846[28060] - RobotTest_AcidicPlatform - INFO - sample successfully unloaded from the cell
2025-04-27 22:13:08,418[28060] - OBS_Win - INFO - OBS_Win stopped
2025-04-27 22:13:08,418[28060] - OBS_Win - INFO - OBS_Win stopped
2025-04-27 22:13:08,880[28060] - OBS_Win - WARNING - cannot find ['OBS_start_record.png'] on screen
2025-04-27 22:13:08,880[28060] - OBS_Win - WARNING - cannot find ['OBS_start_record.png'] on screen
2025-04-27 22:13:12,212[28060] - OBS_Win - INFO - OBS_Win started
2025-04-27 22:13:12,212[28060] - OBS_Win - INFO - OBS_Win started
2025-04-27 22:13:12,212[28060] - RobotTest_AcidicPlatform - INFO - loading the sample from rack_id #10...
2025-04-27 22:13:12,212[28060] - RobotTest_AcidicPlatform - INFO - loading the sample from rack_id #10...
2025-04-27 22:13:47,737[28060] - RobotTest_AcidicPlatform - INFO - sample successfully loaded into the cell
2025-04-27 22:13:47,737[28060] - RobotTest_AcidicPlatform - INFO - sample successfully loaded into the cell
2025-04-27 22:13:48,302[28060] - OBS_Win - INFO - OBS_Win stopped
2025-04-27 22:13:48,302[28060] - OBS_Win - INFO - OBS_Win stopped
2025-04-27 22:13:51,499[28060] - EC_Lab_Win11 - INFO - not in software yet
2025-04-27 22:13:51,499[28060] - EC_Lab_Win11 - INFO - not in software yet
2025-04-27 22:13:51,799[28060] - EC_Lab_Win11 - INFO - attempting to open EC_Lab_Win11, trial 1 in 3 times...
2025-04-27 22:13:51,799[28060] - EC_Lab_Win11 - INFO - attempting to open EC_Lab_Win11, trial 1 in 3 times...
2025-04-27 22:40:27,588[28060] - EC_Lab_Win11 - INFO - test is complete
2025-04-27 22:40:27,588[28060] - EC_Lab_Win11 - INFO - test is complete
2025-04-27 22:40:27,588[28060] - RobotTest_AcidicPlatform - INFO - test MOR_PtX_6or8_comp_trial2_sample#80_2025-04-27_22-13-08 finished
2025-04-27 22:40:27,588[28060] - RobotTest_AcidicPlatform - INFO - test MOR_PtX_6or8_comp_trial2_sample#80_2025-04-27_22-13-08 finished
2025-04-27 22:40:27,784[28060] - OBS_Win - INFO - not in software yet
2025-04-27 22:40:27,784[28060] - OBS_Win - INFO - not in software yet
2025-04-27 22:40:28,123[28060] - OBS_Win - INFO - attempting to open OBS_Win, trial 1 in 3 times...
2025-04-27 22:40:28,123[28060] - OBS_Win - INFO - attempting to open OBS_Win, trial 1 in 3 times...
2025-04-27 22:40:31,664[28060] - OBS_Win - INFO - OBS_Win started
2025-04-27 22:40:31,664[28060] - OBS_Win - INFO - OBS_Win started
2025-04-27 22:40:31,664[28060] - RobotTest_AcidicPlatform - INFO - unloading the sample to rack_id #10...
2025-04-27 22:40:31,664[28060] - RobotTest_AcidicPlatform - INFO - unloading the sample to rack_id #10...
2025-04-27 22:41:29,203[28060] - RobotTest_AcidicPlatform - INFO - sample successfully unloaded from the cell
2025-04-27 22:41:29,203[28060] - RobotTest_AcidicPlatform - INFO - sample successfully unloaded from the cell
2025-04-27 22:41:32,790[28060] - OBS_Win - INFO - OBS_Win stopped
2025-04-27 22:41:32,790[28060] - OBS_Win - INFO - OBS_Win stopped
2025-04-27 22:41:33,235[28060] - OBS_Win - WARNING - cannot find ['OBS_start_record.png'] on screen
2025-04-27 22:41:33,235[28060] - OBS_Win - WARNING - cannot find ['OBS_start_record.png'] on screen
2025-04-27 22:41:36,563[28060] - OBS_Win - INFO - OBS_Win started
2025-04-27 22:41:36,563[28060] - OBS_Win - INFO - OBS_Win started
2025-04-27 22:41:36,563[28060] - RobotTest_AcidicPlatform - INFO - loading the sample from rack_id #11...
2025-04-27 22:41:36,563[28060] - RobotTest_AcidicPlatform - INFO - loading the sample from rack_id #11...
2025-04-27 22:42:12,640[28060] - RobotTest_AcidicPlatform - INFO - sample successfully loaded into the cell
2025-04-27 22:42:12,640[28060] - RobotTest_AcidicPlatform - INFO - sample successfully loaded into the cell
2025-04-27 22:42:13,240[28060] - OBS_Win - INFO - OBS_Win stopped
2025-04-27 22:42:13,240[28060] - OBS_Win - INFO - OBS_Win stopped
2025-04-27 22:42:16,459[28060] - EC_Lab_Win11 - INFO - not in software yet
2025-04-27 22:42:16,459[28060] - EC_Lab_Win11 - INFO - not in software yet
2025-04-27 22:42:16,782[28060] - EC_Lab_Win11 - INFO - attempting to open EC_Lab_Win11, trial 1 in 3 times...
2025-04-27 22:42:16,782[28060] - EC_Lab_Win11 - INFO - attempting to open EC_Lab_Win11, trial 1 in 3 times...
2025-04-27 23:08:54,492[28060] - EC_Lab_Win11 - INFO - test is complete
2025-04-27 23:08:54,492[28060] - EC_Lab_Win11 - INFO - test is complete
2025-04-27 23:08:54,492[28060] - RobotTest_AcidicPlatform - INFO - test MOR_PtX_6or8_comp_trial2_sample#81_2025-04-27_22-41-32 finished
2025-04-27 23:08:54,492[28060] - RobotTest_AcidicPlatform - INFO - test MOR_PtX_6or8_comp_trial2_sample#81_2025-04-27_22-41-32 finished
2025-04-27 23:08:54,695[28060] - OBS_Win - INFO - not in software yet
2025-04-27 23:08:54,695[28060] - OBS_Win - INFO - not in software yet
2025-04-27 23:08:55,018[28060] - OBS_Win - INFO - attempting to open OBS_Win, trial 1 in 3 times...
2025-04-27 23:08:55,018[28060] - OBS_Win - INFO - attempting to open OBS_Win, trial 1 in 3 times...
2025-04-27 23:08:58,585[28060] - OBS_Win - INFO - OBS_Win started
2025-04-27 23:08:58,585[28060] - OBS_Win - INFO - OBS_Win started
2025-04-27 23:08:58,585[28060] - RobotTest_AcidicPlatform - INFO - unloading the sample to rack_id #11...
2025-04-27 23:08:58,585[28060] - RobotTest_AcidicPlatform - INFO - unloading the sample to rack_id #11...
2025-04-27 23:09:56,535[28060] - RobotTest_AcidicPlatform - INFO - sample successfully unloaded from the cell
2025-04-27 23:09:56,535[28060] - RobotTest_AcidicPlatform - INFO - sample successfully unloaded from the cell
2025-04-27 23:10:00,169[28060] - OBS_Win - INFO - OBS_Win stopped
2025-04-27 23:10:00,169[28060] - OBS_Win - INFO - OBS_Win stopped
2025-04-27 23:10:00,664[28060] - OBS_Win - WARNING - cannot find ['OBS_start_record.png'] on screen
2025-04-27 23:10:00,664[28060] - OBS_Win - WARNING - cannot find ['OBS_start_record.png'] on screen
2025-04-27 23:10:04,002[28060] - OBS_Win - INFO - OBS_Win started
2025-04-27 23:10:04,002[28060] - OBS_Win - INFO - OBS_Win started
2025-04-27 23:10:04,002[28060] - RobotTest_AcidicPlatform - INFO - loading the sample from rack_id #12...
2025-04-27 23:10:04,002[28060] - RobotTest_AcidicPlatform - INFO - loading the sample from rack_id #12...
2025-04-27 23:10:40,673[28060] - RobotTest_AcidicPlatform - INFO - sample successfully loaded into the cell
2025-04-27 23:10:40,673[28060] - RobotTest_AcidicPlatform - INFO - sample successfully loaded into the cell
2025-04-27 23:10:41,274[28060] - OBS_Win - INFO - OBS_Win stopped
2025-04-27 23:10:41,274[28060] - OBS_Win - INFO - OBS_Win stopped
2025-04-27 23:10:44,483[28060] - EC_Lab_Win11 - INFO - not in software yet
2025-04-27 23:10:44,483[28060] - EC_Lab_Win11 - INFO - not in software yet
2025-04-27 23:10:44,798[28060] - EC_Lab_Win11 - INFO - attempting to open EC_Lab_Win11, trial 1 in 3 times...
2025-04-27 23:10:44,798[28060] - EC_Lab_Win11 - INFO - attempting to open EC_Lab_Win11, trial 1 in 3 times...
2025-04-27 23:37:21,618[28060] - EC_Lab_Win11 - INFO - test is complete
2025-04-27 23:37:21,618[28060] - EC_Lab_Win11 - INFO - test is complete
2025-04-27 23:37:21,619[28060] - RobotTest_AcidicPlatform - INFO - test MOR_PtX_6or8_comp_trial2_sample#82_2025-04-27_23-10-00 finished
2025-04-27 23:37:21,619[28060] - RobotTest_AcidicPlatform - INFO - test MOR_PtX_6or8_comp_trial2_sample#82_2025-04-27_23-10-00 finished
2025-04-27 23:37:21,842[28060] - OBS_Win - INFO - not in software yet
2025-04-27 23:37:21,842[28060] - OBS_Win - INFO - not in software yet
2025-04-27 23:37:22,163[28060] - OBS_Win - INFO - attempting to open OBS_Win, trial 1 in 3 times...
2025-04-27 23:37:22,163[28060] - OBS_Win - INFO - attempting to open OBS_Win, trial 1 in 3 times...
2025-04-27 23:37:25,703[28060] - OBS_Win - INFO - OBS_Win started
2025-04-27 23:37:25,703[28060] - OBS_Win - INFO - OBS_Win started
2025-04-27 23:37:25,703[28060] - RobotTest_AcidicPlatform - INFO - unloading the sample to rack_id #12...
2025-04-27 23:37:25,703[28060] - RobotTest_AcidicPlatform - INFO - unloading the sample to rack_id #12...
2025-04-27 23:38:24,238[28060] - RobotTest_AcidicPlatform - INFO - sample successfully unloaded from the cell
2025-04-27 23:38:24,238[28060] - RobotTest_AcidicPlatform - INFO - sample successfully unloaded from the cell
2025-04-27 23:38:27,870[28060] - OBS_Win - INFO - OBS_Win stopped
2025-04-27 23:38:27,870[28060] - OBS_Win - INFO - OBS_Win stopped
2025-04-27 23:38:28,329[28060] - OBS_Win - WARNING - cannot find ['OBS_start_record.png'] on screen
2025-04-27 23:38:28,329[28060] - OBS_Win - WARNING - cannot find ['OBS_start_record.png'] on screen
2025-04-27 23:38:31,645[28060] - OBS_Win - INFO - OBS_Win started
2025-04-27 23:38:31,645[28060] - OBS_Win - INFO - OBS_Win started
2025-04-27 23:38:31,645[28060] - RobotTest_AcidicPlatform - INFO - loading the sample from rack_id #13...
2025-04-27 23:38:31,645[28060] - RobotTest_AcidicPlatform - INFO - loading the sample from rack_id #13...
2025-04-27 23:39:08,652[28060] - RobotTest_AcidicPlatform - INFO - sample successfully loaded into the cell
2025-04-27 23:39:08,652[28060] - RobotTest_AcidicPlatform - INFO - sample successfully loaded into the cell
2025-04-27 23:39:09,238[28060] - OBS_Win - INFO - OBS_Win stopped
2025-04-27 23:39:09,238[28060] - OBS_Win - INFO - OBS_Win stopped
2025-04-27 23:39:12,444[28060] - EC_Lab_Win11 - INFO - not in software yet
2025-04-27 23:39:12,444[28060] - EC_Lab_Win11 - INFO - not in software yet
2025-04-27 23:39:12,750[28060] - EC_Lab_Win11 - INFO - attempting to open EC_Lab_Win11, trial 1 in 3 times...
2025-04-27 23:39:12,750[28060] - EC_Lab_Win11 - INFO - attempting to open EC_Lab_Win11, trial 1 in 3 times...
2025-04-28 00:05:47,959[28060] - EC_Lab_Win11 - INFO - test is complete
2025-04-28 00:05:47,959[28060] - EC_Lab_Win11 - INFO - test is complete
2025-04-28 00:05:47,959[28060] - RobotTest_AcidicPlatform - INFO - test MOR_PtX_6or8_comp_trial2_sample#83_2025-04-27_23-38-27 finished
2025-04-28 00:05:47,959[28060] - RobotTest_AcidicPlatform - INFO - test MOR_PtX_6or8_comp_trial2_sample#83_2025-04-27_23-38-27 finished
2025-04-28 00:05:48,160[28060] - OBS_Win - INFO - not in software yet
2025-04-28 00:05:48,160[28060] - OBS_Win - INFO - not in software yet
2025-04-28 00:05:48,487[28060] - OBS_Win - INFO - attempting to open OBS_Win, trial 1 in 3 times...
2025-04-28 00:05:48,487[28060] - OBS_Win - INFO - attempting to open OBS_Win, trial 1 in 3 times...
2025-04-28 00:05:52,031[28060] - OBS_Win - INFO - OBS_Win started
2025-04-28 00:05:52,031[28060] - OBS_Win - INFO - OBS_Win started
2025-04-28 00:05:52,031[28060] - RobotTest_AcidicPlatform - INFO - unloading the sample to rack_id #13...
2025-04-28 00:05:52,031[28060] - RobotTest_AcidicPlatform - INFO - unloading the sample to rack_id #13...
2025-04-28 00:06:50,935[28060] - RobotTest_AcidicPlatform - INFO - sample successfully unloaded from the cell
2025-04-28 00:06:50,935[28060] - RobotTest_AcidicPlatform - INFO - sample successfully unloaded from the cell
2025-04-28 00:06:54,531[28060] - OBS_Win - INFO - OBS_Win stopped
2025-04-28 00:06:54,531[28060] - OBS_Win - INFO - OBS_Win stopped
2025-04-28 00:06:54,992[28060] - OBS_Win - WARNING - cannot find ['OBS_start_record.png'] on screen
2025-04-28 00:06:54,992[28060] - OBS_Win - WARNING - cannot find ['OBS_start_record.png'] on screen
2025-04-28 00:06:58,337[28060] - OBS_Win - INFO - OBS_Win started
2025-04-28 00:06:58,337[28060] - OBS_Win - INFO - OBS_Win started
2025-04-28 00:06:58,337[28060] - RobotTest_AcidicPlatform - INFO - loading the sample from rack_id #14...
2025-04-28 00:06:58,337[28060] - RobotTest_AcidicPlatform - INFO - loading the sample from rack_id #14...
2025-04-28 00:07:35,733[28060] - RobotTest_AcidicPlatform - INFO - sample successfully loaded into the cell
2025-04-28 00:07:35,733[28060] - RobotTest_AcidicPlatform - INFO - sample successfully loaded into the cell
2025-04-28 00:07:36,303[28060] - OBS_Win - INFO - OBS_Win stopped
2025-04-28 00:07:36,303[28060] - OBS_Win - INFO - OBS_Win stopped
2025-04-28 00:07:39,506[28060] - EC_Lab_Win11 - INFO - not in software yet
2025-04-28 00:07:39,506[28060] - EC_Lab_Win11 - INFO - not in software yet
2025-04-28 00:07:39,813[28060] - EC_Lab_Win11 - INFO - attempting to open EC_Lab_Win11, trial 1 in 3 times...
2025-04-28 00:07:39,813[28060] - EC_Lab_Win11 - INFO - attempting to open EC_Lab_Win11, trial 1 in 3 times...
2025-04-28 00:14:02,996[28060] - RobotTest_AcidicPlatform - INFO - human operating, fail to detect...
2025-04-28 00:14:02,996[28060] - RobotTest_AcidicPlatform - INFO - human operating, fail to detect...
2025-04-28 00:14:13,002[28060] - RobotTest_AcidicPlatform - INFO - human operating, fail to detect...
2025-04-28 00:14:13,002[28060] - RobotTest_AcidicPlatform - INFO - human operating, fail to detect...
2025-04-28 00:14:23,006[28060] - RobotTest_AcidicPlatform - INFO - human operating, fail to detect...
2025-04-28 00:14:23,006[28060] - RobotTest_AcidicPlatform - INFO - human operating, fail to detect...
2025-04-28 00:14:33,829[28060] - EC_Lab_Win11 - INFO - not in software yet
2025-04-28 00:14:33,829[28060] - EC_Lab_Win11 - INFO - not in software yet
2025-04-28 00:14:34,139[28060] - EC_Lab_Win11 - INFO - attempting to open EC_Lab_Win11, trial 1 in 3 times...
2025-04-28 00:14:34,139[28060] - EC_Lab_Win11 - INFO - attempting to open EC_Lab_Win11, trial 1 in 3 times...
2025-04-28 00:14:37,341[28060] - EC_Lab_Win11 - INFO - not in software yet
2025-04-28 00:14:37,341[28060] - EC_Lab_Win11 - INFO - not in software yet
2025-04-28 00:14:37,636[28060] - EC_Lab_Win11 - INFO - attempting to open EC_Lab_Win11, trial 2 in 3 times...
2025-04-28 00:14:37,636[28060] - EC_Lab_Win11 - INFO - attempting to open EC_Lab_Win11, trial 2 in 3 times...
2025-04-28 00:34:09,143[28060] - EC_Lab_Win11 - INFO - test is complete
2025-04-28 00:34:09,143[28060] - EC_Lab_Win11 - INFO - test is complete
2025-04-28 00:34:09,143[28060] - RobotTest_AcidicPlatform - INFO - test MOR_PtX_6or8_comp_trial2_sample#84_2025-04-28_00-06-54 finished
2025-04-28 00:34:09,143[28060] - RobotTest_AcidicPlatform - INFO - test MOR_PtX_6or8_comp_trial2_sample#84_2025-04-28_00-06-54 finished
2025-04-28 00:34:09,355[28060] - OBS_Win - INFO - not in software yet
2025-04-28 00:34:09,355[28060] - OBS_Win - INFO - not in software yet
2025-04-28 00:34:09,659[28060] - OBS_Win - INFO - attempting to open OBS_Win, trial 1 in 3 times...
2025-04-28 00:34:09,659[28060] - OBS_Win - INFO - attempting to open OBS_Win, trial 1 in 3 times...
2025-04-28 00:34:13,209[28060] - OBS_Win - INFO - OBS_Win started
2025-04-28 00:34:13,209[28060] - OBS_Win - INFO - OBS_Win started
2025-04-28 00:34:13,209[28060] - RobotTest_AcidicPlatform - INFO - unloading the sample to rack_id #14...
2025-04-28 00:34:13,209[28060] - RobotTest_AcidicPlatform - INFO - unloading the sample to rack_id #14...
2025-04-28 00:35:12,515[28060] - RobotTest_AcidicPlatform - INFO - sample successfully unloaded from the cell
2025-04-28 00:35:12,515[28060] - RobotTest_AcidicPlatform - INFO - sample successfully unloaded from the cell
2025-04-28 00:35:16,133[28060] - OBS_Win - INFO - OBS_Win stopped
2025-04-28 00:35:16,133[28060] - OBS_Win - INFO - OBS_Win stopped
2025-04-28 00:35:16,583[28060] - OBS_Win - WARNING - cannot find ['OBS_start_record.png'] on screen
2025-04-28 00:35:16,583[28060] - OBS_Win - WARNING - cannot find ['OBS_start_record.png'] on screen
2025-04-28 00:35:19,908[28060] - OBS_Win - INFO - OBS_Win started
2025-04-28 00:35:19,908[28060] - OBS_Win - INFO - OBS_Win started
2025-04-28 00:35:19,908[28060] - RobotTest_AcidicPlatform - INFO - loading the sample from rack_id #15...
2025-04-28 00:35:19,908[28060] - RobotTest_AcidicPlatform - INFO - loading the sample from rack_id #15...
2025-04-28 00:35:57,664[28060] - RobotTest_AcidicPlatform - INFO - sample successfully loaded into the cell
2025-04-28 00:35:57,664[28060] - RobotTest_AcidicPlatform - INFO - sample successfully loaded into the cell
2025-04-28 00:35:58,277[28060] - OBS_Win - INFO - OBS_Win stopped
2025-04-28 00:35:58,277[28060] - OBS_Win - INFO - OBS_Win stopped
2025-04-28 00:36:01,489[28060] - EC_Lab_Win11 - INFO - not in software yet
2025-04-28 00:36:01,489[28060] - EC_Lab_Win11 - INFO - not in software yet
2025-04-28 00:36:01,788[28060] - EC_Lab_Win11 - INFO - attempting to open EC_Lab_Win11, trial 1 in 3 times...
2025-04-28 00:36:01,788[28060] - EC_Lab_Win11 - INFO - attempting to open EC_Lab_Win11, trial 1 in 3 times...
2025-04-28 01:02:37,177[28060] - EC_Lab_Win11 - INFO - test is complete
2025-04-28 01:02:37,177[28060] - EC_Lab_Win11 - INFO - test is complete
2025-04-28 01:02:37,177[28060] - RobotTest_AcidicPlatform - INFO - test MOR_PtX_6or8_comp_trial2_sample#85_2025-04-28_00-35-16 finished
2025-04-28 01:02:37,177[28060] - RobotTest_AcidicPlatform - INFO - test MOR_PtX_6or8_comp_trial2_sample#85_2025-04-28_00-35-16 finished
2025-04-28 01:02:37,377[28060] - OBS_Win - INFO - not in software yet
2025-04-28 01:02:37,377[28060] - OBS_Win - INFO - not in software yet
2025-04-28 01:02:37,715[28060] - OBS_Win - INFO - attempting to open OBS_Win, trial 1 in 3 times...
2025-04-28 01:02:37,715[28060] - OBS_Win - INFO - attempting to open OBS_Win, trial 1 in 3 times...
2025-04-28 01:02:41,263[28060] - OBS_Win - INFO - OBS_Win started
2025-04-28 01:02:41,263[28060] - OBS_Win - INFO - OBS_Win started
2025-04-28 01:02:41,263[28060] - RobotTest_AcidicPlatform - INFO - unloading the sample to rack_id #15...
2025-04-28 01:02:41,263[28060] - RobotTest_AcidicPlatform - INFO - unloading the sample to rack_id #15...
2025-04-28 01:03:41,084[28060] - RobotTest_AcidicPlatform - INFO - sample successfully unloaded from the cell
2025-04-28 01:03:41,084[28060] - RobotTest_AcidicPlatform - INFO - sample successfully unloaded from the cell
2025-04-28 01:03:44,712[28060] - OBS_Win - INFO - OBS_Win stopped
2025-04-28 01:03:44,712[28060] - OBS_Win - INFO - OBS_Win stopped
2025-04-28 01:03:45,173[28060] - OBS_Win - WARNING - cannot find ['OBS_start_record.png'] on screen
2025-04-28 01:03:45,173[28060] - OBS_Win - WARNING - cannot find ['OBS_start_record.png'] on screen
2025-04-28 01:03:48,520[28060] - OBS_Win - INFO - OBS_Win started
2025-04-28 01:03:48,520[28060] - OBS_Win - INFO - OBS_Win started
2025-04-28 01:03:48,520[28060] - RobotTest_AcidicPlatform - INFO - loading the sample from rack_id #16...
2025-04-28 01:03:48,520[28060] - RobotTest_AcidicPlatform - INFO - loading the sample from rack_id #16...
2025-04-28 01:04:26,781[28060] - RobotTest_AcidicPlatform - INFO - sample successfully loaded into the cell
2025-04-28 01:04:26,781[28060] - RobotTest_AcidicPlatform - INFO - sample successfully loaded into the cell
2025-04-28 01:04:27,368[28060] - OBS_Win - INFO - OBS_Win stopped
2025-04-28 01:04:27,368[28060] - OBS_Win - INFO - OBS_Win stopped
2025-04-28 01:04:30,591[28060] - EC_Lab_Win11 - INFO - not in software yet
2025-04-28 01:04:30,591[28060] - EC_Lab_Win11 - INFO - not in software yet
2025-04-28 01:04:30,906[28060] - EC_Lab_Win11 - INFO - attempting to open EC_Lab_Win11, trial 1 in 3 times...
2025-04-28 01:04:30,906[28060] - EC_Lab_Win11 - INFO - attempting to open EC_Lab_Win11, trial 1 in 3 times...
2025-04-28 01:31:06,915[28060] - EC_Lab_Win11 - INFO - test is complete
2025-04-28 01:31:06,915[28060] - EC_Lab_Win11 - INFO - test is complete
2025-04-28 01:31:06,915[28060] - RobotTest_AcidicPlatform - INFO - test MOR_PtX_6or8_comp_trial2_sample#86_2025-04-28_01-03-44 finished
2025-04-28 01:31:06,915[28060] - RobotTest_AcidicPlatform - INFO - test MOR_PtX_6or8_comp_trial2_sample#86_2025-04-28_01-03-44 finished
2025-04-28 01:31:07,112[28060] - OBS_Win - INFO - not in software yet
2025-04-28 01:31:07,112[28060] - OBS_Win - INFO - not in software yet
2025-04-28 01:31:07,420[28060] - OBS_Win - INFO - attempting to open OBS_Win, trial 1 in 3 times...
2025-04-28 01:31:07,420[28060] - OBS_Win - INFO - attempting to open OBS_Win, trial 1 in 3 times...
2025-04-28 01:31:10,961[28060] - OBS_Win - INFO - OBS_Win started
2025-04-28 01:31:10,961[28060] - OBS_Win - INFO - OBS_Win started
2025-04-28 01:31:10,961[28060] - RobotTest_AcidicPlatform - INFO - unloading the sample to rack_id #16...
2025-04-28 01:31:10,961[28060] - RobotTest_AcidicPlatform - INFO - unloading the sample to rack_id #16...
2025-04-28 01:32:11,131[28060] - RobotTest_AcidicPlatform - INFO - sample successfully unloaded from the cell
2025-04-28 01:32:11,131[28060] - RobotTest_AcidicPlatform - INFO - sample successfully unloaded from the cell
2025-04-28 01:32:14,703[28060] - OBS_Win - INFO - OBS_Win stopped
2025-04-28 01:32:14,703[28060] - OBS_Win - INFO - OBS_Win stopped
2025-04-28 01:32:15,184[28060] - OBS_Win - WARNING - cannot find ['OBS_start_record.png'] on screen
2025-04-28 01:32:15,184[28060] - OBS_Win - WARNING - cannot find ['OBS_start_record.png'] on screen
2025-04-28 01:32:18,508[28060] - OBS_Win - INFO - OBS_Win started
2025-04-28 01:32:18,508[28060] - OBS_Win - INFO - OBS_Win started
2025-04-28 01:32:18,508[28060] - RobotTest_AcidicPlatform - INFO - loading the sample from rack_id #17...
2025-04-28 01:32:18,508[28060] - RobotTest_AcidicPlatform - INFO - loading the sample from rack_id #17...
2025-04-28 01:32:57,082[28060] - RobotTest_AcidicPlatform - INFO - sample successfully loaded into the cell
2025-04-28 01:32:57,082[28060] - RobotTest_AcidicPlatform - INFO - sample successfully loaded into the cell
2025-04-28 01:32:57,652[28060] - OBS_Win - INFO - OBS_Win stopped
2025-04-28 01:32:57,652[28060] - OBS_Win - INFO - OBS_Win stopped
2025-04-28 01:33:00,866[28060] - EC_Lab_Win11 - INFO - not in software yet
2025-04-28 01:33:00,866[28060] - EC_Lab_Win11 - INFO - not in software yet
2025-04-28 01:33:01,174[28060] - EC_Lab_Win11 - INFO - attempting to open EC_Lab_Win11, trial 1 in 3 times...
2025-04-28 01:33:01,174[28060] - EC_Lab_Win11 - INFO - attempting to open EC_Lab_Win11, trial 1 in 3 times...
2025-04-28 01:59:37,786[28060] - EC_Lab_Win11 - INFO - test is complete
2025-04-28 01:59:37,786[28060] - EC_Lab_Win11 - INFO - test is complete
2025-04-28 01:59:37,787[28060] - RobotTest_AcidicPlatform - INFO - test MOR_PtX_6or8_comp_trial2_sample#87_2025-04-28_01-32-14 finished
2025-04-28 01:59:37,787[28060] - RobotTest_AcidicPlatform - INFO - test MOR_PtX_6or8_comp_trial2_sample#87_2025-04-28_01-32-14 finished
2025-04-28 01:59:37,990[28060] - OBS_Win - INFO - not in software yet
2025-04-28 01:59:37,990[28060] - OBS_Win - INFO - not in software yet
2025-04-28 01:59:38,292[28060] - OBS_Win - INFO - attempting to open OBS_Win, trial 1 in 3 times...
2025-04-28 01:59:38,292[28060] - OBS_Win - INFO - attempting to open OBS_Win, trial 1 in 3 times...
2025-04-28 01:59:41,848[28060] - OBS_Win - INFO - OBS_Win started
2025-04-28 01:59:41,848[28060] - OBS_Win - INFO - OBS_Win started
2025-04-28 01:59:41,848[28060] - RobotTest_AcidicPlatform - INFO - unloading the sample to rack_id #17...
2025-04-28 01:59:41,848[28060] - RobotTest_AcidicPlatform - INFO - unloading the sample to rack_id #17...
2025-04-28 02:00:42,395[28060] - RobotTest_AcidicPlatform - INFO - sample successfully unloaded from the cell
2025-04-28 02:00:42,395[28060] - RobotTest_AcidicPlatform - INFO - sample successfully unloaded from the cell
2025-04-28 02:00:45,979[28060] - OBS_Win - INFO - OBS_Win stopped
2025-04-28 02:00:45,979[28060] - OBS_Win - INFO - OBS_Win stopped
2025-04-28 19:02:19,866[30784] - RobotTest_AcidicPlatform - INFO - started a batch of test, with sample_rack_id : sample_id = {0: 70, 1: 71, 2: 72, 3: 73, 4: 74, 5: 75, 6: 76, 7: 77, 8: 78, 9: 79, 10: 80, 11: 81, 12: 82, 13: 83, 14: 84, 15: 85, 16: 86, 17: 87}
2025-04-28 19:02:25,908[30784] - OBS_Win - INFO - not in software yet
2025-04-28 19:02:26,237[30784] - OBS_Win - INFO - attempting to open OBS_Win, trial 1 in 3 times...
2025-04-28 19:02:29,827[30784] - OBS_Win - INFO - OBS_Win started
2025-04-28 19:02:29,827[30784] - RobotTest_AcidicPlatform - INFO - loading the sample from rack_id #0...
2025-04-28 19:03:08,927[30784] - RobotTest_AcidicPlatform - INFO - sample successfully loaded into the cell
2025-04-28 19:03:09,544[30784] - OBS_Win - INFO - OBS_Win stopped
2025-04-28 19:03:12,755[30784] - EC_Lab_Win11 - INFO - not in software yet
2025-04-28 19:03:13,065[30784] - EC_Lab_Win11 - INFO - attempting to open EC_Lab_Win11, trial 1 in 3 times...
2025-04-28 19:07:21,542[30784] - RobotTest_AcidicPlatform - INFO - human operating, fail to detect...
2025-04-28 19:30:38,649[30784] - EC_Lab_Win11 - INFO - test is complete
2025-04-28 19:30:38,649[30784] - RobotTest_AcidicPlatform - INFO - test MOR_PtX_6or8_comp_trial2_sample#70_2025-04-28_19-02-25 finished
2025-04-28 19:30:38,858[30784] - OBS_Win - INFO - not in software yet
2025-04-28 19:30:39,166[30784] - OBS_Win - INFO - attempting to open OBS_Win, trial 1 in 3 times...
2025-04-28 19:30:42,706[30784] - OBS_Win - INFO - OBS_Win started
2025-04-28 19:30:42,706[30784] - RobotTest_AcidicPlatform - INFO - unloading the sample to rack_id #0...
2025-04-28 19:31:42,541[30784] - RobotTest_AcidicPlatform - INFO - sample successfully unloaded from the cell
2025-04-28 19:31:46,176[30784] - OBS_Win - INFO - OBS_Win stopped
2025-04-28 19:31:46,642[30784] - OBS_Win - WARNING - cannot find ['OBS_start_record.png'] on screen
2025-04-28 19:31:49,985[30784] - OBS_Win - INFO - OBS_Win started
2025-04-28 19:31:49,985[30784] - RobotTest_AcidicPlatform - INFO - loading the sample from rack_id #1...
2025-04-28 19:32:21,869[30784] - RobotTest_AcidicPlatform - INFO - sample successfully loaded into the cell
2025-04-28 19:32:22,469[30784] - OBS_Win - INFO - OBS_Win stopped
2025-04-28 19:32:25,687[30784] - EC_Lab_Win11 - INFO - not in software yet
2025-04-28 19:32:26,014[30784] - EC_Lab_Win11 - INFO - attempting to open EC_Lab_Win11, trial 1 in 3 times...
2025-04-28 19:59:52,548[30784] - EC_Lab_Win11 - INFO - test is complete
2025-04-28 19:59:52,548[30784] - RobotTest_AcidicPlatform - INFO - test MOR_PtX_6or8_comp_trial2_sample#71_2025-04-28_19-31-46 finished
2025-04-28 19:59:52,755[30784] - OBS_Win - INFO - not in software yet
2025-04-28 19:59:53,077[30784] - OBS_Win - INFO - attempting to open OBS_Win, trial 1 in 3 times...
2025-04-28 19:59:56,617[30784] - OBS_Win - INFO - OBS_Win started
2025-04-28 19:59:56,617[30784] - RobotTest_AcidicPlatform - INFO - unloading the sample to rack_id #1...
2025-04-28 20:00:56,091[30784] - RobotTest_AcidicPlatform - INFO - sample successfully unloaded from the cell
2025-04-28 20:00:59,708[30784] - OBS_Win - INFO - OBS_Win stopped
2025-04-28 20:01:00,290[30784] - OBS_Win - WARNING - cannot find ['OBS_start_record.png'] on screen
2025-04-28 20:01:03,610[30784] - OBS_Win - INFO - OBS_Win started
2025-04-28 20:01:03,610[30784] - RobotTest_AcidicPlatform - INFO - loading the sample from rack_id #2...
2025-04-28 20:01:35,848[30784] - RobotTest_AcidicPlatform - INFO - sample successfully loaded into the cell
2025-04-28 20:01:36,448[30784] - OBS_Win - INFO - OBS_Win stopped
2025-04-28 20:01:39,652[30784] - EC_Lab_Win11 - INFO - not in software yet
2025-04-28 20:01:40,005[30784] - EC_Lab_Win11 - INFO - attempting to open EC_Lab_Win11, trial 1 in 3 times...
2025-04-28 20:29:09,214[30784] - EC_Lab_Win11 - INFO - test is complete
2025-04-28 20:29:09,214[30784] - RobotTest_AcidicPlatform - INFO - test MOR_PtX_6or8_comp_trial2_sample#72_2025-04-28_20-00-59 finished
2025-04-28 20:29:09,420[30784] - OBS_Win - INFO - not in software yet
2025-04-28 20:29:09,742[30784] - OBS_Win - INFO - attempting to open OBS_Win, trial 1 in 3 times...
2025-04-28 20:29:13,297[30784] - OBS_Win - INFO - OBS_Win started
2025-04-28 20:29:13,297[30784] - RobotTest_AcidicPlatform - INFO - unloading the sample to rack_id #2...
2025-04-28 20:30:12,209[30784] - RobotTest_AcidicPlatform - INFO - sample successfully unloaded from the cell
2025-04-28 20:30:15,853[30784] - OBS_Win - INFO - OBS_Win stopped
2025-04-28 20:30:16,310[30784] - OBS_Win - WARNING - cannot find ['OBS_start_record.png'] on screen
2025-04-28 20:30:19,650[30784] - OBS_Win - INFO - OBS_Win started
2025-04-28 20:30:19,650[30784] - RobotTest_AcidicPlatform - INFO - loading the sample from rack_id #3...
2025-04-28 20:30:52,285[30784] - RobotTest_AcidicPlatform - INFO - sample successfully loaded into the cell
2025-04-28 20:30:52,885[30784] - OBS_Win - INFO - OBS_Win stopped
2025-04-28 20:30:56,115[30784] - EC_Lab_Win11 - INFO - not in software yet
2025-04-28 20:30:56,452[30784] - EC_Lab_Win11 - INFO - attempting to open EC_Lab_Win11, trial 1 in 3 times...
2025-04-28 20:58:21,867[30784] - EC_Lab_Win11 - INFO - test is complete
2025-04-28 20:58:21,867[30784] - RobotTest_AcidicPlatform - INFO - test MOR_PtX_6or8_comp_trial2_sample#73_2025-04-28_20-30-15 finished
2025-04-28 20:58:22,063[30784] - OBS_Win - INFO - not in software yet
2025-04-28 20:58:22,412[30784] - OBS_Win - INFO - attempting to open OBS_Win, trial 1 in 3 times...
2025-04-28 20:58:26,002[30784] - OBS_Win - INFO - OBS_Win started
2025-04-28 20:58:26,002[30784] - RobotTest_AcidicPlatform - INFO - unloading the sample to rack_id #3...
2025-04-28 20:59:24,397[30784] - RobotTest_AcidicPlatform - INFO - sample successfully unloaded from the cell
2025-04-28 20:59:28,019[30784] - OBS_Win - INFO - OBS_Win stopped
2025-04-28 20:59:28,457[30784] - OBS_Win - WARNING - cannot find ['OBS_start_record.png'] on screen
2025-04-28 20:59:31,797[30784] - OBS_Win - INFO - OBS_Win started
2025-04-28 20:59:31,797[30784] - RobotTest_AcidicPlatform - INFO - loading the sample from rack_id #4...
2025-04-28 21:00:04,883[30784] - RobotTest_AcidicPlatform - INFO - sample successfully loaded into the cell
2025-04-28 21:00:05,449[30784] - OBS_Win - INFO - OBS_Win stopped
2025-04-28 21:00:08,674[30784] - EC_Lab_Win11 - INFO - not in software yet
2025-04-28 21:00:08,988[30784] - EC_Lab_Win11 - INFO - attempting to open EC_Lab_Win11, trial 1 in 3 times...
2025-04-28 21:27:33,746[30784] - EC_Lab_Win11 - INFO - test is complete
2025-04-28 21:27:33,746[30784] - RobotTest_AcidicPlatform - INFO - test MOR_PtX_6or8_comp_trial2_sample#74_2025-04-28_20-59-28 finished
2025-04-28 21:27:33,945[30784] - OBS_Win - INFO - not in software yet
2025-04-28 21:27:34,279[30784] - OBS_Win - INFO - attempting to open OBS_Win, trial 1 in 3 times...
2025-04-28 21:27:37,823[30784] - OBS_Win - INFO - OBS_Win started
2025-04-28 21:27:37,823[30784] - RobotTest_AcidicPlatform - INFO - unloading the sample to rack_id #4...
2025-04-28 21:28:35,971[30784] - RobotTest_AcidicPlatform - INFO - sample successfully unloaded from the cell
2025-04-28 21:28:39,579[30784] - OBS_Win - INFO - OBS_Win stopped
2025-04-28 21:28:40,068[30784] - OBS_Win - WARNING - cannot find ['OBS_start_record.png'] on screen
2025-04-28 21:28:43,405[30784] - OBS_Win - INFO - OBS_Win started
2025-04-28 21:28:43,405[30784] - RobotTest_AcidicPlatform - INFO - loading the sample from rack_id #5...
2025-04-28 21:29:16,884[30784] - RobotTest_AcidicPlatform - INFO - sample successfully loaded into the cell
2025-04-28 21:29:17,486[30784] - OBS_Win - INFO - OBS_Win stopped
2025-04-28 21:29:20,695[30784] - EC_Lab_Win11 - INFO - not in software yet
2025-04-28 21:29:20,997[30784] - EC_Lab_Win11 - INFO - attempting to open EC_Lab_Win11, trial 1 in 3 times...
2025-04-28 21:56:45,165[30784] - EC_Lab_Win11 - INFO - test is complete
2025-04-28 21:56:45,165[30784] - RobotTest_AcidicPlatform - INFO - test MOR_PtX_6or8_comp_trial2_sample#75_2025-04-28_21-28-39 finished
2025-04-28 21:56:45,362[30784] - OBS_Win - INFO - not in software yet
2025-04-28 21:56:45,678[30784] - OBS_Win - INFO - attempting to open OBS_Win, trial 1 in 3 times...
2025-04-28 21:56:49,210[30784] - OBS_Win - INFO - OBS_Win started
2025-04-28 21:56:49,210[30784] - RobotTest_AcidicPlatform - INFO - unloading the sample to rack_id #5...
2025-04-28 21:57:46,979[30784] - RobotTest_AcidicPlatform - INFO - sample successfully unloaded from the cell
2025-04-28 21:57:50,577[30784] - OBS_Win - INFO - OBS_Win stopped
2025-04-28 21:57:51,066[30784] - OBS_Win - WARNING - cannot find ['OBS_start_record.png'] on screen
2025-04-28 21:57:54,407[30784] - OBS_Win - INFO - OBS_Win started
2025-04-28 21:57:54,407[30784] - RobotTest_AcidicPlatform - INFO - loading the sample from rack_id #6...
2025-04-28 21:58:28,560[30784] - RobotTest_AcidicPlatform - INFO - sample successfully loaded into the cell
2025-04-28 21:58:29,126[30784] - OBS_Win - INFO - OBS_Win stopped
2025-04-28 21:58:32,338[30784] - EC_Lab_Win11 - INFO - not in software yet
2025-04-28 21:58:32,642[30784] - EC_Lab_Win11 - INFO - attempting to open EC_Lab_Win11, trial 1 in 3 times...
2025-04-28 22:25:57,898[30784] - EC_Lab_Win11 - INFO - test is complete
2025-04-28 22:25:57,899[30784] - RobotTest_AcidicPlatform - INFO - test MOR_PtX_6or8_comp_trial2_sample#76_2025-04-28_21-57-50 finished
2025-04-28 22:25:58,102[30784] - OBS_Win - INFO - not in software yet
2025-04-28 22:25:58,442[30784] - OBS_Win - INFO - attempting to open OBS_Win, trial 1 in 3 times...
2025-04-28 22:26:01,982[30784] - OBS_Win - INFO - OBS_Win started
2025-04-28 22:26:01,982[30784] - RobotTest_AcidicPlatform - INFO - unloading the sample to rack_id #6...
2025-04-28 22:26:59,072[30784] - RobotTest_AcidicPlatform - INFO - sample successfully unloaded from the cell
2025-04-28 22:27:02,658[30784] - OBS_Win - INFO - OBS_Win stopped
2025-04-28 22:27:03,117[30784] - OBS_Win - WARNING - cannot find ['OBS_start_record.png'] on screen
2025-04-28 22:27:06,453[30784] - OBS_Win - INFO - OBS_Win started
2025-04-28 22:27:06,454[30784] - RobotTest_AcidicPlatform - INFO - loading the sample from rack_id #7...
2025-04-28 22:27:40,954[30784] - RobotTest_AcidicPlatform - INFO - sample successfully loaded into the cell
2025-04-28 22:27:41,538[30784] - OBS_Win - INFO - OBS_Win stopped
2025-04-28 22:27:44,746[30784] - EC_Lab_Win11 - INFO - not in software yet
2025-04-28 22:27:45,067[30784] - EC_Lab_Win11 - INFO - attempting to open EC_Lab_Win11, trial 1 in 3 times...
2025-04-28 22:55:09,045[30784] - EC_Lab_Win11 - INFO - test is complete
2025-04-28 22:55:09,046[30784] - RobotTest_AcidicPlatform - INFO - test MOR_PtX_6or8_comp_trial2_sample#77_2025-04-28_22-27-02 finished
2025-04-28 22:55:09,267[30784] - OBS_Win - INFO - not in software yet
2025-04-28 22:55:09,595[30784] - OBS_Win - INFO - attempting to open OBS_Win, trial 1 in 3 times...
2025-04-28 22:55:13,158[30784] - OBS_Win - INFO - OBS_Win started
2025-04-28 22:55:13,158[30784] - RobotTest_AcidicPlatform - INFO - unloading the sample to rack_id #7...
2025-04-28 22:56:09,904[30784] - RobotTest_AcidicPlatform - INFO - sample successfully unloaded from the cell
2025-04-28 22:56:13,517[30784] - OBS_Win - INFO - OBS_Win stopped
2025-04-28 22:56:13,995[30784] - OBS_Win - WARNING - cannot find ['OBS_start_record.png'] on screen
2025-04-28 22:56:17,330[30784] - OBS_Win - INFO - OBS_Win started
2025-04-28 22:56:17,330[30784] - RobotTest_AcidicPlatform - INFO - loading the sample from rack_id #8...
2025-04-28 22:56:52,136[30784] - RobotTest_AcidicPlatform - INFO - sample successfully loaded into the cell
2025-04-28 22:56:52,704[30784] - OBS_Win - INFO - OBS_Win stopped
2025-04-28 22:56:55,911[30784] - EC_Lab_Win11 - INFO - not in software yet
2025-04-28 22:56:56,226[30784] - EC_Lab_Win11 - INFO - attempting to open EC_Lab_Win11, trial 1 in 3 times...
2025-04-28 23:24:19,944[30784] - EC_Lab_Win11 - INFO - test is complete
2025-04-28 23:24:19,944[30784] - RobotTest_AcidicPlatform - INFO - test MOR_PtX_6or8_comp_trial2_sample#78_2025-04-28_22-56-13 finished
2025-04-28 23:24:20,145[30784] - OBS_Win - INFO - not in software yet
2025-04-28 23:24:20,463[30784] - OBS_Win - INFO - attempting to open OBS_Win, trial 1 in 3 times...
2025-04-28 23:24:24,016[30784] - OBS_Win - INFO - OBS_Win started
2025-04-28 23:24:24,016[30784] - RobotTest_AcidicPlatform - INFO - unloading the sample to rack_id #8...
2025-04-28 23:25:20,738[30784] - RobotTest_AcidicPlatform - INFO - sample successfully unloaded from the cell
2025-04-28 23:25:24,365[30784] - OBS_Win - INFO - OBS_Win stopped
2025-04-28 23:25:24,829[30784] - OBS_Win - WARNING - cannot find ['OBS_start_record.png'] on screen
2025-04-28 23:25:28,175[30784] - OBS_Win - INFO - OBS_Win started
2025-04-28 23:25:28,175[30784] - RobotTest_AcidicPlatform - INFO - loading the sample from rack_id #9...
2025-04-28 23:26:03,453[30784] - RobotTest_AcidicPlatform - INFO - sample successfully loaded into the cell
2025-04-28 23:26:04,063[30784] - OBS_Win - INFO - OBS_Win stopped
2025-04-28 23:26:07,266[30784] - EC_Lab_Win11 - INFO - not in software yet
2025-04-28 23:26:07,603[30784] - EC_Lab_Win11 - INFO - attempting to open EC_Lab_Win11, trial 1 in 3 times...
2025-04-28 23:53:33,741[30784] - EC_Lab_Win11 - INFO - test is complete
2025-04-28 23:53:33,741[30784] - RobotTest_AcidicPlatform - INFO - test MOR_PtX_6or8_comp_trial2_sample#79_2025-04-28_23-25-24 finished
2025-04-28 23:53:33,950[30784] - OBS_Win - INFO - not in software yet
2025-04-28 23:53:34,275[30784] - OBS_Win - INFO - attempting to open OBS_Win, trial 1 in 3 times...
2025-04-28 23:53:37,818[30784] - OBS_Win - INFO - OBS_Win started
2025-04-28 23:53:37,818[30784] - RobotTest_AcidicPlatform - INFO - unloading the sample to rack_id #9...
2025-04-28 23:54:34,936[30784] - RobotTest_AcidicPlatform - INFO - sample successfully unloaded from the cell
2025-04-28 23:54:38,556[30784] - OBS_Win - INFO - OBS_Win stopped
2025-04-28 23:54:39,035[30784] - OBS_Win - WARNING - cannot find ['OBS_start_record.png'] on screen
2025-04-28 23:54:42,396[30784] - OBS_Win - INFO - OBS_Win started
2025-04-28 23:54:42,396[30784] - RobotTest_AcidicPlatform - INFO - loading the sample from rack_id #10...
2025-04-28 23:55:17,923[30784] - RobotTest_AcidicPlatform - INFO - sample successfully loaded into the cell
2025-04-28 23:55:18,522[30784] - OBS_Win - INFO - OBS_Win stopped
2025-04-28 23:55:21,725[30784] - EC_Lab_Win11 - INFO - not in software yet
2025-04-28 23:55:22,035[30784] - EC_Lab_Win11 - INFO - attempting to open EC_Lab_Win11, trial 1 in 3 times...
2025-04-29 00:22:45,544[30784] - EC_Lab_Win11 - INFO - test is complete
2025-04-29 00:22:45,544[30784] - RobotTest_AcidicPlatform - INFO - test MOR_PtX_6or8_comp_trial2_sample#80_2025-04-28_23-54-38 finished
2025-04-29 00:22:45,743[30784] - OBS_Win - INFO - not in software yet
2025-04-29 00:22:46,068[30784] - OBS_Win - INFO - attempting to open OBS_Win, trial 1 in 3 times...
2025-04-29 00:22:49,607[30784] - OBS_Win - INFO - OBS_Win started
2025-04-29 00:22:49,607[30784] - RobotTest_AcidicPlatform - INFO - unloading the sample to rack_id #10...
2025-04-29 00:23:47,045[30784] - RobotTest_AcidicPlatform - INFO - sample successfully unloaded from the cell
2025-04-29 00:23:50,744[30784] - OBS_Win - INFO - OBS_Win stopped
2025-04-29 00:23:51,205[30784] - OBS_Win - WARNING - cannot find ['OBS_start_record.png'] on screen
2025-04-29 00:23:54,551[30784] - OBS_Win - INFO - OBS_Win started
2025-04-29 00:23:54,551[30784] - RobotTest_AcidicPlatform - INFO - loading the sample from rack_id #11...
2025-04-29 00:24:30,588[30784] - RobotTest_AcidicPlatform - INFO - sample successfully loaded into the cell
2025-04-29 00:24:31,157[30784] - OBS_Win - INFO - OBS_Win stopped
2025-04-29 00:24:34,375[30784] - EC_Lab_Win11 - INFO - not in software yet
2025-04-29 00:24:34,694[30784] - EC_Lab_Win11 - INFO - attempting to open EC_Lab_Win11, trial 1 in 3 times...
2025-04-29 00:51:58,364[30784] - EC_Lab_Win11 - INFO - test is complete
2025-04-29 00:51:58,364[30784] - RobotTest_AcidicPlatform - INFO - test MOR_PtX_6or8_comp_trial2_sample#81_2025-04-29_00-23-50 finished
2025-04-29 00:51:58,558[30784] - OBS_Win - INFO - not in software yet
2025-04-29 00:51:58,875[30784] - OBS_Win - INFO - attempting to open OBS_Win, trial 1 in 3 times...
2025-04-29 00:52:02,416[30784] - OBS_Win - INFO - OBS_Win started
2025-04-29 00:52:02,416[30784] - RobotTest_AcidicPlatform - INFO - unloading the sample to rack_id #11...
2025-04-29 00:53:00,469[30784] - RobotTest_AcidicPlatform - INFO - sample successfully unloaded from the cell
2025-04-29 00:53:04,105[30784] - OBS_Win - INFO - OBS_Win stopped
2025-04-29 00:53:04,592[30784] - OBS_Win - WARNING - cannot find ['OBS_start_record.png'] on screen
2025-04-29 00:53:07,913[30784] - OBS_Win - INFO - OBS_Win started
2025-04-29 00:53:07,913[30784] - RobotTest_AcidicPlatform - INFO - loading the sample from rack_id #12...
2025-04-29 00:53:44,619[30784] - RobotTest_AcidicPlatform - INFO - sample successfully loaded into the cell
2025-04-29 00:53:45,204[30784] - OBS_Win - INFO - OBS_Win stopped
2025-04-29 00:53:48,431[30784] - EC_Lab_Win11 - INFO - not in software yet
2025-04-29 00:53:48,755[30784] - EC_Lab_Win11 - INFO - attempting to open EC_Lab_Win11, trial 1 in 3 times...
2025-04-29 01:21:12,978[30784] - EC_Lab_Win11 - INFO - test is complete
2025-04-29 01:21:12,978[30784] - RobotTest_AcidicPlatform - INFO - test MOR_PtX_6or8_comp_trial2_sample#82_2025-04-29_00-53-04 finished
2025-04-29 01:21:13,171[30784] - OBS_Win - INFO - not in software yet
2025-04-29 01:21:13,491[30784] - OBS_Win - INFO - attempting to open OBS_Win, trial 1 in 3 times...
2025-04-29 01:21:17,044[30784] - OBS_Win - INFO - OBS_Win started
2025-04-29 01:21:17,044[30784] - RobotTest_AcidicPlatform - INFO - unloading the sample to rack_id #12...
2025-04-29 01:22:15,496[30784] - RobotTest_AcidicPlatform - INFO - sample successfully unloaded from the cell
2025-04-29 01:22:19,095[30784] - OBS_Win - INFO - OBS_Win stopped
2025-04-29 01:22:19,574[30784] - OBS_Win - WARNING - cannot find ['OBS_start_record.png'] on screen
2025-04-29 01:22:22,911[30784] - OBS_Win - INFO - OBS_Win started
2025-04-29 01:22:22,911[30784] - RobotTest_AcidicPlatform - INFO - loading the sample from rack_id #13...
2025-04-29 01:22:59,942[30784] - RobotTest_AcidicPlatform - INFO - sample successfully loaded into the cell
2025-04-29 01:23:00,555[30784] - OBS_Win - INFO - OBS_Win stopped
2025-04-29 01:23:03,759[30784] - EC_Lab_Win11 - INFO - not in software yet
2025-04-29 01:23:04,063[30784] - EC_Lab_Win11 - INFO - attempting to open EC_Lab_Win11, trial 1 in 3 times...
2025-04-29 01:50:28,029[30784] - EC_Lab_Win11 - INFO - test is complete
2025-04-29 01:50:28,029[30784] - RobotTest_AcidicPlatform - INFO - test MOR_PtX_6or8_comp_trial2_sample#83_2025-04-29_01-22-19 finished
2025-04-29 01:50:28,223[30784] - OBS_Win - INFO - not in software yet
2025-04-29 01:50:28,570[30784] - OBS_Win - INFO - attempting to open OBS_Win, trial 1 in 3 times...
2025-04-29 01:50:32,107[30784] - OBS_Win - INFO - OBS_Win started
2025-04-29 01:50:32,107[30784] - RobotTest_AcidicPlatform - INFO - unloading the sample to rack_id #13...
2025-04-29 01:51:31,062[30784] - RobotTest_AcidicPlatform - INFO - sample successfully unloaded from the cell
2025-04-29 01:51:34,660[30784] - OBS_Win - INFO - OBS_Win stopped
2025-04-29 01:51:35,155[30784] - OBS_Win - WARNING - cannot find ['OBS_start_record.png'] on screen
2025-04-29 01:51:38,487[30784] - OBS_Win - INFO - OBS_Win started
2025-04-29 01:51:38,487[30784] - RobotTest_AcidicPlatform - INFO - loading the sample from rack_id #14...
2025-04-29 01:52:15,865[30784] - RobotTest_AcidicPlatform - INFO - sample successfully loaded into the cell
2025-04-29 01:52:16,450[30784] - OBS_Win - INFO - OBS_Win stopped
2025-04-29 01:52:19,655[30784] - EC_Lab_Win11 - INFO - not in software yet
2025-04-29 01:52:19,974[30784] - EC_Lab_Win11 - INFO - attempting to open EC_Lab_Win11, trial 1 in 3 times...
2025-04-29 01:55:43,466[30784] - RobotTest_AcidicPlatform - INFO - human operating, fail to detect...
2025-04-29 01:55:54,285[30784] - EC_Lab_Win11 - INFO - not in software yet
2025-04-29 01:55:54,595[30784] - EC_Lab_Win11 - INFO - attempting to open EC_Lab_Win11, trial 1 in 3 times...
2025-04-29 01:55:57,811[30784] - EC_Lab_Win11 - INFO - not in software yet
2025-04-29 01:55:58,140[30784] - EC_Lab_Win11 - INFO - attempting to open EC_Lab_Win11, trial 2 in 3 times...
2025-04-29 02:19:49,333[30784] - EC_Lab_Win11 - INFO - test is complete
2025-04-29 02:19:49,333[30784] - RobotTest_AcidicPlatform - INFO - test MOR_PtX_6or8_comp_trial2_sample#84_2025-04-29_01-51-34 finished
2025-04-29 02:19:49,541[30784] - OBS_Win - INFO - not in software yet
2025-04-29 02:19:49,875[30784] - OBS_Win - INFO - attempting to open OBS_Win, trial 1 in 3 times...
2025-04-29 02:19:53,418[30784] - OBS_Win - INFO - OBS_Win started
2025-04-29 02:19:53,418[30784] - RobotTest_AcidicPlatform - INFO - unloading the sample to rack_id #14...
2025-04-29 02:20:52,805[30784] - RobotTest_AcidicPlatform - INFO - sample successfully unloaded from the cell
2025-04-29 02:20:56,456[30784] - OBS_Win - INFO - OBS_Win stopped
2025-04-29 02:20:56,911[30784] - OBS_Win - WARNING - cannot find ['OBS_start_record.png'] on screen
2025-04-29 02:21:00,255[30784] - OBS_Win - INFO - OBS_Win started
2025-04-29 02:21:00,255[30784] - RobotTest_AcidicPlatform - INFO - loading the sample from rack_id #15...
2025-04-29 02:21:38,083[30784] - RobotTest_AcidicPlatform - INFO - sample successfully loaded into the cell
2025-04-29 02:21:38,635[30784] - OBS_Win - INFO - OBS_Win stopped
2025-04-29 02:21:41,847[30784] - EC_Lab_Win11 - INFO - not in software yet
2025-04-29 02:21:42,163[30784] - EC_Lab_Win11 - INFO - attempting to open EC_Lab_Win11, trial 1 in 3 times...
2025-04-29 02:49:05,006[30784] - EC_Lab_Win11 - INFO - test is complete
2025-04-29 02:49:05,006[30784] - RobotTest_AcidicPlatform - INFO - test MOR_PtX_6or8_comp_trial2_sample#85_2025-04-29_02-20-56 finished
2025-04-29 02:49:05,228[30784] - OBS_Win - INFO - not in software yet
2025-04-29 02:49:05,559[30784] - OBS_Win - INFO - attempting to open OBS_Win, trial 1 in 3 times...
2025-04-29 02:49:09,085[30784] - OBS_Win - INFO - OBS_Win started
2025-04-29 02:49:09,085[30784] - RobotTest_AcidicPlatform - INFO - unloading the sample to rack_id #15...
2025-04-29 02:50:08,776[30784] - RobotTest_AcidicPlatform - INFO - sample successfully unloaded from the cell
2025-04-29 02:50:12,377[30784] - OBS_Win - INFO - OBS_Win stopped
2025-04-29 02:50:12,863[30784] - OBS_Win - WARNING - cannot find ['OBS_start_record.png'] on screen
2025-04-29 02:50:16,182[30784] - OBS_Win - INFO - OBS_Win started
2025-04-29 02:50:16,182[30784] - RobotTest_AcidicPlatform - INFO - loading the sample from rack_id #16...
2025-04-29 02:50:54,442[30784] - RobotTest_AcidicPlatform - INFO - sample successfully loaded into the cell
2025-04-29 02:50:55,074[30784] - OBS_Win - INFO - OBS_Win stopped
2025-04-29 02:50:58,275[30784] - EC_Lab_Win11 - INFO - not in software yet
2025-04-29 02:50:58,581[30784] - EC_Lab_Win11 - INFO - attempting to open EC_Lab_Win11, trial 1 in 3 times...
2025-04-29 03:18:20,383[30784] - EC_Lab_Win11 - INFO - test is complete
2025-04-29 03:18:20,383[30784] - RobotTest_AcidicPlatform - INFO - test MOR_PtX_6or8_comp_trial2_sample#86_2025-04-29_02-50-12 finished
2025-04-29 03:18:20,581[30784] - OBS_Win - INFO - not in software yet
2025-04-29 03:18:20,901[30784] - OBS_Win - INFO - attempting to open OBS_Win, trial 1 in 3 times...
2025-04-29 03:18:24,444[30784] - OBS_Win - INFO - OBS_Win started
2025-04-29 03:18:24,444[30784] - RobotTest_AcidicPlatform - INFO - unloading the sample to rack_id #16...
2025-04-29 03:19:24,620[30784] - RobotTest_AcidicPlatform - INFO - sample successfully unloaded from the cell
2025-04-29 03:19:28,206[30784] - OBS_Win - INFO - OBS_Win stopped
2025-04-29 03:19:28,665[30784] - OBS_Win - WARNING - cannot find ['OBS_start_record.png'] on screen
2025-04-29 03:19:31,987[30784] - OBS_Win - INFO - OBS_Win started
2025-04-29 03:19:31,988[30784] - RobotTest_AcidicPlatform - INFO - loading the sample from rack_id #17...
2025-04-29 03:20:10,528[30784] - RobotTest_AcidicPlatform - INFO - sample successfully loaded into the cell
2025-04-29 03:20:11,113[30784] - OBS_Win - INFO - OBS_Win stopped
2025-04-29 03:20:14,331[30784] - EC_Lab_Win11 - INFO - not in software yet
2025-04-29 03:20:14,641[30784] - EC_Lab_Win11 - INFO - attempting to open EC_Lab_Win11, trial 1 in 3 times...
2025-04-29 03:47:03,193[30784] - EC_Lab_Win11 - INFO - test is complete
2025-04-29 03:47:03,193[30784] - RobotTest_AcidicPlatform - INFO - test MOR_PtX_6or8_comp_trial2_sample#87_2025-04-29_03-19-28 finished
2025-04-29 03:47:03,412[30784] - OBS_Win - INFO - not in software yet
2025-04-29 03:47:03,736[30784] - OBS_Win - INFO - attempting to open OBS_Win, trial 1 in 3 times...
2025-04-29 03:47:07,273[30784] - OBS_Win - INFO - OBS_Win started
2025-04-29 03:47:07,273[30784] - RobotTest_AcidicPlatform - INFO - unloading the sample to rack_id #17...
2025-04-29 03:48:07,723[30784] - RobotTest_AcidicPlatform - INFO - sample successfully unloaded from the cell
2025-04-29 03:48:11,339[30784] - OBS_Win - INFO - OBS_Win stopped
2025-04-29 12:00:14,994[30800] - RobotTest_AcidicPlatform - INFO - started a batch of test, with sample_rack_id : sample_id = {25: 'dummy-W'}
2025-04-29 12:00:27,250[30800] - OBS_Win - INFO - not in software yet
2025-04-29 12:00:27,547[30800] - OBS_Win - INFO - attempting to open OBS_Win, trial 1 in 3 times...
2025-04-29 12:00:31,096[30800] - OBS_Win - INFO - OBS_Win started
2025-04-29 12:00:31,096[30800] - RobotTest_AcidicPlatform - INFO - loading the sample from rack_id #25...
2025-04-29 12:01:21,117[30800] - RobotTest_AcidicPlatform - INFO - sample successfully loaded into the cell
2025-04-29 12:01:21,671[30800] - OBS_Win - INFO - OBS_Win stopped
2025-04-29 12:01:24,885[30800] - EC_Lab_Win11 - INFO - not in software yet
2025-04-29 12:01:25,200[30800] - EC_Lab_Win11 - INFO - attempting to open EC_Lab_Win11, trial 1 in 3 times...
2025-04-29 12:02:45,293[30800] - RobotTest_AcidicPlatform - INFO - human operating, fail to detect...
2025-04-29 12:02:55,302[30800] - RobotTest_AcidicPlatform - INFO - human operating, fail to detect...
2025-04-29 12:03:05,309[30800] - RobotTest_AcidicPlatform - INFO - human operating, fail to detect...
2025-04-29 12:03:16,502[30800] - EC_Lab_Win11 - INFO - test is complete
2025-04-29 12:03:16,502[30800] - RobotTest_AcidicPlatform - INFO - test MOR_PtX_6or8_comp_trial2_sample#dummy-W_2025-04-29_12-00-27 finished
2025-04-29 12:03:16,684[30800] - OBS_Win - INFO - not in software yet
2025-04-29 12:03:16,997[30800] - OBS_Win - INFO - attempting to open OBS_Win, trial 1 in 3 times...
2025-04-29 12:03:20,521[30800] - OBS_Win - INFO - OBS_Win started
2025-04-29 12:03:20,521[30800] - RobotTest_AcidicPlatform - INFO - unloading the sample to rack_id #25...
2025-04-29 12:04:24,480[30800] - RobotTest_AcidicPlatform - INFO - sample successfully unloaded from the cell
2025-04-29 12:04:28,049[30800] - OBS_Win - INFO - OBS_Win stopped
2025-04-29 13:52:12,245[24268] - RobotTest_AcidicPlatform - INFO - started a batch of test, with sample_rack_id : sample_id = {0: 'HER_Pta', 1: 'HER_Ptb', 2: 'HER_non-PGM_sulfide-11a', 3: 'HER_non-PGM_sulfide-11b', 4: 'HER_non-PGM_sulfide-12a', 5: 'HER_non-PGM_sulfide-12b', 6: 'HER_non-PGM_sulfide-13a', 7: 'HER_non-PGM_sulfide-13b', 8: 'HER_non-PGM_sulfide-14a', 9: 'HER_non-PGM_sulfide-14b', 10: 'HER_non-PGM_sulfide-15a', 11: 'HER_non-PGM_sulfide-15b', 12: 'HER_non-PGM_sulfide-16a', 13: 'HER_non-PGM_sulfide-16b', 14: 'HER_non-PGM_sulfide-17a', 15: 'HER_non-PGM_sulfide-17b', 16: 'HER_non-PGM_sulfide-18a', 17: 'HER_non-PGM_sulfide-18b', 18: 'HER_non-PGM_sulfide-19a', 19: 'HER_non-PGM_sulfide-19b'}
2025-04-29 13:52:18,279[24268] - OBS_Win - INFO - not in software yet
2025-04-29 13:52:18,473[24268] - OBS_Win - WARNING - cannot find ['OBS_icon.png'] on screen
2025-04-29 13:52:21,668[24268] - OBS_Win - WARNING - cannot find ['OBS_icon.png'] on screen
2025-04-29 13:52:24,868[24268] - OBS_Win - WARNING - cannot find ['OBS_icon.png'] on screen
2025-04-29 13:52:28,084[24268] - OBS_Win - WARNING - cannot find ['OBS_icon.png'] on screen
2025-04-29 13:52:31,296[24268] - OBS_Win - WARNING - cannot find ['OBS_icon.png'] on screen
2025-04-29 13:52:34,498[24268] - OBS_Win - WARNING - cannot find ['OBS_icon.png'] on screen
2025-04-29 13:52:37,712[24268] - OBS_Win - WARNING - cannot find ['OBS_icon.png'] on screen
2025-04-29 13:52:40,898[24268] - OBS_Win - WARNING - cannot find ['OBS_icon.png'] on screen
2025-04-29 13:52:44,098[24268] - OBS_Win - WARNING - cannot find ['OBS_icon.png'] on screen
2025-04-29 13:52:47,345[24268] - OBS_Win - WARNING - cannot find ['OBS_icon.png'] on screen
2025-04-29 13:52:50,567[24268] - OBS_Win - WARNING - cannot find ['OBS_icon.png'] on screen
2025-04-29 13:52:53,767[24268] - OBS_Win - WARNING - cannot find ['OBS_icon.png'] on screen
2025-04-29 13:52:56,949[24268] - OBS_Win - WARNING - cannot find ['OBS_icon.png'] on screen
2025-04-29 13:53:00,139[24268] - OBS_Win - WARNING - cannot find ['OBS_icon.png'] on screen
2025-04-29 13:53:03,323[24268] - OBS_Win - WARNING - cannot find ['OBS_icon.png'] on screen
2025-04-29 13:53:06,525[24268] - OBS_Win - WARNING - cannot find ['OBS_icon.png'] on screen
2025-04-29 13:53:09,716[24268] - OBS_Win - WARNING - cannot find ['OBS_icon.png'] on screen
2025-04-29 13:53:12,911[24268] - OBS_Win - WARNING - cannot find ['OBS_icon.png'] on screen
2025-04-29 13:53:16,093[24268] - OBS_Win - WARNING - cannot find ['OBS_icon.png'] on screen
2025-04-29 13:53:19,301[24268] - OBS_Win - WARNING - cannot find ['OBS_icon.png'] on screen
2025-04-29 13:53:22,494[24268] - OBS_Win - WARNING - cannot find ['OBS_icon.png'] on screen
2025-04-29 13:53:25,673[24268] - OBS_Win - WARNING - cannot find ['OBS_icon.png'] on screen
2025-04-29 13:53:28,856[24268] - OBS_Win - WARNING - cannot find ['OBS_icon.png'] on screen
2025-04-29 13:53:32,065[24268] - OBS_Win - WARNING - cannot find ['OBS_icon.png'] on screen
2025-04-29 13:53:35,298[24268] - OBS_Win - WARNING - cannot find ['OBS_icon.png'] on screen
2025-04-29 13:53:38,526[24268] - OBS_Win - WARNING - cannot find ['OBS_icon.png'] on screen
2025-04-29 13:53:41,713[24268] - OBS_Win - WARNING - cannot find ['OBS_icon.png'] on screen
2025-04-29 13:53:44,976[24268] - OBS_Win - WARNING - cannot find ['OBS_icon.png'] on screen
2025-04-29 13:53:48,188[24268] - OBS_Win - WARNING - cannot find ['OBS_icon.png'] on screen
2025-04-29 13:54:33,200[31456] - RobotTest_AcidicPlatform - INFO - started a batch of test, with sample_rack_id : sample_id = {0: 'HER_Pta', 1: 'HER_Ptb', 2: 'HER_non-PGM_sulfide-11a', 3: 'HER_non-PGM_sulfide-11b', 4: 'HER_non-PGM_sulfide-12a', 5: 'HER_non-PGM_sulfide-12b', 6: 'HER_non-PGM_sulfide-13a', 7: 'HER_non-PGM_sulfide-13b', 8: 'HER_non-PGM_sulfide-14a', 9: 'HER_non-PGM_sulfide-14b', 10: 'HER_non-PGM_sulfide-15a', 11: 'HER_non-PGM_sulfide-15b', 12: 'HER_non-PGM_sulfide-16a', 13: 'HER_non-PGM_sulfide-16b', 14: 'HER_non-PGM_sulfide-17a', 15: 'HER_non-PGM_sulfide-17b', 16: 'HER_non-PGM_sulfide-18a', 17: 'HER_non-PGM_sulfide-18b', 18: 'HER_non-PGM_sulfide-19a', 19: 'HER_non-PGM_sulfide-19b'}
2025-04-29 13:54:39,161[31456] - OBS_Win - INFO - not in software yet
2025-04-29 13:54:39,366[31456] - OBS_Win - WARNING - cannot find ['OBS_icon.png'] on screen
2025-04-29 13:54:42,555[31456] - OBS_Win - WARNING - cannot find ['OBS_icon.png'] on screen
2025-04-29 13:54:45,731[31456] - OBS_Win - WARNING - cannot find ['OBS_icon.png'] on screen
2025-04-29 13:54:48,908[31456] - OBS_Win - WARNING - cannot find ['OBS_icon.png'] on screen
2025-04-29 13:54:52,092[31456] - OBS_Win - WARNING - cannot find ['OBS_icon.png'] on screen
2025-04-29 13:54:55,300[31456] - OBS_Win - WARNING - cannot find ['OBS_icon.png'] on screen
2025-04-29 13:54:58,510[31456] - OBS_Win - WARNING - cannot find ['OBS_icon.png'] on screen
2025-04-29 14:06:29,149[21264] - RobotTest_AcidicPlatform - INFO - started a batch of test, with sample_rack_id : sample_id = {0: 'HER_Pta', 1: 'HER_Ptb', 2: 'HER_non-PGM_sulfide-11a', 3: 'HER_non-PGM_sulfide-11b', 4: 'HER_non-PGM_sulfide-12a', 5: 'HER_non-PGM_sulfide-12b', 6: 'HER_non-PGM_sulfide-13a', 7: 'HER_non-PGM_sulfide-13b', 8: 'HER_non-PGM_sulfide-14a', 9: 'HER_non-PGM_sulfide-14b', 10: 'HER_non-PGM_sulfide-15a', 11: 'HER_non-PGM_sulfide-15b', 12: 'HER_non-PGM_sulfide-16a', 13: 'HER_non-PGM_sulfide-16b', 14: 'HER_non-PGM_sulfide-17a', 15: 'HER_non-PGM_sulfide-17b', 16: 'HER_non-PGM_sulfide-18a', 17: 'HER_non-PGM_sulfide-18b', 18: 'HER_non-PGM_sulfide-19a', 19: 'HER_non-PGM_sulfide-19b'}
2025-04-29 14:06:29,149[21264] - RobotTest_AcidicPlatform - INFO - started a batch of test, with sample_rack_id : sample_id = {0: 'HER_Pta', 1: 'HER_Ptb', 2: 'HER_non-PGM_sulfide-11a', 3: 'HER_non-PGM_sulfide-11b', 4: 'HER_non-PGM_sulfide-12a', 5: 'HER_non-PGM_sulfide-12b', 6: 'HER_non-PGM_sulfide-13a', 7: 'HER_non-PGM_sulfide-13b', 8: 'HER_non-PGM_sulfide-14a', 9: 'HER_non-PGM_sulfide-14b', 10: 'HER_non-PGM_sulfide-15a', 11: 'HER_non-PGM_sulfide-15b', 12: 'HER_non-PGM_sulfide-16a', 13: 'HER_non-PGM_sulfide-16b', 14: 'HER_non-PGM_sulfide-17a', 15: 'HER_non-PGM_sulfide-17b', 16: 'HER_non-PGM_sulfide-18a', 17: 'HER_non-PGM_sulfide-18b', 18: 'HER_non-PGM_sulfide-19a', 19: 'HER_non-PGM_sulfide-19b'}
2025-04-29 14:06:39,302[21264] - OBS_Win - INFO - not in software yet
2025-04-29 14:06:39,302[21264] - OBS_Win - INFO - not in software yet
2025-04-29 14:06:39,621[21264] - OBS_Win - INFO - attempting to open OBS_Win, trial 1 in 3 times...
2025-04-29 14:06:39,621[21264] - OBS_Win - INFO - attempting to open OBS_Win, trial 1 in 3 times...
2025-04-29 14:06:43,185[21264] - OBS_Win - INFO - OBS_Win started
2025-04-29 14:06:43,185[21264] - OBS_Win - INFO - OBS_Win started
2025-04-29 14:06:43,185[21264] - RobotTest_AcidicPlatform - INFO - loading the sample from rack_id #0...
2025-04-29 14:06:43,185[21264] - RobotTest_AcidicPlatform - INFO - loading the sample from rack_id #0...
2025-04-29 14:07:22,296[21264] - RobotTest_AcidicPlatform - INFO - sample successfully loaded into the cell
2025-04-29 14:07:22,296[21264] - RobotTest_AcidicPlatform - INFO - sample successfully loaded into the cell
2025-04-29 14:07:22,895[21264] - OBS_Win - INFO - OBS_Win stopped
2025-04-29 14:07:22,895[21264] - OBS_Win - INFO - OBS_Win stopped
2025-04-29 14:07:26,097[21264] - EC_Lab_Win11 - INFO - not in software yet
2025-04-29 14:07:26,097[21264] - EC_Lab_Win11 - INFO - not in software yet
2025-04-29 14:07:26,451[21264] - EC_Lab_Win11 - INFO - attempting to open EC_Lab_Win11, trial 1 in 3 times...
2025-04-29 14:07:26,451[21264] - EC_Lab_Win11 - INFO - attempting to open EC_Lab_Win11, trial 1 in 3 times...
2025-04-29 14:07:29,710[21264] - EC_Lab_Win11 - INFO - not in software yet
2025-04-29 14:07:29,710[21264] - EC_Lab_Win11 - INFO - not in software yet
2025-04-29 14:07:30,040[21264] - EC_Lab_Win11 - INFO - attempting to open EC_Lab_Win11, trial 2 in 3 times...
2025-04-29 14:07:30,040[21264] - EC_Lab_Win11 - INFO - attempting to open EC_Lab_Win11, trial 2 in 3 times...
2025-04-29 14:07:33,267[21264] - EC_Lab_Win11 - INFO - not in software yet
2025-04-29 14:07:33,267[21264] - EC_Lab_Win11 - INFO - not in software yet
2025-04-29 14:07:33,649[21264] - EC_Lab_Win11 - INFO - attempting to open EC_Lab_Win11, trial 3 in 3 times...
2025-04-29 14:07:33,649[21264] - EC_Lab_Win11 - INFO - attempting to open EC_Lab_Win11, trial 3 in 3 times...
2025-04-29 14:07:36,861[21264] - EC_Lab_Win11 - INFO - not in software yet
2025-04-29 14:07:36,861[21264] - EC_Lab_Win11 - INFO - not in software yet
2025-04-29 14:07:36,861[21264] - EC_Lab_Win11 - WARNING - failed to open EC_Lab_Win11
2025-04-29 14:07:36,861[21264] - EC_Lab_Win11 - WARNING - failed to open EC_Lab_Win11
2025-04-29 14:07:36,861[21264] - RobotTest_AcidicPlatform - ERROR - failed to open EC_Lab_Win11
Traceback (most recent call last):
  File "C:\Users\li\PycharmProjects\catalyst\robotic_testing\common\robot_test.py", line 45, in wrapper
    return func(self, *args, **kwargs)
  File "C:\Users\li\PycharmProjects\catalyst\robotic_testing\common\robot_test.py", line 189, in run
    self.test_main_workflow(
  File "C:\Users\li\PycharmProjects\catalyst\robotic_testing\common\robot_test.py", line 292, in test_main_workflow
    self.ec_lab.start(test_name)
  File "C:\Users\li\PycharmProjects\catalyst\software_control\software_control.py", line 629, in start
    self.open_software()
  File "C:\Users\li\PycharmProjects\catalyst\software_control\software_control_base.py", line 133, in open_software
    raise SystemError(f'failed to open {self.name}')
SystemError: failed to open EC_Lab_Win11
2025-04-29 14:07:36,861[21264] - RobotTest_AcidicPlatform - ERROR - failed to open EC_Lab_Win11
Traceback (most recent call last):
  File "C:\Users\li\PycharmProjects\catalyst\robotic_testing\common\robot_test.py", line 45, in wrapper
    return func(self, *args, **kwargs)
  File "C:\Users\li\PycharmProjects\catalyst\robotic_testing\common\robot_test.py", line 189, in run
    self.test_main_workflow(
  File "C:\Users\li\PycharmProjects\catalyst\robotic_testing\common\robot_test.py", line 292, in test_main_workflow
    self.ec_lab.start(test_name)
  File "C:\Users\li\PycharmProjects\catalyst\software_control\software_control.py", line 629, in start
    self.open_software()
  File "C:\Users\li\PycharmProjects\catalyst\software_control\software_control_base.py", line 133, in open_software
    raise SystemError(f'failed to open {self.name}')
SystemError: failed to open EC_Lab_Win11
2025-04-29 14:12:13,161[21264] - RobotTest_AcidicPlatform - INFO - started a batch of test, with sample_rack_id : sample_id = {0: 'HER_Pta', 1: 'HER_Ptb', 2: 'HER_non-PGM_sulfide-11a', 3: 'HER_non-PGM_sulfide-11b', 4: 'HER_non-PGM_sulfide-12a', 5: 'HER_non-PGM_sulfide-12b', 6: 'HER_non-PGM_sulfide-13a', 7: 'HER_non-PGM_sulfide-13b', 8: 'HER_non-PGM_sulfide-14a', 9: 'HER_non-PGM_sulfide-14b', 10: 'HER_non-PGM_sulfide-15a', 11: 'HER_non-PGM_sulfide-15b', 12: 'HER_non-PGM_sulfide-16a', 13: 'HER_non-PGM_sulfide-16b', 14: 'HER_non-PGM_sulfide-17a', 15: 'HER_non-PGM_sulfide-17b', 16: 'HER_non-PGM_sulfide-18a', 17: 'HER_non-PGM_sulfide-18b', 18: 'HER_non-PGM_sulfide-19a', 19: 'HER_non-PGM_sulfide-19b'}
2025-04-29 14:12:13,161[21264] - RobotTest_AcidicPlatform - INFO - started a batch of test, with sample_rack_id : sample_id = {0: 'HER_Pta', 1: 'HER_Ptb', 2: 'HER_non-PGM_sulfide-11a', 3: 'HER_non-PGM_sulfide-11b', 4: 'HER_non-PGM_sulfide-12a', 5: 'HER_non-PGM_sulfide-12b', 6: 'HER_non-PGM_sulfide-13a', 7: 'HER_non-PGM_sulfide-13b', 8: 'HER_non-PGM_sulfide-14a', 9: 'HER_non-PGM_sulfide-14b', 10: 'HER_non-PGM_sulfide-15a', 11: 'HER_non-PGM_sulfide-15b', 12: 'HER_non-PGM_sulfide-16a', 13: 'HER_non-PGM_sulfide-16b', 14: 'HER_non-PGM_sulfide-17a', 15: 'HER_non-PGM_sulfide-17b', 16: 'HER_non-PGM_sulfide-18a', 17: 'HER_non-PGM_sulfide-18b', 18: 'HER_non-PGM_sulfide-19a', 19: 'HER_non-PGM_sulfide-19b'}
2025-04-29 14:12:19,195[21264] - OBS_Win - INFO - not in software yet
2025-04-29 14:12:19,195[21264] - OBS_Win - INFO - not in software yet
2025-04-29 14:12:19,513[21264] - OBS_Win - INFO - attempting to open OBS_Win, trial 1 in 3 times...
2025-04-29 14:12:19,513[21264] - OBS_Win - INFO - attempting to open OBS_Win, trial 1 in 3 times...
2025-04-29 14:12:23,055[21264] - OBS_Win - INFO - OBS_Win started
2025-04-29 14:12:23,055[21264] - OBS_Win - INFO - OBS_Win started
2025-04-29 14:12:23,055[21264] - RobotTest_AcidicPlatform - INFO - loading the sample from rack_id #0...
2025-04-29 14:12:23,055[21264] - RobotTest_AcidicPlatform - INFO - loading the sample from rack_id #0...
2025-04-29 14:13:02,096[21264] - RobotTest_AcidicPlatform - INFO - sample successfully loaded into the cell
2025-04-29 14:13:02,096[21264] - RobotTest_AcidicPlatform - INFO - sample successfully loaded into the cell
2025-04-29 14:13:02,699[21264] - OBS_Win - INFO - OBS_Win stopped
2025-04-29 14:13:02,699[21264] - OBS_Win - INFO - OBS_Win stopped
2025-04-29 14:13:05,897[21264] - EC_Lab_Win11 - INFO - not in software yet
2025-04-29 14:13:05,897[21264] - EC_Lab_Win11 - INFO - not in software yet
2025-04-29 14:13:06,208[21264] - EC_Lab_Win11 - INFO - attempting to open EC_Lab_Win11, trial 1 in 3 times...
2025-04-29 14:13:06,208[21264] - EC_Lab_Win11 - INFO - attempting to open EC_Lab_Win11, trial 1 in 3 times...
2025-04-29 14:13:09,433[21264] - EC_Lab_Win11 - INFO - not in software yet
2025-04-29 14:13:09,433[21264] - EC_Lab_Win11 - INFO - not in software yet
2025-04-29 14:13:09,738[21264] - EC_Lab_Win11 - INFO - attempting to open EC_Lab_Win11, trial 2 in 3 times...
2025-04-29 14:13:09,738[21264] - EC_Lab_Win11 - INFO - attempting to open EC_Lab_Win11, trial 2 in 3 times...
2025-04-29 14:13:12,938[21264] - EC_Lab_Win11 - INFO - not in software yet
2025-04-29 14:13:12,938[21264] - EC_Lab_Win11 - INFO - not in software yet
2025-04-29 14:13:13,271[21264] - EC_Lab_Win11 - INFO - attempting to open EC_Lab_Win11, trial 3 in 3 times...
2025-04-29 14:13:13,271[21264] - EC_Lab_Win11 - INFO - attempting to open EC_Lab_Win11, trial 3 in 3 times...
2025-04-29 14:13:16,484[21264] - EC_Lab_Win11 - INFO - not in software yet
2025-04-29 14:13:16,484[21264] - EC_Lab_Win11 - INFO - not in software yet
2025-04-29 14:13:16,484[21264] - EC_Lab_Win11 - WARNING - failed to open EC_Lab_Win11
2025-04-29 14:13:16,484[21264] - EC_Lab_Win11 - WARNING - failed to open EC_Lab_Win11
2025-04-29 14:13:16,484[21264] - RobotTest_AcidicPlatform - ERROR - failed to open EC_Lab_Win11
Traceback (most recent call last):
  File "C:\Users\li\PycharmProjects\catalyst\robotic_testing\common\robot_test.py", line 45, in wrapper
    return func(self, *args, **kwargs)
  File "C:\Users\li\PycharmProjects\catalyst\robotic_testing\common\robot_test.py", line 189, in run
    self.test_main_workflow(
  File "C:\Users\li\PycharmProjects\catalyst\robotic_testing\common\robot_test.py", line 292, in test_main_workflow
    self.ec_lab.start(test_name)
  File "C:\Users\li\PycharmProjects\catalyst\software_control\software_control.py", line 629, in start
    self.open_software()
  File "C:\Users\li\PycharmProjects\catalyst\software_control\software_control_base.py", line 133, in open_software
    raise SystemError(f'failed to open {self.name}')
SystemError: failed to open EC_Lab_Win11
2025-04-29 14:13:16,484[21264] - RobotTest_AcidicPlatform - ERROR - failed to open EC_Lab_Win11
Traceback (most recent call last):
  File "C:\Users\li\PycharmProjects\catalyst\robotic_testing\common\robot_test.py", line 45, in wrapper
    return func(self, *args, **kwargs)
  File "C:\Users\li\PycharmProjects\catalyst\robotic_testing\common\robot_test.py", line 189, in run
    self.test_main_workflow(
  File "C:\Users\li\PycharmProjects\catalyst\robotic_testing\common\robot_test.py", line 292, in test_main_workflow
    self.ec_lab.start(test_name)
  File "C:\Users\li\PycharmProjects\catalyst\software_control\software_control.py", line 629, in start
    self.open_software()
  File "C:\Users\li\PycharmProjects\catalyst\software_control\software_control_base.py", line 133, in open_software
    raise SystemError(f'failed to open {self.name}')
SystemError: failed to open EC_Lab_Win11
2025-04-29 14:15:46,173[17544] - RobotTest_AcidicPlatform - INFO - started a batch of test, with sample_rack_id : sample_id = {0: 'HER_Pta', 1: 'HER_Ptb', 2: 'HER_non-PGM_sulfide-11a', 3: 'HER_non-PGM_sulfide-11b', 4: 'HER_non-PGM_sulfide-12a', 5: 'HER_non-PGM_sulfide-12b', 6: 'HER_non-PGM_sulfide-13a', 7: 'HER_non-PGM_sulfide-13b', 8: 'HER_non-PGM_sulfide-14a', 9: 'HER_non-PGM_sulfide-14b', 10: 'HER_non-PGM_sulfide-15a', 11: 'HER_non-PGM_sulfide-15b', 12: 'HER_non-PGM_sulfide-16a', 13: 'HER_non-PGM_sulfide-16b', 14: 'HER_non-PGM_sulfide-17a', 15: 'HER_non-PGM_sulfide-17b', 16: 'HER_non-PGM_sulfide-18a', 17: 'HER_non-PGM_sulfide-18b', 18: 'HER_non-PGM_sulfide-19a', 19: 'HER_non-PGM_sulfide-19b'}
2025-04-29 14:15:52,198[17544] - OBS_Win - INFO - not in software yet
2025-04-29 14:15:52,539[17544] - OBS_Win - INFO - attempting to open OBS_Win, trial 1 in 3 times...
2025-04-29 14:15:56,097[17544] - OBS_Win - INFO - OBS_Win started
2025-04-29 14:15:56,097[17544] - RobotTest_AcidicPlatform - INFO - loading the sample from rack_id #0...
2025-04-29 14:16:35,149[17544] - RobotTest_AcidicPlatform - INFO - sample successfully loaded into the cell
2025-04-29 14:16:35,794[17544] - OBS_Win - INFO - OBS_Win stopped
2025-04-29 14:16:39,004[17544] - EC_Lab_Win11 - INFO - not in software yet
2025-04-29 14:16:39,335[17544] - EC_Lab_Win11 - INFO - attempting to open EC_Lab_Win11, trial 1 in 3 times...
2025-04-29 14:16:42,558[17544] - EC_Lab_Win11 - INFO - not in software yet
2025-04-29 14:16:42,878[17544] - EC_Lab_Win11 - INFO - attempting to open EC_Lab_Win11, trial 2 in 3 times...
2025-04-29 14:16:46,088[17544] - EC_Lab_Win11 - INFO - not in software yet
2025-04-29 14:16:46,422[17544] - EC_Lab_Win11 - INFO - attempting to open EC_Lab_Win11, trial 3 in 3 times...
2025-04-29 14:16:49,632[17544] - EC_Lab_Win11 - INFO - not in software yet
2025-04-29 14:16:49,632[17544] - EC_Lab_Win11 - WARNING - failed to open EC_Lab_Win11
2025-04-29 14:16:49,632[17544] - RobotTest_AcidicPlatform - ERROR - failed to open EC_Lab_Win11
Traceback (most recent call last):
  File "C:\Users\li\PycharmProjects\catalyst\robotic_testing\common\robot_test.py", line 45, in wrapper
    return func(self, *args, **kwargs)
  File "C:\Users\li\PycharmProjects\catalyst\robotic_testing\common\robot_test.py", line 189, in run
    self.test_main_workflow(
  File "C:\Users\li\PycharmProjects\catalyst\robotic_testing\common\robot_test.py", line 292, in test_main_workflow
    self.ec_lab.start(test_name)
  File "C:\Users\li\PycharmProjects\catalyst\software_control\software_control.py", line 629, in start
    self.open_software()
  File "C:\Users\li\PycharmProjects\catalyst\software_control\software_control_base.py", line 133, in open_software
    raise SystemError(f'failed to open {self.name}')
SystemError: failed to open EC_Lab_Win11
2025-04-29 14:21:25,927[29880] - RobotTest_AcidicPlatform - INFO - started a batch of test, with sample_rack_id : sample_id = {0: 'HER_Pta', 1: 'HER_Ptb', 2: 'HER_non-PGM_sulfide-11a', 3: 'HER_non-PGM_sulfide-11b', 4: 'HER_non-PGM_sulfide-12a', 5: 'HER_non-PGM_sulfide-12b', 6: 'HER_non-PGM_sulfide-13a', 7: 'HER_non-PGM_sulfide-13b', 8: 'HER_non-PGM_sulfide-14a', 9: 'HER_non-PGM_sulfide-14b', 10: 'HER_non-PGM_sulfide-15a', 11: 'HER_non-PGM_sulfide-15b', 12: 'HER_non-PGM_sulfide-16a', 13: 'HER_non-PGM_sulfide-16b', 14: 'HER_non-PGM_sulfide-17a', 15: 'HER_non-PGM_sulfide-17b', 16: 'HER_non-PGM_sulfide-18a', 17: 'HER_non-PGM_sulfide-18b', 18: 'HER_non-PGM_sulfide-19a', 19: 'HER_non-PGM_sulfide-19b'}
2025-04-29 14:21:31,954[29880] - OBS_Win - INFO - not in software yet
2025-04-29 14:21:32,288[29880] - OBS_Win - INFO - attempting to open OBS_Win, trial 1 in 3 times...
2025-04-29 14:21:35,987[29880] - OBS_Win - INFO - OBS_Win started
2025-04-29 14:21:35,987[29880] - RobotTest_AcidicPlatform - INFO - loading the sample from rack_id #0...
2025-04-29 14:22:15,113[29880] - RobotTest_AcidicPlatform - INFO - sample successfully loaded into the cell
2025-04-29 14:22:15,835[29880] - OBS_Win - INFO - OBS_Win stopped
2025-04-29 14:22:19,104[29880] - EC_Lab_Win11 - INFO - not in software yet
2025-04-29 14:22:19,453[29880] - EC_Lab_Win11 - INFO - attempting to open EC_Lab_Win11, trial 1 in 3 times...
2025-04-29 14:22:22,651[29880] - EC_Lab_Win11 - INFO - not in software yet
2025-04-29 14:22:22,964[29880] - EC_Lab_Win11 - INFO - attempting to open EC_Lab_Win11, trial 2 in 3 times...
2025-04-29 14:22:26,250[29880] - EC_Lab_Win11 - INFO - not in software yet
2025-04-29 14:22:26,618[29880] - EC_Lab_Win11 - INFO - attempting to open EC_Lab_Win11, trial 3 in 3 times...
2025-04-29 14:22:29,830[29880] - EC_Lab_Win11 - INFO - not in software yet
2025-04-29 14:22:29,830[29880] - EC_Lab_Win11 - WARNING - failed to open EC_Lab_Win11
2025-04-29 14:22:29,830[29880] - RobotTest_AcidicPlatform - ERROR - failed to open EC_Lab_Win11
Traceback (most recent call last):
  File "C:\Users\li\PycharmProjects\catalyst\robotic_testing\common\robot_test.py", line 45, in wrapper
    return func(self, *args, **kwargs)
  File "C:\Users\li\PycharmProjects\catalyst\robotic_testing\common\robot_test.py", line 189, in run
    self.test_main_workflow(
  File "C:\Users\li\PycharmProjects\catalyst\robotic_testing\common\robot_test.py", line 292, in test_main_workflow
    self.ec_lab.start(test_name)
  File "C:\Users\li\PycharmProjects\catalyst\software_control\software_control.py", line 629, in start
    self.open_software()
  File "C:\Users\li\PycharmProjects\catalyst\software_control\software_control_base.py", line 133, in open_software
    raise SystemError(f'failed to open {self.name}')
SystemError: failed to open EC_Lab_Win11
2025-04-29 14:36:14,932[25816] - RobotTest_AcidicPlatform - INFO - started a batch of test, with sample_rack_id : sample_id = {0: 'HER_Pta', 1: 'HER_Ptb', 2: 'HER_non-PGM_sulfide-11a', 3: 'HER_non-PGM_sulfide-11b', 4: 'HER_non-PGM_sulfide-12a', 5: 'HER_non-PGM_sulfide-12b', 6: 'HER_non-PGM_sulfide-13a', 7: 'HER_non-PGM_sulfide-13b', 8: 'HER_non-PGM_sulfide-14a', 9: 'HER_non-PGM_sulfide-14b', 10: 'HER_non-PGM_sulfide-15a', 11: 'HER_non-PGM_sulfide-15b', 12: 'HER_non-PGM_sulfide-16a', 13: 'HER_non-PGM_sulfide-16b', 14: 'HER_non-PGM_sulfide-17a', 15: 'HER_non-PGM_sulfide-17b', 16: 'HER_non-PGM_sulfide-18a', 17: 'HER_non-PGM_sulfide-18b', 18: 'HER_non-PGM_sulfide-19a', 19: 'HER_non-PGM_sulfide-19b'}
2025-04-29 14:36:20,984[25816] - OBS_Win - INFO - not in software yet
2025-04-29 14:36:21,312[25816] - OBS_Win - INFO - attempting to open OBS_Win, trial 1 in 3 times...
2025-04-29 14:36:25,012[25816] - OBS_Win - INFO - OBS_Win started
2025-04-29 14:36:25,012[25816] - RobotTest_AcidicPlatform - INFO - loading the sample from rack_id #0...
2025-04-29 14:37:04,068[25816] - RobotTest_AcidicPlatform - INFO - sample successfully loaded into the cell
2025-04-29 14:37:04,888[25816] - OBS_Win - INFO - OBS_Win stopped
2025-04-29 14:37:08,132[25816] - EC_Lab_Win11 - INFO - not in software yet
2025-04-29 14:37:08,493[25816] - EC_Lab_Win11 - INFO - attempting to open EC_Lab_Win11, trial 1 in 3 times...
2025-04-29 14:37:11,686[25816] - EC_Lab_Win11 - INFO - not in software yet
2025-04-29 14:37:12,019[25816] - EC_Lab_Win11 - INFO - attempting to open EC_Lab_Win11, trial 2 in 3 times...
2025-04-29 14:37:15,275[25816] - EC_Lab_Win11 - INFO - not in software yet
2025-04-29 14:37:15,646[25816] - EC_Lab_Win11 - INFO - attempting to open EC_Lab_Win11, trial 3 in 3 times...
2025-04-29 14:37:18,842[25816] - EC_Lab_Win11 - INFO - not in software yet
2025-04-29 14:37:18,842[25816] - EC_Lab_Win11 - WARNING - failed to open EC_Lab_Win11
2025-04-29 14:37:18,842[25816] - RobotTest_AcidicPlatform - ERROR - failed to open EC_Lab_Win11
Traceback (most recent call last):
  File "C:\Users\li\PycharmProjects\catalyst\robotic_testing\common\robot_test.py", line 45, in wrapper
    return func(self, *args, **kwargs)
  File "C:\Users\li\PycharmProjects\catalyst\robotic_testing\common\robot_test.py", line 189, in run
    self.test_main_workflow(
  File "C:\Users\li\PycharmProjects\catalyst\robotic_testing\common\robot_test.py", line 292, in test_main_workflow
    self.ec_lab.start(test_name)
  File "C:\Users\li\PycharmProjects\catalyst\software_control\software_control.py", line 629, in start
    self.open_software()
  File "C:\Users\li\PycharmProjects\catalyst\software_control\software_control_base.py", line 133, in open_software
    raise SystemError(f'failed to open {self.name}')
SystemError: failed to open EC_Lab_Win11
2025-04-29 14:52:09,601[30172] - RobotTest_AcidicPlatform - INFO - started a batch of test, with sample_rack_id : sample_id = {0: 'HER_Pta', 1: 'HER_Ptb', 2: 'HER_non-PGM_sulfide-11a', 3: 'HER_non-PGM_sulfide-11b', 4: 'HER_non-PGM_sulfide-12a', 5: 'HER_non-PGM_sulfide-12b', 6: 'HER_non-PGM_sulfide-13a', 7: 'HER_non-PGM_sulfide-13b', 8: 'HER_non-PGM_sulfide-14a', 9: 'HER_non-PGM_sulfide-14b', 10: 'HER_non-PGM_sulfide-15a', 11: 'HER_non-PGM_sulfide-15b', 12: 'HER_non-PGM_sulfide-16a', 13: 'HER_non-PGM_sulfide-16b', 14: 'HER_non-PGM_sulfide-17a', 15: 'HER_non-PGM_sulfide-17b', 16: 'HER_non-PGM_sulfide-18a', 17: 'HER_non-PGM_sulfide-18b', 18: 'HER_non-PGM_sulfide-19a', 19: 'HER_non-PGM_sulfide-19b'}
2025-04-29 14:52:15,598[30172] - OBS_Win - INFO - not in software yet
2025-04-29 14:52:15,968[30172] - OBS_Win - INFO - attempting to open OBS_Win, trial 1 in 3 times...
2025-04-29 14:52:19,668[30172] - OBS_Win - INFO - OBS_Win started
2025-04-29 14:52:19,668[30172] - RobotTest_AcidicPlatform - INFO - loading the sample from rack_id #0...
2025-04-29 14:52:58,745[30172] - RobotTest_AcidicPlatform - INFO - sample successfully loaded into the cell
2025-04-29 14:52:59,559[30172] - OBS_Win - INFO - OBS_Win stopped
2025-04-29 14:53:02,843[30172] - EC_Lab_Win11 - INFO - not in software yet
2025-04-29 14:53:03,092[30172] - EC_Lab_Win11 - WARNING - cannot find ['icon.png'] on screen
2025-04-29 14:53:06,379[30172] - EC_Lab_Win11 - WARNING - cannot find ['icon.png'] on screen
2025-04-29 14:53:09,662[30172] - EC_Lab_Win11 - WARNING - cannot find ['icon.png'] on screen
2025-04-29 14:53:12,939[30172] - EC_Lab_Win11 - WARNING - cannot find ['icon.png'] on screen
2025-04-29 14:53:16,243[30172] - EC_Lab_Win11 - WARNING - cannot find ['icon.png'] on screen
2025-04-29 14:53:19,500[30172] - EC_Lab_Win11 - WARNING - cannot find ['icon.png'] on screen
2025-04-29 14:53:22,766[30172] - EC_Lab_Win11 - WARNING - cannot find ['icon.png'] on screen
2025-04-29 14:53:26,083[30172] - EC_Lab_Win11 - WARNING - cannot find ['icon.png'] on screen
2025-04-29 14:53:29,363[30172] - EC_Lab_Win11 - WARNING - cannot find ['icon.png'] on screen
2025-04-29 14:53:32,670[30172] - EC_Lab_Win11 - WARNING - cannot find ['icon.png'] on screen
2025-04-29 14:53:35,918[30172] - EC_Lab_Win11 - WARNING - cannot find ['icon.png'] on screen
2025-04-29 14:53:39,212[30172] - EC_Lab_Win11 - WARNING - cannot find ['icon.png'] on screen
2025-04-29 14:53:42,475[30172] - EC_Lab_Win11 - WARNING - cannot find ['icon.png'] on screen
2025-04-29 14:53:45,762[30172] - EC_Lab_Win11 - WARNING - cannot find ['icon.png'] on screen
2025-04-29 14:53:49,040[30172] - EC_Lab_Win11 - WARNING - cannot find ['icon.png'] on screen
2025-04-29 14:53:52,306[30172] - EC_Lab_Win11 - WARNING - cannot find ['icon.png'] on screen
2025-04-29 14:53:55,593[30172] - EC_Lab_Win11 - WARNING - cannot find ['icon.png'] on screen
2025-04-29 14:53:58,814[30172] - EC_Lab_Win11 - WARNING - cannot find ['icon.png'] on screen
2025-04-29 14:54:02,063[30172] - EC_Lab_Win11 - WARNING - cannot find ['icon.png'] on screen
2025-04-29 14:54:05,304[30172] - EC_Lab_Win11 - WARNING - cannot find ['icon.png'] on screen
2025-04-29 14:54:08,542[30172] - EC_Lab_Win11 - WARNING - cannot find ['icon.png'] on screen
2025-04-29 14:54:11,756[30172] - EC_Lab_Win11 - WARNING - cannot find ['icon.png'] on screen
2025-04-29 14:54:14,964[30172] - EC_Lab_Win11 - WARNING - cannot find ['icon.png'] on screen
2025-04-29 14:54:18,178[30172] - EC_Lab_Win11 - WARNING - cannot find ['icon.png'] on screen
2025-04-29 14:54:21,396[30172] - EC_Lab_Win11 - WARNING - cannot find ['icon.png'] on screen
2025-04-29 14:54:24,606[30172] - EC_Lab_Win11 - WARNING - cannot find ['icon.png'] on screen
2025-04-29 14:54:27,873[30172] - EC_Lab_Win11 - WARNING - cannot find ['icon.png'] on screen
2025-04-29 14:54:31,078[30172] - EC_Lab_Win11 - WARNING - cannot find ['icon.png'] on screen
2025-04-29 14:54:34,292[30172] - EC_Lab_Win11 - WARNING - cannot find ['icon.png'] on screen
2025-04-29 14:54:37,597[30172] - EC_Lab_Win11 - WARNING - cannot find ['icon.png'] on screen
2025-04-29 14:54:40,793[30172] - EC_Lab_Win11 - WARNING - cannot find ['icon.png'] on screen
2025-04-29 14:54:43,999[30172] - EC_Lab_Win11 - WARNING - cannot find ['icon.png'] on screen
2025-04-29 14:54:47,211[30172] - EC_Lab_Win11 - WARNING - cannot find ['icon.png'] on screen
2025-04-29 14:54:50,420[30172] - EC_Lab_Win11 - WARNING - cannot find ['icon.png'] on screen
2025-04-29 14:54:53,627[30172] - EC_Lab_Win11 - WARNING - cannot find ['icon.png'] on screen
2025-04-29 14:54:56,827[30172] - EC_Lab_Win11 - WARNING - cannot find ['icon.png'] on screen
2025-04-29 14:55:00,038[30172] - EC_Lab_Win11 - WARNING - cannot find ['icon.png'] on screen
2025-04-29 14:55:03,224[30172] - EC_Lab_Win11 - WARNING - cannot find ['icon.png'] on screen
2025-04-29 14:55:06,412[30172] - EC_Lab_Win11 - WARNING - cannot find ['icon.png'] on screen
2025-04-29 14:55:09,614[30172] - EC_Lab_Win11 - WARNING - cannot find ['icon.png'] on screen
2025-04-29 14:55:12,807[30172] - EC_Lab_Win11 - WARNING - cannot find ['icon.png'] on screen
2025-04-29 14:55:16,010[30172] - EC_Lab_Win11 - WARNING - cannot find ['icon.png'] on screen
2025-04-29 14:55:19,218[30172] - EC_Lab_Win11 - WARNING - cannot find ['icon.png'] on screen
2025-04-29 14:55:22,404[30172] - EC_Lab_Win11 - WARNING - cannot find ['icon.png'] on screen
2025-04-29 14:55:25,597[30172] - EC_Lab_Win11 - WARNING - cannot find ['icon.png'] on screen
2025-04-29 14:55:28,802[30172] - EC_Lab_Win11 - WARNING - cannot find ['icon.png'] on screen
2025-04-29 14:55:32,006[30172] - EC_Lab_Win11 - WARNING - cannot find ['icon.png'] on screen
2025-04-29 14:55:35,219[30172] - EC_Lab_Win11 - WARNING - cannot find ['icon.png'] on screen
2025-04-29 14:55:38,421[30172] - EC_Lab_Win11 - WARNING - cannot find ['icon.png'] on screen
2025-04-29 14:55:41,620[30172] - EC_Lab_Win11 - WARNING - cannot find ['icon.png'] on screen
2025-04-29 14:55:44,831[30172] - EC_Lab_Win11 - WARNING - cannot find ['icon.png'] on screen
2025-04-29 14:55:48,097[30172] - EC_Lab_Win11 - WARNING - cannot find ['icon.png'] on screen
2025-04-29 14:55:51,303[30172] - EC_Lab_Win11 - WARNING - cannot find ['icon.png'] on screen
2025-04-29 14:55:54,492[30172] - EC_Lab_Win11 - WARNING - cannot find ['icon.png'] on screen
2025-04-29 14:55:57,691[30172] - EC_Lab_Win11 - WARNING - cannot find ['icon.png'] on screen
2025-04-29 14:56:00,882[30172] - EC_Lab_Win11 - WARNING - cannot find ['icon.png'] on screen
2025-04-29 14:56:04,074[30172] - EC_Lab_Win11 - WARNING - cannot find ['icon.png'] on screen
2025-04-29 14:56:07,293[30172] - EC_Lab_Win11 - WARNING - cannot find ['icon.png'] on screen
2025-04-29 14:56:10,494[30172] - EC_Lab_Win11 - WARNING - cannot find ['icon.png'] on screen
2025-04-29 14:56:13,687[30172] - EC_Lab_Win11 - WARNING - cannot find ['icon.png'] on screen
2025-04-29 14:56:16,883[30172] - EC_Lab_Win11 - WARNING - cannot find ['icon.png'] on screen
2025-04-29 14:56:20,093[30172] - EC_Lab_Win11 - WARNING - cannot find ['icon.png'] on screen
2025-04-29 14:56:23,283[30172] - EC_Lab_Win11 - WARNING - cannot find ['icon.png'] on screen
2025-04-29 14:56:26,491[30172] - EC_Lab_Win11 - WARNING - cannot find ['icon.png'] on screen
2025-04-29 14:56:29,716[30172] - EC_Lab_Win11 - WARNING - cannot find ['icon.png'] on screen
2025-04-29 14:56:32,924[30172] - EC_Lab_Win11 - WARNING - cannot find ['icon.png'] on screen
2025-04-29 14:56:36,122[30172] - EC_Lab_Win11 - WARNING - cannot find ['icon.png'] on screen
2025-04-29 14:56:39,331[30172] - EC_Lab_Win11 - WARNING - cannot find ['icon.png'] on screen
2025-04-29 14:56:42,535[30172] - EC_Lab_Win11 - WARNING - cannot find ['icon.png'] on screen
2025-04-29 14:56:45,731[30172] - EC_Lab_Win11 - WARNING - cannot find ['icon.png'] on screen
2025-04-29 14:56:48,944[30172] - EC_Lab_Win11 - WARNING - cannot find ['icon.png'] on screen
2025-04-29 14:56:52,136[30172] - EC_Lab_Win11 - WARNING - cannot find ['icon.png'] on screen
2025-04-29 14:56:55,333[30172] - EC_Lab_Win11 - WARNING - cannot find ['icon.png'] on screen
2025-04-29 14:56:58,542[30172] - EC_Lab_Win11 - WARNING - cannot find ['icon.png'] on screen
2025-04-29 14:57:01,735[30172] - EC_Lab_Win11 - WARNING - cannot find ['icon.png'] on screen
2025-04-29 14:57:04,929[30172] - EC_Lab_Win11 - WARNING - cannot find ['icon.png'] on screen
2025-04-29 14:57:08,128[30172] - EC_Lab_Win11 - WARNING - cannot find ['icon.png'] on screen
2025-04-29 14:57:11,337[30172] - EC_Lab_Win11 - WARNING - cannot find ['icon.png'] on screen
2025-04-29 14:57:14,542[30172] - EC_Lab_Win11 - WARNING - cannot find ['icon.png'] on screen
2025-04-29 14:57:17,742[30172] - EC_Lab_Win11 - WARNING - cannot find ['icon.png'] on screen
2025-04-29 14:57:20,950[30172] - EC_Lab_Win11 - WARNING - cannot find ['icon.png'] on screen
2025-04-29 14:57:24,135[30172] - EC_Lab_Win11 - WARNING - cannot find ['icon.png'] on screen
2025-04-29 14:57:27,365[30172] - EC_Lab_Win11 - WARNING - cannot find ['icon.png'] on screen
2025-04-29 14:57:30,556[30172] - EC_Lab_Win11 - WARNING - cannot find ['icon.png'] on screen
2025-04-29 14:57:33,745[30172] - EC_Lab_Win11 - WARNING - cannot find ['icon.png'] on screen
2025-04-29 14:57:36,950[30172] - EC_Lab_Win11 - WARNING - cannot find ['icon.png'] on screen
2025-04-29 14:57:40,159[30172] - EC_Lab_Win11 - WARNING - cannot find ['icon.png'] on screen
2025-04-29 14:57:43,367[30172] - EC_Lab_Win11 - WARNING - cannot find ['icon.png'] on screen
2025-04-29 14:57:46,573[30172] - EC_Lab_Win11 - WARNING - cannot find ['icon.png'] on screen
2025-04-29 14:57:49,771[30172] - EC_Lab_Win11 - WARNING - cannot find ['icon.png'] on screen
2025-04-29 14:57:52,971[30172] - EC_Lab_Win11 - WARNING - cannot find ['icon.png'] on screen
2025-04-29 14:57:56,173[30172] - EC_Lab_Win11 - WARNING - cannot find ['icon.png'] on screen
2025-04-29 14:57:59,379[30172] - EC_Lab_Win11 - WARNING - cannot find ['icon.png'] on screen
2025-04-29 14:58:02,583[30172] - EC_Lab_Win11 - WARNING - cannot find ['icon.png'] on screen
2025-04-29 14:58:05,790[30172] - EC_Lab_Win11 - WARNING - cannot find ['icon.png'] on screen
2025-04-29 14:58:08,997[30172] - EC_Lab_Win11 - WARNING - cannot find ['icon.png'] on screen
2025-04-29 14:58:12,192[30172] - EC_Lab_Win11 - WARNING - cannot find ['icon.png'] on screen
2025-04-29 14:58:15,399[30172] - EC_Lab_Win11 - WARNING - cannot find ['icon.png'] on screen
2025-04-29 14:58:18,590[30172] - EC_Lab_Win11 - WARNING - cannot find ['icon.png'] on screen
2025-04-29 14:58:21,801[30172] - EC_Lab_Win11 - WARNING - cannot find ['icon.png'] on screen
2025-04-29 14:58:24,817[30172] - EC_Lab_Win11 - ERROR - 5 min timed out for finding ['icon.png']
2025-04-29 14:58:24,817[30172] - RobotTest_AcidicPlatform - ERROR - 5 min timed out for finding ['icon.png']
Traceback (most recent call last):
  File "C:\Users\li\PycharmProjects\catalyst\robotic_testing\common\robot_test.py", line 45, in wrapper
    return func(self, *args, **kwargs)
  File "C:\Users\li\PycharmProjects\catalyst\robotic_testing\common\robot_test.py", line 189, in run
    self.test_main_workflow(
  File "C:\Users\li\PycharmProjects\catalyst\robotic_testing\common\robot_test.py", line 292, in test_main_workflow
    self.ec_lab.start(test_name)
  File "C:\Users\li\PycharmProjects\catalyst\software_control\software_control.py", line 629, in start
    self.open_software()
  File "C:\Users\li\PycharmProjects\catalyst\software_control\software_control_base.py", line 127, in open_software
    self.click_button(self.menu_icons)
  File "C:\Users\li\PycharmProjects\catalyst\software_control\software_control_base.py", line 75, in click_button
    raise SystemError(f'5 min timed out for finding {file_name_list}')
SystemError: 5 min timed out for finding ['icon.png']
2025-04-29 15:02:10,912[17280] - RobotTest_AcidicPlatform - INFO - started a batch of test, with sample_rack_id : sample_id = {0: 'HER_Pta', 1: 'HER_Ptb', 2: 'HER_non-PGM_sulfide-11a', 3: 'HER_non-PGM_sulfide-11b', 4: 'HER_non-PGM_sulfide-12a', 5: 'HER_non-PGM_sulfide-12b', 6: 'HER_non-PGM_sulfide-13a', 7: 'HER_non-PGM_sulfide-13b', 8: 'HER_non-PGM_sulfide-14a', 9: 'HER_non-PGM_sulfide-14b', 10: 'HER_non-PGM_sulfide-15a', 11: 'HER_non-PGM_sulfide-15b', 12: 'HER_non-PGM_sulfide-16a', 13: 'HER_non-PGM_sulfide-16b', 14: 'HER_non-PGM_sulfide-17a', 15: 'HER_non-PGM_sulfide-17b', 16: 'HER_non-PGM_sulfide-18a', 17: 'HER_non-PGM_sulfide-18b', 18: 'HER_non-PGM_sulfide-19a', 19: 'HER_non-PGM_sulfide-19b'}
2025-04-29 15:02:16,928[17280] - OBS_Win - INFO - not in software yet
2025-04-29 15:02:17,236[17280] - OBS_Win - INFO - attempting to open OBS_Win, trial 1 in 3 times...
2025-04-29 15:02:20,815[17280] - OBS_Win - INFO - OBS_Win started
2025-04-29 15:02:20,815[17280] - RobotTest_AcidicPlatform - INFO - loading the sample from rack_id #0...
2025-04-29 15:02:59,921[17280] - RobotTest_AcidicPlatform - INFO - sample successfully loaded into the cell
2025-04-29 15:03:00,595[17280] - OBS_Win - INFO - OBS_Win stopped
2025-04-29 15:03:03,813[17280] - EC_Lab_Win11 - INFO - not in software yet
2025-04-29 15:03:04,136[17280] - EC_Lab_Win11 - INFO - attempting to open EC_Lab_Win11, trial 1 in 3 times...
2025-04-29 15:03:07,342[17280] - EC_Lab_Win11 - INFO - not in software yet
2025-04-29 15:03:07,662[17280] - EC_Lab_Win11 - INFO - attempting to open EC_Lab_Win11, trial 2 in 3 times...
2025-04-29 15:03:10,875[17280] - EC_Lab_Win11 - INFO - not in software yet
2025-04-29 15:03:11,216[17280] - EC_Lab_Win11 - INFO - attempting to open EC_Lab_Win11, trial 3 in 3 times...
2025-04-29 15:03:14,415[17280] - EC_Lab_Win11 - INFO - not in software yet
2025-04-29 15:03:14,415[17280] - EC_Lab_Win11 - WARNING - failed to open EC_Lab_Win11
2025-04-29 15:03:14,415[17280] - RobotTest_AcidicPlatform - ERROR - failed to open EC_Lab_Win11
Traceback (most recent call last):
  File "C:\Users\li\PycharmProjects\catalyst\robotic_testing\common\robot_test.py", line 45, in wrapper
    return func(self, *args, **kwargs)
  File "C:\Users\li\PycharmProjects\catalyst\robotic_testing\common\robot_test.py", line 189, in run
    self.test_main_workflow(
  File "C:\Users\li\PycharmProjects\catalyst\robotic_testing\common\robot_test.py", line 292, in test_main_workflow
    self.ec_lab.start(test_name)
  File "C:\Users\li\PycharmProjects\catalyst\software_control\software_control.py", line 629, in start
    self.open_software()
  File "C:\Users\li\PycharmProjects\catalyst\software_control\software_control_base.py", line 133, in open_software
    raise SystemError(f'failed to open {self.name}')
SystemError: failed to open EC_Lab_Win11
2025-04-29 15:09:21,169[28940] - RobotTest_AcidicPlatform - INFO - started a batch of test, with sample_rack_id : sample_id = {0: 'HER_Pta', 1: 'HER_Ptb', 2: 'HER_non-PGM_sulfide-11a', 3: 'HER_non-PGM_sulfide-11b', 4: 'HER_non-PGM_sulfide-12a', 5: 'HER_non-PGM_sulfide-12b', 6: 'HER_non-PGM_sulfide-13a', 7: 'HER_non-PGM_sulfide-13b', 8: 'HER_non-PGM_sulfide-14a', 9: 'HER_non-PGM_sulfide-14b', 10: 'HER_non-PGM_sulfide-15a', 11: 'HER_non-PGM_sulfide-15b', 12: 'HER_non-PGM_sulfide-16a', 13: 'HER_non-PGM_sulfide-16b', 14: 'HER_non-PGM_sulfide-17a', 15: 'HER_non-PGM_sulfide-17b', 16: 'HER_non-PGM_sulfide-18a', 17: 'HER_non-PGM_sulfide-18b', 18: 'HER_non-PGM_sulfide-19a', 19: 'HER_non-PGM_sulfide-19b'}
2025-04-29 15:09:27,206[28940] - OBS_Win - INFO - not in software yet
2025-04-29 15:09:27,556[28940] - OBS_Win - INFO - attempting to open OBS_Win, trial 1 in 3 times...
2025-04-29 15:09:31,153[28940] - OBS_Win - INFO - OBS_Win started
2025-04-29 15:09:31,154[28940] - RobotTest_AcidicPlatform - INFO - loading the sample from rack_id #0...
2025-04-29 15:10:10,246[28940] - RobotTest_AcidicPlatform - INFO - sample successfully loaded into the cell
2025-04-29 15:10:10,862[28940] - OBS_Win - INFO - OBS_Win stopped
2025-04-29 15:10:14,070[28940] - EC_Lab_Win11 - INFO - not in software yet
2025-04-29 15:10:14,389[28940] - EC_Lab_Win11 - INFO - attempting to open EC_Lab_Win11, trial 1 in 3 times...
2025-04-29 15:10:17,603[28940] - EC_Lab_Win11 - INFO - not in software yet
2025-04-29 15:10:17,913[28940] - EC_Lab_Win11 - INFO - attempting to open EC_Lab_Win11, trial 2 in 3 times...
2025-04-29 15:10:21,162[28940] - EC_Lab_Win11 - INFO - not in software yet
2025-04-29 15:10:21,469[28940] - EC_Lab_Win11 - INFO - attempting to open EC_Lab_Win11, trial 3 in 3 times...
2025-04-29 15:10:24,675[28940] - EC_Lab_Win11 - INFO - not in software yet
2025-04-29 15:10:24,675[28940] - EC_Lab_Win11 - WARNING - failed to open EC_Lab_Win11
2025-04-29 15:10:24,675[28940] - RobotTest_AcidicPlatform - ERROR - failed to open EC_Lab_Win11
Traceback (most recent call last):
  File "C:\Users\li\PycharmProjects\catalyst\robotic_testing\common\robot_test.py", line 45, in wrapper
    return func(self, *args, **kwargs)
  File "C:\Users\li\PycharmProjects\catalyst\robotic_testing\common\robot_test.py", line 189, in run
    self.test_main_workflow(
  File "C:\Users\li\PycharmProjects\catalyst\robotic_testing\common\robot_test.py", line 292, in test_main_workflow
    self.ec_lab.start(test_name)
  File "C:\Users\li\PycharmProjects\catalyst\software_control\software_control.py", line 629, in start
    self.open_software()
  File "C:\Users\li\PycharmProjects\catalyst\software_control\software_control_base.py", line 133, in open_software
    raise SystemError(f'failed to open {self.name}')
SystemError: failed to open EC_Lab_Win11
2025-04-29 16:01:29,492[10644] - RobotTest_AcidicPlatform - INFO - started a batch of test, with sample_rack_id : sample_id = {0: 'HER_Pta', 1: 'HER_Ptb', 2: 'HER_non-PGM_sulfide-11a', 3: 'HER_non-PGM_sulfide-11b', 4: 'HER_non-PGM_sulfide-12a', 5: 'HER_non-PGM_sulfide-12b', 6: 'HER_non-PGM_sulfide-13a', 7: 'HER_non-PGM_sulfide-13b', 8: 'HER_non-PGM_sulfide-14a', 9: 'HER_non-PGM_sulfide-14b', 10: 'HER_non-PGM_sulfide-15a', 11: 'HER_non-PGM_sulfide-15b', 12: 'HER_non-PGM_sulfide-16a', 13: 'HER_non-PGM_sulfide-16b', 14: 'HER_non-PGM_sulfide-17a', 15: 'HER_non-PGM_sulfide-17b', 16: 'HER_non-PGM_sulfide-18a', 17: 'HER_non-PGM_sulfide-18b', 18: 'HER_non-PGM_sulfide-19a', 19: 'HER_non-PGM_sulfide-19b'}
2025-04-29 16:01:35,565[10644] - OBS_Win - INFO - not in software yet
2025-04-29 16:01:35,906[10644] - OBS_Win - INFO - attempting to open OBS_Win, trial 1 in 3 times...
2025-04-29 16:01:39,571[10644] - OBS_Win - INFO - OBS_Win started
2025-04-29 16:01:39,571[10644] - RobotTest_AcidicPlatform - INFO - loading the sample from rack_id #0...
2025-04-29 16:02:18,802[10644] - RobotTest_AcidicPlatform - INFO - sample successfully loaded into the cell
2025-04-29 16:02:19,544[10644] - OBS_Win - INFO - OBS_Win stopped
2025-04-29 16:02:22,825[10644] - EC_Lab_Win11 - INFO - not in software yet
2025-04-29 16:02:23,194[10644] - EC_Lab_Win11 - INFO - attempting to open EC_Lab_Win11, trial 1 in 3 times...
2025-04-29 16:02:26,411[10644] - EC_Lab_Win11 - INFO - not in software yet
2025-04-29 16:02:26,726[10644] - EC_Lab_Win11 - INFO - attempting to open EC_Lab_Win11, trial 2 in 3 times...
2025-04-29 16:02:29,993[10644] - EC_Lab_Win11 - INFO - not in software yet
2025-04-29 16:02:30,408[10644] - EC_Lab_Win11 - INFO - attempting to open EC_Lab_Win11, trial 3 in 3 times...
2025-04-29 16:02:33,625[10644] - EC_Lab_Win11 - INFO - not in software yet
2025-04-29 16:02:33,625[10644] - EC_Lab_Win11 - WARNING - failed to open EC_Lab_Win11
2025-04-29 16:02:33,625[10644] - RobotTest_AcidicPlatform - ERROR - failed to open EC_Lab_Win11
Traceback (most recent call last):
  File "C:\Users\li\PycharmProjects\catalyst\robotic_testing\common\robot_test.py", line 45, in wrapper
    return func(self, *args, **kwargs)
  File "C:\Users\li\PycharmProjects\catalyst\robotic_testing\common\robot_test.py", line 189, in run
    self.test_main_workflow(
  File "C:\Users\li\PycharmProjects\catalyst\robotic_testing\common\robot_test.py", line 292, in test_main_workflow
    self.ec_lab.start(test_name)
  File "C:\Users\li\PycharmProjects\catalyst\software_control\software_control.py", line 629, in start
    self.open_software()
  File "C:\Users\li\PycharmProjects\catalyst\software_control\software_control_base.py", line 133, in open_software
    raise SystemError(f'failed to open {self.name}')
SystemError: failed to open EC_Lab_Win11
2025-04-29 16:16:38,452[30036] - RobotTest_AcidicPlatform - INFO - started a batch of test, with sample_rack_id : sample_id = {0: 'HER_Pta', 1: 'HER_Ptb', 2: 'HER_non-PGM_sulfide-11a', 3: 'HER_non-PGM_sulfide-11b', 4: 'HER_non-PGM_sulfide-12a', 5: 'HER_non-PGM_sulfide-12b', 6: 'HER_non-PGM_sulfide-13a', 7: 'HER_non-PGM_sulfide-13b', 8: 'HER_non-PGM_sulfide-14a', 9: 'HER_non-PGM_sulfide-14b', 10: 'HER_non-PGM_sulfide-15a', 11: 'HER_non-PGM_sulfide-15b', 12: 'HER_non-PGM_sulfide-16a', 13: 'HER_non-PGM_sulfide-16b', 14: 'HER_non-PGM_sulfide-17a', 15: 'HER_non-PGM_sulfide-17b', 16: 'HER_non-PGM_sulfide-18a', 17: 'HER_non-PGM_sulfide-18b', 18: 'HER_non-PGM_sulfide-19a', 19: 'HER_non-PGM_sulfide-19b'}
2025-04-29 16:16:44,492[30036] - OBS_Win - INFO - not in software yet
2025-04-29 16:16:44,825[30036] - OBS_Win - INFO - attempting to open OBS_Win, trial 1 in 3 times...
2025-04-29 16:16:48,531[30036] - OBS_Win - INFO - OBS_Win started
2025-04-29 16:16:48,531[30036] - RobotTest_AcidicPlatform - INFO - loading the sample from rack_id #0...
2025-04-29 16:17:27,530[30036] - RobotTest_AcidicPlatform - INFO - sample successfully loaded into the cell
2025-04-29 16:17:28,307[30036] - OBS_Win - INFO - OBS_Win stopped
2025-04-29 16:17:31,623[30036] - EC_Lab_Win11 - INFO - not in software yet
2025-04-29 16:17:31,997[30036] - EC_Lab_Win11 - INFO - attempting to open EC_Lab_Win11, trial 1 in 3 times...
2025-04-29 16:17:35,229[30036] - EC_Lab_Win11 - INFO - not in software yet
2025-04-29 16:17:35,542[30036] - EC_Lab_Win11 - INFO - attempting to open EC_Lab_Win11, trial 2 in 3 times...
2025-04-29 16:17:38,846[30036] - EC_Lab_Win11 - INFO - not in software yet
2025-04-29 16:17:39,220[30036] - EC_Lab_Win11 - INFO - attempting to open EC_Lab_Win11, trial 3 in 3 times...
2025-04-29 16:17:42,439[30036] - EC_Lab_Win11 - INFO - not in software yet
2025-04-29 16:17:42,439[30036] - EC_Lab_Win11 - WARNING - failed to open EC_Lab_Win11
2025-04-29 16:17:42,439[30036] - RobotTest_AcidicPlatform - ERROR - failed to open EC_Lab_Win11
Traceback (most recent call last):
  File "C:\Users\li\PycharmProjects\catalyst\robotic_testing\common\robot_test.py", line 45, in wrapper
    return func(self, *args, **kwargs)
  File "C:\Users\li\PycharmProjects\catalyst\robotic_testing\common\robot_test.py", line 189, in run
    self.test_main_workflow(
  File "C:\Users\li\PycharmProjects\catalyst\robotic_testing\common\robot_test.py", line 292, in test_main_workflow
    self.ec_lab.start(test_name)
  File "C:\Users\li\PycharmProjects\catalyst\software_control\software_control.py", line 629, in start
    self.open_software()
  File "C:\Users\li\PycharmProjects\catalyst\software_control\software_control_base.py", line 133, in open_software
    raise SystemError(f'failed to open {self.name}')
SystemError: failed to open EC_Lab_Win11
2025-04-29 20:32:16,735[30788] - RobotTest_AcidicPlatform - INFO - started a batch of test, with sample_rack_id : sample_id = {0: 'HER_Pta', 1: 'HER_Ptb', 2: 'HER_non-PGM_sulfide-11a', 3: 'HER_non-PGM_sulfide-11b', 4: 'HER_non-PGM_sulfide-12a', 5: 'HER_non-PGM_sulfide-12b', 6: 'HER_non-PGM_sulfide-13a', 7: 'HER_non-PGM_sulfide-13b', 8: 'HER_non-PGM_sulfide-14a', 9: 'HER_non-PGM_sulfide-14b', 10: 'HER_non-PGM_sulfide-15a', 11: 'HER_non-PGM_sulfide-15b', 12: 'HER_non-PGM_sulfide-16a', 13: 'HER_non-PGM_sulfide-16b', 14: 'HER_non-PGM_sulfide-17a', 15: 'HER_non-PGM_sulfide-17b', 16: 'HER_non-PGM_sulfide-18a', 17: 'HER_non-PGM_sulfide-18b', 18: 'HER_non-PGM_sulfide-19a', 19: 'HER_non-PGM_sulfide-19b'}
2025-04-29 20:32:22,881[30788] - OBS_Win - INFO - not in software yet
2025-04-29 20:32:23,256[30788] - OBS_Win - INFO - attempting to open OBS_Win, trial 1 in 3 times...
2025-04-29 20:32:27,187[30788] - OBS_Win - INFO - OBS_Win started
2025-04-29 20:32:27,187[30788] - RobotTest_AcidicPlatform - INFO - loading the sample from rack_id #0...
2025-04-29 20:33:06,658[30788] - RobotTest_AcidicPlatform - INFO - sample successfully loaded into the cell
2025-04-29 20:33:07,713[30788] - OBS_Win - INFO - OBS_Win stopped
2025-04-29 20:33:11,170[30788] - EC_Lab_Win11 - INFO - not in software yet
2025-04-29 20:33:11,625[30788] - EC_Lab_Win11 - INFO - attempting to open EC_Lab_Win11, trial 1 in 3 times...
2025-04-29 20:33:15,089[30788] - EC_Lab_Win11 - INFO - channel 2 is not open
2025-04-29 20:33:16,430[30788] - EC_Lab_Win11 - INFO - attempting to open channel 2, trial 1 in 3 times...
2025-04-29 20:33:17,316[30788] - EC_Lab_Win11 - INFO - channel 2 is not open
2025-04-29 20:33:17,891[30788] - EC_Lab_Win11 - INFO - attempting to open channel 2, trial 2 in 3 times...
2025-04-29 20:33:50,586[30788] - RobotTest_AcidicPlatform - INFO - human operating, fail to detect...
2025-04-29 20:34:01,431[30788] - EC_Lab_Win11 - INFO - not in software yet
2025-04-29 20:34:01,741[30788] - EC_Lab_Win11 - INFO - attempting to open EC_Lab_Win11, trial 1 in 3 times...
2025-04-29 20:34:05,394[30788] - EC_Lab_Win11 - INFO - test is complete
2025-04-29 20:34:05,394[30788] - RobotTest_AcidicPlatform - INFO - test MOR_PtX_6or8_comp_trial2_sample#HER_Pta_2025-04-29_20-32-22 finished
2025-04-29 20:34:05,595[30788] - OBS_Win - INFO - not in software yet
2025-04-29 20:34:05,932[30788] - OBS_Win - INFO - attempting to open OBS_Win, trial 1 in 3 times...
2025-04-29 20:34:09,787[30788] - OBS_Win - INFO - OBS_Win started
2025-04-29 20:34:09,787[30788] - RobotTest_AcidicPlatform - INFO - unloading the sample to rack_id #0...
2025-04-29 20:35:09,899[30788] - RobotTest_AcidicPlatform - INFO - sample successfully unloaded from the cell
2025-04-29 20:35:13,961[30788] - OBS_Win - INFO - OBS_Win stopped
2025-04-29 20:35:14,796[30788] - OBS_Win - WARNING - cannot find ['OBS_start_record.png'] on screen
2025-04-29 20:35:18,303[30788] - OBS_Win - WARNING - cannot find ['OBS_start_record.png'] on screen
2025-04-29 20:35:21,532[30788] - OBS_Win - WARNING - cannot find ['OBS_start_record.png'] on screen
2025-04-29 20:35:24,767[30788] - OBS_Win - WARNING - cannot find ['OBS_start_record.png'] on screen
2025-04-29 20:35:28,281[30788] - OBS_Win - WARNING - cannot find ['OBS_start_record.png'] on screen
2025-04-29 20:35:31,695[30788] - OBS_Win - WARNING - cannot find ['OBS_start_record.png'] on screen
2025-04-29 20:35:34,983[30788] - OBS_Win - WARNING - cannot find ['OBS_start_record.png'] on screen
2025-04-29 20:35:38,258[30788] - OBS_Win - WARNING - cannot find ['OBS_start_record.png'] on screen
2025-04-29 20:35:41,495[30788] - OBS_Win - WARNING - cannot find ['OBS_start_record.png'] on screen
2025-04-29 20:35:44,727[30788] - OBS_Win - WARNING - cannot find ['OBS_start_record.png'] on screen
2025-04-29 20:35:47,978[30788] - OBS_Win - WARNING - cannot find ['OBS_start_record.png'] on screen
2025-04-29 20:35:51,200[30788] - OBS_Win - WARNING - cannot find ['OBS_start_record.png'] on screen
2025-04-29 20:35:54,447[30788] - OBS_Win - WARNING - cannot find ['OBS_start_record.png'] on screen
2025-04-29 20:35:57,691[30788] - OBS_Win - WARNING - cannot find ['OBS_start_record.png'] on screen
2025-04-29 20:36:00,932[30788] - OBS_Win - WARNING - cannot find ['OBS_start_record.png'] on screen
2025-04-29 20:36:04,184[30788] - OBS_Win - WARNING - cannot find ['OBS_start_record.png'] on screen
2025-04-29 20:36:07,432[30788] - OBS_Win - WARNING - cannot find ['OBS_start_record.png'] on screen
2025-04-29 20:36:10,668[30788] - OBS_Win - WARNING - cannot find ['OBS_start_record.png'] on screen
2025-04-29 20:36:13,906[30788] - OBS_Win - WARNING - cannot find ['OBS_start_record.png'] on screen
2025-04-29 20:36:17,132[30788] - OBS_Win - WARNING - cannot find ['OBS_start_record.png'] on screen
2025-04-29 20:36:20,365[30788] - OBS_Win - WARNING - cannot find ['OBS_start_record.png'] on screen
2025-04-29 20:36:23,614[30788] - OBS_Win - WARNING - cannot find ['OBS_start_record.png'] on screen
2025-04-29 20:36:26,853[30788] - OBS_Win - WARNING - cannot find ['OBS_start_record.png'] on screen
2025-04-29 20:36:30,083[30788] - OBS_Win - WARNING - cannot find ['OBS_start_record.png'] on screen
2025-04-29 20:36:33,329[30788] - OBS_Win - WARNING - cannot find ['OBS_start_record.png'] on screen
2025-04-29 20:36:36,585[30788] - OBS_Win - WARNING - cannot find ['OBS_start_record.png'] on screen
2025-04-29 20:36:39,819[30788] - OBS_Win - WARNING - cannot find ['OBS_start_record.png'] on screen
2025-04-29 20:36:43,060[30788] - OBS_Win - WARNING - cannot find ['OBS_start_record.png'] on screen
2025-04-29 20:36:46,333[30788] - OBS_Win - WARNING - cannot find ['OBS_start_record.png'] on screen
2025-04-29 20:36:49,595[30788] - OBS_Win - WARNING - cannot find ['OBS_start_record.png'] on screen
2025-04-29 20:36:52,902[30788] - OBS_Win - WARNING - cannot find ['OBS_start_record.png'] on screen
2025-04-29 20:36:56,273[30788] - OBS_Win - WARNING - cannot find ['OBS_start_record.png'] on screen
2025-04-29 20:36:59,518[30788] - OBS_Win - WARNING - cannot find ['OBS_start_record.png'] on screen
2025-04-29 20:37:02,764[30788] - OBS_Win - WARNING - cannot find ['OBS_start_record.png'] on screen
2025-04-29 20:37:06,012[30788] - OBS_Win - WARNING - cannot find ['OBS_start_record.png'] on screen
2025-04-29 20:37:09,247[30788] - OBS_Win - WARNING - cannot find ['OBS_start_record.png'] on screen
2025-04-29 20:37:12,695[30788] - OBS_Win - WARNING - cannot find ['OBS_start_record.png'] on screen
2025-04-29 20:37:15,931[30788] - OBS_Win - WARNING - cannot find ['OBS_start_record.png'] on screen
2025-04-29 20:37:42,234[20784] - RobotTest_AcidicPlatform - INFO - started a batch of test, with sample_rack_id : sample_id = {0: 'HER_Pta', 1: 'HER_Ptb', 2: 'HER_non-PGM_sulfide-11a', 3: 'HER_non-PGM_sulfide-11b', 4: 'HER_non-PGM_sulfide-12a', 5: 'HER_non-PGM_sulfide-12b', 6: 'HER_non-PGM_sulfide-13a', 7: 'HER_non-PGM_sulfide-13b', 8: 'HER_non-PGM_sulfide-14a', 9: 'HER_non-PGM_sulfide-14b', 10: 'HER_non-PGM_sulfide-15a', 11: 'HER_non-PGM_sulfide-15b', 12: 'HER_non-PGM_sulfide-16a', 13: 'HER_non-PGM_sulfide-16b', 14: 'HER_non-PGM_sulfide-17a', 15: 'HER_non-PGM_sulfide-17b', 16: 'HER_non-PGM_sulfide-18a', 17: 'HER_non-PGM_sulfide-18b', 18: 'HER_non-PGM_sulfide-19a', 19: 'HER_non-PGM_sulfide-19b'}
2025-04-29 20:37:57,750[20784] - OBS_Win - INFO - not in software yet
2025-04-29 20:37:58,079[20784] - OBS_Win - INFO - attempting to open OBS_Win, trial 1 in 3 times...
2025-04-29 20:38:01,979[20784] - OBS_Win - WARNING - cannot find ['OBS_start_record.png'] on screen
2025-04-29 20:38:05,473[20784] - OBS_Win - WARNING - cannot find ['OBS_start_record.png'] on screen
2025-04-29 20:38:08,945[20784] - OBS_Win - WARNING - cannot find ['OBS_start_record.png'] on screen
2025-04-29 20:38:12,398[20784] - OBS_Win - WARNING - cannot find ['OBS_start_record.png'] on screen
2025-04-29 20:38:15,817[20784] - OBS_Win - WARNING - cannot find ['OBS_start_record.png'] on screen
2025-04-29 20:38:19,351[20784] - OBS_Win - WARNING - cannot find ['OBS_start_record.png'] on screen
2025-04-29 20:38:22,821[20784] - OBS_Win - WARNING - cannot find ['OBS_start_record.png'] on screen
2025-04-29 20:38:26,302[20784] - OBS_Win - WARNING - cannot find ['OBS_start_record.png'] on screen
2025-04-29 20:38:29,839[20784] - OBS_Win - WARNING - cannot find ['OBS_start_record.png'] on screen
2025-04-29 20:38:33,334[20784] - OBS_Win - WARNING - cannot find ['OBS_start_record.png'] on screen
2025-04-29 20:38:36,847[20784] - OBS_Win - WARNING - cannot find ['OBS_start_record.png'] on screen
2025-04-29 20:38:40,397[20784] - OBS_Win - WARNING - cannot find ['OBS_start_record.png'] on screen
2025-04-29 20:38:43,877[20784] - OBS_Win - WARNING - cannot find ['OBS_start_record.png'] on screen
2025-04-29 20:38:47,362[20784] - OBS_Win - WARNING - cannot find ['OBS_start_record.png'] on screen
2025-04-29 20:38:50,790[20784] - OBS_Win - WARNING - cannot find ['OBS_start_record.png'] on screen
2025-04-29 20:38:54,296[20784] - OBS_Win - WARNING - cannot find ['OBS_start_record.png'] on screen
2025-04-29 20:38:57,718[20784] - OBS_Win - WARNING - cannot find ['OBS_start_record.png'] on screen
2025-04-29 20:39:01,163[20784] - OBS_Win - WARNING - cannot find ['OBS_start_record.png'] on screen
2025-04-29 20:39:04,568[20784] - OBS_Win - WARNING - cannot find ['OBS_start_record.png'] on screen
2025-04-29 20:39:08,035[20784] - OBS_Win - WARNING - cannot find ['OBS_start_record.png'] on screen
2025-04-29 20:39:11,459[20784] - OBS_Win - WARNING - cannot find ['OBS_start_record.png'] on screen
2025-04-29 20:39:14,913[20784] - OBS_Win - WARNING - cannot find ['OBS_start_record.png'] on screen
2025-04-29 20:39:18,384[20784] - OBS_Win - WARNING - cannot find ['OBS_start_record.png'] on screen
2025-04-29 20:39:21,820[20784] - OBS_Win - WARNING - cannot find ['OBS_start_record.png'] on screen
2025-04-29 20:39:25,268[20784] - OBS_Win - WARNING - cannot find ['OBS_start_record.png'] on screen
2025-04-29 20:39:28,715[20784] - OBS_Win - WARNING - cannot find ['OBS_start_record.png'] on screen
2025-04-29 20:39:32,147[20784] - OBS_Win - WARNING - cannot find ['OBS_start_record.png'] on screen
2025-04-29 20:39:35,608[20784] - OBS_Win - WARNING - cannot find ['OBS_start_record.png'] on screen
2025-04-29 20:39:39,039[20784] - OBS_Win - WARNING - cannot find ['OBS_start_record.png'] on screen
2025-04-29 20:39:42,573[20784] - OBS_Win - WARNING - cannot find ['OBS_start_record.png'] on screen
2025-04-29 20:39:46,064[20784] - OBS_Win - WARNING - cannot find ['OBS_start_record.png'] on screen
2025-04-29 20:39:49,306[20784] - OBS_Win - WARNING - cannot find ['OBS_start_record.png'] on screen
2025-04-29 20:39:52,570[20784] - OBS_Win - WARNING - cannot find ['OBS_start_record.png'] on screen
2025-04-29 20:40:38,234[18088] - RobotTest_AcidicPlatform - INFO - started a batch of test, with sample_rack_id : sample_id = {0: 'HER_Pta', 1: 'HER_Ptb', 2: 'HER_non-PGM_sulfide-11a', 3: 'HER_non-PGM_sulfide-11b', 4: 'HER_non-PGM_sulfide-12a', 5: 'HER_non-PGM_sulfide-12b', 6: 'HER_non-PGM_sulfide-13a', 7: 'HER_non-PGM_sulfide-13b', 8: 'HER_non-PGM_sulfide-14a', 9: 'HER_non-PGM_sulfide-14b', 10: 'HER_non-PGM_sulfide-15a', 11: 'HER_non-PGM_sulfide-15b', 12: 'HER_non-PGM_sulfide-16a', 13: 'HER_non-PGM_sulfide-16b', 14: 'HER_non-PGM_sulfide-17a', 15: 'HER_non-PGM_sulfide-17b', 16: 'HER_non-PGM_sulfide-18a', 17: 'HER_non-PGM_sulfide-18b', 18: 'HER_non-PGM_sulfide-19a', 19: 'HER_non-PGM_sulfide-19b'}
2025-04-29 20:40:44,285[18088] - OBS_Win - INFO - not in software yet
2025-04-29 20:40:44,633[18088] - OBS_Win - INFO - attempting to open OBS_Win, trial 1 in 3 times...
2025-04-29 20:40:48,542[18088] - OBS_Win - WARNING - cannot find ['OBS_start_record.png'] on screen
2025-04-29 20:40:52,015[18088] - OBS_Win - WARNING - cannot find ['OBS_start_record.png'] on screen
2025-04-29 20:40:55,457[18088] - OBS_Win - WARNING - cannot find ['OBS_start_record.png'] on screen
2025-04-29 20:40:58,901[18088] - OBS_Win - WARNING - cannot find ['OBS_start_record.png'] on screen
2025-04-29 20:41:02,371[18088] - OBS_Win - WARNING - cannot find ['OBS_start_record.png'] on screen
2025-04-29 20:41:05,865[18088] - OBS_Win - WARNING - cannot find ['OBS_start_record.png'] on screen
2025-04-29 20:41:09,319[18088] - OBS_Win - WARNING - cannot find ['OBS_start_record.png'] on screen
2025-04-29 20:41:12,749[18088] - OBS_Win - WARNING - cannot find ['OBS_start_record.png'] on screen
2025-04-29 20:41:16,272[18088] - OBS_Win - WARNING - cannot find ['OBS_start_record.png'] on screen
2025-04-29 20:41:19,777[18088] - OBS_Win - WARNING - cannot find ['OBS_start_record.png'] on screen
2025-04-29 20:41:23,198[18088] - OBS_Win - WARNING - cannot find ['OBS_start_record.png'] on screen
2025-04-29 20:41:26,808[18088] - OBS_Win - WARNING - cannot find ['OBS_start_record.png'] on screen
2025-04-29 20:41:30,277[18088] - OBS_Win - WARNING - cannot find ['OBS_start_record.png'] on screen
2025-04-29 20:41:33,728[18088] - OBS_Win - WARNING - cannot find ['OBS_start_record.png'] on screen
2025-04-29 20:41:37,177[18088] - OBS_Win - WARNING - cannot find ['OBS_start_record.png'] on screen
2025-04-29 20:41:40,742[18088] - OBS_Win - WARNING - cannot find ['OBS_start_record.png'] on screen
2025-04-29 20:41:44,144[18088] - OBS_Win - WARNING - cannot find ['OBS_start_record.png'] on screen
2025-04-29 20:41:47,590[18088] - OBS_Win - WARNING - cannot find ['OBS_start_record.png'] on screen
2025-04-29 20:41:51,078[18088] - OBS_Win - WARNING - cannot find ['OBS_start_record.png'] on screen
2025-04-29 20:41:54,546[18088] - OBS_Win - WARNING - cannot find ['OBS_start_record.png'] on screen
2025-04-29 20:41:58,004[18088] - OBS_Win - WARNING - cannot find ['OBS_start_record.png'] on screen
2025-04-29 20:42:01,458[18088] - OBS_Win - WARNING - cannot find ['OBS_start_record.png'] on screen
2025-04-29 20:42:04,900[18088] - OBS_Win - WARNING - cannot find ['OBS_start_record.png'] on screen
2025-04-29 20:42:08,283[18088] - OBS_Win - WARNING - cannot find ['OBS_start_record.png'] on screen
2025-04-29 20:42:11,810[18088] - OBS_Win - WARNING - cannot find ['OBS_start_record.png'] on screen
2025-04-29 20:42:15,233[18088] - OBS_Win - WARNING - cannot find ['OBS_start_record.png'] on screen
2025-04-29 20:42:18,634[18088] - OBS_Win - WARNING - cannot find ['OBS_start_record.png'] on screen
2025-04-29 20:42:22,034[18088] - OBS_Win - WARNING - cannot find ['OBS_start_record.png'] on screen
2025-04-29 20:42:25,467[18088] - OBS_Win - WARNING - cannot find ['OBS_start_record.png'] on screen
2025-04-29 20:42:28,912[18088] - OBS_Win - WARNING - cannot find ['OBS_start_record.png'] on screen
2025-04-29 20:42:32,365[18088] - OBS_Win - WARNING - cannot find ['OBS_start_record.png'] on screen
2025-04-29 20:42:35,847[18088] - OBS_Win - WARNING - cannot find ['OBS_start_record.png'] on screen
2025-04-29 20:42:39,306[18088] - OBS_Win - WARNING - cannot find ['OBS_start_record.png'] on screen
2025-04-29 20:42:42,546[18088] - OBS_Win - WARNING - cannot find ['OBS_start_record.png'] on screen
2025-04-29 20:42:45,993[18088] - OBS_Win - WARNING - cannot find ['OBS_start_record.png'] on screen
2025-04-29 20:42:49,639[18088] - OBS_Win - INFO - OBS_Win started
2025-04-29 20:42:49,640[18088] - RobotTest_AcidicPlatform - INFO - loading the sample from rack_id #0...
2025-04-29 20:43:28,944[18088] - RobotTest_AcidicPlatform - INFO - sample successfully loaded into the cell
2025-04-29 20:43:30,128[18088] - OBS_Win - INFO - OBS_Win stopped
2025-04-29 20:43:33,609[18088] - EC_Lab_Win11 - INFO - not in software yet
2025-04-29 20:43:34,048[18088] - EC_Lab_Win11 - INFO - attempting to open EC_Lab_Win11, trial 1 in 3 times...
2025-04-29 20:47:09,736[18088] - RobotTest_AcidicPlatform - INFO - human operating, fail to detect...
2025-04-29 20:47:31,019[18088] - RobotTest_AcidicPlatform - INFO - human operating, fail to detect...
2025-04-29 21:04:57,594[18088] - RobotTest_AcidicPlatform - INFO - human operating, fail to detect...
2025-04-29 21:06:15,371[18088] - RobotTest_AcidicPlatform - INFO - human operating, fail to detect...
2025-04-29 21:06:25,376[18088] - RobotTest_AcidicPlatform - INFO - human operating, fail to detect...
2025-04-29 21:06:35,385[18088] - RobotTest_AcidicPlatform - INFO - human operating, fail to detect...
2025-04-29 21:53:30,816[18088] - EC_Lab_Win11 - INFO - test is complete
2025-04-29 21:53:30,816[18088] - RobotTest_AcidicPlatform - INFO - test MOR_PtX_6or8_comp_trial2_sample#HER_Pta_2025-04-29_20-40-44 finished
2025-04-29 21:53:31,013[18088] - OBS_Win - INFO - not in software yet
2025-04-29 21:53:31,322[18088] - OBS_Win - INFO - attempting to open OBS_Win, trial 1 in 3 times...
2025-04-29 21:53:35,034[18088] - OBS_Win - INFO - OBS_Win started
2025-04-29 21:53:35,034[18088] - RobotTest_AcidicPlatform - INFO - unloading the sample to rack_id #0...
2025-04-29 21:54:35,096[18088] - RobotTest_AcidicPlatform - INFO - sample successfully unloaded from the cell
2025-04-29 21:54:38,956[18088] - OBS_Win - INFO - OBS_Win stopped
2025-04-29 21:54:39,706[18088] - OBS_Win - INFO - OBS_Win started
2025-04-29 21:54:39,706[18088] - RobotTest_AcidicPlatform - INFO - loading the sample from rack_id #1...
2025-04-29 21:55:11,756[18088] - RobotTest_AcidicPlatform - INFO - sample successfully loaded into the cell
2025-04-29 21:55:12,531[18088] - OBS_Win - INFO - OBS_Win stopped
2025-04-29 21:55:15,863[18088] - EC_Lab_Win11 - INFO - not in software yet
2025-04-29 21:55:16,244[18088] - EC_Lab_Win11 - INFO - attempting to open EC_Lab_Win11, trial 1 in 3 times...
2025-04-29 23:06:59,232[18088] - EC_Lab_Win11 - INFO - test is complete
2025-04-29 23:06:59,233[18088] - RobotTest_AcidicPlatform - INFO - test MOR_PtX_6or8_comp_trial2_sample#HER_Ptb_2025-04-29_21-54-38 finished
2025-04-29 23:06:59,426[18088] - OBS_Win - INFO - not in software yet
2025-04-29 23:06:59,760[18088] - OBS_Win - INFO - attempting to open OBS_Win, trial 1 in 3 times...
2025-04-29 23:07:03,357[18088] - OBS_Win - INFO - OBS_Win started
2025-04-29 23:07:03,357[18088] - RobotTest_AcidicPlatform - INFO - unloading the sample to rack_id #1...
2025-04-29 23:08:02,642[18088] - RobotTest_AcidicPlatform - INFO - sample successfully unloaded from the cell
2025-04-29 23:08:06,283[18088] - OBS_Win - INFO - OBS_Win stopped
2025-04-29 23:08:06,818[18088] - OBS_Win - WARNING - cannot find ['OBS_start_record.png'] on screen
2025-04-29 23:08:10,174[18088] - OBS_Win - INFO - OBS_Win started
2025-04-29 23:08:10,175[18088] - RobotTest_AcidicPlatform - INFO - loading the sample from rack_id #2...
2025-04-29 23:08:42,472[18088] - RobotTest_AcidicPlatform - INFO - sample successfully loaded into the cell
2025-04-29 23:08:43,055[18088] - OBS_Win - INFO - OBS_Win stopped
2025-04-29 23:08:46,327[18088] - EC_Lab_Win11 - INFO - not in software yet
2025-04-29 23:08:46,661[18088] - EC_Lab_Win11 - INFO - attempting to open EC_Lab_Win11, trial 1 in 3 times...
2025-04-30 00:15:37,173[18088] - EC_Lab_Win11 - INFO - not in software yet
2025-04-30 00:15:37,496[18088] - EC_Lab_Win11 - INFO - attempting to open EC_Lab_Win11, trial 1 in 3 times...
2025-04-30 00:15:40,742[18088] - EC_Lab_Win11 - INFO - not in software yet
2025-04-30 00:15:41,041[18088] - EC_Lab_Win11 - INFO - attempting to open EC_Lab_Win11, trial 2 in 3 times...
2025-04-30 00:20:25,266[18088] - EC_Lab_Win11 - INFO - test is complete
2025-04-30 00:20:25,266[18088] - RobotTest_AcidicPlatform - INFO - test MOR_PtX_6or8_comp_trial2_sample#HER_non-PGM_sulfide-11a_2025-04-29_23-08-06 finished
2025-04-30 00:20:25,464[18088] - OBS_Win - INFO - not in software yet
2025-04-30 00:20:25,767[18088] - OBS_Win - INFO - attempting to open OBS_Win, trial 1 in 3 times...
2025-04-30 00:20:29,302[18088] - OBS_Win - INFO - OBS_Win started
2025-04-30 00:20:29,302[18088] - RobotTest_AcidicPlatform - INFO - unloading the sample to rack_id #2...
2025-04-30 00:21:28,123[18088] - RobotTest_AcidicPlatform - INFO - sample successfully unloaded from the cell
2025-04-30 00:21:31,719[18088] - OBS_Win - INFO - OBS_Win stopped
2025-04-30 00:21:32,227[18088] - OBS_Win - WARNING - cannot find ['OBS_start_record.png'] on screen
2025-04-30 00:21:35,551[18088] - OBS_Win - INFO - OBS_Win started
2025-04-30 00:21:35,551[18088] - RobotTest_AcidicPlatform - INFO - loading the sample from rack_id #3...
2025-04-30 00:22:08,196[18088] - RobotTest_AcidicPlatform - INFO - sample successfully loaded into the cell
2025-04-30 00:22:08,765[18088] - OBS_Win - INFO - OBS_Win stopped
2025-04-30 00:22:12,005[18088] - EC_Lab_Win11 - INFO - not in software yet
2025-04-30 00:22:12,335[18088] - EC_Lab_Win11 - INFO - attempting to open EC_Lab_Win11, trial 1 in 3 times...
2025-04-30 00:54:36,278[18088] - EC_Lab_Win11 - INFO - not in software yet
2025-04-30 00:54:36,597[18088] - EC_Lab_Win11 - INFO - attempting to open EC_Lab_Win11, trial 1 in 3 times...
2025-04-30 00:54:39,837[18088] - EC_Lab_Win11 - INFO - not in software yet
2025-04-30 00:54:40,143[18088] - EC_Lab_Win11 - INFO - attempting to open EC_Lab_Win11, trial 2 in 3 times...
2025-04-30 01:33:58,555[18088] - EC_Lab_Win11 - INFO - test is complete
2025-04-30 01:33:58,556[18088] - RobotTest_AcidicPlatform - INFO - test MOR_PtX_6or8_comp_trial2_sample#HER_non-PGM_sulfide-11b_2025-04-30_00-21-31 finished
2025-04-30 01:33:58,758[18088] - OBS_Win - INFO - not in software yet
2025-04-30 01:33:59,080[18088] - OBS_Win - INFO - attempting to open OBS_Win, trial 1 in 3 times...
2025-04-30 01:34:02,636[18088] - OBS_Win - INFO - OBS_Win started
2025-04-30 01:34:02,636[18088] - RobotTest_AcidicPlatform - INFO - unloading the sample to rack_id #3...
2025-04-30 01:35:01,084[18088] - RobotTest_AcidicPlatform - INFO - sample successfully unloaded from the cell
2025-04-30 01:35:04,680[18088] - OBS_Win - INFO - OBS_Win stopped
2025-04-30 01:35:05,106[18088] - OBS_Win - WARNING - cannot find ['OBS_start_record.png'] on screen
2025-04-30 01:35:08,440[18088] - OBS_Win - INFO - OBS_Win started
2025-04-30 01:35:08,440[18088] - RobotTest_AcidicPlatform - INFO - loading the sample from rack_id #4...
2025-04-30 01:35:41,407[18088] - RobotTest_AcidicPlatform - INFO - sample successfully loaded into the cell
2025-04-30 01:35:42,039[18088] - OBS_Win - INFO - OBS_Win stopped
2025-04-30 01:35:45,280[18088] - EC_Lab_Win11 - INFO - not in software yet
2025-04-30 01:35:45,600[18088] - EC_Lab_Win11 - INFO - attempting to open EC_Lab_Win11, trial 1 in 3 times...
2025-04-30 01:36:23,704[18088] - EC_Lab_Win11 - INFO - not in software yet
2025-04-30 01:36:24,022[18088] - EC_Lab_Win11 - INFO - attempting to open EC_Lab_Win11, trial 1 in 3 times...
2025-04-30 01:36:27,283[18088] - EC_Lab_Win11 - INFO - not in software yet
2025-04-30 01:36:27,620[18088] - EC_Lab_Win11 - INFO - attempting to open EC_Lab_Win11, trial 2 in 3 times...
2025-04-30 02:47:30,567[18088] - EC_Lab_Win11 - INFO - test is complete
2025-04-30 02:47:30,567[18088] - RobotTest_AcidicPlatform - INFO - test MOR_PtX_6or8_comp_trial2_sample#HER_non-PGM_sulfide-12a_2025-04-30_01-35-04 finished
2025-04-30 02:47:30,771[18088] - OBS_Win - INFO - not in software yet
2025-04-30 02:47:31,089[18088] - OBS_Win - INFO - attempting to open OBS_Win, trial 1 in 3 times...
2025-04-30 02:47:34,638[18088] - OBS_Win - INFO - OBS_Win started
2025-04-30 02:47:34,638[18088] - RobotTest_AcidicPlatform - INFO - unloading the sample to rack_id #4...
2025-04-30 02:48:32,674[18088] - RobotTest_AcidicPlatform - INFO - sample successfully unloaded from the cell
2025-04-30 02:48:36,255[18088] - OBS_Win - INFO - OBS_Win stopped
2025-04-30 02:48:36,718[18088] - OBS_Win - WARNING - cannot find ['OBS_start_record.png'] on screen
2025-04-30 02:48:40,049[18088] - OBS_Win - INFO - OBS_Win started
2025-04-30 02:48:40,049[18088] - RobotTest_AcidicPlatform - INFO - loading the sample from rack_id #5...
2025-04-30 02:49:13,467[18088] - RobotTest_AcidicPlatform - INFO - sample successfully loaded into the cell
2025-04-30 02:49:14,068[18088] - OBS_Win - INFO - OBS_Win stopped
2025-04-30 02:49:17,311[18088] - EC_Lab_Win11 - INFO - not in software yet
2025-04-30 02:49:17,634[18088] - EC_Lab_Win11 - INFO - attempting to open EC_Lab_Win11, trial 1 in 3 times...
2025-04-30 04:01:06,671[18088] - EC_Lab_Win11 - INFO - test is complete
2025-04-30 04:01:06,671[18088] - RobotTest_AcidicPlatform - INFO - test MOR_PtX_6or8_comp_trial2_sample#HER_non-PGM_sulfide-12b_2025-04-30_02-48-36 finished
2025-04-30 04:01:06,877[18088] - OBS_Win - INFO - not in software yet
2025-04-30 04:01:07,205[18088] - OBS_Win - INFO - attempting to open OBS_Win, trial 1 in 3 times...
2025-04-30 04:01:10,787[18088] - OBS_Win - INFO - OBS_Win started
2025-04-30 04:01:10,787[18088] - RobotTest_AcidicPlatform - INFO - unloading the sample to rack_id #5...
2025-04-30 04:02:08,439[18088] - RobotTest_AcidicPlatform - INFO - sample successfully unloaded from the cell
2025-04-30 04:02:12,037[18088] - OBS_Win - INFO - OBS_Win stopped
2025-04-30 04:02:12,511[18088] - OBS_Win - WARNING - cannot find ['OBS_start_record.png'] on screen
2025-04-30 04:02:15,856[18088] - OBS_Win - INFO - OBS_Win started
2025-04-30 04:02:15,856[18088] - RobotTest_AcidicPlatform - INFO - loading the sample from rack_id #6...
2025-04-30 04:02:49,972[18088] - RobotTest_AcidicPlatform - INFO - sample successfully loaded into the cell
2025-04-30 04:02:50,555[18088] - OBS_Win - INFO - OBS_Win stopped
2025-04-30 04:02:53,801[18088] - EC_Lab_Win11 - INFO - not in software yet
2025-04-30 04:02:54,105[18088] - EC_Lab_Win11 - INFO - attempting to open EC_Lab_Win11, trial 1 in 3 times...
2025-04-30 05:14:33,049[18088] - EC_Lab_Win11 - INFO - test is complete
2025-04-30 05:14:33,049[18088] - RobotTest_AcidicPlatform - INFO - test MOR_PtX_6or8_comp_trial2_sample#HER_non-PGM_sulfide-13a_2025-04-30_04-02-12 finished
2025-04-30 05:14:33,248[18088] - OBS_Win - INFO - not in software yet
2025-04-30 05:14:33,569[18088] - OBS_Win - INFO - attempting to open OBS_Win, trial 1 in 3 times...
2025-04-30 05:14:37,144[18088] - OBS_Win - INFO - OBS_Win started
2025-04-30 05:14:37,144[18088] - RobotTest_AcidicPlatform - INFO - unloading the sample to rack_id #6...
2025-04-30 05:15:34,235[18088] - RobotTest_AcidicPlatform - INFO - sample successfully unloaded from the cell
2025-04-30 05:15:37,872[18088] - OBS_Win - INFO - OBS_Win stopped
2025-04-30 05:15:38,334[18088] - OBS_Win - WARNING - cannot find ['OBS_start_record.png'] on screen
2025-04-30 05:15:41,672[18088] - OBS_Win - INFO - OBS_Win started
2025-04-30 05:15:41,672[18088] - RobotTest_AcidicPlatform - INFO - loading the sample from rack_id #7...
2025-04-30 05:16:16,057[18088] - RobotTest_AcidicPlatform - INFO - sample successfully loaded into the cell
2025-04-30 05:16:16,609[18088] - OBS_Win - INFO - OBS_Win stopped
2025-04-30 05:16:19,852[18088] - EC_Lab_Win11 - INFO - not in software yet
2025-04-30 05:16:20,180[18088] - EC_Lab_Win11 - INFO - attempting to open EC_Lab_Win11, trial 1 in 3 times...
2025-04-30 06:28:07,791[18088] - EC_Lab_Win11 - INFO - test is complete
2025-04-30 06:28:07,792[18088] - RobotTest_AcidicPlatform - INFO - test MOR_PtX_6or8_comp_trial2_sample#HER_non-PGM_sulfide-13b_2025-04-30_05-15-37 finished
2025-04-30 06:28:07,988[18088] - OBS_Win - INFO - not in software yet
2025-04-30 06:28:08,303[18088] - OBS_Win - INFO - attempting to open OBS_Win, trial 1 in 3 times...
2025-04-30 06:28:11,851[18088] - OBS_Win - INFO - OBS_Win started
2025-04-30 06:28:11,851[18088] - RobotTest_AcidicPlatform - INFO - unloading the sample to rack_id #7...
2025-04-30 06:29:08,531[18088] - RobotTest_AcidicPlatform - INFO - sample successfully unloaded from the cell
2025-04-30 06:29:12,103[18088] - OBS_Win - INFO - OBS_Win stopped
2025-04-30 06:29:12,535[18088] - OBS_Win - WARNING - cannot find ['OBS_start_record.png'] on screen
2025-04-30 06:29:15,865[18088] - OBS_Win - INFO - OBS_Win started
2025-04-30 06:29:15,865[18088] - RobotTest_AcidicPlatform - INFO - loading the sample from rack_id #8...
2025-04-30 06:29:50,635[18088] - RobotTest_AcidicPlatform - INFO - sample successfully loaded into the cell
2025-04-30 06:29:51,204[18088] - OBS_Win - INFO - OBS_Win stopped
2025-04-30 06:29:54,443[18088] - EC_Lab_Win11 - INFO - not in software yet
2025-04-30 06:29:54,775[18088] - EC_Lab_Win11 - INFO - attempting to open EC_Lab_Win11, trial 1 in 3 times...
2025-04-30 07:41:32,941[18088] - EC_Lab_Win11 - INFO - test is complete
2025-04-30 07:41:32,941[18088] - RobotTest_AcidicPlatform - INFO - test MOR_PtX_6or8_comp_trial2_sample#HER_non-PGM_sulfide-14a_2025-04-30_06-29-12 finished
2025-04-30 07:41:33,143[18088] - OBS_Win - INFO - not in software yet
2025-04-30 07:41:33,453[18088] - OBS_Win - INFO - attempting to open OBS_Win, trial 1 in 3 times...
2025-04-30 07:41:37,027[18088] - OBS_Win - INFO - OBS_Win started
2025-04-30 07:41:37,027[18088] - RobotTest_AcidicPlatform - INFO - unloading the sample to rack_id #8...
2025-04-30 07:42:33,905[18088] - RobotTest_AcidicPlatform - INFO - sample successfully unloaded from the cell
2025-04-30 07:42:37,525[18088] - OBS_Win - INFO - OBS_Win stopped
2025-04-30 07:42:37,958[18088] - OBS_Win - WARNING - cannot find ['OBS_start_record.png'] on screen
2025-04-30 07:42:41,285[18088] - OBS_Win - INFO - OBS_Win started
2025-04-30 07:42:41,285[18088] - RobotTest_AcidicPlatform - INFO - loading the sample from rack_id #9...
2025-04-30 07:43:16,586[18088] - RobotTest_AcidicPlatform - INFO - sample successfully loaded into the cell
2025-04-30 07:43:17,170[18088] - OBS_Win - INFO - OBS_Win stopped
2025-04-30 07:43:20,412[18088] - EC_Lab_Win11 - INFO - not in software yet
2025-04-30 07:43:20,730[18088] - EC_Lab_Win11 - INFO - attempting to open EC_Lab_Win11, trial 1 in 3 times...
2025-04-30 08:55:05,406[18088] - EC_Lab_Win11 - INFO - test is complete
2025-04-30 08:55:05,406[18088] - RobotTest_AcidicPlatform - INFO - test MOR_PtX_6or8_comp_trial2_sample#HER_non-PGM_sulfide-14b_2025-04-30_07-42-37 finished
2025-04-30 08:55:05,609[18088] - OBS_Win - INFO - not in software yet
2025-04-30 08:55:05,925[18088] - OBS_Win - INFO - attempting to open OBS_Win, trial 1 in 3 times...
2025-04-30 08:55:09,689[18088] - OBS_Win - INFO - OBS_Win started
2025-04-30 08:55:09,692[18088] - RobotTest_AcidicPlatform - INFO - unloading the sample to rack_id #9...
2025-04-30 08:56:07,190[18088] - RobotTest_AcidicPlatform - INFO - sample successfully unloaded from the cell
2025-04-30 08:56:11,012[18088] - OBS_Win - INFO - OBS_Win stopped
2025-04-30 08:56:11,682[18088] - OBS_Win - WARNING - cannot find ['OBS_start_record.png'] on screen
2025-04-30 08:56:15,076[18088] - OBS_Win - INFO - OBS_Win started
2025-04-30 08:56:15,076[18088] - RobotTest_AcidicPlatform - INFO - loading the sample from rack_id #10...
2025-04-30 08:56:50,862[18088] - RobotTest_AcidicPlatform - INFO - sample successfully loaded into the cell
2025-04-30 08:56:51,664[18088] - OBS_Win - INFO - OBS_Win stopped
2025-04-30 08:56:55,013[18088] - EC_Lab_Win11 - INFO - not in software yet
2025-04-30 08:56:55,440[18088] - EC_Lab_Win11 - INFO - attempting to open EC_Lab_Win11, trial 1 in 3 times...
2025-04-30 09:11:04,908[18088] - EC_Lab_Win11 - INFO - not in software yet
2025-04-30 09:11:05,214[18088] - EC_Lab_Win11 - INFO - attempting to open EC_Lab_Win11, trial 1 in 3 times...
2025-04-30 10:08:43,495[18088] - EC_Lab_Win11 - INFO - test is complete
2025-04-30 10:08:43,495[18088] - RobotTest_AcidicPlatform - INFO - test MOR_PtX_6or8_comp_trial2_sample#HER_non-PGM_sulfide-15a_2025-04-30_08-56-11 finished
2025-04-30 10:08:43,694[18088] - OBS_Win - INFO - not in software yet
2025-04-30 10:08:44,017[18088] - OBS_Win - INFO - attempting to open OBS_Win, trial 1 in 3 times...
2025-04-30 10:08:47,548[18088] - OBS_Win - INFO - OBS_Win started
2025-04-30 10:08:47,548[18088] - RobotTest_AcidicPlatform - INFO - unloading the sample to rack_id #10...
2025-04-30 10:09:45,289[18088] - RobotTest_AcidicPlatform - INFO - sample successfully unloaded from the cell
2025-04-30 10:09:48,874[18088] - OBS_Win - INFO - OBS_Win stopped
2025-04-30 10:09:49,335[18088] - OBS_Win - WARNING - cannot find ['OBS_start_record.png'] on screen
2025-04-30 10:09:52,696[18088] - OBS_Win - INFO - OBS_Win started
2025-04-30 10:09:52,696[18088] - RobotTest_AcidicPlatform - INFO - loading the sample from rack_id #11...
2025-04-30 10:10:28,690[18088] - RobotTest_AcidicPlatform - INFO - sample successfully loaded into the cell
2025-04-30 10:10:29,258[18088] - OBS_Win - INFO - OBS_Win stopped
2025-04-30 10:10:32,506[18088] - EC_Lab_Win11 - INFO - not in software yet
2025-04-30 10:10:32,817[18088] - EC_Lab_Win11 - INFO - attempting to open EC_Lab_Win11, trial 1 in 3 times...
2025-04-30 11:00:32,450[18088] - EC_Lab_Win11 - INFO - not in software yet
2025-04-30 11:00:32,763[18088] - EC_Lab_Win11 - INFO - attempting to open EC_Lab_Win11, trial 1 in 3 times...
2025-04-30 11:00:35,998[18088] - EC_Lab_Win11 - INFO - not in software yet
2025-04-30 11:00:36,325[18088] - EC_Lab_Win11 - INFO - attempting to open EC_Lab_Win11, trial 2 in 3 times...
2025-04-30 11:10:36,555[18088] - EC_Lab_Win11 - INFO - not in software yet
2025-04-30 11:10:36,855[18088] - EC_Lab_Win11 - INFO - attempting to open EC_Lab_Win11, trial 1 in 3 times...
2025-04-30 11:10:40,085[18088] - EC_Lab_Win11 - INFO - not in software yet
2025-04-30 11:10:40,414[18088] - EC_Lab_Win11 - INFO - attempting to open EC_Lab_Win11, trial 2 in 3 times...
2025-04-30 11:22:10,862[18088] - EC_Lab_Win11 - INFO - test is complete
2025-04-30 11:22:10,862[18088] - RobotTest_AcidicPlatform - INFO - test MOR_PtX_6or8_comp_trial2_sample#HER_non-PGM_sulfide-15b_2025-04-30_10-09-48 finished
2025-04-30 11:22:11,052[18088] - OBS_Win - INFO - not in software yet
2025-04-30 11:22:11,371[18088] - OBS_Win - INFO - attempting to open OBS_Win, trial 1 in 3 times...
2025-04-30 11:22:14,927[18088] - OBS_Win - INFO - OBS_Win started
2025-04-30 11:22:14,927[18088] - RobotTest_AcidicPlatform - INFO - unloading the sample to rack_id #11...
2025-04-30 11:23:13,006[18088] - RobotTest_AcidicPlatform - INFO - sample successfully unloaded from the cell
2025-04-30 11:23:16,567[18088] - OBS_Win - INFO - OBS_Win stopped
2025-04-30 11:23:17,010[18088] - OBS_Win - WARNING - cannot find ['OBS_start_record.png'] on screen
2025-04-30 11:23:20,355[18088] - OBS_Win - INFO - OBS_Win started
2025-04-30 11:23:20,355[18088] - RobotTest_AcidicPlatform - INFO - loading the sample from rack_id #12...
2025-04-30 11:23:57,062[18088] - RobotTest_AcidicPlatform - INFO - sample successfully loaded into the cell
2025-04-30 11:23:57,677[18088] - OBS_Win - INFO - OBS_Win stopped
2025-04-30 11:24:00,917[18088] - EC_Lab_Win11 - INFO - not in software yet
2025-04-30 11:24:01,263[18088] - EC_Lab_Win11 - INFO - attempting to open EC_Lab_Win11, trial 1 in 3 times...
2025-04-30 12:22:06,322[18088] - RobotTest_AcidicPlatform - INFO - human operating, fail to detect...
2025-04-30 12:22:16,328[18088] - RobotTest_AcidicPlatform - INFO - human operating, fail to detect...
2025-04-30 12:22:26,331[18088] - RobotTest_AcidicPlatform - INFO - human operating, fail to detect...
2025-04-30 12:22:36,339[18088] - RobotTest_AcidicPlatform - INFO - human operating, fail to detect...
2025-04-30 12:22:46,347[18088] - RobotTest_AcidicPlatform - INFO - human operating, fail to detect...
2025-04-30 12:22:56,355[18088] - RobotTest_AcidicPlatform - INFO - human operating, fail to detect...
2025-04-30 12:23:06,359[18088] - RobotTest_AcidicPlatform - INFO - human operating, fail to detect...
2025-04-30 12:23:16,373[18088] - RobotTest_AcidicPlatform - INFO - human operating, fail to detect...
2025-04-30 12:23:26,382[18088] - RobotTest_AcidicPlatform - INFO - human operating, fail to detect...
2025-04-30 12:29:26,030[18088] - RobotTest_AcidicPlatform - INFO - human operating, fail to detect...
2025-04-30 12:29:36,030[18088] - RobotTest_AcidicPlatform - INFO - human operating, fail to detect...
2025-04-30 12:30:08,737[18088] - RobotTest_AcidicPlatform - INFO - human operating, fail to detect...
2025-04-30 12:35:47,005[18088] - EC_Lab_Win11 - INFO - test is complete
2025-04-30 12:35:47,005[18088] - RobotTest_AcidicPlatform - INFO - test MOR_PtX_6or8_comp_trial2_sample#HER_non-PGM_sulfide-16a_2025-04-30_11-23-16 finished
2025-04-30 12:35:47,207[18088] - OBS_Win - INFO - not in software yet
2025-04-30 12:35:47,527[18088] - OBS_Win - INFO - attempting to open OBS_Win, trial 1 in 3 times...
2025-04-30 12:35:51,052[18088] - OBS_Win - INFO - OBS_Win started
2025-04-30 12:35:51,052[18088] - RobotTest_AcidicPlatform - INFO - unloading the sample to rack_id #12...
2025-04-30 12:36:49,452[18088] - RobotTest_AcidicPlatform - INFO - sample successfully unloaded from the cell
2025-04-30 12:36:53,040[18088] - OBS_Win - INFO - OBS_Win stopped
2025-04-30 12:36:53,513[18088] - OBS_Win - WARNING - cannot find ['OBS_start_record.png'] on screen
2025-04-30 12:36:56,834[18088] - OBS_Win - INFO - OBS_Win started
2025-04-30 12:36:56,834[18088] - RobotTest_AcidicPlatform - INFO - loading the sample from rack_id #13...
2025-04-30 12:37:33,824[18088] - RobotTest_AcidicPlatform - INFO - sample successfully loaded into the cell
2025-04-30 12:37:34,405[18088] - OBS_Win - INFO - OBS_Win stopped
2025-04-30 12:37:37,635[18088] - EC_Lab_Win11 - INFO - not in software yet
2025-04-30 12:37:37,947[18088] - EC_Lab_Win11 - INFO - attempting to open EC_Lab_Win11, trial 1 in 3 times...
2025-04-30 12:43:19,369[18088] - RobotTest_AcidicPlatform - INFO - human operating, fail to detect...
2025-04-30 13:10:00,106[18088] - RobotTest_AcidicPlatform - INFO - human operating, fail to detect...
2025-04-30 13:10:10,110[18088] - RobotTest_AcidicPlatform - INFO - human operating, fail to detect...
2025-04-30 13:10:53,959[18088] - RobotTest_AcidicPlatform - INFO - human operating, fail to detect...
2025-04-30 13:11:03,967[18088] - RobotTest_AcidicPlatform - INFO - human operating, fail to detect...
2025-04-30 13:11:13,978[18088] - RobotTest_AcidicPlatform - INFO - human operating, fail to detect...
2025-04-30 13:11:23,979[18088] - RobotTest_AcidicPlatform - INFO - human operating, fail to detect...
2025-04-30 13:11:33,982[18088] - RobotTest_AcidicPlatform - INFO - human operating, fail to detect...
2025-04-30 13:11:43,985[18088] - RobotTest_AcidicPlatform - INFO - human operating, fail to detect...
2025-04-30 13:11:53,998[18088] - RobotTest_AcidicPlatform - INFO - human operating, fail to detect...
2025-04-30 13:12:03,998[18088] - RobotTest_AcidicPlatform - INFO - human operating, fail to detect...
2025-04-30 13:12:14,012[18088] - RobotTest_AcidicPlatform - INFO - human operating, fail to detect...
2025-04-30 13:12:24,018[18088] - RobotTest_AcidicPlatform - INFO - human operating, fail to detect...
2025-04-30 13:12:34,027[18088] - RobotTest_AcidicPlatform - INFO - human operating, fail to detect...
2025-04-30 13:12:44,042[18088] - RobotTest_AcidicPlatform - INFO - human operating, fail to detect...
2025-04-30 13:12:54,055[18088] - RobotTest_AcidicPlatform - INFO - human operating, fail to detect...
2025-04-30 13:13:04,937[18088] - EC_Lab_Win11 - INFO - not in software yet
2025-04-30 13:13:05,259[18088] - EC_Lab_Win11 - INFO - attempting to open EC_Lab_Win11, trial 1 in 3 times...
2025-04-30 13:13:08,494[18088] - EC_Lab_Win11 - INFO - not in software yet
2025-04-30 13:13:08,815[18088] - EC_Lab_Win11 - INFO - attempting to open EC_Lab_Win11, trial 2 in 3 times...
2025-04-30 13:13:12,042[18088] - EC_Lab_Win11 - INFO - not in software yet
2025-04-30 13:13:12,352[18088] - EC_Lab_Win11 - INFO - attempting to open EC_Lab_Win11, trial 3 in 3 times...
2025-04-30 13:13:15,580[18088] - EC_Lab_Win11 - INFO - not in software yet
2025-04-30 13:13:15,591[18088] - EC_Lab_Win11 - WARNING - failed to open EC_Lab_Win11
2025-04-30 13:13:15,592[18088] - RobotTest_AcidicPlatform - ERROR - failed to open EC_Lab_Win11
Traceback (most recent call last):
  File "C:\Users\li\PycharmProjects\catalyst\robotic_testing\common\robot_test.py", line 45, in wrapper
    return func(self, *args, **kwargs)
  File "C:\Users\li\PycharmProjects\catalyst\robotic_testing\common\robot_test.py", line 189, in run
    self.test_main_workflow(
  File "C:\Users\li\PycharmProjects\catalyst\robotic_testing\common\robot_test.py", line 296, in test_main_workflow
    self.check_test_finished()
  File "C:\Users\li\PycharmProjects\catalyst\robotic_testing\common\robot_test.py", line 326, in check_test_finished
    self.ec_lab.open_software()
  File "C:\Users\li\PycharmProjects\catalyst\software_control\software_control_base.py", line 133, in open_software
    raise SystemError(f'failed to open {self.name}')
SystemError: failed to open EC_Lab_Win11
2025-04-30 14:22:00,326[32360] - RobotTest_AcidicPlatform - INFO - started a batch of test, with sample_rack_id : sample_id = {14: 'HER_non-PGM_sulfide-17a', 15: 'HER_non-PGM_sulfide-17b', 16: 'HER_non-PGM_sulfide-18a', 17: 'HER_non-PGM_sulfide-18b', 18: 'HER_non-PGM_sulfide-19a', 19: 'HER_non-PGM_sulfide-19b'}
2025-04-30 14:22:06,450[32360] - OBS_Win - INFO - not in software yet
2025-04-30 14:22:06,784[32360] - OBS_Win - INFO - attempting to open OBS_Win, trial 1 in 3 times...
2025-04-30 14:22:10,480[32360] - OBS_Win - INFO - OBS_Win started
2025-04-30 14:22:10,480[32360] - RobotTest_AcidicPlatform - INFO - loading the sample from rack_id #14...
2025-04-30 14:22:50,988[32360] - RobotTest_AcidicPlatform - INFO - sample successfully loaded into the cell
2025-04-30 14:22:51,616[32360] - OBS_Win - INFO - OBS_Win stopped
2025-04-30 14:22:54,904[32360] - EC_Lab_Win11 - INFO - not in software yet
2025-04-30 14:22:55,349[32360] - EC_Lab_Win11 - INFO - attempting to open EC_Lab_Win11, trial 1 in 3 times...
2025-04-30 14:24:17,760[32360] - RobotTest_AcidicPlatform - INFO - human operating, fail to detect...
2025-04-30 14:24:27,762[32360] - RobotTest_AcidicPlatform - INFO - human operating, fail to detect...
2025-04-30 14:24:37,773[32360] - RobotTest_AcidicPlatform - INFO - human operating, fail to detect...
2025-04-30 14:24:47,784[32360] - RobotTest_AcidicPlatform - INFO - human operating, fail to detect...
2025-04-30 14:24:57,800[32360] - RobotTest_AcidicPlatform - INFO - human operating, fail to detect...
2025-04-30 14:25:07,805[32360] - RobotTest_AcidicPlatform - INFO - human operating, fail to detect...
2025-04-30 14:25:17,812[32360] - RobotTest_AcidicPlatform - INFO - human operating, fail to detect...
2025-04-30 14:25:27,819[32360] - RobotTest_AcidicPlatform - INFO - human operating, fail to detect...
2025-04-30 14:25:37,834[32360] - RobotTest_AcidicPlatform - INFO - human operating, fail to detect...
2025-04-30 14:25:47,848[32360] - RobotTest_AcidicPlatform - INFO - human operating, fail to detect...
2025-04-30 14:25:57,851[32360] - RobotTest_AcidicPlatform - INFO - human operating, fail to detect...
2025-04-30 14:26:07,853[32360] - RobotTest_AcidicPlatform - INFO - human operating, fail to detect...
2025-04-30 14:26:17,867[32360] - RobotTest_AcidicPlatform - INFO - human operating, fail to detect...
2025-04-30 14:26:27,875[32360] - RobotTest_AcidicPlatform - INFO - human operating, fail to detect...
2025-04-30 14:26:37,877[32360] - RobotTest_AcidicPlatform - INFO - human operating, fail to detect...
2025-04-30 14:26:47,880[32360] - RobotTest_AcidicPlatform - INFO - human operating, fail to detect...
2025-04-30 14:26:57,886[32360] - RobotTest_AcidicPlatform - INFO - human operating, fail to detect...
2025-04-30 14:27:07,888[32360] - RobotTest_AcidicPlatform - INFO - human operating, fail to detect...
2025-04-30 14:27:17,892[32360] - RobotTest_AcidicPlatform - INFO - human operating, fail to detect...
2025-04-30 14:27:27,893[32360] - RobotTest_AcidicPlatform - INFO - human operating, fail to detect...
2025-04-30 14:27:37,906[32360] - RobotTest_AcidicPlatform - INFO - human operating, fail to detect...
2025-04-30 14:27:47,919[32360] - RobotTest_AcidicPlatform - INFO - human operating, fail to detect...
2025-04-30 14:27:57,927[32360] - RobotTest_AcidicPlatform - INFO - human operating, fail to detect...
2025-04-30 14:28:07,936[32360] - RobotTest_AcidicPlatform - INFO - human operating, fail to detect...
2025-04-30 14:28:17,945[32360] - RobotTest_AcidicPlatform - INFO - human operating, fail to detect...
2025-04-30 14:28:27,951[32360] - RobotTest_AcidicPlatform - INFO - human operating, fail to detect...
2025-04-30 14:28:37,960[32360] - RobotTest_AcidicPlatform - INFO - human operating, fail to detect...
2025-04-30 14:28:47,975[32360] - RobotTest_AcidicPlatform - INFO - human operating, fail to detect...
2025-04-30 14:28:57,980[32360] - RobotTest_AcidicPlatform - INFO - human operating, fail to detect...
2025-04-30 14:29:07,995[32360] - RobotTest_AcidicPlatform - INFO - human operating, fail to detect...
2025-04-30 14:29:18,008[32360] - RobotTest_AcidicPlatform - INFO - human operating, fail to detect...
2025-04-30 14:29:39,368[32360] - RobotTest_AcidicPlatform - INFO - human operating, fail to detect...
2025-04-30 14:29:49,379[32360] - RobotTest_AcidicPlatform - INFO - human operating, fail to detect...
2025-04-30 14:29:59,393[32360] - RobotTest_AcidicPlatform - INFO - human operating, fail to detect...
2025-04-30 14:30:09,398[32360] - RobotTest_AcidicPlatform - INFO - human operating, fail to detect...
2025-04-30 14:30:19,407[32360] - RobotTest_AcidicPlatform - INFO - human operating, fail to detect...
2025-04-30 14:30:30,340[32360] - EC_Lab_Win11 - INFO - not in software yet
2025-04-30 14:30:30,667[32360] - EC_Lab_Win11 - INFO - attempting to open EC_Lab_Win11, trial 1 in 3 times...
2025-04-30 14:30:33,910[32360] - EC_Lab_Win11 - INFO - not in software yet
2025-04-30 14:30:34,222[32360] - EC_Lab_Win11 - INFO - attempting to open EC_Lab_Win11, trial 2 in 3 times...
2025-04-30 14:30:37,456[32360] - EC_Lab_Win11 - INFO - not in software yet
2025-04-30 14:30:37,792[32360] - EC_Lab_Win11 - INFO - attempting to open EC_Lab_Win11, trial 3 in 3 times...
2025-04-30 14:30:41,026[32360] - EC_Lab_Win11 - INFO - not in software yet
2025-04-30 14:30:41,026[32360] - EC_Lab_Win11 - WARNING - failed to open EC_Lab_Win11
2025-04-30 14:30:41,026[32360] - RobotTest_AcidicPlatform - ERROR - failed to open EC_Lab_Win11
Traceback (most recent call last):
  File "C:\Users\li\PycharmProjects\catalyst\robotic_testing\common\robot_test.py", line 45, in wrapper
    return func(self, *args, **kwargs)
  File "C:\Users\li\PycharmProjects\catalyst\robotic_testing\common\robot_test.py", line 189, in run
    self.test_main_workflow(
  File "C:\Users\li\PycharmProjects\catalyst\robotic_testing\common\robot_test.py", line 296, in test_main_workflow
    self.check_test_finished()
  File "C:\Users\li\PycharmProjects\catalyst\robotic_testing\common\robot_test.py", line 326, in check_test_finished
    self.ec_lab.open_software()
  File "C:\Users\li\PycharmProjects\catalyst\software_control\software_control_base.py", line 133, in open_software
    raise SystemError(f'failed to open {self.name}')
SystemError: failed to open EC_Lab_Win11
2025-04-30 15:58:31,460[30304] - RobotTest_AcidicPlatform - INFO - started a batch of test, with sample_rack_id : sample_id = {15: 'HER_non-PGM_sulfide-17b', 16: 'HER_non-PGM_sulfide-18a', 17: 'HER_non-PGM_sulfide-18b', 18: 'HER_non-PGM_sulfide-19a', 19: 'HER_non-PGM_sulfide-19b'}
2025-04-30 15:58:37,516[30304] - OBS_Win - INFO - not in software yet
2025-04-30 15:58:37,859[30304] - OBS_Win - INFO - attempting to open OBS_Win, trial 1 in 3 times...
2025-04-30 15:58:41,513[30304] - OBS_Win - INFO - OBS_Win started
2025-04-30 15:58:41,513[30304] - RobotTest_AcidicPlatform - INFO - loading the sample from rack_id #15...
2025-04-30 15:59:22,937[30304] - RobotTest_AcidicPlatform - INFO - sample successfully loaded into the cell
2025-04-30 15:59:23,770[30304] - OBS_Win - INFO - OBS_Win stopped
2025-04-30 15:59:27,093[30304] - EC_Lab_Win11 - INFO - not in software yet
2025-04-30 15:59:27,463[30304] - EC_Lab_Win11 - INFO - attempting to open EC_Lab_Win11, trial 1 in 3 times...
2025-04-30 16:41:06,476[30304] - EC_Lab_Win11 - INFO - test is complete
2025-04-30 16:41:06,476[30304] - RobotTest_AcidicPlatform - INFO - test MOR_PtX_6or8_comp_trial2_sample#HER_non-PGM_sulfide-17b_2025-04-30_15-58-37 finished
2025-04-30 16:41:06,676[30304] - OBS_Win - INFO - not in software yet
2025-04-30 16:41:07,002[30304] - OBS_Win - INFO - attempting to open OBS_Win, trial 1 in 3 times...
2025-04-30 16:41:10,555[30304] - OBS_Win - INFO - OBS_Win started
2025-04-30 16:41:10,555[30304] - RobotTest_AcidicPlatform - INFO - unloading the sample to rack_id #15...
2025-04-30 16:42:10,260[30304] - RobotTest_AcidicPlatform - INFO - sample successfully unloaded from the cell
2025-04-30 16:42:13,887[30304] - OBS_Win - INFO - OBS_Win stopped
2025-04-30 16:42:14,332[30304] - OBS_Win - WARNING - cannot find ['OBS_start_record.png'] on screen
2025-04-30 16:42:17,684[30304] - OBS_Win - INFO - OBS_Win started
2025-04-30 16:42:17,684[30304] - RobotTest_AcidicPlatform - INFO - loading the sample from rack_id #16...
2025-04-30 16:42:55,895[30304] - RobotTest_AcidicPlatform - INFO - sample successfully loaded into the cell
2025-04-30 16:42:56,459[30304] - OBS_Win - INFO - OBS_Win stopped
2025-04-30 16:42:59,706[30304] - EC_Lab_Win11 - INFO - not in software yet
2025-04-30 16:43:00,034[30304] - EC_Lab_Win11 - INFO - attempting to open EC_Lab_Win11, trial 1 in 3 times...
2025-04-30 17:54:40,884[30304] - EC_Lab_Win11 - INFO - test is complete
2025-04-30 17:54:40,885[30304] - RobotTest_AcidicPlatform - INFO - test MOR_PtX_6or8_comp_trial2_sample#HER_non-PGM_sulfide-18a_2025-04-30_16-42-13 finished
2025-04-30 17:54:41,086[30304] - OBS_Win - INFO - not in software yet
2025-04-30 17:54:41,412[30304] - OBS_Win - INFO - attempting to open OBS_Win, trial 1 in 3 times...
2025-04-30 17:54:44,997[30304] - OBS_Win - INFO - OBS_Win started
2025-04-30 17:54:44,997[30304] - RobotTest_AcidicPlatform - INFO - unloading the sample to rack_id #16...
2025-04-30 17:55:45,162[30304] - RobotTest_AcidicPlatform - INFO - sample successfully unloaded from the cell
2025-04-30 17:55:48,838[30304] - OBS_Win - INFO - OBS_Win stopped
2025-04-30 17:55:49,302[30304] - OBS_Win - WARNING - cannot find ['OBS_start_record.png'] on screen
2025-04-30 17:55:52,653[30304] - OBS_Win - INFO - OBS_Win started
2025-04-30 17:55:52,653[30304] - RobotTest_AcidicPlatform - INFO - loading the sample from rack_id #17...
2025-04-30 17:56:31,362[30304] - RobotTest_AcidicPlatform - INFO - sample successfully loaded into the cell
2025-04-30 17:56:31,978[30304] - OBS_Win - INFO - OBS_Win stopped
2025-04-30 17:56:35,217[30304] - EC_Lab_Win11 - INFO - not in software yet
2025-04-30 17:56:35,538[30304] - EC_Lab_Win11 - INFO - attempting to open EC_Lab_Win11, trial 1 in 3 times...
2025-04-30 19:08:17,613[30304] - EC_Lab_Win11 - INFO - test is complete
2025-04-30 19:08:17,614[30304] - RobotTest_AcidicPlatform - INFO - test MOR_PtX_6or8_comp_trial2_sample#HER_non-PGM_sulfide-18b_2025-04-30_17-55-48 finished
2025-04-30 19:08:17,828[30304] - OBS_Win - INFO - not in software yet
2025-04-30 19:08:18,167[30304] - OBS_Win - INFO - attempting to open OBS_Win, trial 1 in 3 times...
2025-04-30 19:08:21,739[30304] - OBS_Win - INFO - OBS_Win started
2025-04-30 19:08:21,739[30304] - RobotTest_AcidicPlatform - INFO - unloading the sample to rack_id #17...
2025-04-30 19:09:22,227[30304] - RobotTest_AcidicPlatform - INFO - sample successfully unloaded from the cell
2025-04-30 19:09:25,868[30304] - OBS_Win - INFO - OBS_Win stopped
2025-04-30 19:09:26,340[30304] - OBS_Win - WARNING - cannot find ['OBS_start_record.png'] on screen
2025-04-30 19:09:29,700[30304] - OBS_Win - INFO - OBS_Win started
2025-04-30 19:09:29,700[30304] - RobotTest_AcidicPlatform - INFO - loading the sample from rack_id #18...
2025-04-30 19:10:09,129[30304] - RobotTest_AcidicPlatform - INFO - sample successfully loaded into the cell
2025-04-30 19:10:09,728[30304] - OBS_Win - INFO - OBS_Win stopped
2025-04-30 19:10:12,979[30304] - EC_Lab_Win11 - INFO - not in software yet
2025-04-30 19:10:13,291[30304] - EC_Lab_Win11 - INFO - attempting to open EC_Lab_Win11, trial 1 in 3 times...
2025-04-30 20:21:54,172[30304] - EC_Lab_Win11 - INFO - test is complete
2025-04-30 20:21:54,173[30304] - RobotTest_AcidicPlatform - INFO - test MOR_PtX_6or8_comp_trial2_sample#HER_non-PGM_sulfide-19a_2025-04-30_19-09-25 finished
2025-04-30 20:21:54,375[30304] - OBS_Win - INFO - not in software yet
2025-04-30 20:21:54,693[30304] - OBS_Win - INFO - attempting to open OBS_Win, trial 1 in 3 times...
2025-04-30 20:21:58,271[30304] - OBS_Win - INFO - OBS_Win started
2025-04-30 20:21:58,271[30304] - RobotTest_AcidicPlatform - INFO - unloading the sample to rack_id #18...
2025-04-30 20:22:59,270[30304] - RobotTest_AcidicPlatform - INFO - sample successfully unloaded from the cell
2025-04-30 20:23:02,898[30304] - OBS_Win - INFO - OBS_Win stopped
2025-04-30 20:23:03,346[30304] - OBS_Win - WARNING - cannot find ['OBS_start_record.png'] on screen
2025-04-30 20:23:06,705[30304] - OBS_Win - INFO - OBS_Win started
2025-04-30 20:23:06,705[30304] - RobotTest_AcidicPlatform - INFO - loading the sample from rack_id #19...
2025-04-30 20:23:46,276[30304] - RobotTest_AcidicPlatform - INFO - sample successfully loaded into the cell
2025-04-30 20:23:46,889[30304] - OBS_Win - INFO - OBS_Win stopped
2025-04-30 20:23:50,148[30304] - EC_Lab_Win11 - INFO - not in software yet
2025-04-30 20:23:50,450[30304] - EC_Lab_Win11 - INFO - attempting to open EC_Lab_Win11, trial 1 in 3 times...
2025-04-30 21:05:27,383[30304] - EC_Lab_Win11 - INFO - test is complete
2025-04-30 21:05:27,383[30304] - RobotTest_AcidicPlatform - INFO - test MOR_PtX_6or8_comp_trial2_sample#HER_non-PGM_sulfide-19b_2025-04-30_20-23-02 finished
2025-04-30 21:05:27,577[30304] - OBS_Win - INFO - not in software yet
2025-04-30 21:05:27,902[30304] - OBS_Win - INFO - attempting to open OBS_Win, trial 1 in 3 times...
2025-04-30 21:05:31,489[30304] - OBS_Win - INFO - OBS_Win started
2025-04-30 21:05:31,489[30304] - RobotTest_AcidicPlatform - INFO - unloading the sample to rack_id #19...
2025-04-30 21:06:32,826[30304] - RobotTest_AcidicPlatform - INFO - sample successfully unloaded from the cell
2025-04-30 21:06:36,455[30304] - OBS_Win - INFO - OBS_Win stopped
